#FORMAT=WebAnno TSV 3.2
#T_SP=webanno.custom.Sentiment|Polarity
#T_SP=webanno.custom.Topic|Topics


#Text=Ich kenn' die Liebe von A bis Z, Profi, der ich bin, Tausend Tricks, charmant und nett, krieg's eigentlich immer hin.
1-1	0-3	Ich	positive[1]	_	
1-2	4-8	kenn	positive[1]	_	
1-3	8-9	'	positive[1]	_	
1-4	10-13	die	positive[1]	_	
1-5	14-19	Liebe	positive[1]	Liebe/Partnerschaft	
1-6	20-23	von	positive[1]	_	
1-7	24-25	A	positive[1]	_	
1-8	26-29	bis	positive[1]	_	
1-9	30-31	Z	positive[1]	_	
1-10	31-32	,	positive[1]	_	
1-11	33-38	Profi	positive[1]	_	
1-12	38-39	,	positive[1]	_	
1-13	40-43	der	positive[1]	_	
1-14	44-47	ich	positive[1]	_	
1-15	48-51	bin	positive[1]	_	
1-16	51-52	,	positive[1]	_	
1-17	53-60	Tausend	positive[1]	_	
1-18	61-67	Tricks	positive[1]	_	
1-19	67-68	,	positive[1]	_	
1-20	69-77	charmant	positive[1]	Liebe/Partnerschaft	
1-21	78-81	und	positive[1]	_	
1-22	82-86	nett	positive[1]	_	
1-23	86-87	,	positive[1]	_	
1-24	88-95	krieg's	positive[1]	_	
1-25	96-106	eigentlich	positive[1]	_	
1-26	107-112	immer	positive[1]	_	
1-27	113-116	hin	positive[1]	_	
1-28	116-117	.	positive[1]	_	

#Text=Nur mit dir, da isses anders.
2-1	122-125	Nur	negative[2]	_	
2-2	126-129	mit	negative[2]	_	
2-3	130-133	dir	negative[2]	_	
2-4	133-134	,	negative[2]	_	
2-5	135-137	da	negative[2]	_	
2-6	138-143	isses	negative[2]	_	
2-7	144-150	anders	negative[2]	_	
2-8	150-151	.	_	_	

#Text=Ich stotter' rum, ich werde rot und steh' da wie so'n Idiot.
3-1	152-155	Ich	negative[3]	_	
3-2	156-163	stotter	negative[3]	Persönliches/Emotionen	
3-3	163-164	'	negative[3]	_	
3-4	165-168	rum	negative[3]	_	
3-5	168-169	,	negative[3]	_	
3-6	170-173	ich	negative[3]	_	
3-7	174-179	werde	negative[3]	Persönliches/Emotionen[23]	
3-8	180-183	rot	negative[3]	Persönliches/Emotionen[23]	
3-9	184-187	und	negative[3]	_	
3-10	188-192	steh	negative[3]	_	
3-11	192-193	'	negative[3]	_	
3-12	194-196	da	negative[3]	_	
3-13	197-200	wie	negative[3]	_	
3-14	201-205	so'n	negative[3]	_	
3-15	206-211	Idiot	negative[3]	Persönliches/Emotionen	
3-16	211-212	.	_	_	

#Text=Bist 'ne Frau und ich ein Mann.
4-1	217-221	Bist	neutral[4]	_	
4-2	222-223	'	neutral[4]	_	
4-3	223-225	ne	neutral[4]	_	
4-4	226-230	Frau	neutral[4]	_	
4-5	231-234	und	neutral[4]	_	
4-6	235-238	ich	neutral[4]	_	
4-7	239-242	ein	neutral[4]	_	
4-8	243-247	Mann	neutral[4]	_	
4-9	247-248	.	_	_	

#Text=Sag' mir, was ich machen kann.
5-1	249-252	Sag	neutral[5]	_	
5-2	252-253	'	neutral[5]	_	
5-3	254-257	mir	neutral[5]	_	
5-4	257-258	,	neutral[5]	_	
5-5	259-262	was	neutral[5]	_	
5-6	263-266	ich	neutral[5]	_	
5-7	267-273	machen	neutral[5]	_	
5-8	274-278	kann	neutral[5]	_	
5-9	278-279	.	_	_	

#Text=Ey, lass' mich bitte nicht im Regen steh'n.
6-1	280-282	Ey	negative[6]	_	
6-2	282-283	,	negative[6]	_	
6-3	284-288	lass	negative[6]	_	
6-4	288-289	'	negative[6]	_	
6-5	290-294	mich	negative[6]	_	
6-6	295-300	bitte	negative[6]	_	
6-7	301-306	nicht	negative[6]	_	
6-8	307-309	im	negative[6]	_	
6-9	310-315	Regen	negative[6]	_	
6-10	316-322	steh'n	negative[6]	_	
6-11	322-323	.	_	_	

#Text=Ich kann doch sonst so easy sein.
7-1	328-331	Ich	neutral[7]	_	
7-2	332-336	kann	neutral[7]	_	
7-3	337-341	doch	neutral[7]	_	
7-4	342-347	sonst	neutral[7]	_	
7-5	348-350	so	neutral[7]	_	
7-6	351-355	easy	neutral[7]	_	
7-7	356-360	sein	neutral[7]	_	
7-8	360-361	.	_	_	

#Text=Oder so cool, hinter mir fängt's an zu schnei'n.
8-1	362-366	Oder	positive[8]	_	
8-2	367-369	so	positive[8]	_	
8-3	370-374	cool	positive[8]	Persönliches/Emotionen	
8-4	374-375	,	positive[8]	_	
8-5	376-382	hinter	positive[8]	Persönliches/Emotionen[24]	
8-6	383-386	mir	positive[8]	Persönliches/Emotionen[24]	
8-7	387-394	fängt's	positive[8]	Persönliches/Emotionen[24]	
8-8	395-397	an	positive[8]	Persönliches/Emotionen[24]	
8-9	398-400	zu	positive[8]	Persönliches/Emotionen[24]	
8-10	401-409	schnei'n	positive[8]	Persönliches/Emotionen[24]	
8-11	409-410	.	positive[8]	_	

#Text=Doch jetzt bei dir - oh, lass' mich nicht allein, Sei mein  
#Text= 
#Text=Der letzte Tanz, der Club macht zu, Taxi wird bestellt.
9-1	411-415	Doch	positive[9]	_	
9-2	416-421	jetzt	positive[9]	_	
9-3	422-425	bei	positive[9]	_	
9-4	426-429	dir	positive[9]	_	
9-5	430-431	-	positive[9]	_	
9-6	432-434	oh	positive[9]	_	
9-7	434-435	,	positive[9]	_	
9-8	436-440	lass	positive[9]	_	
9-9	440-441	'	positive[9]	_	
9-10	442-446	mich	positive[9]	_	
9-11	447-452	nicht	positive[9]	_	
9-12	453-459	allein	positive[9]	_	
9-13	459-460	,	positive[9]	_	
9-14	461-464	Sei	positive[9]	Liebe/Partnerschaft[25]	
9-15	465-469	mein	positive[9]	Liebe/Partnerschaft[25]	
9-16	474-477	Der	neutral[10]	_	
9-17	478-484	letzte	neutral[10]	_	
9-18	485-489	Tanz	neutral[10]	_	
9-19	489-490	,	neutral[10]	_	
9-20	491-494	der	neutral[10]	_	
9-21	495-499	Club	neutral[10]	_	
9-22	500-505	macht	neutral[10]	_	
9-23	506-508	zu	neutral[10]	_	
9-24	508-509	,	neutral[10]	_	
9-25	510-514	Taxi	neutral[10]	_	
9-26	515-519	wird	neutral[10]	_	
9-27	520-528	bestellt	neutral[10]	_	
9-28	528-529	.	_	_	

#Text=Fahr'n wir zu dir oder fahr'n wir zu mir oder ans Ende der Welt.
10-1	530-536	Fahr'n	neutral[11]	_	
10-2	537-540	wir	neutral[11]	_	
10-3	541-543	zu	neutral[11]	_	
10-4	544-547	dir	neutral[11]	_	
10-5	548-552	oder	neutral[11]	_	
10-6	553-559	fahr'n	neutral[11]	_	
10-7	560-563	wir	neutral[11]	_	
10-8	564-566	zu	neutral[11]	_	
10-9	567-570	mir	neutral[11]	_	
10-10	571-575	oder	neutral[11]	_	
10-11	576-579	ans	neutral[11]	_	
10-12	580-584	Ende	neutral[11]	_	
10-13	585-588	der	neutral[11]	_	
10-14	589-593	Welt	neutral[11]	_	
10-15	593-594	.	_	_	

#Text=Frag' ich noch nach ihrer Nummer, Da sagt sie: Schatz, hör' mal zu, Don't call me - I call you.
11-1	599-603	Frag	neutral[12]	_	
11-2	603-604	'	neutral[12]	_	
11-3	605-608	ich	neutral[12]	_	
11-4	609-613	noch	neutral[12]	_	
11-5	614-618	nach	neutral[12]	_	
11-6	619-624	ihrer	neutral[12]	_	
11-7	625-631	Nummer	neutral[12]	_	
11-8	631-632	,	neutral[12]	_	
11-9	633-635	Da	neutral[12]	_	
11-10	636-640	sagt	neutral[12]	_	
11-11	641-644	sie	neutral[12]	_	
11-12	644-645	:	_	_	
11-13	646-652	Schatz	neutral[13]	Liebe/Partnerschaft	
11-14	652-653	,	neutral[13]	_	
11-15	654-657	hör	neutral[13]	_	
11-16	657-658	'	neutral[13]	_	
11-17	659-662	mal	neutral[13]	_	
11-18	663-665	zu	neutral[13]	_	
11-19	665-666	,	neutral[13]	_	
11-20	667-672	Don't	neutral[13]	_	
11-21	673-677	call	neutral[13]	_	
11-22	678-680	me	neutral[13]	_	
11-23	681-682	-	neutral[13]	_	
11-24	683-684	I	neutral[13]	_	
11-25	685-689	call	neutral[13]	_	
11-26	690-693	you	neutral[13]	_	
11-27	693-694	.	_	_	

#Text=Sowas passiert mir doch sonst nie, das lernt man auf keiner Gigolo-Akademie.
12-1	699-704	Sowas	negative[14]	_	
12-2	705-713	passiert	negative[14]	_	
12-3	714-717	mir	negative[14]	_	
12-4	718-722	doch	negative[14]	_	
12-5	723-728	sonst	negative[14]	_	
12-6	729-732	nie	negative[14]	_	
12-7	732-733	,	negative[14]	_	
12-8	734-737	das	negative[14]	_	
12-9	738-743	lernt	negative[14]	_	
12-10	744-747	man	negative[14]	_	
12-11	748-751	auf	negative[14]	_	
12-12	752-758	keiner	negative[14]	_	
12-13	759-774	Gigolo-Akademie	negative[14]	Liebe/Partnerschaft	
12-14	774-775	.	_	_	

#Text=Ey, harte Nuss, wie krieg' ich dich.
13-1	776-778	Ey	negative[15]	_	
13-2	778-779	,	negative[15]	_	
13-3	780-785	harte	negative[15]	_	
13-4	786-790	Nuss	negative[15]	_	
13-5	790-791	,	negative[15]	_	
13-6	792-795	wie	negative[15]	_	
13-7	796-801	krieg	negative[15]	_	
13-8	801-802	'	negative[15]	_	
13-9	803-806	ich	negative[15]	_	
13-10	807-811	dich	negative[15]	_	
13-11	811-812	.	_	_	

#Text=Muss doch irgendwie geh'n.
14-1	813-817	Muss	negative[16]	_	
14-2	818-822	doch	negative[16]	_	
14-3	823-832	irgendwie	negative[16]	_	
14-4	833-838	geh'n	negative[16]	_	
14-5	838-839	.	negative[16]	_	

#Text=Ich kann doch sonst so easy sein.
15-1	844-847	Ich	neutral[17]	_	
15-2	848-852	kann	neutral[17]	_	
15-3	853-857	doch	neutral[17]	_	
15-4	858-863	sonst	neutral[17]	_	
15-5	864-866	so	neutral[17]	_	
15-6	867-871	easy	neutral[17]	_	
15-7	872-876	sein	neutral[17]	_	
15-8	876-877	.	_	_	

#Text=Oder ich bin cool, hinter mir fängt's an zu schnei'n.
16-1	878-882	Oder	positive[18]	_	
16-2	883-886	ich	positive[18]	_	
16-3	887-890	bin	positive[18]	_	
16-4	891-895	cool	positive[18]	Persönliches/Emotionen	
16-5	895-896	,	positive[18]	_	
16-6	897-903	hinter	positive[18]	Persönliches/Emotionen[26]	
16-7	904-907	mir	positive[18]	Persönliches/Emotionen[26]	
16-8	908-915	fängt's	positive[18]	Persönliches/Emotionen[26]	
16-9	916-918	an	positive[18]	Persönliches/Emotionen[26]	
16-10	919-921	zu	positive[18]	Persönliches/Emotionen[26]	
16-11	922-930	schnei'n	positive[18]	Persönliches/Emotionen[26]	
16-12	930-931	.	_	_	

#Text=Doch jetzt bei dir - oh, lass mich nicht allein, Sei mein.
17-1	932-936	Doch	positive[19]	_	
17-2	937-942	jetzt	positive[19]	_	
17-3	943-946	bei	positive[19]	_	
17-4	947-950	dir	positive[19]	_	
17-5	951-952	-	positive[19]	_	
17-6	953-955	oh	positive[19]	_	
17-7	955-956	,	positive[19]	_	
17-8	957-961	lass	positive[19]	_	
17-9	962-966	mich	positive[19]	_	
17-10	967-972	nicht	positive[19]	_	
17-11	973-979	allein	positive[19]	_	
17-12	979-980	,	positive[19]	_	
17-13	981-984	Sei	positive[19]	Liebe/Partnerschaft[27]	
17-14	985-989	mein	positive[19]	Liebe/Partnerschaft[27]	
17-15	989-990	.	_	_	

#Text=Ich kann doch sonst so easy sein.
18-1	995-998	Ich	neutral[20]	_	
18-2	999-1003	kann	neutral[20]	_	
18-3	1004-1008	doch	neutral[20]	_	
18-4	1009-1014	sonst	neutral[20]	_	
18-5	1015-1017	so	neutral[20]	_	
18-6	1018-1022	easy	neutral[20]	_	
18-7	1023-1027	sein	neutral[20]	_	
18-8	1027-1028	.	_	_	

#Text=Oder so cool, hinter mir fängt's an zu schnei'n.
19-1	1029-1033	Oder	positive[21]	_	
19-2	1034-1036	so	positive[21]	_	
19-3	1037-1041	cool	positive[21]	Persönliches/Emotionen	
19-4	1041-1042	,	positive[21]	_	
19-5	1043-1049	hinter	positive[21]	Persönliches/Emotionen[28]	
19-6	1050-1053	mir	positive[21]	Persönliches/Emotionen[28]	
19-7	1054-1061	fängt's	positive[21]	Persönliches/Emotionen[28]	
19-8	1062-1064	an	positive[21]	Persönliches/Emotionen[28]	
19-9	1065-1067	zu	positive[21]	Persönliches/Emotionen[28]	
19-10	1068-1076	schnei'n	positive[21]	Persönliches/Emotionen[28]	
19-11	1076-1077	.	_	_	

#Text=Oh, lass' mich bitte, lass' mich nicht allein, Sei mein.
20-1	1078-1080	Oh	positive[22]	_	
20-2	1080-1081	,	positive[22]	_	
20-3	1082-1086	lass	positive[22]	_	
20-4	1086-1087	'	positive[22]	_	
20-5	1088-1092	mich	positive[22]	_	
20-6	1093-1098	bitte	positive[22]	_	
20-7	1098-1099	,	positive[22]	_	
20-8	1100-1104	lass	positive[22]	_	
20-9	1104-1105	'	positive[22]	_	
20-10	1106-1110	mich	positive[22]	_	
20-11	1111-1116	nicht	positive[22]	_	
20-12	1117-1123	allein	positive[22]	_	
20-13	1123-1124	,	positive[22]	_	
20-14	1125-1128	Sei	positive[22]	Liebe/Partnerschaft[29]	
20-15	1129-1133	mein	positive[22]	Liebe/Partnerschaft[29]	
20-16	1133-1134	.	_	_	
