#FORMAT=WebAnno TSV 3.2
#T_SP=webanno.custom.Sentiment|Polarity
#T_SP=webanno.custom.Topic|Topics


#Text=Er steht auf der Bühne und sie nannten ihn Rock'n'Roll-Raubtier und er hat ja auch die Leopardenhose an.
1-1	0-2	Er	neutral[1]	_	
1-2	3-8	steht	neutral[1]	_	
1-3	9-12	auf	neutral[1]	_	
1-4	13-16	der	neutral[1]	_	
1-5	17-22	Bühne	neutral[1]	Musik	
1-6	23-26	und	neutral[1]	_	
1-7	27-30	sie	neutral[1]	_	
1-8	31-38	nannten	neutral[1]	_	
1-9	39-42	ihn	neutral[1]	_	
1-10	43-63	Rock'n'Roll-Raubtier	neutral[1]	Musik	
1-11	64-67	und	neutral[1]	_	
1-12	68-70	er	neutral[1]	_	
1-13	71-74	hat	neutral[1]	_	
1-14	75-77	ja	neutral[1]	_	
1-15	78-82	auch	neutral[1]	_	
1-16	83-86	die	neutral[1]	_	
1-17	87-100	Leopardenhose	neutral[1]	_	
1-18	101-103	an	neutral[1]	_	
1-19	103-104	.	neutral[1]	_	

#Text=Was er säuft und schluckt und raucht, wieviel Bräute er verbraucht, steht in jeder Zeitung drin und heute ist er hier.
2-1	105-108	Was	neutral[2]	_	
2-2	109-111	er	neutral[2]	_	
2-3	112-117	säuft	neutral[2]	Gesundheit/Drogen[10]	
2-4	118-121	und	neutral[2]	Gesundheit/Drogen[10]	
2-5	122-130	schluckt	neutral[2]	Gesundheit/Drogen[10]	
2-6	131-134	und	neutral[2]	Gesundheit/Drogen[10]	
2-7	135-141	raucht	neutral[2]	Gesundheit/Drogen[10]	
2-8	141-142	,	neutral[2]	_	
2-9	143-150	wieviel	neutral[2]	_	
2-10	151-157	Bräute	neutral[2]	Liebe/Partnerschaft	
2-11	158-160	er	neutral[2]	_	
2-12	161-171	verbraucht	neutral[2]	_	
2-13	171-172	,	neutral[2]	_	
2-14	173-178	steht	neutral[2]	_	
2-15	179-181	in	neutral[2]	_	
2-16	182-187	jeder	neutral[2]	_	
2-17	188-195	Zeitung	neutral[2]	Politik/Soziales/Missstände	
2-18	196-200	drin	neutral[2]	_	
2-19	201-204	und	neutral[2]	_	
2-20	205-210	heute	neutral[2]	_	
2-21	211-214	ist	neutral[2]	_	
2-22	215-217	er	neutral[2]	_	
2-23	218-222	hier	neutral[2]	_	
2-24	222-223	.	neutral[2]	_	

#Text=Doch er ist so 'ne Art Traum-Dompteur und das Spot-Light erhitzt ihn sehr und er gibt sich die Peitsche und sie fressen ihn auf jeden Tag ein bisschen mehr.
3-1	228-232	Doch	neutral[3]	_	
3-2	233-235	er	neutral[3]	_	
3-3	236-239	ist	neutral[3]	_	
3-4	240-242	so	neutral[3]	_	
3-5	243-244	'	neutral[3]	_	
3-6	244-246	ne	neutral[3]	_	
3-7	247-250	Art	neutral[3]	_	
3-8	251-265	Traum-Dompteur	neutral[3]	_	
3-9	266-269	und	neutral[3]	_	
3-10	270-273	das	neutral[3]	_	
3-11	274-284	Spot-Light	neutral[3]	Musik	
3-12	285-292	erhitzt	neutral[3]	_	
3-13	293-296	ihn	neutral[3]	_	
3-14	297-301	sehr	neutral[3]	_	
3-15	302-305	und	neutral[3]	_	
3-16	306-308	er	neutral[3]	_	
3-17	309-313	gibt	neutral[3]	_	
3-18	314-318	sich	neutral[3]	_	
3-19	319-322	die	neutral[3]	_	
3-20	323-331	Peitsche	neutral[3]	_	
3-21	332-335	und	neutral[3]	_	
3-22	336-339	sie	neutral[3]	_	
3-23	340-347	fressen	neutral[3]	_	
3-24	348-351	ihn	neutral[3]	_	
3-25	352-355	auf	neutral[3]	_	
3-26	356-361	jeden	neutral[3]	_	
3-27	362-365	Tag	neutral[3]	_	
3-28	366-369	ein	neutral[3]	_	
3-29	370-378	bisschen	neutral[3]	_	
3-30	379-383	mehr	neutral[3]	_	
3-31	383-384	.	neutral[3]	_	

#Text=Er brannte wie ein Feuerwerk, das glitzert und funkelt und knallt.
4-1	389-391	Er	positive[4]	_	
4-2	392-399	brannte	positive[4]	Persönliches/Emotionen[11]	
4-3	400-403	wie	positive[4]	Persönliches/Emotionen[11]	
4-4	404-407	ein	positive[4]	Persönliches/Emotionen[11]	
4-5	408-417	Feuerwerk	positive[4]	Persönliches/Emotionen[11]	
4-6	417-418	,	positive[4]	_	
4-7	419-422	das	positive[4]	_	
4-8	423-431	glitzert	positive[4]	_	
4-9	432-435	und	positive[4]	_	
4-10	436-443	funkelt	positive[4]	_	
4-11	444-447	und	positive[4]	_	
4-12	448-454	knallt	positive[4]	_	
4-13	454-455	.	positive[4]	_	

#Text=Zwischen Suff und Drogen ist er abgestürzt, er war erst 32 Jahre alt.
5-1	456-464	Zwischen	negative[5]	_	
5-2	465-469	Suff	negative[5]	Gesundheit/Drogen[12]	
5-3	470-473	und	negative[5]	Gesundheit/Drogen[12]	
5-4	474-480	Drogen	negative[5]	Gesundheit/Drogen[12]	
5-5	481-484	ist	negative[5]	_	
5-6	485-487	er	negative[5]	_	
5-7	488-498	abgestürzt	negative[5]	Gesundheit/Drogen	
5-8	498-499	,	negative[5]	_	
5-9	500-502	er	negative[5]	_	
5-10	503-506	war	negative[5]	_	
5-11	507-511	erst	negative[5]	_	
5-12	512-514	32	negative[5]	_	
5-13	515-520	Jahre	negative[5]	_	
5-14	521-524	alt	negative[5]	_	
5-15	524-525	.	negative[5]	_	

#Text=Im Autobahn-Hotel wacht ein Typ morgens auf und neben ihm liegt dieser schreckliche Monster-Kater und dann geht das Telefon und die Presse wartet schon auf 'nen neuen Skandal oder irgend so 'n Kommerztheater.
6-1	530-532	Im	negative[6]	_	
6-2	533-547	Autobahn-Hotel	negative[6]	Reisen	
6-3	548-553	wacht	negative[6]	_	
6-4	554-557	ein	negative[6]	_	
6-5	558-561	Typ	negative[6]	_	
6-6	562-569	morgens	negative[6]	_	
6-7	570-573	auf	negative[6]	_	
6-8	574-577	und	negative[6]	_	
6-9	578-583	neben	negative[6]	_	
6-10	584-587	ihm	negative[6]	_	
6-11	588-593	liegt	negative[6]	_	
6-12	594-600	dieser	negative[6]	_	
6-13	601-613	schreckliche	negative[6]	_	
6-14	614-627	Monster-Kater	negative[6]	Gesundheit/Drogen	
6-15	628-631	und	negative[6]	_	
6-16	632-636	dann	negative[6]	_	
6-17	637-641	geht	negative[6]	_	
6-18	642-645	das	negative[6]	_	
6-19	646-653	Telefon	negative[6]	_	
6-20	654-657	und	negative[6]	_	
6-21	658-661	die	negative[6]	_	
6-22	662-668	Presse	negative[6]	Politik/Soziales/Missstände	
6-23	669-675	wartet	negative[6]	_	
6-24	676-681	schon	negative[6]	_	
6-25	682-685	auf	negative[6]	_	
6-26	686-687	'	negative[6]	_	
6-27	687-690	nen	negative[6]	_	
6-28	691-696	neuen	negative[6]	_	
6-29	697-704	Skandal	negative[6]	Politik/Soziales/Missstände	
6-30	705-709	oder	negative[6]	_	
6-31	710-716	irgend	negative[6]	_	
6-32	717-719	so	negative[6]	_	
6-33	720-721	'	negative[6]	_	
6-34	721-722	n	negative[6]	_	
6-35	723-737	Kommerztheater	negative[6]	Politik/Soziales/Missstände	
6-36	737-738	.	negative[6]	_	

#Text=Sie verkaufen seinen Kopf und seine Gefühle täglich Stück für Stück, doch was nützt ihm das Konto, er fühlt sich allein und was er gibt, kriegt er nie zurück.
7-1	739-742	Sie	negative[7]	_	
7-2	743-752	verkaufen	negative[7]	_	
7-3	753-759	seinen	negative[7]	_	
7-4	760-764	Kopf	negative[7]	_	
7-5	765-768	und	negative[7]	_	
7-6	769-774	seine	negative[7]	_	
7-7	775-782	Gefühle	negative[7]	_	
7-8	783-790	täglich	negative[7]	_	
7-9	791-796	Stück	negative[7]	_	
7-10	797-800	für	negative[7]	_	
7-11	801-806	Stück	negative[7]	_	
7-12	806-807	,	negative[7]	_	
7-13	808-812	doch	negative[7]	_	
7-14	813-816	was	negative[7]	_	
7-15	817-822	nützt	negative[7]	_	
7-16	823-826	ihm	negative[7]	_	
7-17	827-830	das	negative[7]	_	
7-18	831-836	Konto	negative[7]	_	
7-19	836-837	,	negative[7]	_	
7-20	838-840	er	negative[7]	_	
7-21	841-846	fühlt	negative[7]	Persönliches/Emotionen[13]	
7-22	847-851	sich	negative[7]	Persönliches/Emotionen[13]	
7-23	852-858	allein	negative[7]	Persönliches/Emotionen[13]	
7-24	859-862	und	negative[7]	_	
7-25	863-866	was	negative[7]	_	
7-26	867-869	er	negative[7]	_	
7-27	870-874	gibt	negative[7]	_	
7-28	874-875	,	negative[7]	_	
7-29	876-882	kriegt	negative[7]	_	
7-30	883-885	er	negative[7]	_	
7-31	886-889	nie	negative[7]	_	
7-32	890-896	zurück	negative[7]	_	
7-33	896-897	.	negative[7]	_	

#Text=Er brannte wie ein Feuerwerk, das glitzert und funkelt und knallt.
8-1	902-904	Er	positive[8]	_	
8-2	905-912	brannte	positive[8]	Persönliches/Emotionen[14]	
8-3	913-916	wie	positive[8]	Persönliches/Emotionen[14]	
8-4	917-920	ein	positive[8]	Persönliches/Emotionen[14]	
8-5	921-930	Feuerwerk	positive[8]	Persönliches/Emotionen[14]	
8-6	930-931	,	positive[8]	_	
8-7	932-935	das	positive[8]	_	
8-8	936-944	glitzert	positive[8]	_	
8-9	945-948	und	positive[8]	_	
8-10	949-956	funkelt	positive[8]	_	
8-11	957-960	und	positive[8]	_	
8-12	961-967	knallt	positive[8]	_	
8-13	967-968	.	positive[8]	_	

#Text=Zwischen Suff und Drogen ist er abgestürzt, er war erst 32 Jahre alt.
9-1	969-977	Zwischen	negative[9]	_	
9-2	978-982	Suff	negative[9]	Gesundheit/Drogen[15]	
9-3	983-986	und	negative[9]	Gesundheit/Drogen[15]	
9-4	987-993	Drogen	negative[9]	Gesundheit/Drogen[15]	
9-5	994-997	ist	negative[9]	_	
9-6	998-1000	er	negative[9]	_	
9-7	1001-1011	abgestürzt	negative[9]	Gesundheit/Drogen	
9-8	1011-1012	,	negative[9]	_	
9-9	1013-1015	er	negative[9]	_	
9-10	1016-1019	war	negative[9]	_	
9-11	1020-1024	erst	negative[9]	_	
9-12	1025-1027	32	negative[9]	_	
9-13	1028-1033	Jahre	negative[9]	_	
9-14	1034-1037	alt	negative[9]	_	
9-15	1037-1038	.	negative[9]	_	
