#FORMAT=WebAnno TSV 3.2
#T_SP=webanno.custom.Sentiment|Polarity
#T_SP=webanno.custom.Topic|Topics


#Text=Jetzt war ich wieder 'ne ganze Weile weg, das heißt nicht: aus den Augen - aus dem Sinn.
1-1	0-5	Jetzt	positive[1]	_	
1-2	6-9	war	positive[1]	_	
1-3	10-13	ich	positive[1]	_	
1-4	14-20	wieder	positive[1]	_	
1-5	21-22	'	positive[1]	_	
1-6	22-24	ne	positive[1]	_	
1-7	25-30	ganze	positive[1]	_	
1-8	31-36	Weile	positive[1]	_	
1-9	37-40	weg	positive[1]	_	
1-10	40-41	,	positive[1]	_	
1-11	42-45	das	positive[1]	_	
1-12	46-51	heißt	positive[1]	_	
1-13	52-57	nicht	positive[1]	_	
1-14	57-58	:	positive[1]	_	
1-15	59-62	aus	positive[1]	Persönliches/Emotionen[21]	
1-16	63-66	den	positive[1]	Persönliches/Emotionen[21]	
1-17	67-72	Augen	positive[1]	Persönliches/Emotionen[21]	
1-18	73-74	-	positive[1]	Persönliches/Emotionen[21]	
1-19	75-78	aus	positive[1]	Persönliches/Emotionen[21]	
1-20	79-82	dem	positive[1]	Persönliches/Emotionen[21]	
1-21	83-87	Sinn	positive[1]	Persönliches/Emotionen[21]	
1-22	87-88	.	positive[1]	_	

#Text=Uns're Freundschaft hat immer ein Comeback, es zieht mich immer wieder zu dir hin.
2-1	89-95	Uns're	positive[2]	_	
2-2	96-108	Freundschaft	positive[2]	Liebe/Partnerschaft	
2-3	109-112	hat	positive[2]	_	
2-4	113-118	immer	positive[2]	_	
2-5	119-122	ein	positive[2]	_	
2-6	123-131	Comeback	positive[2]	_	
2-7	131-132	,	positive[2]	_	
2-8	133-135	es	positive[2]	_	
2-9	136-141	zieht	positive[2]	_	
2-10	142-146	mich	positive[2]	_	
2-11	147-152	immer	positive[2]	_	
2-12	153-159	wieder	positive[2]	_	
2-13	160-162	zu	positive[2]	_	
2-14	163-166	dir	positive[2]	_	
2-15	167-170	hin	positive[2]	_	
2-16	170-171	.	positive[2]	_	

#Text=Musst nicht denken, dass ich unser'n Schwur je breche, wenn ich die Welt durchcheck' - was heißt das schon?
3-1	176-181	Musst	neutral[3]	_	
3-2	182-187	nicht	neutral[3]	_	
3-3	188-194	denken	neutral[3]	_	
3-4	194-195	,	neutral[3]	_	
3-5	196-200	dass	neutral[3]	_	
3-6	201-204	ich	neutral[3]	_	
3-7	205-212	unser'n	neutral[3]	Liebe/Partnerschaft[22]	
3-8	213-219	Schwur	neutral[3]	Liebe/Partnerschaft[22]	
3-9	220-222	je	neutral[3]	_	
3-10	223-229	breche	neutral[3]	_	
3-11	229-230	,	neutral[3]	_	
3-12	231-235	wenn	neutral[3]	_	
3-13	236-239	ich	neutral[3]	_	
3-14	240-243	die	neutral[3]	_	
3-15	244-248	Welt	neutral[3]	_	
3-16	249-259	durchcheck	neutral[3]	_	
3-17	259-260	'	neutral[3]	_	
3-18	261-262	-	neutral[3]	_	
3-19	263-266	was	neutral[3]	_	
3-20	267-272	heißt	neutral[3]	_	
3-21	273-276	das	neutral[3]	_	
3-22	277-282	schon	neutral[3]	_	
3-23	282-283	?	neutral[3]	_	

#Text=Was meinst Du, wie oft ich mit Dir spreche?
4-1	284-287	Was	neutral[4]	_	
4-2	288-294	meinst	neutral[4]	_	
4-3	295-297	Du	neutral[4]	_	
4-4	297-298	,	neutral[4]	_	
4-5	299-302	wie	neutral[4]	_	
4-6	303-306	oft	neutral[4]	_	
4-7	307-310	ich	neutral[4]	_	
4-8	311-314	mit	neutral[4]	_	
4-9	315-318	Dir	neutral[4]	_	
4-10	319-326	spreche	neutral[4]	_	
4-11	326-327	?	neutral[4]	_	

#Text=Auch ohne Telefon.
5-1	328-332	Auch	neutral[5]	_	
5-2	333-337	ohne	neutral[5]	_	
5-3	338-345	Telefon	neutral[5]	_	
5-4	345-346	.	neutral[5]	_	

#Text=Ich schwöre, ich schwöre, wenn's drauf ankommt, bin ich da.
6-1	351-354	Ich	positive[6]	_	
6-2	355-362	schwöre	positive[6]	_	
6-3	362-363	,	positive[6]	_	
6-4	364-367	ich	positive[6]	_	
6-5	368-375	schwöre	positive[6]	_	
6-6	375-376	,	positive[6]	_	
6-7	377-383	wenn's	positive[6]	_	
6-8	384-389	drauf	positive[6]	_	
6-9	390-397	ankommt	positive[6]	_	
6-10	397-398	,	positive[6]	_	
6-11	399-402	bin	positive[6]	_	
6-12	403-406	ich	positive[6]	_	
6-13	407-409	da	positive[6]	_	
6-14	409-410	.	positive[6]	_	

#Text=Ich schwöre, ich schwöre, die dollsten Dinger machen wir klar.
7-1	411-414	Ich	positive[7]	_	
7-2	415-422	schwöre	positive[7]	_	
7-3	422-423	,	positive[7]	_	
7-4	424-427	ich	positive[7]	_	
7-5	428-435	schwöre	positive[7]	_	
7-6	435-436	,	positive[7]	_	
7-7	437-440	die	positive[7]	_	
7-8	441-449	dollsten	positive[7]	_	
7-9	450-456	Dinger	positive[7]	_	
7-10	457-463	machen	positive[7]	Persönliches/Emotionen[23]	
7-11	464-467	wir	positive[7]	Persönliches/Emotionen[23]	
7-12	468-472	klar	positive[7]	Persönliches/Emotionen[23]	
7-13	472-473	.	positive[7]	_	

#Text=Kommt es einmal hart auf hart, dann bin ich sofort am Start.
8-1	474-479	Kommt	positive[8]	_	
8-2	480-482	es	positive[8]	_	
8-3	483-489	einmal	positive[8]	_	
8-4	490-494	hart	positive[8]	Persönliches/Emotionen[24]	
8-5	495-498	auf	positive[8]	Persönliches/Emotionen[24]	
8-6	499-503	hart	positive[8]	Persönliches/Emotionen[24]	
8-7	503-504	,	positive[8]	_	
8-8	505-509	dann	positive[8]	_	
8-9	510-513	bin	positive[8]	_	
8-10	514-517	ich	positive[8]	_	
8-11	518-524	sofort	positive[8]	Persönliches/Emotionen[25]	
8-12	525-527	am	positive[8]	Persönliches/Emotionen[25]	
8-13	528-533	Start	positive[8]	Persönliches/Emotionen[25]	
8-14	533-534	.	positive[8]	_	

#Text=Ich schwöre, ich schwöre, wenn's drauf ankommt, bin ich für Dich da.
9-1	535-538	Ich	positive[9]	_	
9-2	539-546	schwöre	positive[9]	_	
9-3	546-547	,	positive[9]	_	
9-4	548-551	ich	positive[9]	_	
9-5	552-559	schwöre	positive[9]	_	
9-6	559-560	,	positive[9]	_	
9-7	561-567	wenn's	positive[9]	_	
9-8	568-573	drauf	positive[9]	_	
9-9	574-581	ankommt	positive[9]	_	
9-10	581-582	,	positive[9]	_	
9-11	583-586	bin	positive[9]	_	
9-12	587-590	ich	positive[9]	_	
9-13	591-594	für	positive[9]	_	
9-14	595-599	Dich	positive[9]	_	
9-15	600-602	da	positive[9]	_	
9-16	602-603	.	positive[9]	_	

#Text=Spiel' meine Rollen auf verschiedenen Bühnen, mal bin ich Penner - und mal der Edelmann.
10-1	608-613	Spiel	neutral[10]	_	
10-2	613-614	'	neutral[10]	_	
10-3	615-620	meine	neutral[10]	_	
10-4	621-627	Rollen	neutral[10]	_	
10-5	628-631	auf	neutral[10]	_	
10-6	632-645	verschiedenen	neutral[10]	_	
10-7	646-652	Bühnen	neutral[10]	_	
10-8	652-653	,	neutral[10]	_	
10-9	654-657	mal	neutral[10]	_	
10-10	658-661	bin	neutral[10]	_	
10-11	662-665	ich	neutral[10]	_	
10-12	666-672	Penner	neutral[10]	Politik/Soziales/Missstände	
10-13	673-674	-	neutral[10]	_	
10-14	675-678	und	neutral[10]	_	
10-15	679-682	mal	neutral[10]	_	
10-16	683-686	der	neutral[10]	_	
10-17	687-695	Edelmann	neutral[10]	Politik/Soziales/Missstände	
10-18	695-696	.	neutral[10]	_	

#Text=Ich verkehr mit Präsidenten und Ganoven, doch wer kommt schon so richtig an mich ran?
11-1	697-700	Ich	neutral[11]	_	
11-2	701-708	verkehr	neutral[11]	_	
11-3	709-712	mit	neutral[11]	_	
11-4	713-724	Präsidenten	neutral[11]	Politik/Soziales/Missstände[26]	
11-5	725-728	und	neutral[11]	Politik/Soziales/Missstände[26]	
11-6	729-736	Ganoven	neutral[11]	Politik/Soziales/Missstände[26]	
11-7	736-737	,	neutral[11]	_	
11-8	738-742	doch	neutral[11]	_	
11-9	743-746	wer	neutral[11]	_	
11-10	747-752	kommt	neutral[11]	_	
11-11	753-758	schon	neutral[11]	_	
11-12	759-761	so	neutral[11]	_	
11-13	762-769	richtig	neutral[11]	_	
11-14	770-772	an	neutral[11]	_	
11-15	773-777	mich	neutral[11]	_	
11-16	778-781	ran	neutral[11]	_	
11-17	781-782	?	neutral[11]	_	

#Text=Der echte Klartext läuft nur, wenn wir zusammen sind.
12-1	787-790	Der	positive[12]	_	
12-2	791-796	echte	positive[12]	_	
12-3	797-805	Klartext	positive[12]	_	
12-4	806-811	läuft	positive[12]	_	
12-5	812-815	nur	positive[12]	_	
12-6	815-816	,	positive[12]	_	
12-7	817-821	wenn	positive[12]	_	
12-8	822-825	wir	positive[12]	Liebe/Partnerschaft[27]	
12-9	826-834	zusammen	positive[12]	Liebe/Partnerschaft[27]	
12-10	835-839	sind	positive[12]	Liebe/Partnerschaft[27]	
12-11	839-840	.	positive[12]	_	

#Text=Kein Larifari und kein lauer Spruch.
13-1	841-845	Kein	positive[13]	_	
13-2	846-854	Larifari	positive[13]	_	
13-3	855-858	und	positive[13]	_	
13-4	859-863	kein	positive[13]	_	
13-5	864-869	lauer	positive[13]	_	
13-6	870-876	Spruch	positive[13]	_	
13-7	876-877	.	positive[13]	_	

#Text=Da weiß ich wieder, wo ich eigentlich hingehör'.
14-1	878-880	Da	positive[14]	_	
14-2	881-885	weiß	positive[14]	_	
14-3	886-889	ich	positive[14]	_	
14-4	890-896	wieder	positive[14]	_	
14-5	896-897	,	positive[14]	_	
14-6	898-900	wo	positive[14]	_	
14-7	901-904	ich	positive[14]	_	
14-8	905-915	eigentlich	positive[14]	_	
14-9	916-924	hingehör	positive[14]	_	
14-10	924-925	'	positive[14]	_	
14-11	925-926	.	positive[14]	_	

#Text=Ich bin so froh, dass ich Dich hab'.
15-1	927-930	Ich	positive[15]	_	
15-2	931-934	bin	positive[15]	_	
15-3	935-937	so	positive[15]	Persönliches/Emotionen[28]	
15-4	938-942	froh	positive[15]	Persönliches/Emotionen[28]	
15-5	942-943	,	positive[15]	_	
15-6	944-948	dass	positive[15]	_	
15-7	949-952	ich	positive[15]	Liebe/Partnerschaft[29]	
15-8	953-957	Dich	positive[15]	Liebe/Partnerschaft[29]	
15-9	958-961	hab	positive[15]	Liebe/Partnerschaft[29]	
15-10	961-962	'	positive[15]	_	
15-11	962-963	.	positive[15]	_	

#Text=Idioten gibt's auf dieser Welt genug.
16-1	964-971	Idioten	negative[16]	Politik/Soziales/Missstände	
16-2	972-978	gibt's	negative[16]	_	
16-3	979-982	auf	negative[16]	_	
16-4	983-989	dieser	negative[16]	_	
16-5	990-994	Welt	negative[16]	_	
16-6	995-1000	genug	negative[16]	_	
16-7	1000-1001	.	negative[16]	_	

#Text=Ich schwöre, ich schwöre, wenn's drauf ankommt, bin ich da.
17-1	1006-1009	Ich	positive[17]	_	
17-2	1010-1017	schwöre	positive[17]	_	
17-3	1017-1018	,	positive[17]	_	
17-4	1019-1022	ich	positive[17]	_	
17-5	1023-1030	schwöre	positive[17]	_	
17-6	1030-1031	,	positive[17]	_	
17-7	1032-1038	wenn's	positive[17]	_	
17-8	1039-1044	drauf	positive[17]	_	
17-9	1045-1052	ankommt	positive[17]	_	
17-10	1052-1053	,	positive[17]	_	
17-11	1054-1057	bin	positive[17]	_	
17-12	1058-1061	ich	positive[17]	_	
17-13	1062-1064	da	positive[17]	_	
17-14	1064-1065	.	positive[17]	_	

#Text=Ich schwöre, ich schwöre, die dollsten Dinger machen wir klar.
18-1	1066-1069	Ich	positive[18]	_	
18-2	1070-1077	schwöre	positive[18]	_	
18-3	1077-1078	,	positive[18]	_	
18-4	1079-1082	ich	positive[18]	_	
18-5	1083-1090	schwöre	positive[18]	_	
18-6	1090-1091	,	positive[18]	_	
18-7	1092-1095	die	positive[18]	_	
18-8	1096-1104	dollsten	positive[18]	_	
18-9	1105-1111	Dinger	positive[18]	_	
18-10	1112-1118	machen	positive[18]	_	
18-11	1119-1122	wir	positive[18]	_	
18-12	1123-1127	klar	positive[18]	_	
18-13	1127-1128	.	positive[18]	_	

#Text=Kommt es einmal hart auf hart, dann bin ich sofort am Start.
19-1	1129-1134	Kommt	positive[19]	_	
19-2	1135-1137	es	positive[19]	_	
19-3	1138-1144	einmal	positive[19]	_	
19-4	1145-1149	hart	positive[19]	Persönliches/Emotionen[30]	
19-5	1150-1153	auf	positive[19]	Persönliches/Emotionen[30]	
19-6	1154-1158	hart	positive[19]	Persönliches/Emotionen[30]	
19-7	1158-1159	,	positive[19]	_	
19-8	1160-1164	dann	positive[19]	_	
19-9	1165-1168	bin	positive[19]	_	
19-10	1169-1172	ich	positive[19]	_	
19-11	1173-1179	sofort	positive[19]	_	
19-12	1180-1182	am	positive[19]	_	
19-13	1183-1188	Start	positive[19]	_	
19-14	1188-1189	.	positive[19]	_	

#Text=Ich schwöre, ich schwöre, wenn's drauf ankommt, bin ich für Dich da.
20-1	1190-1193	Ich	positive[20]	_	
20-2	1194-1201	schwöre	positive[20]	_	
20-3	1201-1202	,	positive[20]	_	
20-4	1203-1206	ich	positive[20]	_	
20-5	1207-1214	schwöre	positive[20]	_	
20-6	1214-1215	,	positive[20]	_	
20-7	1216-1222	wenn's	positive[20]	_	
20-8	1223-1228	drauf	positive[20]	_	
20-9	1229-1236	ankommt	positive[20]	_	
20-10	1236-1237	,	positive[20]	_	
20-11	1238-1241	bin	positive[20]	_	
20-12	1242-1245	ich	positive[20]	_	
20-13	1246-1249	für	positive[20]	_	
20-14	1250-1254	Dich	positive[20]	_	
20-15	1255-1257	da	positive[20]	_	
20-16	1257-1258	.	positive[20]	_	
