#FORMAT=WebAnno TSV 3.2
#T_SP=webanno.custom.Sentiment|Polarity
#T_SP=webanno.custom.Topic|Topics


#Text=Wunderschön ist's in New York, wenn die Türme wieder steh'n, kannst von ganz hoch oben weit bist nach Bagdad sehn, Kinder, die lachen und kein Hunger und das Erdöl schießt aus dem Boden, der allen gehört, dass endlich Frieden ist.
1-1	0-11	Wunderschön	positive[1]	_	
1-2	12-17	ist's	positive[1]	_	
1-3	18-20	in	positive[1]	_	
1-4	21-24	New	positive[1]	_	
1-5	25-29	York	positive[1]	_	
1-6	29-30	,	positive[1]	_	
1-7	31-35	wenn	positive[1]	_	
1-8	36-39	die	positive[1]	Politik/Soziales/Missstände[6]	
1-9	40-45	Türme	positive[1]	Politik/Soziales/Missstände[6]	
1-10	46-52	wieder	positive[1]	_	
1-11	53-59	steh'n	positive[1]	_	
1-12	59-60	,	positive[1]	_	
1-13	61-67	kannst	positive[1]	_	
1-14	68-71	von	positive[1]	_	
1-15	72-76	ganz	positive[1]	_	
1-16	77-81	hoch	positive[1]	_	
1-17	82-86	oben	positive[1]	_	
1-18	87-91	weit	positive[1]	_	
1-19	92-96	bist	positive[1]	_	
1-20	97-101	nach	positive[1]	_	
1-21	102-108	Bagdad	positive[1]	Politik/Soziales/Missstände	
1-22	109-113	sehn	positive[1]	_	
1-23	113-114	,	positive[1]	_	
1-24	115-121	Kinder	positive[1]	Politik/Soziales/Missstände[7]	
1-25	121-122	,	positive[1]	Politik/Soziales/Missstände[7]	
1-26	123-126	die	positive[1]	Politik/Soziales/Missstände[7]	
1-27	127-133	lachen	positive[1]	Politik/Soziales/Missstände[7]	
1-28	134-137	und	positive[1]	_	
1-29	138-142	kein	positive[1]	Politik/Soziales/Missstände[8]	
1-30	143-149	Hunger	positive[1]	Politik/Soziales/Missstände[8]	
1-31	150-153	und	positive[1]	_	
1-32	154-157	das	positive[1]	Politik/Soziales/Missstände[9]	
1-33	158-163	Erdöl	positive[1]	Politik/Soziales/Missstände[9]	
1-34	164-171	schießt	positive[1]	Politik/Soziales/Missstände[9]	
1-35	172-175	aus	positive[1]	Politik/Soziales/Missstände[9]	
1-36	176-179	dem	positive[1]	Politik/Soziales/Missstände[9]	
1-37	180-185	Boden	positive[1]	Politik/Soziales/Missstände[9]	
1-38	185-186	,	positive[1]	_	
1-39	187-190	der	positive[1]	_	
1-40	191-196	allen	positive[1]	_	
1-41	197-203	gehört	positive[1]	_	
1-42	203-204	,	positive[1]	_	
1-43	205-209	dass	positive[1]	_	
1-44	210-217	endlich	positive[1]	_	
1-45	218-225	Frieden	positive[1]	Politik/Soziales/Missstände	
1-46	226-229	ist	positive[1]	_	
1-47	229-230	.	positive[1]	_	

#Text=Ich hab' noch einen Koffer für Berlin und da sind solche schönen Träume drin.
2-1	235-238	Ich	positive[2]	_	
2-2	239-242	hab	positive[2]	_	
2-3	242-243	'	positive[2]	_	
2-4	244-248	noch	positive[2]	_	
2-5	249-254	einen	positive[2]	_	
2-6	255-261	Koffer	positive[2]	_	
2-7	262-265	für	positive[2]	_	
2-8	266-272	Berlin	positive[2]	_	
2-9	273-276	und	positive[2]	_	
2-10	277-279	da	positive[2]	_	
2-11	280-284	sind	positive[2]	_	
2-12	285-291	solche	positive[2]	_	
2-13	292-299	schönen	positive[2]	_	
2-14	300-306	Träume	positive[2]	_	
2-15	307-311	drin	positive[2]	_	
2-16	311-312	.	positive[2]	_	

#Text=Die Seligkeiten moderner Zeiten, die sind alle in diesem kleinen Koffer drin.
3-1	313-316	Die	positive[3]	_	
3-2	317-328	Seligkeiten	positive[3]	Politik/Soziales/Missstände[10]	
3-3	329-337	moderner	positive[3]	Politik/Soziales/Missstände[10]	
3-4	338-344	Zeiten	positive[3]	Politik/Soziales/Missstände[10]	
3-5	344-345	,	positive[3]	_	
3-6	346-349	die	positive[3]	_	
3-7	350-354	sind	positive[3]	_	
3-8	355-359	alle	positive[3]	_	
3-9	360-362	in	positive[3]	_	
3-10	363-369	diesem	positive[3]	_	
3-11	370-377	kleinen	positive[3]	_	
3-12	378-384	Koffer	positive[3]	_	
3-13	385-389	drin	positive[3]	_	
3-14	389-390	.	positive[3]	_	

#Text=Ich hab' noch einen Koffer für Berlin, die Bibel und 'n Koran, die liegen da drin, wir schreiben das um ganz flott: es gibt nicht mehr nur einen Gott.
4-1	391-394	Ich	neutral[4]	_	
4-2	395-398	hab	neutral[4]	_	
4-3	398-399	'	neutral[4]	_	
4-4	400-404	noch	neutral[4]	_	
4-5	405-410	einen	neutral[4]	_	
4-6	411-417	Koffer	neutral[4]	_	
4-7	418-421	für	neutral[4]	_	
4-8	422-428	Berlin	neutral[4]	_	
4-9	428-429	,	neutral[4]	_	
4-10	430-433	die	neutral[4]	Politik/Soziales/Missstände[11]	
4-11	434-439	Bibel	neutral[4]	Politik/Soziales/Missstände[11]	
4-12	440-443	und	neutral[4]	Politik/Soziales/Missstände[11]	
4-13	444-445	'	neutral[4]	Politik/Soziales/Missstände[11]	
4-14	445-446	n	neutral[4]	Politik/Soziales/Missstände[11]	
4-15	447-452	Koran	neutral[4]	Politik/Soziales/Missstände[11]	
4-16	452-453	,	neutral[4]	_	
4-17	454-457	die	neutral[4]	_	
4-18	458-464	liegen	neutral[4]	_	
4-19	465-467	da	neutral[4]	_	
4-20	468-472	drin	neutral[4]	_	
4-21	472-473	,	neutral[4]	_	
4-22	474-477	wir	neutral[4]	_	
4-23	478-487	schreiben	neutral[4]	_	
4-24	488-491	das	neutral[4]	_	
4-25	492-494	um	neutral[4]	_	
4-26	495-499	ganz	neutral[4]	_	
4-27	500-505	flott	neutral[4]	_	
4-28	505-506	:	neutral[4]	_	
4-29	507-509	es	neutral[4]	Politik/Soziales/Missstände[12]	
4-30	510-514	gibt	neutral[4]	Politik/Soziales/Missstände[12]	
4-31	515-520	nicht	neutral[4]	Politik/Soziales/Missstände[12]	
4-32	521-525	mehr	neutral[4]	Politik/Soziales/Missstände[12]	
4-33	526-529	nur	neutral[4]	Politik/Soziales/Missstände[12]	
4-34	530-535	einen	neutral[4]	Politik/Soziales/Missstände[12]	
4-35	536-540	Gott	neutral[4]	Politik/Soziales/Missstände[12]	
4-36	540-541	.	neutral[4]	_	

#Text=Komm greif dir den Koffer und lass uns in der Welt rumzieh'n.
5-1	542-546	Komm	neutral[5]	_	
5-2	547-552	greif	neutral[5]	_	
5-3	553-556	dir	neutral[5]	_	
5-4	557-560	den	neutral[5]	_	
5-5	561-567	Koffer	neutral[5]	_	
5-6	568-571	und	neutral[5]	_	
5-7	572-576	lass	neutral[5]	_	
5-8	577-580	uns	neutral[5]	_	
5-9	581-583	in	neutral[5]	Reisen[13]	
5-10	584-587	der	neutral[5]	Reisen[13]	
5-11	588-592	Welt	neutral[5]	Reisen[13]	
5-12	593-602	rumzieh'n	neutral[5]	Reisen[13]	
5-13	602-603	.	neutral[5]	_	
