#FORMAT=WebAnno TSV 3.2
#T_SP=webanno.custom.Sentiment|Polarity
#T_SP=webanno.custom.Topic|Topics


#Text=Neulich war ich mal wieder in Amerika und da traf ich einen Herrn von der Mafia.
1-1	0-7	Neulich	neutral[1]	_	
1-2	8-11	war	neutral[1]	_	
1-3	12-15	ich	neutral[1]	_	
1-4	16-19	mal	neutral[1]	_	
1-5	20-26	wieder	neutral[1]	_	
1-6	27-29	in	neutral[1]	_	
1-7	30-37	Amerika	neutral[1]	Reisen	
1-8	38-41	und	neutral[1]	_	
1-9	42-44	da	neutral[1]	_	
1-10	45-49	traf	neutral[1]	_	
1-11	50-53	ich	neutral[1]	_	
1-12	54-59	einen	neutral[1]	_	
1-13	60-65	Herrn	neutral[1]	Politik/Soziales/Missstände[12]	
1-14	66-69	von	neutral[1]	Politik/Soziales/Missstände[12]	
1-15	70-73	der	neutral[1]	Politik/Soziales/Missstände[12]	
1-16	74-79	Mafia	neutral[1]	Politik/Soziales/Missstände[12]	
1-17	79-80	.	neutral[1]	_	

#Text=Er lud mich ein in ein Makkaronirestaurant und ich dachte: O.k., gehst mal mit, vielleicht wird das ganz interessant.
2-1	81-83	Er	positive[2]	_	
2-2	84-87	lud	positive[2]	_	
2-3	88-92	mich	positive[2]	_	
2-4	93-96	ein	positive[2]	_	
2-5	97-99	in	positive[2]	_	
2-6	100-103	ein	positive[2]	_	
2-7	104-123	Makkaronirestaurant	positive[2]	_	
2-8	124-127	und	positive[2]	_	
2-9	128-131	ich	positive[2]	_	
2-10	132-138	dachte	positive[2]	_	
2-11	138-139	:	positive[2]	_	
2-12	140-143	O.k	positive[2]	_	
2-13	143-144	.	positive[2]	_	
2-14	144-145	,	positive[2]	_	
2-15	146-151	gehst	positive[2]	_	
2-16	152-155	mal	positive[2]	_	
2-17	156-159	mit	positive[2]	_	
2-18	159-160	,	positive[2]	_	
2-19	161-171	vielleicht	positive[2]	Persönliches/Emotionen[13]	
2-20	172-176	wird	positive[2]	Persönliches/Emotionen[13]	
2-21	177-180	das	positive[2]	Persönliches/Emotionen[13]	
2-22	181-185	ganz	positive[2]	Persönliches/Emotionen[13]	
2-23	186-197	interessant	positive[2]	Persönliches/Emotionen[13]	
2-24	197-198	.	positive[2]	_	

#Text=Er sagt: "Ich heiße Jonny Controlletti, buon giorno, Signor."
3-1	199-201	Er	neutral[3]	_	
3-2	202-206	sagt	neutral[3]	_	
3-3	206-207	:	neutral[3]	_	
3-4	208-209	"	neutral[3]	_	
3-5	209-212	Ich	neutral[3]	_	
3-6	213-218	heiße	neutral[3]	_	
3-7	219-224	Jonny	neutral[3]	_	
3-8	225-237	Controlletti	neutral[3]	_	
3-9	237-238	,	neutral[3]	_	
3-10	239-243	buon	neutral[3]	_	
3-11	244-250	giorno	neutral[3]	_	
3-12	250-251	,	neutral[3]	_	
3-13	252-258	Signor	neutral[3]	_	
3-14	258-259	.	neutral[3]	_	
3-15	259-260	"	neutral[3]	_	

#Text=Ein kurzer Wink, und 'ne schwarze Limousine fuhr vor und später saßen wir da in der Chicago-Bar und nach jedem Glas Chianti rief er: "Hallo Ober, noch 'ne Ladung und zwar avanti, avanti."
4-1	261-264	Ein	neutral[4]	_	
4-2	265-271	kurzer	neutral[4]	_	
4-3	272-276	Wink	neutral[4]	_	
4-4	276-277	,	neutral[4]	_	
4-5	278-281	und	neutral[4]	_	
4-6	282-283	'	neutral[4]	_	
4-7	283-285	ne	neutral[4]	_	
4-8	286-294	schwarze	neutral[4]	_	
4-9	295-304	Limousine	neutral[4]	_	
4-10	305-309	fuhr	neutral[4]	_	
4-11	310-313	vor	neutral[4]	_	
4-12	314-317	und	neutral[4]	_	
4-13	318-324	später	neutral[4]	_	
4-14	325-330	saßen	neutral[4]	_	
4-15	331-334	wir	neutral[4]	_	
4-16	335-337	da	neutral[4]	_	
4-17	338-340	in	neutral[4]	_	
4-18	341-344	der	neutral[4]	_	
4-19	345-356	Chicago-Bar	neutral[4]	Gesundheit/Drogen	
4-20	357-360	und	neutral[4]	_	
4-21	361-365	nach	neutral[4]	_	
4-22	366-371	jedem	neutral[4]	_	
4-23	372-376	Glas	neutral[4]	Gesundheit/Drogen[14]	
4-24	377-384	Chianti	neutral[4]	Gesundheit/Drogen[14]	
4-25	385-389	rief	neutral[4]	_	
4-26	390-392	er	neutral[4]	_	
4-27	392-393	:	neutral[4]	_	
4-28	394-395	"	neutral[4]	_	
4-29	395-400	Hallo	neutral[4]	_	
4-30	401-405	Ober	neutral[4]	_	
4-31	405-406	,	neutral[4]	_	
4-32	407-411	noch	neutral[4]	_	
4-33	412-413	'	neutral[4]	_	
4-34	413-415	ne	neutral[4]	_	
4-35	416-422	Ladung	neutral[4]	_	
4-36	423-426	und	neutral[4]	_	
4-37	427-431	zwar	neutral[4]	_	
4-38	432-438	avanti	neutral[4]	_	
4-39	438-439	,	neutral[4]	_	
4-40	440-446	avanti	neutral[4]	_	
4-41	446-447	.	neutral[4]	_	
4-42	447-448	"	neutral[4]	_	

#Text=Und dann packt' er sich das Glas, das volle, und sagt: "Alles unter Kontrolle."
5-1	449-452	Und	neutral[5]	_	
5-2	453-457	dann	neutral[5]	_	
5-3	458-463	packt	neutral[5]	_	
5-4	463-464	'	neutral[5]	_	
5-5	465-467	er	neutral[5]	_	
5-6	468-472	sich	neutral[5]	_	
5-7	473-476	das	neutral[5]	_	
5-8	477-481	Glas	neutral[5]	Gesundheit/Drogen	
5-9	481-482	,	neutral[5]	_	
5-10	483-486	das	neutral[5]	_	
5-11	487-492	volle	neutral[5]	_	
5-12	492-493	,	neutral[5]	_	
5-13	494-497	und	neutral[5]	_	
5-14	498-502	sagt	neutral[5]	_	
5-15	502-503	:	neutral[5]	_	
5-16	504-505	"	neutral[5]	_	
5-17	505-510	Alles	neutral[5]	_	
5-18	511-516	unter	neutral[5]	_	
5-19	517-526	Kontrolle	neutral[5]	_	
5-20	526-527	.	neutral[5]	_	
5-21	527-528	"	neutral[5]	_	

#Text=Er hatte 'n Streifenanzug an und Gamaschen wie Al Capone und die Beule in der Jacke, die kam von der Kanone.
6-1	529-531	Er	neutral[6]	_	
6-2	532-537	hatte	neutral[6]	_	
6-3	538-539	'	neutral[6]	_	
6-4	539-540	n	neutral[6]	_	
6-5	541-554	Streifenanzug	neutral[6]	_	
6-6	555-557	an	neutral[6]	_	
6-7	558-561	und	neutral[6]	_	
6-8	562-571	Gamaschen	neutral[6]	_	
6-9	572-575	wie	neutral[6]	_	
6-10	576-578	Al	neutral[6]	Politik/Soziales/Missstände[15]	
6-11	579-585	Capone	neutral[6]	Politik/Soziales/Missstände[15]	
6-12	586-589	und	neutral[6]	_	
6-13	590-593	die	neutral[6]	_	
6-14	594-599	Beule	neutral[6]	_	
6-15	600-602	in	neutral[6]	_	
6-16	603-606	der	neutral[6]	_	
6-17	607-612	Jacke	neutral[6]	_	
6-18	612-613	,	neutral[6]	_	
6-19	614-617	die	neutral[6]	_	
6-20	618-621	kam	neutral[6]	_	
6-21	622-625	von	neutral[6]	_	
6-22	626-629	der	neutral[6]	_	
6-23	630-636	Kanone	neutral[6]	Politik/Soziales/Missstände	
6-24	636-637	.	neutral[6]	_	

#Text=Dann wollte er noch wissen, wie's denn überhaupt so wäre mit dem Showbusiness in Deutschland und speziell auch mit meiner Karriere, ich sag': "Ich mach' da grad so'n Ding mit 'ner höllisch heißen Panik-Band."
7-1	642-646	Dann	neutral[7]	_	
7-2	647-653	wollte	neutral[7]	_	
7-3	654-656	er	neutral[7]	_	
7-4	657-661	noch	neutral[7]	_	
7-5	662-668	wissen	neutral[7]	_	
7-6	668-669	,	neutral[7]	_	
7-7	670-675	wie's	neutral[7]	_	
7-8	676-680	denn	neutral[7]	_	
7-9	681-690	überhaupt	neutral[7]	_	
7-10	691-693	so	neutral[7]	_	
7-11	694-698	wäre	neutral[7]	_	
7-12	699-702	mit	neutral[7]	_	
7-13	703-706	dem	neutral[7]	_	
7-14	707-719	Showbusiness	neutral[7]	Musik	
7-15	720-722	in	neutral[7]	_	
7-16	723-734	Deutschland	neutral[7]	_	
7-17	735-738	und	neutral[7]	_	
7-18	739-747	speziell	neutral[7]	_	
7-19	748-752	auch	neutral[7]	_	
7-20	753-756	mit	neutral[7]	_	
7-21	757-763	meiner	neutral[7]	Musik[16]	
7-22	764-772	Karriere	neutral[7]	Musik[16]	
7-23	772-773	,	neutral[7]	_	
7-24	774-777	ich	neutral[7]	_	
7-25	778-781	sag	neutral[7]	_	
7-26	781-782	'	neutral[7]	_	
7-27	782-783	:	neutral[7]	_	
7-28	784-785	"	neutral[7]	_	
7-29	785-788	Ich	neutral[7]	_	
7-30	789-793	mach	neutral[7]	_	
7-31	793-794	'	neutral[7]	_	
7-32	795-797	da	neutral[7]	_	
7-33	798-802	grad	neutral[7]	_	
7-34	803-807	so'n	neutral[7]	_	
7-35	808-812	Ding	neutral[7]	_	
7-36	813-816	mit	neutral[7]	_	
7-37	817-818	'	neutral[7]	_	
7-38	818-821	ner	neutral[7]	_	
7-39	822-830	höllisch	neutral[7]	Musik[17]	
7-40	831-837	heißen	neutral[7]	Musik[17]	
7-41	838-848	Panik-Band	neutral[7]	Musik[17]	
7-42	848-849	.	neutral[7]	_	
7-43	849-850	"	neutral[7]	_	

#Text=Und Jonny Controlletti übernahm sofort das Management.
8-1	851-854	Und	positive[8]	_	
8-2	855-860	Jonny	positive[8]	_	
8-3	861-873	Controlletti	positive[8]	_	
8-4	874-882	übernahm	positive[8]	_	
8-5	883-889	sofort	positive[8]	_	
8-6	890-893	das	positive[8]	_	
8-7	894-904	Management	positive[8]	Musik	
8-8	904-905	.	positive[8]	_	

#Text=Er sagt: "Si, si, Signor, wir machen das perfekt und schnell, die Jungs vom Syndikat sind enorm professionell."
9-1	910-912	Er	positive[9]	_	
9-2	913-917	sagt	positive[9]	_	
9-3	917-918	:	positive[9]	_	
9-4	919-920	"	positive[9]	_	
9-5	920-922	Si	positive[9]	_	
9-6	922-923	,	positive[9]	_	
9-7	924-926	si	positive[9]	_	
9-8	926-927	,	positive[9]	_	
9-9	928-934	Signor	positive[9]	_	
9-10	934-935	,	positive[9]	_	
9-11	936-939	wir	positive[9]	_	
9-12	940-946	machen	positive[9]	_	
9-13	947-950	das	positive[9]	_	
9-14	951-958	perfekt	positive[9]	Persönliches/Emotionen	
9-15	959-962	und	positive[9]	_	
9-16	963-970	schnell	positive[9]	_	
9-17	970-971	,	positive[9]	_	
9-18	972-975	die	positive[9]	_	
9-19	976-981	Jungs	positive[9]	Politik/Soziales/Missstände[18]	
9-20	982-985	vom	positive[9]	Politik/Soziales/Missstände[18]	
9-21	986-994	Syndikat	positive[9]	Politik/Soziales/Missstände[18]	
9-22	995-999	sind	positive[9]	_	
9-23	1000-1005	enorm	positive[9]	Persönliches/Emotionen[19]	
9-24	1006-1019	professionell	positive[9]	Persönliches/Emotionen[19]	
9-25	1019-1020	.	positive[9]	_	
9-26	1020-1021	"	positive[9]	_	

#Text=Und so saßen wir da in der Chicago-Bar und er sagt': "Alles klar, mein Bester, ich mach' dich über Nacht zum Superstar, dich und dein Katastrophen-Orchester."
10-1	1022-1025	Und	positive[10]	_	
10-2	1026-1028	so	positive[10]	_	
10-3	1029-1034	saßen	positive[10]	_	
10-4	1035-1038	wir	positive[10]	_	
10-5	1039-1041	da	positive[10]	_	
10-6	1042-1044	in	positive[10]	_	
10-7	1045-1048	der	positive[10]	_	
10-8	1049-1060	Chicago-Bar	positive[10]	Gesundheit/Drogen	
10-9	1061-1064	und	positive[10]	_	
10-10	1065-1067	er	positive[10]	_	
10-11	1068-1072	sagt	positive[10]	_	
10-12	1072-1073	'	positive[10]	_	
10-13	1073-1074	:	positive[10]	_	
10-14	1075-1076	"	positive[10]	_	
10-15	1076-1081	Alles	positive[10]	_	
10-16	1082-1086	klar	positive[10]	_	
10-17	1086-1087	,	positive[10]	_	
10-18	1088-1092	mein	positive[10]	Liebe/Partnerschaft[20]	
10-19	1093-1099	Bester	positive[10]	Liebe/Partnerschaft[20]	
10-20	1099-1100	,	positive[10]	_	
10-21	1101-1104	ich	positive[10]	_	
10-22	1105-1109	mach	positive[10]	_	
10-23	1109-1110	'	positive[10]	_	
10-24	1111-1115	dich	positive[10]	_	
10-25	1116-1120	über	positive[10]	_	
10-26	1121-1126	Nacht	positive[10]	_	
10-27	1127-1130	zum	positive[10]	_	
10-28	1131-1140	Superstar	positive[10]	Musik	
10-29	1140-1141	,	positive[10]	_	
10-30	1142-1146	dich	positive[10]	_	
10-31	1147-1150	und	positive[10]	_	
10-32	1151-1155	dein	positive[10]	_	
10-33	1156-1178	Katastrophen-Orchester	positive[10]	Musik	
10-34	1178-1179	.	positive[10]	_	
10-35	1179-1180	"	positive[10]	_	

#Text=Und dann reicht' er mir das Glas, das volle, und sagt': "Alles unter Kontrolle."
11-1	1181-1184	Und	neutral[11]	_	
11-2	1185-1189	dann	neutral[11]	_	
11-3	1190-1196	reicht	neutral[11]	_	
11-4	1196-1197	'	neutral[11]	_	
11-5	1198-1200	er	neutral[11]	_	
11-6	1201-1204	mir	neutral[11]	_	
11-7	1205-1208	das	neutral[11]	_	
11-8	1209-1213	Glas	neutral[11]	Gesundheit/Drogen	
11-9	1213-1214	,	neutral[11]	_	
11-10	1215-1218	das	neutral[11]	_	
11-11	1219-1224	volle	neutral[11]	_	
11-12	1224-1225	,	neutral[11]	_	
11-13	1226-1229	und	neutral[11]	_	
11-14	1230-1234	sagt	neutral[11]	_	
11-15	1234-1235	'	neutral[11]	_	
11-16	1235-1236	:	neutral[11]	_	
11-17	1237-1238	"	neutral[11]	_	
11-18	1238-1243	Alles	neutral[11]	_	
11-19	1244-1249	unter	neutral[11]	_	
11-20	1250-1259	Kontrolle	neutral[11]	_	
11-21	1259-1260	.	neutral[11]	_	
11-22	1260-1261	"	neutral[11]	_	
