#FORMAT=WebAnno TSV 3.2
#T_SP=webanno.custom.Sentiment|Polarity
#T_SP=webanno.custom.Topic|Topics


#Text=Mein Vater war dauernd besoffen , von morgens bis abends gut breit , dann hat er meine Mutter getroffen , 'n Tag später war Hochzeit  und dann zogen sie mit ein paar Kisten Bier  in irgendein Bretterhaus .
1-1	0-4	Mein	negative[1]	_	
1-2	5-10	Vater	negative[1]	Liebe/Partnerschaft	
1-3	11-14	war	negative[1]	_	
1-4	15-22	dauernd	negative[1]	_	
1-5	23-31	besoffen	negative[1]	Gesundheit/Drogen	
1-6	32-33	,	negative[1]	_	
1-7	34-37	von	negative[1]	_	
1-8	38-45	morgens	negative[1]	_	
1-9	46-49	bis	negative[1]	_	
1-10	50-56	abends	negative[1]	_	
1-11	57-60	gut	negative[1]	Gesundheit/Drogen[20]	
1-12	61-66	breit	negative[1]	Gesundheit/Drogen[20]	
1-13	67-68	,	_	_	
1-14	69-73	dann	positive[2]	_	
1-15	74-77	hat	positive[2]	_	
1-16	78-80	er	positive[2]	_	
1-17	81-86	meine	positive[2]	_	
1-18	87-93	Mutter	positive[2]	Liebe/Partnerschaft	
1-19	94-103	getroffen	positive[2]	_	
1-20	104-105	,	positive[2]	_	
1-21	106-107	'	positive[2]	_	
1-22	107-108	n	positive[2]	_	
1-23	109-112	Tag	positive[2]	_	
1-24	113-119	später	positive[2]	_	
1-25	120-123	war	positive[2]	_	
1-26	124-132	Hochzeit	positive[2]	Liebe/Partnerschaft	
1-27	134-137	und	_	_	
1-28	138-142	dann	negative[3]	_	
1-29	143-148	zogen	negative[3]	_	
1-30	149-152	sie	negative[3]	_	
1-31	153-156	mit	negative[3]	_	
1-32	157-160	ein	negative[3]	Gesundheit/Drogen[21]	
1-33	161-165	paar	negative[3]	Gesundheit/Drogen[21]	
1-34	166-172	Kisten	negative[3]	Gesundheit/Drogen[21]	
1-35	173-177	Bier	negative[3]	Gesundheit/Drogen[21]	
1-36	179-181	in	negative[3]	_	
1-37	182-191	irgendein	negative[3]	_	
1-38	192-203	Bretterhaus	negative[3]	Politik/Soziales/Missstände	
1-39	204-205	.	_	_	

#Text=Sie liebten sich so und hatten nichts zu tun  und dann kamen da 'n paar Kinder bei raus , zu Fressen gab's kaum und Kohle war wenig , wir waren die Familie Rattenkönig.
2-1	206-209	Sie	neutral[4]	_	
2-2	210-217	liebten	neutral[4]	Liebe/Partnerschaft	
2-3	218-222	sich	neutral[4]	_	
2-4	223-225	so	neutral[4]	_	
2-5	226-229	und	neutral[4]	_	
2-6	230-236	hatten	neutral[4]	_	
2-7	237-243	nichts	neutral[4]	_	
2-8	244-246	zu	neutral[4]	_	
2-9	247-250	tun	neutral[4]	_	
2-10	252-255	und	neutral[4]	_	
2-11	256-260	dann	neutral[4]	_	
2-12	261-266	kamen	neutral[4]	_	
2-13	267-269	da	neutral[4]	_	
2-14	270-271	'	neutral[4]	_	
2-15	271-272	n	neutral[4]	_	
2-16	273-277	paar	neutral[4]	_	
2-17	278-284	Kinder	neutral[4]	Liebe/Partnerschaft	
2-18	285-288	bei	neutral[4]	_	
2-19	289-293	raus	neutral[4]	_	
2-20	294-295	,	_	_	
2-21	296-298	zu	negative[5]	Politik/Soziales/Missstände[22]	
2-22	299-306	Fressen	negative[5]	Politik/Soziales/Missstände[22]	
2-23	307-312	gab's	negative[5]	Politik/Soziales/Missstände[22]	
2-24	313-317	kaum	negative[5]	Politik/Soziales/Missstände[22]	
2-25	318-321	und	negative[5]	_	
2-26	322-327	Kohle	negative[5]	Politik/Soziales/Missstände[23]	
2-27	328-331	war	negative[5]	Politik/Soziales/Missstände[23]	
2-28	332-337	wenig	negative[5]	Politik/Soziales/Missstände[23]	
2-29	338-339	,	_	_	
2-30	340-343	wir	negative[6]	_	
2-31	344-349	waren	negative[6]	_	
2-32	350-353	die	negative[6]	_	
2-33	354-361	Familie	negative[6]	Liebe/Partnerschaft[24]	
2-34	362-373	Rattenkönig	negative[6]	Liebe/Partnerschaft[24]	
2-35	373-374	.	_	_	

#Text=Meine Eltern solln's mal besser haben als ich , darum ist Boxer auch der beste Job für mich . der Champ, der kriegt die lange Kohle , die ich mir jetzt schnellstens hole , die Eltern solln's mal besser haben als ich.
3-1	379-384	Meine	positive[7]	_	
3-2	385-391	Eltern	positive[7]	Liebe/Partnerschaft	
3-3	392-399	solln's	positive[7]	_	
3-4	400-403	mal	positive[7]	_	
3-5	404-410	besser	positive[7]	_	
3-6	411-416	haben	positive[7]	_	
3-7	417-420	als	positive[7]	_	
3-8	421-424	ich	positive[7]	_	
3-9	425-426	,	positive[7]	_	
3-10	427-432	darum	positive[7]	_	
3-11	433-436	ist	positive[7]	_	
3-12	437-442	Boxer	positive[7]	_	
3-13	443-447	auch	positive[7]	_	
3-14	448-451	der	positive[7]	_	
3-15	452-457	beste	positive[7]	_	
3-16	458-461	Job	positive[7]	Politik/Soziales/Missstände	
3-17	462-465	für	positive[7]	_	
3-18	466-470	mich	positive[7]	_	
3-19	471-472	.	_	_	
3-20	473-476	der	positive[8]	_	
3-21	477-482	Champ	positive[8]	Persönliches/Emotionen	
3-22	482-483	,	positive[8]	_	
3-23	484-487	der	positive[8]	_	
3-24	488-494	kriegt	positive[8]	_	
3-25	495-498	die	positive[8]	_	
3-26	499-504	lange	positive[8]	_	
3-27	505-510	Kohle	positive[8]	Politik/Soziales/Missstände	
3-28	511-512	,	positive[8]	_	
3-29	513-516	die	positive[8]	_	
3-30	517-520	ich	positive[8]	_	
3-31	521-524	mir	positive[8]	_	
3-32	525-530	jetzt	positive[8]	_	
3-33	531-543	schnellstens	positive[8]	_	
3-34	544-548	hole	positive[8]	_	
3-35	549-550	,	_	_	
3-36	551-554	die	positive[9]	_	
3-37	555-561	Eltern	positive[9]	Liebe/Partnerschaft	
3-38	562-569	solln's	positive[9]	_	
3-39	570-573	mal	positive[9]	_	
3-40	574-580	besser	positive[9]	_	
3-41	581-586	haben	positive[9]	_	
3-42	587-590	als	positive[9]	_	
3-43	591-594	ich	positive[9]	_	
3-44	594-595	.	_	_	

#Text=Benjamin heißt der kleine Boxer  und er wohnt in den Ruinen von Berlin .
4-1	600-608	Benjamin	neutral[10]	_	
4-2	609-614	heißt	neutral[10]	_	
4-3	615-618	der	neutral[10]	_	
4-4	619-625	kleine	neutral[10]	_	
4-5	626-631	Boxer	neutral[10]	_	
4-6	633-636	und	_	_	
4-7	637-639	er	negative[11]	_	
4-8	640-645	wohnt	negative[11]	_	
4-9	646-648	in	negative[11]	_	
4-10	649-652	den	negative[11]	_	
4-11	653-659	Ruinen	negative[11]	Politik/Soziales/Missstände[25]	
4-12	660-663	von	negative[11]	Politik/Soziales/Missstände[25]	
4-13	664-670	Berlin	negative[11]	Politik/Soziales/Missstände[25]	
4-14	671-672	.	_	_	

#Text=Es geht nicht nach vorne, es geht nicht zurück , verlass' dich nicht auf irgendein Glück , es geht nur nach oben und da will er hin .
5-1	673-675	Es	negative[12]	_	
5-2	676-680	geht	negative[12]	_	
5-3	681-686	nicht	negative[12]	_	
5-4	687-691	nach	negative[12]	_	
5-5	692-697	vorne	negative[12]	_	
5-6	697-698	,	negative[12]	_	
5-7	699-701	es	negative[12]	_	
5-8	702-706	geht	negative[12]	_	
5-9	707-712	nicht	negative[12]	_	
5-10	713-719	zurück	negative[12]	_	
5-11	720-721	,	_	_	
5-12	722-729	verlass	positive[13]	_	
5-13	729-730	'	positive[13]	_	
5-14	731-735	dich	positive[13]	_	
5-15	736-741	nicht	positive[13]	_	
5-16	742-745	auf	positive[13]	_	
5-17	746-755	irgendein	positive[13]	_	
5-18	756-761	Glück	positive[13]	_	
5-19	762-763	,	positive[13]	_	
5-20	764-766	es	positive[13]	_	
5-21	767-771	geht	positive[13]	_	
5-22	772-775	nur	positive[13]	_	
5-23	776-780	nach	positive[13]	_	
5-24	781-785	oben	positive[13]	_	
5-25	786-789	und	positive[13]	_	
5-26	790-792	da	positive[13]	_	
5-27	793-797	will	positive[13]	_	
5-28	798-800	er	positive[13]	_	
5-29	801-804	hin	positive[13]	_	
5-30	805-806	.	_	_	

#Text=Jetzt ist er dreizehn und er wird immer besser , wird schneller, schlauer, schärfer, wie ein Messer .
6-1	807-812	Jetzt	positive[14]	_	
6-2	813-816	ist	positive[14]	_	
6-3	817-819	er	positive[14]	_	
6-4	820-828	dreizehn	positive[14]	_	
6-5	829-832	und	positive[14]	_	
6-6	833-835	er	positive[14]	_	
6-7	836-840	wird	positive[14]	_	
6-8	841-846	immer	positive[14]	_	
6-9	847-853	besser	positive[14]	_	
6-10	854-855	,	positive[14]	_	
6-11	856-860	wird	positive[14]	_	
6-12	861-870	schneller	positive[14]	Persönliches/Emotionen[26]	
6-13	870-871	,	positive[14]	Persönliches/Emotionen[26]	
6-14	872-880	schlauer	positive[14]	Persönliches/Emotionen[26]	
6-15	880-881	,	positive[14]	_	
6-16	882-890	schärfer	positive[14]	_	
6-17	890-891	,	positive[14]	_	
6-18	892-895	wie	positive[14]	_	
6-19	896-899	ein	positive[14]	_	
6-20	900-906	Messer	positive[14]	_	
6-21	907-908	.	_	_	

#Text=Seine Gegner sind nicht zu beneiden , er hat seinen Kopf nicht nur zum Haareschneiden.
7-1	909-914	Seine	positive[15]	_	
7-2	915-921	Gegner	positive[15]	_	
7-3	922-926	sind	positive[15]	_	
7-4	927-932	nicht	positive[15]	_	
7-5	933-935	zu	positive[15]	_	
7-6	936-944	beneiden	positive[15]	_	
7-7	945-946	,	positive[15]	_	
7-8	947-949	er	positive[15]	_	
7-9	950-953	hat	positive[15]	_	
7-10	954-960	seinen	positive[15]	_	
7-11	961-965	Kopf	positive[15]	_	
7-12	966-971	nicht	positive[15]	_	
7-13	972-975	nur	positive[15]	_	
7-14	976-979	zum	positive[15]	_	
7-15	980-994	Haareschneiden	positive[15]	_	
7-16	994-995	.	positive[15]	_	

#Text=Meine Eltern solln's mal besser haben als ich , darum ist Boxer auch der beste Job für mich.
8-1	1000-1005	Meine	positive[16]	_	
8-2	1006-1012	Eltern	positive[16]	Liebe/Partnerschaft	
8-3	1013-1020	solln's	positive[16]	_	
8-4	1021-1024	mal	positive[16]	_	
8-5	1025-1031	besser	positive[16]	_	
8-6	1032-1037	haben	positive[16]	_	
8-7	1038-1041	als	positive[16]	_	
8-8	1042-1045	ich	positive[16]	_	
8-9	1046-1047	,	positive[16]	_	
8-10	1048-1053	darum	positive[16]	_	
8-11	1054-1057	ist	positive[16]	_	
8-12	1058-1063	Boxer	positive[16]	_	
8-13	1064-1068	auch	positive[16]	_	
8-14	1069-1072	der	positive[16]	_	
8-15	1073-1078	beste	positive[16]	_	
8-16	1079-1082	Job	positive[16]	Politik/Soziales/Missstände	
8-17	1083-1086	für	positive[16]	_	
8-18	1087-1091	mich	positive[16]	_	
8-19	1091-1092	.	positive[16]	_	

#Text=Ali: Float like a butterfly , Sting like a bee , rumble young man, rumble , I am the greatest champ of all times.
9-1	1097-1100	Ali	_	_	
9-2	1100-1101	:	_	_	
9-3	1102-1107	Float	_	_	
9-4	1108-1112	like	_	_	
9-5	1113-1114	a	_	_	
9-6	1115-1124	butterfly	_	_	
9-7	1125-1126	,	_	_	
9-8	1127-1132	Sting	_	_	
9-9	1133-1137	like	_	_	
9-10	1138-1139	a	_	_	
9-11	1140-1143	bee	_	_	
9-12	1144-1145	,	_	_	
9-13	1146-1152	rumble	_	_	
9-14	1153-1158	young	_	_	
9-15	1159-1162	man	_	_	
9-16	1162-1163	,	_	_	
9-17	1164-1170	rumble	_	_	
9-18	1171-1172	,	_	_	
9-19	1173-1174	I	_	_	
9-20	1175-1177	am	_	_	
9-21	1178-1181	the	_	_	
9-22	1182-1190	greatest	_	_	
9-23	1191-1196	champ	_	_	
9-24	1197-1199	of	_	_	
9-25	1200-1203	all	_	_	
9-26	1204-1209	times	_	_	
9-27	1209-1210	.	_	_	

#Text=Meine Eltern solln's mal besser haben als ich , darum ist Boxer auch der beste Job für mich.
10-1	1215-1220	Meine	positive[17]	_	
10-2	1221-1227	Eltern	positive[17]	Liebe/Partnerschaft	
10-3	1228-1235	solln's	positive[17]	_	
10-4	1236-1239	mal	positive[17]	_	
10-5	1240-1246	besser	positive[17]	_	
10-6	1247-1252	haben	positive[17]	_	
10-7	1253-1256	als	positive[17]	_	
10-8	1257-1260	ich	positive[17]	_	
10-9	1261-1262	,	positive[17]	_	
10-10	1263-1268	darum	positive[17]	_	
10-11	1269-1272	ist	positive[17]	_	
10-12	1273-1278	Boxer	positive[17]	_	
10-13	1279-1283	auch	positive[17]	_	
10-14	1284-1287	der	positive[17]	_	
10-15	1288-1293	beste	positive[17]	_	
10-16	1294-1297	Job	positive[17]	Politik/Soziales/Missstände	
10-17	1298-1301	für	positive[17]	_	
10-18	1302-1306	mich	positive[17]	_	
10-19	1306-1307	.	positive[17]	_	

#Text=Der Champ, der kriegt die lange Asche,  rein damit in meine Tasche.
11-1	1312-1315	Der	positive[18]	_	
11-2	1316-1321	Champ	positive[18]	_	
11-3	1321-1322	,	positive[18]	_	
11-4	1323-1326	der	positive[18]	_	
11-5	1327-1333	kriegt	positive[18]	_	
11-6	1334-1337	die	positive[18]	_	
11-7	1338-1343	lange	positive[18]	_	
11-8	1344-1349	Asche	positive[18]	Politik/Soziales/Missstände	
11-9	1349-1350	,	positive[18]	_	
11-10	1352-1356	rein	positive[18]	_	
11-11	1357-1362	damit	positive[18]	_	
11-12	1363-1365	in	positive[18]	_	
11-13	1366-1371	meine	positive[18]	_	
11-14	1372-1378	Tasche	positive[18]	_	
11-15	1378-1379	.	positive[18]	_	

#Text=Meine Eltern solln's mal besser haben als ich.
12-1	1384-1389	Meine	positive[19]	_	
12-2	1390-1396	Eltern	positive[19]	Liebe/Partnerschaft	
12-3	1397-1404	solln's	positive[19]	_	
12-4	1405-1408	mal	positive[19]	_	
12-5	1409-1415	besser	positive[19]	_	
12-6	1416-1421	haben	positive[19]	_	
12-7	1422-1425	als	positive[19]	_	
12-8	1426-1429	ich	positive[19]	_	
12-9	1429-1430	.	positive[19]	_	

#Text=Yeah...
13-1	1435-1439	Yeah	_	_	
13-2	1439-1440	.	_	_	
13-3	1440-1441	.	_	_	
13-4	1441-1442	.	_	_	

#Text=Yeah...
14-1	1443-1447	Yeah	_	_	
14-2	1447-1448	.	_	_	
14-3	1448-1449	.	_	_	
14-4	1449-1450	.	_	_	

#Text=Benjamin .
15-1	1452-1460	Benjamin	_	_	
15-2	1461-1462	.	_	_	

#Text=Benjamin.
16-1	1463-1471	Benjamin	_	_	
16-2	1471-1472	.	_	_	
