#FORMAT=WebAnno TSV 3.2
#T_SP=webanno.custom.Sentiment|Polarity
#T_SP=webanno.custom.Topic|Topics


#Text=Ich weiß nicht zu wem ich gehöre, ich bin doch zu schade für eine allein.
1-1	0-3	Ich	negative[1]	Persönliches/Emotionen[11]	
1-2	4-8	weiß	negative[1]	Persönliches/Emotionen[11]	
1-3	9-14	nicht	negative[1]	Persönliches/Emotionen[11]	
1-4	15-17	zu	negative[1]	Persönliches/Emotionen[11]	
1-5	18-21	wem	negative[1]	Persönliches/Emotionen[11]	
1-6	22-25	ich	negative[1]	Persönliches/Emotionen[11]	
1-7	26-32	gehöre	negative[1]	Persönliches/Emotionen[11]	
1-8	32-33	,	negative[1]	_	
1-9	34-37	ich	negative[1]	_	
1-10	38-41	bin	negative[1]	_	
1-11	42-46	doch	negative[1]	_	
1-12	47-49	zu	negative[1]	Persönliches/Emotionen[12]	
1-13	50-56	schade	negative[1]	Persönliches/Emotionen[12]	
1-14	57-60	für	negative[1]	Liebe/Partnerschaft[13]	
1-15	61-65	eine	negative[1]	Liebe/Partnerschaft[13]	
1-16	66-72	allein	negative[1]	Liebe/Partnerschaft[13]	
1-17	72-73	.	negative[1]	_	

#Text=Wenn ich jetzt grad' dir Treue schwöre, wird wieder 'ne and're ganz unglücklich sein.
2-1	74-78	Wenn	negative[2]	_	
2-2	79-82	ich	negative[2]	_	
2-3	83-88	jetzt	negative[2]	_	
2-4	89-93	grad	negative[2]	_	
2-5	93-94	'	negative[2]	_	
2-6	95-98	dir	negative[2]	Liebe/Partnerschaft[14]	
2-7	99-104	Treue	negative[2]	Liebe/Partnerschaft[14]	
2-8	105-112	schwöre	negative[2]	Liebe/Partnerschaft[14]	
2-9	112-113	,	negative[2]	_	
2-10	114-118	wird	negative[2]	_	
2-11	119-125	wieder	negative[2]	_	
2-12	126-127	'	negative[2]	_	
2-13	127-129	ne	negative[2]	Liebe/Partnerschaft[15]	
2-14	130-136	and're	negative[2]	Liebe/Partnerschaft[15]	
2-15	137-141	ganz	negative[2]	Liebe/Partnerschaft[15]	
2-16	142-153	unglücklich	negative[2]	Liebe/Partnerschaft[15]	
2-17	154-158	sein	negative[2]	_	
2-18	158-159	.	negative[2]	_	

#Text=Ja, soll denn so etwas Schönes nur einer gefallen?
3-1	164-166	Ja	negative[3]	_	
3-2	166-167	,	negative[3]	_	
3-3	168-172	soll	negative[3]	_	
3-4	173-177	denn	negative[3]	_	
3-5	178-180	so	negative[3]	Liebe/Partnerschaft[16]	
3-6	181-186	etwas	negative[3]	Liebe/Partnerschaft[16]	
3-7	187-194	Schönes	negative[3]	Liebe/Partnerschaft[16]	
3-8	195-198	nur	negative[3]	_	
3-9	199-204	einer	negative[3]	_	
3-10	205-213	gefallen	negative[3]	Persönliches/Emotionen	
3-11	213-214	?	negative[3]	_	

#Text=Die Sonne, die Sterne gehör'n doch auch allen.
4-1	215-218	Die	neutral[4]	_	
4-2	219-224	Sonne	neutral[4]	_	
4-3	224-225	,	neutral[4]	_	
4-4	226-229	die	neutral[4]	_	
4-5	230-236	Sterne	neutral[4]	_	
4-6	237-244	gehör'n	neutral[4]	Persönliches/Emotionen	
4-7	245-249	doch	neutral[4]	_	
4-8	250-254	auch	neutral[4]	_	
4-9	255-260	allen	neutral[4]	_	
4-10	260-261	.	neutral[4]	_	

#Text=Ich weiß nicht zu wem ich gehöre, ich glaub', ich gehör' nur mir selbst ganz allein.
5-1	262-265	Ich	neutral[5]	Persönliches/Emotionen[17]	
5-2	266-270	weiß	neutral[5]	Persönliches/Emotionen[17]	
5-3	271-276	nicht	neutral[5]	Persönliches/Emotionen[17]	
5-4	277-279	zu	neutral[5]	Persönliches/Emotionen[17]	
5-5	280-283	wem	neutral[5]	Persönliches/Emotionen[17]	
5-6	284-287	ich	neutral[5]	Persönliches/Emotionen[17]	
5-7	288-294	gehöre	neutral[5]	Persönliches/Emotionen[17]	
5-8	294-295	,	neutral[5]	_	
5-9	296-299	ich	neutral[5]	_	
5-10	300-305	glaub	neutral[5]	_	
5-11	305-306	'	neutral[5]	_	
5-12	306-307	,	neutral[5]	_	
5-13	308-311	ich	neutral[5]	Liebe/Partnerschaft[18]	
5-14	312-317	gehör	neutral[5]	Liebe/Partnerschaft[18]	
5-15	317-318	'	neutral[5]	Liebe/Partnerschaft[18]	
5-16	319-322	nur	neutral[5]	Liebe/Partnerschaft[18]	
5-17	323-326	mir	neutral[5]	Liebe/Partnerschaft[18]	
5-18	327-333	selbst	neutral[5]	_	
5-19	334-338	ganz	neutral[5]	Persönliches/Emotionen[19]	
5-20	339-345	allein	neutral[5]	Persönliches/Emotionen[19]	
5-21	345-346	.	neutral[5]	_	

#Text=Ich weiß nicht zu wem ich gehöre, ich bin doch zu schade für eine allein.
6-1	351-354	Ich	negative[6]	Persönliches/Emotionen[20]	
6-2	355-359	weiß	negative[6]	Persönliches/Emotionen[20]	
6-3	360-365	nicht	negative[6]	Persönliches/Emotionen[20]	
6-4	366-368	zu	negative[6]	Persönliches/Emotionen[20]	
6-5	369-372	wem	negative[6]	Persönliches/Emotionen[20]	
6-6	373-376	ich	negative[6]	Persönliches/Emotionen[20]	
6-7	377-383	gehöre	negative[6]	Persönliches/Emotionen[20]	
6-8	383-384	,	negative[6]	_	
6-9	385-388	ich	negative[6]	_	
6-10	389-392	bin	negative[6]	_	
6-11	393-397	doch	negative[6]	_	
6-12	398-400	zu	negative[6]	Persönliches/Emotionen[21]	
6-13	401-407	schade	negative[6]	Persönliches/Emotionen[21]	
6-14	408-411	für	negative[6]	Liebe/Partnerschaft[22]	
6-15	412-416	eine	negative[6]	Liebe/Partnerschaft[22]	
6-16	417-423	allein	negative[6]	Liebe/Partnerschaft[22]	
6-17	423-424	.	negative[6]	_	

#Text=Wenn ich heute dir Treue schwöre, wird wieder 'ne andere ganz unglücklich sein.
7-1	425-429	Wenn	negative[7]	_	
7-2	430-433	ich	negative[7]	_	
7-3	434-439	heute	negative[7]	_	
7-4	440-443	dir	negative[7]	Liebe/Partnerschaft[23]	
7-5	444-449	Treue	negative[7]	Liebe/Partnerschaft[23]	
7-6	450-457	schwöre	negative[7]	Liebe/Partnerschaft[23]	
7-7	457-458	,	negative[7]	_	
7-8	459-463	wird	negative[7]	_	
7-9	464-470	wieder	negative[7]	_	
7-10	471-472	'	negative[7]	_	
7-11	472-474	ne	negative[7]	Liebe/Partnerschaft[24]	
7-12	475-481	andere	negative[7]	Liebe/Partnerschaft[24]	
7-13	482-486	ganz	negative[7]	Liebe/Partnerschaft[24]	
7-14	487-498	unglücklich	negative[7]	Liebe/Partnerschaft[24]	
7-15	499-503	sein	negative[7]	_	
7-16	503-504	.	negative[7]	_	

#Text=Ja, soll denn so etwas Schönes nur einer gefallen?
8-1	509-511	Ja	negative[8]	_	
8-2	511-512	,	negative[8]	_	
8-3	513-517	soll	negative[8]	_	
8-4	518-522	denn	negative[8]	_	
8-5	523-525	so	negative[8]	Liebe/Partnerschaft[25]	
8-6	526-531	etwas	negative[8]	Liebe/Partnerschaft[25]	
8-7	532-539	Schönes	negative[8]	Liebe/Partnerschaft[25]	
8-8	540-543	nur	negative[8]	_	
8-9	544-549	einer	negative[8]	_	
8-10	550-558	gefallen	negative[8]	Persönliches/Emotionen	
8-11	558-559	?	negative[8]	_	

#Text=Die Sonne, die Sterne gehör'n doch auch allen.
9-1	560-563	Die	neutral[9]	_	
9-2	564-569	Sonne	neutral[9]	_	
9-3	569-570	,	neutral[9]	_	
9-4	571-574	die	neutral[9]	_	
9-5	575-581	Sterne	neutral[9]	_	
9-6	582-589	gehör'n	neutral[9]	Persönliches/Emotionen	
9-7	590-594	doch	neutral[9]	_	
9-8	595-599	auch	neutral[9]	_	
9-9	600-605	allen	neutral[9]	_	
9-10	605-606	.	neutral[9]	_	

#Text=Ich weiß nicht zu wem ich gehöre, ich glaub', ich gehöre nur mir ganz allein.
10-1	607-610	Ich	neutral[10]	Persönliches/Emotionen[26]	
10-2	611-615	weiß	neutral[10]	Persönliches/Emotionen[26]	
10-3	616-621	nicht	neutral[10]	Persönliches/Emotionen[26]	
10-4	622-624	zu	neutral[10]	Persönliches/Emotionen[26]	
10-5	625-628	wem	neutral[10]	Persönliches/Emotionen[26]	
10-6	629-632	ich	neutral[10]	Persönliches/Emotionen[26]	
10-7	633-639	gehöre	neutral[10]	Persönliches/Emotionen[26]	
10-8	639-640	,	neutral[10]	_	
10-9	641-644	ich	neutral[10]	_	
10-10	645-650	glaub	neutral[10]	_	
10-11	650-651	'	neutral[10]	_	
10-12	651-652	,	neutral[10]	_	
10-13	653-656	ich	neutral[10]	Liebe/Partnerschaft[27]	
10-14	657-663	gehöre	neutral[10]	Liebe/Partnerschaft[27]	
10-15	664-667	nur	neutral[10]	Liebe/Partnerschaft[27]	
10-16	668-671	mir	neutral[10]	Liebe/Partnerschaft[27]	
10-17	672-676	ganz	neutral[10]	Persönliches/Emotionen[28]	
10-18	677-683	allein	neutral[10]	Persönliches/Emotionen[28]	
10-19	683-684	.	neutral[10]	_	
