#FORMAT=WebAnno TSV 3.2
#T_SP=webanno.custom.Sentiment|Polarity
#T_SP=webanno.custom.Topic|Topics


#Text=Keiner kommt hier lebend raus, Benzin im Treppenhaus, Heute Nacht wird umgebracht wer anders ist.
1-1	0-6	Keiner	negative[1]	Politik/Soziales/Missstände[18]	
1-2	7-12	kommt	negative[1]	Politik/Soziales/Missstände[18]	
1-3	13-17	hier	negative[1]	Politik/Soziales/Missstände[18]	
1-4	18-24	lebend	negative[1]	Politik/Soziales/Missstände[18]	
1-5	25-29	raus	negative[1]	Politik/Soziales/Missstände[18]	
1-6	29-30	,	negative[1]	_	
1-7	31-37	Benzin	negative[1]	_	
1-8	38-40	im	negative[1]	_	
1-9	41-52	Treppenhaus	negative[1]	_	
1-10	52-53	,	negative[1]	_	
1-11	54-59	Heute	negative[1]	_	
1-12	60-65	Nacht	negative[1]	_	
1-13	66-70	wird	negative[1]	_	
1-14	71-81	umgebracht	negative[1]	Politik/Soziales/Missstände[19]	
1-15	82-85	wer	negative[1]	Politik/Soziales/Missstände[19]	
1-16	86-92	anders	negative[1]	Politik/Soziales/Missstände[19]	
1-17	93-96	ist	negative[1]	Politik/Soziales/Missstände[19]	
1-18	96-97	.	negative[1]	_	

#Text=Deutsche Geschichte wird immer wieder neu inszeniert, weil das Publikum so schnell vergisst.
2-1	98-106	Deutsche	neutral[2]	Politik/Soziales/Missstände[20]	
2-2	107-117	Geschichte	neutral[2]	Politik/Soziales/Missstände[20]	
2-3	118-122	wird	neutral[2]	_	
2-4	123-128	immer	neutral[2]	_	
2-5	129-135	wieder	neutral[2]	_	
2-6	136-139	neu	neutral[2]	_	
2-7	140-150	inszeniert	neutral[2]	_	
2-8	150-151	,	neutral[2]	_	
2-9	152-156	weil	neutral[2]	_	
2-10	157-160	das	neutral[2]	_	
2-11	161-169	Publikum	neutral[2]	_	
2-12	170-172	so	neutral[2]	Persönliches/Emotionen[21]	
2-13	173-180	schnell	neutral[2]	Persönliches/Emotionen[21]	
2-14	181-189	vergisst	neutral[2]	Persönliches/Emotionen[21]	
2-15	189-190	.	neutral[2]	_	

#Text=Biedermann und Brandstifter und es werden immer mehr.
3-1	191-201	Biedermann	negative[3]	Politik/Soziales/Missstände[22]	
3-2	202-205	und	negative[3]	Politik/Soziales/Missstände[22]	
3-3	206-218	Brandstifter	negative[3]	Politik/Soziales/Missstände[22]	
3-4	219-222	und	negative[3]	_	
3-5	223-225	es	negative[3]	_	
3-6	226-232	werden	negative[3]	_	
3-7	233-238	immer	negative[3]	_	
3-8	239-243	mehr	negative[3]	_	
3-9	243-244	.	negative[3]	_	

#Text=Das kotzt mich an und ich krieg' kaltes Blut.
4-1	245-248	Das	negative[4]	_	
4-2	249-254	kotzt	negative[4]	Persönliches/Emotionen[23]	
4-3	255-259	mich	negative[4]	Persönliches/Emotionen[23]	
4-4	260-262	an	negative[4]	Persönliches/Emotionen[23]	
4-5	263-266	und	negative[4]	_	
4-6	267-270	ich	negative[4]	Persönliches/Emotionen[24]	
4-7	271-276	krieg	negative[4]	Persönliches/Emotionen[24]	
4-8	276-277	'	negative[4]	Persönliches/Emotionen[24]	
4-9	278-284	kaltes	negative[4]	Persönliches/Emotionen[24]	
4-10	285-289	Blut	negative[4]	Persönliches/Emotionen[24]	
4-11	289-290	.	negative[4]	_	

#Text=Ich schrei' euch ins Gesicht, stumm zusehen werd' ich nicht und aus Trauer wird jetzt nackte Wut.
5-1	291-294	Ich	negative[5]	_	
5-2	295-301	schrei	negative[5]	Persönliches/Emotionen[25]	
5-3	301-302	'	negative[5]	Persönliches/Emotionen[25]	
5-4	303-307	euch	negative[5]	Persönliches/Emotionen[25]	
5-5	308-311	ins	negative[5]	Persönliches/Emotionen[25]	
5-6	312-319	Gesicht	negative[5]	Persönliches/Emotionen[25]	
5-7	319-320	,	negative[5]	_	
5-8	321-326	stumm	negative[5]	_	
5-9	327-334	zusehen	negative[5]	_	
5-10	335-339	werd	negative[5]	_	
5-11	339-340	'	negative[5]	_	
5-12	341-344	ich	negative[5]	_	
5-13	345-350	nicht	negative[5]	_	
5-14	351-354	und	negative[5]	_	
5-15	355-358	aus	negative[5]	_	
5-16	359-365	Trauer	negative[5]	Persönliches/Emotionen	
5-17	366-370	wird	negative[5]	_	
5-18	371-376	jetzt	negative[5]	_	
5-19	377-383	nackte	negative[5]	Persönliches/Emotionen[26]	
5-20	384-387	Wut	negative[5]	Persönliches/Emotionen[26]	
5-21	387-388	.	negative[5]	_	

#Text=Knock out, immer wieder der deutsche Schock.
6-1	393-398	Knock	neutral[6]	_	
6-2	399-402	out	neutral[6]	_	
6-3	402-403	,	neutral[6]	_	
6-4	404-409	immer	neutral[6]	_	
6-5	410-416	wieder	neutral[6]	_	
6-6	417-420	der	neutral[6]	Politik/Soziales/Missstände[27]	
6-7	421-429	deutsche	neutral[6]	Politik/Soziales/Missstände[27]	
6-8	430-436	Schock	neutral[6]	Politik/Soziales/Missstände[27]	
6-9	436-437	.	neutral[6]	_	

#Text=Knock out, meine Nerven laufen Amok.
7-1	438-443	Knock	negative[7]	_	
7-2	444-447	out	negative[7]	_	
7-3	447-448	,	negative[7]	_	
7-4	449-454	meine	negative[7]	Persönliches/Emotionen[28]	
7-5	455-461	Nerven	negative[7]	Persönliches/Emotionen[28]	
7-6	462-468	laufen	negative[7]	Persönliches/Emotionen[28]	
7-7	469-473	Amok	negative[7]	Persönliches/Emotionen[28]	
7-8	473-474	.	negative[7]	_	

#Text=Knock out.
8-1	475-480	Knock	neutral[8]	_	
8-2	481-484	out	neutral[8]	_	
8-3	484-485	.	neutral[8]	_	

#Text=Dieses Land wird mir fremd, wo Blödheit keine Grenzen kennt, wo Weltverbesserer ein Schimpfwort ist, wo die Kanonen blüh'n, Soldaten wieder in den Krieg zieh'n und blinder Hass sich in die Herzen frisst.
9-1	490-496	Dieses	negative[9]	_	
9-2	497-501	Land	negative[9]	_	
9-3	502-506	wird	negative[9]	_	
9-4	507-510	mir	negative[9]	_	
9-5	511-516	fremd	negative[9]	_	
9-6	516-517	,	negative[9]	_	
9-7	518-520	wo	negative[9]	Politik/Soziales/Missstände[29]	
9-8	521-529	Blödheit	negative[9]	Politik/Soziales/Missstände[29]	
9-9	530-535	keine	negative[9]	Politik/Soziales/Missstände[29]	
9-10	536-543	Grenzen	negative[9]	Politik/Soziales/Missstände[29]	
9-11	544-549	kennt	negative[9]	Politik/Soziales/Missstände[29]	
9-12	549-550	,	negative[9]	_	
9-13	551-553	wo	negative[9]	_	
9-14	554-569	Weltverbesserer	negative[9]	Politik/Soziales/Missstände[30]	
9-15	570-573	ein	negative[9]	Politik/Soziales/Missstände[30]	
9-16	574-585	Schimpfwort	negative[9]	Politik/Soziales/Missstände[30]	
9-17	586-589	ist	negative[9]	_	
9-18	589-590	,	negative[9]	_	
9-19	591-593	wo	negative[9]	_	
9-20	594-597	die	negative[9]	_	
9-21	598-605	Kanonen	negative[9]	Politik/Soziales/Missstände[31]	
9-22	606-612	blüh'n	negative[9]	Politik/Soziales/Missstände[31]	
9-23	612-613	,	negative[9]	_	
9-24	614-622	Soldaten	negative[9]	Politik/Soziales/Missstände[32]	
9-25	623-629	wieder	negative[9]	Politik/Soziales/Missstände[32]	
9-26	630-632	in	negative[9]	Politik/Soziales/Missstände[32]	
9-27	633-636	den	negative[9]	Politik/Soziales/Missstände[32]	
9-28	637-642	Krieg	negative[9]	Politik/Soziales/Missstände[32]	
9-29	643-649	zieh'n	negative[9]	Politik/Soziales/Missstände[32]	
9-30	650-653	und	negative[9]	_	
9-31	654-661	blinder	negative[9]	Persönliches/Emotionen[33]	
9-32	662-666	Hass	negative[9]	Persönliches/Emotionen[33]	
9-33	667-671	sich	negative[9]	_	
9-34	672-674	in	negative[9]	_	
9-35	675-678	die	negative[9]	_	
9-36	679-685	Herzen	negative[9]	_	
9-37	686-692	frisst	negative[9]	_	
9-38	692-693	.	negative[9]	_	

#Text=Knock out, immer wieder der braune Schock.
10-1	698-703	Knock	neutral[10]	_	
10-2	704-707	out	neutral[10]	_	
10-3	707-708	,	neutral[10]	_	
10-4	709-714	immer	neutral[10]	_	
10-5	715-721	wieder	neutral[10]	_	
10-6	722-725	der	neutral[10]	Politik/Soziales/Missstände[34]	
10-7	726-732	braune	neutral[10]	Politik/Soziales/Missstände[34]	
10-8	733-739	Schock	neutral[10]	Politik/Soziales/Missstände[34]	
10-9	739-740	.	neutral[10]	_	

#Text=Knock out, knock ihn aus, knock den Wahnsinn aus, knock ihn aus, morgen brennt das nächste Haus, knock ihn aus, knock den Wahnsinn raus, zähl' ihn aus, wieviel Tote braucht ihr noch?.
11-1	741-746	Knock	negative[11]	_	
11-2	747-750	out	negative[11]	_	
11-3	750-751	,	negative[11]	_	
11-4	752-757	knock	negative[11]	_	
11-5	758-761	ihn	negative[11]	_	
11-6	762-765	aus	negative[11]	_	
11-7	765-766	,	negative[11]	_	
11-8	767-772	knock	negative[11]	_	
11-9	773-776	den	negative[11]	_	
11-10	777-785	Wahnsinn	negative[11]	Persönliches/Emotionen	
11-11	786-789	aus	negative[11]	_	
11-12	789-790	,	negative[11]	_	
11-13	791-796	knock	negative[11]	_	
11-14	797-800	ihn	negative[11]	_	
11-15	801-804	aus	negative[11]	_	
11-16	804-805	,	negative[11]	_	
11-17	806-812	morgen	negative[11]	_	
11-18	813-819	brennt	negative[11]	Politik/Soziales/Missstände[35]	
11-19	820-823	das	negative[11]	Politik/Soziales/Missstände[35]	
11-20	824-831	nächste	negative[11]	Politik/Soziales/Missstände[35]	
11-21	832-836	Haus	negative[11]	Politik/Soziales/Missstände[35]	
11-22	836-837	,	negative[11]	_	
11-23	838-843	knock	negative[11]	_	
11-24	844-847	ihn	negative[11]	_	
11-25	848-851	aus	negative[11]	_	
11-26	851-852	,	negative[11]	_	
11-27	853-858	knock	negative[11]	_	
11-28	859-862	den	negative[11]	_	
11-29	863-871	Wahnsinn	negative[11]	Persönliches/Emotionen	
11-30	872-876	raus	negative[11]	_	
11-31	876-877	,	negative[11]	_	
11-32	878-882	zähl	negative[11]	_	
11-33	882-883	'	negative[11]	_	
11-34	884-887	ihn	negative[11]	_	
11-35	888-891	aus	negative[11]	_	
11-36	891-892	,	negative[11]	_	
11-37	893-900	wieviel	negative[11]	_	
11-38	901-905	Tote	negative[11]	Politik/Soziales/Missstände	
11-39	906-913	braucht	negative[11]	_	
11-40	914-917	ihr	negative[11]	_	
11-41	918-922	noch	negative[11]	_	
11-42	922-923	?	negative[11]	_	
11-43	923-924	.	negative[11]	_	

#Text=Keiner kommt hier lebend raus, Flammen im Treppenhaus, heute Nacht wird umgebracht wer anders ist.
12-1	929-935	Keiner	negative[12]	Politik/Soziales/Missstände[36]	
12-2	936-941	kommt	negative[12]	Politik/Soziales/Missstände[36]	
12-3	942-946	hier	negative[12]	Politik/Soziales/Missstände[36]	
12-4	947-953	lebend	negative[12]	Politik/Soziales/Missstände[36]	
12-5	954-958	raus	negative[12]	Politik/Soziales/Missstände[36]	
12-6	958-959	,	negative[12]	_	
12-7	960-967	Flammen	negative[12]	_	
12-8	968-970	im	negative[12]	_	
12-9	971-982	Treppenhaus	negative[12]	_	
12-10	982-983	,	negative[12]	_	
12-11	984-989	heute	negative[12]	_	
12-12	990-995	Nacht	negative[12]	_	
12-13	996-1000	wird	negative[12]	_	
12-14	1001-1011	umgebracht	negative[12]	Politik/Soziales/Missstände[37]	
12-15	1012-1015	wer	negative[12]	Politik/Soziales/Missstände[37]	
12-16	1016-1022	anders	negative[12]	Politik/Soziales/Missstände[37]	
12-17	1023-1026	ist	negative[12]	Politik/Soziales/Missstände[37]	
12-18	1026-1027	.	negative[12]	_	

#Text=Knock out, immer wieder der braune Schock.
13-1	1032-1037	Knock	neutral[13]	_	
13-2	1038-1041	out	neutral[13]	_	
13-3	1041-1042	,	neutral[13]	_	
13-4	1043-1048	immer	neutral[13]	_	
13-5	1049-1055	wieder	neutral[13]	_	
13-6	1056-1059	der	neutral[13]	Politik/Soziales/Missstände[38]	
13-7	1060-1066	braune	neutral[13]	Politik/Soziales/Missstände[38]	
13-8	1067-1073	Schock	neutral[13]	Politik/Soziales/Missstände[38]	
13-9	1073-1074	.	neutral[13]	_	

#Text=Knock out.
14-1	1075-1080	Knock	neutral[14]	_	
14-2	1081-1084	out	neutral[14]	_	
14-3	1084-1085	.	neutral[14]	_	

#Text=Knock den Wahnsinn aus, morgen brennt das nächste Haus.
15-1	1086-1091	Knock	negative[15]	_	
15-2	1092-1095	den	negative[15]	_	
15-3	1096-1104	Wahnsinn	negative[15]	Persönliches/Emotionen	
15-4	1105-1108	aus	negative[15]	_	
15-5	1108-1109	,	negative[15]	_	
15-6	1110-1116	morgen	negative[15]	_	
15-7	1117-1123	brennt	negative[15]	Politik/Soziales/Missstände[39]	
15-8	1124-1127	das	negative[15]	Politik/Soziales/Missstände[39]	
15-9	1128-1135	nächste	negative[15]	Politik/Soziales/Missstände[39]	
15-10	1136-1140	Haus	negative[15]	Politik/Soziales/Missstände[39]	
15-11	1140-1141	.	negative[15]	_	

#Text=Knock ihn au,s was muss noch gescheh'n, so wird Deutschland untergehen, knock ihn aus, knock den Wahnsinn raus, zähl' ihn aus, wieviel Tote braucht ihr noch?
16-1	1142-1147	Knock	negative[16]	_	
16-2	1148-1151	ihn	negative[16]	_	
16-3	1152-1154	au	negative[16]	_	
16-4	1154-1155	,	negative[16]	_	
16-5	1155-1156	s	negative[16]	_	
16-6	1157-1160	was	negative[16]	_	
16-7	1161-1165	muss	negative[16]	_	
16-8	1166-1170	noch	negative[16]	_	
16-9	1171-1180	gescheh'n	negative[16]	_	
16-10	1180-1181	,	negative[16]	_	
16-11	1182-1184	so	negative[16]	Politik/Soziales/Missstände[40]	
16-12	1185-1189	wird	negative[16]	Politik/Soziales/Missstände[40]	
16-13	1190-1201	Deutschland	negative[16]	Politik/Soziales/Missstände[40]	
16-14	1202-1212	untergehen	negative[16]	Politik/Soziales/Missstände[40]	
16-15	1212-1213	,	negative[16]	_	
16-16	1214-1219	knock	negative[16]	_	
16-17	1220-1223	ihn	negative[16]	_	
16-18	1224-1227	aus	negative[16]	_	
16-19	1227-1228	,	negative[16]	_	
16-20	1229-1234	knock	negative[16]	_	
16-21	1235-1238	den	negative[16]	_	
16-22	1239-1247	Wahnsinn	negative[16]	Persönliches/Emotionen	
16-23	1248-1252	raus	negative[16]	_	
16-24	1252-1253	,	negative[16]	_	
16-25	1254-1258	zähl	negative[16]	_	
16-26	1258-1259	'	negative[16]	_	
16-27	1260-1263	ihn	negative[16]	_	
16-28	1264-1267	aus	negative[16]	_	
16-29	1267-1268	,	negative[16]	_	
16-30	1269-1276	wieviel	negative[16]	_	
16-31	1277-1281	Tote	negative[16]	Politik/Soziales/Missstände	
16-32	1282-1289	braucht	negative[16]	_	
16-33	1290-1293	ihr	negative[16]	_	
16-34	1294-1298	noch	negative[16]	_	
16-35	1298-1299	?	negative[16]	_	

#Text=Knock ihn aus.
17-1	1300-1305	Knock	negative[17]	_	
17-2	1306-1309	ihn	negative[17]	_	
17-3	1310-1313	aus	negative[17]	_	
17-4	1313-1314	.	negative[17]	_	
