#FORMAT=WebAnno TSV 3.2
#T_SP=webanno.custom.Sentiment|Polarity
#T_SP=webanno.custom.Topic|Topics


#Text=Ich war schon immer so'n loser Typ  mit kurzen Romanzen, aber intensiv. es kam selten vor, dass ich länger blieb, war meistens schon weg, wenn sie noch schlief.
1-1	0-3	Ich	negative[1]	_	
1-2	4-7	war	negative[1]	_	
1-3	8-13	schon	negative[1]	_	
1-4	14-19	immer	negative[1]	_	
1-5	20-24	so'n	negative[1]	_	
1-6	25-30	loser	negative[1]	_	
1-7	31-34	Typ	negative[1]	_	
1-8	36-39	mit	negative[1]	_	
1-9	40-46	kurzen	negative[1]	Liebe/Partnerschaft[13]	
1-10	47-55	Romanzen	negative[1]	Liebe/Partnerschaft[13]	
1-11	55-56	,	negative[1]	_	
1-12	57-61	aber	negative[1]	_	
1-13	62-70	intensiv	negative[1]	_	
1-14	70-71	.	negative[1]	_	
1-15	72-74	es	negative[1]	_	
1-16	75-78	kam	negative[1]	_	
1-17	79-85	selten	negative[1]	_	
1-18	86-89	vor	negative[1]	_	
1-19	89-90	,	negative[1]	_	
1-20	91-95	dass	negative[1]	_	
1-21	96-99	ich	negative[1]	_	
1-22	100-106	länger	negative[1]	_	
1-23	107-112	blieb	negative[1]	_	
1-24	112-113	,	negative[1]	_	
1-25	114-117	war	negative[1]	_	
1-26	118-126	meistens	negative[1]	_	
1-27	127-132	schon	negative[1]	_	
1-28	133-136	weg	negative[1]	_	
1-29	136-137	,	negative[1]	_	
1-30	138-142	wenn	negative[1]	_	
1-31	143-146	sie	negative[1]	_	
1-32	147-151	noch	negative[1]	_	
1-33	152-159	schlief	negative[1]	_	
1-34	159-160	.	_	_	

#Text=Und wieder nach draußen, in den rauhen Wind, wo die Asphaltcowboys zu Hause sind, immer alleine, mein Herz kriegt keine, denn Liebe is'n Käfig, macht unfrei und blind.
2-1	165-168	Und	negative[2]	_	
2-2	169-175	wieder	negative[2]	_	
2-3	176-180	nach	negative[2]	_	
2-4	181-188	draußen	negative[2]	_	
2-5	188-189	,	negative[2]	_	
2-6	190-192	in	negative[2]	_	
2-7	193-196	den	negative[2]	_	
2-8	197-203	rauhen	negative[2]	_	
2-9	204-208	Wind	negative[2]	_	
2-10	208-209	,	negative[2]	_	
2-11	210-212	wo	negative[2]	_	
2-12	213-216	die	negative[2]	_	
2-13	217-231	Asphaltcowboys	negative[2]	_	
2-14	232-234	zu	negative[2]	_	
2-15	235-240	Hause	negative[2]	_	
2-16	241-245	sind	negative[2]	_	
2-17	245-246	,	negative[2]	_	
2-18	247-252	immer	negative[2]	_	
2-19	253-260	alleine	negative[2]	_	
2-20	260-261	,	negative[2]	_	
2-21	262-266	mein	negative[2]	Liebe/Partnerschaft[14]	
2-22	267-271	Herz	negative[2]	Liebe/Partnerschaft[14]	
2-23	272-278	kriegt	negative[2]	_	
2-24	279-284	keine	negative[2]	_	
2-25	284-285	,	negative[2]	_	
2-26	286-290	denn	negative[2]	_	
2-27	291-296	Liebe	negative[2]	Liebe/Partnerschaft[15]	
2-28	297-301	is'n	negative[2]	Liebe/Partnerschaft[15]	
2-29	302-307	Käfig	negative[2]	Liebe/Partnerschaft[15]	
2-30	307-308	,	negative[2]	_	
2-31	309-314	macht	negative[2]	_	
2-32	315-321	unfrei	negative[2]	_	
2-33	322-325	und	negative[2]	_	
2-34	326-331	blind	negative[2]	_	
2-35	331-332	.	negative[2]	_	

#Text=Doch jetzt knallst du in mein Leben und ich kann mich nur ergeben, du kommst wie'n Überfallkommando und ich bin k.o. .
3-1	337-341	Doch	negative[3]	_	
3-2	342-347	jetzt	negative[3]	_	
3-3	348-355	knallst	negative[3]	_	
3-4	356-358	du	negative[3]	_	
3-5	359-361	in	negative[3]	_	
3-6	362-366	mein	negative[3]	_	
3-7	367-372	Leben	negative[3]	_	
3-8	373-376	und	negative[3]	_	
3-9	377-380	ich	negative[3]	_	
3-10	381-385	kann	negative[3]	_	
3-11	386-390	mich	negative[3]	_	
3-12	391-394	nur	negative[3]	_	
3-13	395-402	ergeben	negative[3]	_	
3-14	402-403	,	negative[3]	_	
3-15	404-406	du	negative[3]	_	
3-16	407-413	kommst	negative[3]	_	
3-17	414-419	wie'n	negative[3]	_	
3-18	420-436	Überfallkommando	negative[3]	Politik/Soziales/Missstände	
3-19	437-440	und	negative[3]	_	
3-20	441-444	ich	negative[3]	Persönliches/Emotionen[16]	
3-21	445-448	bin	negative[3]	Persönliches/Emotionen[16]	
3-22	449-452	k.o	negative[3]	Persönliches/Emotionen[16]	
3-23	452-453	.	negative[3]	_	
3-24	454-455	.	negative[3]	_	

#Text=Und das Eis beginnt zu tauen und es ist zu spät abzuhau'n  und ich merk', ich lieb' dich so, egal, ich geh' jetzt voll auf Risiko.
4-1	456-459	Und	positive[4]	_	
4-2	460-463	das	positive[4]	_	
4-3	464-467	Eis	positive[4]	_	
4-4	468-475	beginnt	positive[4]	_	
4-5	476-478	zu	positive[4]	_	
4-6	479-484	tauen	positive[4]	_	
4-7	485-488	und	positive[4]	_	
4-8	489-491	es	positive[4]	_	
4-9	492-495	ist	positive[4]	_	
4-10	496-498	zu	positive[4]	_	
4-11	499-503	spät	positive[4]	_	
4-12	504-513	abzuhau'n	positive[4]	_	
4-13	515-518	und	positive[4]	_	
4-14	519-522	ich	positive[4]	_	
4-15	523-527	merk	positive[4]	_	
4-16	527-528	'	positive[4]	_	
4-17	528-529	,	positive[4]	_	
4-18	530-533	ich	positive[4]	Liebe/Partnerschaft[17]	
4-19	534-538	lieb	positive[4]	Liebe/Partnerschaft[17]	
4-20	538-539	'	positive[4]	Liebe/Partnerschaft[17]	
4-21	540-544	dich	positive[4]	Liebe/Partnerschaft[17]	
4-22	545-547	so	positive[4]	_	
4-23	547-548	,	positive[4]	_	
4-24	549-553	egal	positive[4]	_	
4-25	553-554	,	positive[4]	_	
4-26	555-558	ich	positive[4]	_	
4-27	559-562	geh	positive[4]	_	
4-28	562-563	'	positive[4]	_	
4-29	564-569	jetzt	positive[4]	_	
4-30	570-574	voll	positive[4]	_	
4-31	575-578	auf	positive[4]	_	
4-32	579-585	Risiko	positive[4]	_	
4-33	585-586	.	positive[4]	_	

#Text=Auf dem Schlachtfeld der großen Gefühle, bin ich schon oft verwundet worden, immer nur Dramen mit dem Damen, küssen und schlagen, lieben und morden.
5-1	591-594	Auf	negative[5]	_	
5-2	595-598	dem	negative[5]	_	
5-3	599-611	Schlachtfeld	negative[5]	Politik/Soziales/Missstände	
5-4	612-615	der	negative[5]	_	
5-5	616-622	großen	negative[5]	Liebe/Partnerschaft[18]	
5-6	623-630	Gefühle	negative[5]	Liebe/Partnerschaft[18]	
5-7	630-631	,	negative[5]	_	
5-8	632-635	bin	negative[5]	_	
5-9	636-639	ich	negative[5]	_	
5-10	640-645	schon	negative[5]	_	
5-11	646-649	oft	negative[5]	_	
5-12	650-659	verwundet	negative[5]	_	
5-13	660-666	worden	negative[5]	_	
5-14	666-667	,	negative[5]	_	
5-15	668-673	immer	negative[5]	_	
5-16	674-677	nur	negative[5]	_	
5-17	678-684	Dramen	negative[5]	Liebe/Partnerschaft[19]	
5-18	685-688	mit	negative[5]	Liebe/Partnerschaft[19]	
5-19	689-692	dem	negative[5]	Liebe/Partnerschaft[19]	
5-20	693-698	Damen	negative[5]	Liebe/Partnerschaft[19]	
5-21	698-699	,	negative[5]	_	
5-22	700-706	küssen	negative[5]	Liebe/Partnerschaft[20]	
5-23	707-710	und	negative[5]	Liebe/Partnerschaft[20]	
5-24	711-719	schlagen	negative[5]	Liebe/Partnerschaft[20]	
5-25	719-720	,	negative[5]	_	
5-26	721-727	lieben	negative[5]	Liebe/Partnerschaft[21]	
5-27	728-731	und	negative[5]	Liebe/Partnerschaft[21]	
5-28	732-738	morden	negative[5]	Liebe/Partnerschaft[21]	
5-29	738-739	.	_	_	

#Text=Und dann eines Tages, hab' ich mir gedacht, jetzt wird hier nur noch auf cool gemacht. ich baute 'ne Mauer um mein Herz, keine Love-Stories mehr, aber auch keinen Schmerz.
6-1	744-747	Und	neutral[6]	_	
6-2	748-752	dann	neutral[6]	_	
6-3	753-758	eines	neutral[6]	_	
6-4	759-764	Tages	neutral[6]	_	
6-5	764-765	,	neutral[6]	_	
6-6	766-769	hab	neutral[6]	_	
6-7	769-770	'	neutral[6]	_	
6-8	771-774	ich	neutral[6]	_	
6-9	775-778	mir	neutral[6]	_	
6-10	779-786	gedacht	neutral[6]	_	
6-11	786-787	,	neutral[6]	_	
6-12	788-793	jetzt	neutral[6]	_	
6-13	794-798	wird	neutral[6]	_	
6-14	799-803	hier	neutral[6]	_	
6-15	804-807	nur	neutral[6]	_	
6-16	808-812	noch	neutral[6]	_	
6-17	813-816	auf	neutral[6]	Persönliches/Emotionen[22]	
6-18	817-821	cool	neutral[6]	Persönliches/Emotionen[22]	
6-19	822-829	gemacht	neutral[6]	Persönliches/Emotionen[22]	
6-20	829-830	.	_	_	
6-21	831-834	ich	neutral[7]	_	
6-22	835-840	baute	neutral[7]	_	
6-23	841-842	'	neutral[7]	_	
6-24	842-844	ne	neutral[7]	_	
6-25	845-850	Mauer	neutral[7]	_	
6-26	851-853	um	neutral[7]	_	
6-27	854-858	mein	neutral[7]	_	
6-28	859-863	Herz	neutral[7]	_	
6-29	863-864	,	neutral[7]	_	
6-30	865-870	keine	neutral[7]	_	
6-31	871-883	Love-Stories	neutral[7]	Liebe/Partnerschaft	
6-32	884-888	mehr	neutral[7]	_	
6-33	888-889	,	neutral[7]	_	
6-34	890-894	aber	neutral[7]	_	
6-35	895-899	auch	neutral[7]	_	
6-36	900-906	keinen	neutral[7]	_	
6-37	907-914	Schmerz	neutral[7]	_	
6-38	914-915	.	_	_	

#Text=Doch jetzt knallst du in mein Leben und ich kann mich nur ergeben, du kommst wie'n Überfallkommando und ich bin k.o. .
7-1	920-924	Doch	negative[8]	_	
7-2	925-930	jetzt	negative[8]	_	
7-3	931-938	knallst	negative[8]	_	
7-4	939-941	du	negative[8]	_	
7-5	942-944	in	negative[8]	_	
7-6	945-949	mein	negative[8]	_	
7-7	950-955	Leben	negative[8]	_	
7-8	956-959	und	negative[8]	_	
7-9	960-963	ich	negative[8]	_	
7-10	964-968	kann	negative[8]	_	
7-11	969-973	mich	negative[8]	_	
7-12	974-977	nur	negative[8]	_	
7-13	978-985	ergeben	negative[8]	_	
7-14	985-986	,	negative[8]	_	
7-15	987-989	du	negative[8]	_	
7-16	990-996	kommst	negative[8]	_	
7-17	997-1002	wie'n	negative[8]	_	
7-18	1003-1019	Überfallkommando	negative[8]	Politik/Soziales/Missstände	
7-19	1020-1023	und	negative[8]	_	
7-20	1024-1027	ich	negative[8]	Persönliches/Emotionen[23]	
7-21	1028-1031	bin	negative[8]	Persönliches/Emotionen[23]	
7-22	1032-1035	k.o	negative[8]	Persönliches/Emotionen[23]	
7-23	1035-1036	.	negative[8]	Persönliches/Emotionen[23]	
7-24	1037-1038	.	negative[8]	_	

#Text=Und das Eis beginnt zu tauen  und es ist zu spät abzuhau'n  und ich merk', ich lieb' dich so, egal, ich geh' jetzt voll auf Risiko.
8-1	1039-1042	Und	positive[9]	_	
8-2	1043-1046	das	positive[9]	_	
8-3	1047-1050	Eis	positive[9]	_	
8-4	1051-1058	beginnt	positive[9]	_	
8-5	1059-1061	zu	positive[9]	_	
8-6	1062-1067	tauen	positive[9]	_	
8-7	1069-1072	und	positive[9]	_	
8-8	1073-1075	es	positive[9]	_	
8-9	1076-1079	ist	positive[9]	_	
8-10	1080-1082	zu	positive[9]	_	
8-11	1083-1087	spät	positive[9]	_	
8-12	1088-1097	abzuhau'n	positive[9]	_	
8-13	1099-1102	und	positive[9]	_	
8-14	1103-1106	ich	positive[9]	_	
8-15	1107-1111	merk	positive[9]	_	
8-16	1111-1112	'	positive[9]	_	
8-17	1112-1113	,	positive[9]	_	
8-18	1114-1117	ich	positive[9]	Liebe/Partnerschaft[24]	
8-19	1118-1122	lieb	positive[9]	Liebe/Partnerschaft[24]	
8-20	1122-1123	'	positive[9]	Liebe/Partnerschaft[24]	
8-21	1124-1128	dich	positive[9]	Liebe/Partnerschaft[24]	
8-22	1129-1131	so	positive[9]	_	
8-23	1131-1132	,	positive[9]	_	
8-24	1133-1137	egal	positive[9]	_	
8-25	1137-1138	,	positive[9]	_	
8-26	1139-1142	ich	positive[9]	_	
8-27	1143-1146	geh	positive[9]	_	
8-28	1146-1147	'	positive[9]	_	
8-29	1148-1153	jetzt	positive[9]	_	
8-30	1154-1158	voll	positive[9]	_	
8-31	1159-1162	auf	positive[9]	_	
8-32	1163-1169	Risiko	positive[9]	_	
8-33	1169-1170	.	positive[9]	_	

#Text=Plötzlich knallst du in mein Leben und ich kann mich nur ergeben, du kommst wie'n Überfallkommando  und ich bin k.o. .
9-1	1175-1184	Plötzlich	negative[10]	_	
9-2	1185-1192	knallst	negative[10]	_	
9-3	1193-1195	du	negative[10]	_	
9-4	1196-1198	in	negative[10]	_	
9-5	1199-1203	mein	negative[10]	_	
9-6	1204-1209	Leben	negative[10]	_	
9-7	1210-1213	und	negative[10]	_	
9-8	1214-1217	ich	negative[10]	_	
9-9	1218-1222	kann	negative[10]	_	
9-10	1223-1227	mich	negative[10]	_	
9-11	1228-1231	nur	negative[10]	_	
9-12	1232-1239	ergeben	negative[10]	_	
9-13	1239-1240	,	negative[10]	_	
9-14	1241-1243	du	negative[10]	_	
9-15	1244-1250	kommst	negative[10]	_	
9-16	1251-1256	wie'n	negative[10]	_	
9-17	1257-1273	Überfallkommando	negative[10]	Politik/Soziales/Missstände	
9-18	1275-1278	und	negative[10]	_	
9-19	1279-1282	ich	negative[10]	Persönliches/Emotionen[25]	
9-20	1283-1286	bin	negative[10]	Persönliches/Emotionen[25]	
9-21	1287-1290	k.o	negative[10]	Persönliches/Emotionen[25]	
9-22	1290-1291	.	negative[10]	Persönliches/Emotionen[25]	
9-23	1292-1293	.	negative[10]	_	

#Text=Und das Eis beginnt zu tauen und es ist zu spät abzuhau'n  und ich merk', ich lieb' dich so, egal, ich geh' jetzt voll auf Risiko.
10-1	1294-1297	Und	positive[11]	_	
10-2	1298-1301	das	positive[11]	_	
10-3	1302-1305	Eis	positive[11]	_	
10-4	1306-1313	beginnt	positive[11]	_	
10-5	1314-1316	zu	positive[11]	_	
10-6	1317-1322	tauen	positive[11]	_	
10-7	1323-1326	und	positive[11]	_	
10-8	1327-1329	es	positive[11]	_	
10-9	1330-1333	ist	positive[11]	_	
10-10	1334-1336	zu	positive[11]	_	
10-11	1337-1341	spät	positive[11]	_	
10-12	1342-1351	abzuhau'n	positive[11]	_	
10-13	1353-1356	und	positive[11]	_	
10-14	1357-1360	ich	positive[11]	_	
10-15	1361-1365	merk	positive[11]	_	
10-16	1365-1366	'	positive[11]	_	
10-17	1366-1367	,	positive[11]	_	
10-18	1368-1371	ich	positive[11]	Liebe/Partnerschaft[26]	
10-19	1372-1376	lieb	positive[11]	Liebe/Partnerschaft[26]	
10-20	1376-1377	'	positive[11]	Liebe/Partnerschaft[26]	
10-21	1378-1382	dich	positive[11]	Liebe/Partnerschaft[26]	
10-22	1383-1385	so	positive[11]	_	
10-23	1385-1386	,	positive[11]	_	
10-24	1387-1391	egal	positive[11]	_	
10-25	1391-1392	,	positive[11]	_	
10-26	1393-1396	ich	positive[11]	_	
10-27	1397-1400	geh	positive[11]	_	
10-28	1400-1401	'	positive[11]	_	
10-29	1402-1407	jetzt	positive[11]	_	
10-30	1408-1412	voll	positive[11]	_	
10-31	1413-1416	auf	positive[11]	_	
10-32	1417-1423	Risiko	positive[11]	_	
10-33	1423-1424	.	positive[11]	_	

#Text=Du knallst in mein Leben...
11-1	1429-1431	Du	neutral[12]	_	
11-2	1432-1439	knallst	neutral[12]	_	
11-3	1440-1442	in	neutral[12]	_	
11-4	1443-1447	mein	neutral[12]	_	
11-5	1448-1453	Leben	neutral[12]	_	
11-6	1453-1454	.	_	_	
11-7	1454-1455	.	_	_	
11-8	1455-1456	.	_	_	
