#FORMAT=WebAnno TSV 3.2
#T_SP=webanno.custom.Sentiment|Polarity
#T_SP=webanno.custom.Topic|Topics


#Text=Ich kenn dich jetzt schon 'n bisschen länger, du mein Kumpel, Harry Hänger und wieder haste dich nicht getraut und da geht sie vorbei, die Mörderbraut.
1-1	0-3	Ich	negative[1]	_	
1-2	4-8	kenn	negative[1]	_	
1-3	9-13	dich	negative[1]	_	
1-4	14-19	jetzt	negative[1]	_	
1-5	20-25	schon	negative[1]	_	
1-6	26-27	'	negative[1]	_	
1-7	27-28	n	negative[1]	_	
1-8	29-37	bisschen	negative[1]	_	
1-9	38-44	länger	negative[1]	_	
1-10	44-45	,	negative[1]	_	
1-11	46-48	du	negative[1]	_	
1-12	49-53	mein	negative[1]	Liebe/Partnerschaft[19]	
1-13	54-60	Kumpel	negative[1]	Liebe/Partnerschaft[19]	
1-14	60-61	,	negative[1]	_	
1-15	62-67	Harry	negative[1]	_	
1-16	68-74	Hänger	negative[1]	_	
1-17	75-78	und	negative[1]	_	
1-18	79-85	wieder	negative[1]	_	
1-19	86-91	haste	negative[1]	_	
1-20	92-96	dich	negative[1]	_	
1-21	97-102	nicht	negative[1]	_	
1-22	103-110	getraut	negative[1]	_	
1-23	111-114	und	negative[1]	_	
1-24	115-117	da	negative[1]	_	
1-25	118-122	geht	negative[1]	_	
1-26	123-126	sie	negative[1]	_	
1-27	127-133	vorbei	negative[1]	_	
1-28	133-134	,	negative[1]	_	
1-29	135-138	die	negative[1]	_	
1-30	139-150	Mörderbraut	negative[1]	Liebe/Partnerschaft	
1-31	150-151	.	_	_	

#Text=Ob du breit bist oder nüchtern, immer 'n kleinen Tick zu schüchtern, hat doch jeder schon erlebt, 'n bisschen gehemmt, immer, wenn es drauf ankommt, leicht verklemmt.
2-1	152-154	Ob	negative[2]	_	
2-2	155-157	du	negative[2]	_	
2-3	158-163	breit	negative[2]	Gesundheit/Drogen	
2-4	164-168	bist	negative[2]	_	
2-5	169-173	oder	negative[2]	_	
2-6	174-182	nüchtern	negative[2]	Gesundheit/Drogen	
2-7	182-183	,	negative[2]	_	
2-8	184-189	immer	negative[2]	_	
2-9	190-191	'	negative[2]	_	
2-10	191-192	n	negative[2]	_	
2-11	193-200	kleinen	negative[2]	_	
2-12	201-205	Tick	negative[2]	_	
2-13	206-208	zu	negative[2]	_	
2-14	209-219	schüchtern	negative[2]	Persönliches/Emotionen	
2-15	219-220	,	_	_	
2-16	221-224	hat	neutral[3]	_	
2-17	225-229	doch	neutral[3]	_	
2-18	230-235	jeder	neutral[3]	_	
2-19	236-241	schon	neutral[3]	_	
2-20	242-248	erlebt	neutral[3]	_	
2-21	248-249	,	_	_	
2-22	250-251	'	_	_	
2-23	251-252	n	negative[4]	_	
2-24	253-261	bisschen	negative[4]	_	
2-25	262-269	gehemmt	negative[4]	_	
2-26	269-270	,	negative[4]	_	
2-27	271-276	immer	negative[4]	_	
2-28	276-277	,	negative[4]	_	
2-29	278-282	wenn	negative[4]	_	
2-30	283-285	es	negative[4]	_	
2-31	286-291	drauf	negative[4]	_	
2-32	292-299	ankommt	negative[4]	_	
2-33	299-300	,	negative[4]	_	
2-34	301-307	leicht	negative[4]	Persönliches/Emotionen[20]	
2-35	308-317	verklemmt	negative[4]	Persönliches/Emotionen[20]	
2-36	317-318	.	_	_	

#Text=Wenn du was willst, dann musst du's dir holen, schleich dich an auf lockeren Sohlen, im Casino des Lebens den Jackpot zocken.
3-1	323-327	Wenn	positive[5]	_	
3-2	328-330	du	positive[5]	_	
3-3	331-334	was	positive[5]	_	
3-4	335-341	willst	positive[5]	_	
3-5	341-342	,	positive[5]	_	
3-6	343-347	dann	positive[5]	_	
3-7	348-353	musst	positive[5]	_	
3-8	354-358	du's	positive[5]	_	
3-9	359-362	dir	positive[5]	_	
3-10	363-368	holen	positive[5]	_	
3-11	368-369	,	positive[5]	_	
3-12	370-378	schleich	positive[5]	_	
3-13	379-383	dich	positive[5]	_	
3-14	384-386	an	positive[5]	_	
3-15	387-390	auf	positive[5]	_	
3-16	391-399	lockeren	positive[5]	_	
3-17	400-406	Sohlen	positive[5]	_	
3-18	406-407	,	positive[5]	_	
3-19	408-410	im	positive[5]	_	
3-20	411-417	Casino	positive[5]	_	
3-21	418-421	des	positive[5]	_	
3-22	422-428	Lebens	positive[5]	_	
3-23	429-432	den	positive[5]	_	
3-24	433-440	Jackpot	positive[5]	_	
3-25	441-447	zocken	positive[5]	_	
3-26	447-448	.	_	_	

#Text=Willkommen im Club der coolen Socken.
4-1	449-459	Willkommen	positive[6]	_	
4-2	460-462	im	positive[6]	_	
4-3	463-467	Club	positive[6]	Politik/Soziales/Missstände[21]	
4-4	468-471	der	positive[6]	Politik/Soziales/Missstände[21]	
4-5	472-478	coolen	positive[6]	Politik/Soziales/Missstände[21]	
4-6	479-485	Socken	positive[6]	Politik/Soziales/Missstände[21]	
4-7	485-486	.	_	_	

#Text=Du bist 'ne coole Socke, ey, genau so muss das sein, du bist so cool, ey, hinter dir fängt es an zu schneien.
5-1	491-493	Du	positive[7]	_	
5-2	494-498	bist	positive[7]	_	
5-3	499-500	'	positive[7]	_	
5-4	500-502	ne	positive[7]	_	
5-5	503-508	coole	positive[7]	Liebe/Partnerschaft[22]	
5-6	509-514	Socke	positive[7]	Liebe/Partnerschaft[22]	
5-7	514-515	,	positive[7]	_	
5-8	516-518	ey	positive[7]	_	
5-9	518-519	,	positive[7]	_	
5-10	520-525	genau	positive[7]	_	
5-11	526-528	so	positive[7]	_	
5-12	529-533	muss	positive[7]	_	
5-13	534-537	das	positive[7]	_	
5-14	538-542	sein	positive[7]	_	
5-15	542-543	,	positive[7]	_	
5-16	544-546	du	positive[7]	_	
5-17	547-551	bist	positive[7]	_	
5-18	552-554	so	positive[7]	_	
5-19	555-559	cool	positive[7]	_	
5-20	559-560	,	positive[7]	_	
5-21	561-563	ey	positive[7]	_	
5-22	563-564	,	positive[7]	_	
5-23	565-571	hinter	positive[7]	Persönliches/Emotionen[23]	
5-24	572-575	dir	positive[7]	Persönliches/Emotionen[23]	
5-25	576-581	fängt	positive[7]	Persönliches/Emotionen[23]	
5-26	582-584	es	positive[7]	Persönliches/Emotionen[23]	
5-27	585-587	an	positive[7]	Persönliches/Emotionen[23]	
5-28	588-590	zu	positive[7]	Persönliches/Emotionen[23]	
5-29	591-599	schneien	positive[7]	Persönliches/Emotionen[23]	
5-30	599-600	.	_	_	

#Text=Du bist 'ne coole Socke, ey, das weiss doch jedes Kind, wir sind aus diesem Stoff gemacht aus dem Legenden sind - coole Socke.
6-1	601-603	Du	positive[8]	_	
6-2	604-608	bist	positive[8]	_	
6-3	609-610	'	positive[8]	_	
6-4	610-612	ne	positive[8]	_	
6-5	613-618	coole	positive[8]	Liebe/Partnerschaft[24]	
6-6	619-624	Socke	positive[8]	Liebe/Partnerschaft[24]	
6-7	624-625	,	positive[8]	_	
6-8	626-628	ey	positive[8]	_	
6-9	628-629	,	positive[8]	_	
6-10	630-633	das	positive[8]	_	
6-11	634-639	weiss	positive[8]	_	
6-12	640-644	doch	positive[8]	_	
6-13	645-650	jedes	positive[8]	_	
6-14	651-655	Kind	positive[8]	_	
6-15	655-656	,	positive[8]	_	
6-16	657-660	wir	positive[8]	_	
6-17	661-665	sind	positive[8]	_	
6-18	666-669	aus	positive[8]	_	
6-19	670-676	diesem	positive[8]	_	
6-20	677-682	Stoff	positive[8]	_	
6-21	683-690	gemacht	positive[8]	_	
6-22	691-694	aus	positive[8]	_	
6-23	695-698	dem	positive[8]	_	
6-24	699-707	Legenden	positive[8]	_	
6-25	708-712	sind	positive[8]	_	
6-26	713-714	-	positive[8]	_	
6-27	715-720	coole	positive[8]	Liebe/Partnerschaft[25]	
6-28	721-726	Socke	positive[8]	Liebe/Partnerschaft[25]	
6-29	726-727	.	_	_	

#Text=Auf'm Job, in der Kantine  oder sonst irgendwo auf der Lebensbühne, wenn dir ein Fredi blöde kommt, dann sagste ihm ganz charmant und prompt: Beim Verteilen der höheren Weisheit  standst du wohl hinten ganz allein, dann sagst du: dein Gesicht und mein Arsch  könnten gute Freunde sein.
7-1	732-737	Auf'm	neutral[9]	_	
7-2	738-741	Job	neutral[9]	_	
7-3	741-742	,	neutral[9]	_	
7-4	743-745	in	neutral[9]	_	
7-5	746-749	der	neutral[9]	_	
7-6	750-757	Kantine	neutral[9]	_	
7-7	759-763	oder	neutral[9]	_	
7-8	764-769	sonst	neutral[9]	_	
7-9	770-778	irgendwo	neutral[9]	_	
7-10	779-782	auf	neutral[9]	_	
7-11	783-786	der	neutral[9]	_	
7-12	787-798	Lebensbühne	neutral[9]	_	
7-13	798-799	,	_	_	
7-14	800-804	wenn	positive[10]	_	
7-15	805-808	dir	positive[10]	_	
7-16	809-812	ein	positive[10]	_	
7-17	813-818	Fredi	positive[10]	_	
7-18	819-824	blöde	positive[10]	_	
7-19	825-830	kommt	positive[10]	_	
7-20	830-831	,	positive[10]	_	
7-21	832-836	dann	positive[10]	_	
7-22	837-843	sagste	positive[10]	_	
7-23	844-847	ihm	positive[10]	_	
7-24	848-852	ganz	positive[10]	_	
7-25	853-861	charmant	positive[10]	Persönliches/Emotionen	
7-26	862-865	und	positive[10]	_	
7-27	866-872	prompt	positive[10]	_	
7-28	872-873	:	_	_	
7-29	874-878	Beim	negative[11]	_	
7-30	879-888	Verteilen	negative[11]	_	
7-31	889-892	der	negative[11]	_	
7-32	893-900	höheren	negative[11]	_	
7-33	901-909	Weisheit	negative[11]	_	
7-34	911-918	standst	negative[11]	_	
7-35	919-921	du	negative[11]	_	
7-36	922-926	wohl	negative[11]	_	
7-37	927-933	hinten	negative[11]	_	
7-38	934-938	ganz	negative[11]	_	
7-39	939-945	allein	negative[11]	_	
7-40	945-946	,	_	_	
7-41	947-951	dann	negative[12]	_	
7-42	952-957	sagst	negative[12]	_	
7-43	958-960	du	negative[12]	_	
7-44	960-961	:	negative[12]	_	
7-45	962-966	dein	negative[12]	_	
7-46	967-974	Gesicht	negative[12]	_	
7-47	975-978	und	negative[12]	_	
7-48	979-983	mein	negative[12]	_	
7-49	984-989	Arsch	negative[12]	_	
7-50	991-998	könnten	negative[12]	_	
7-51	999-1003	gute	negative[12]	Liebe/Partnerschaft[26]	
7-52	1004-1011	Freunde	negative[12]	Liebe/Partnerschaft[26]	
7-53	1012-1016	sein	negative[12]	_	
7-54	1016-1017	.	_	_	

#Text=Du bist 'ne coole Socke, ey, genau so muss das sein, du bist so cool, ey, hinter dir fängt es an zu schneien.
8-1	1022-1024	Du	positive[13]	_	
8-2	1025-1029	bist	positive[13]	_	
8-3	1030-1031	'	positive[13]	_	
8-4	1031-1033	ne	positive[13]	_	
8-5	1034-1039	coole	positive[13]	Liebe/Partnerschaft[27]	
8-6	1040-1045	Socke	positive[13]	Liebe/Partnerschaft[27]	
8-7	1045-1046	,	positive[13]	_	
8-8	1047-1049	ey	positive[13]	_	
8-9	1049-1050	,	positive[13]	_	
8-10	1051-1056	genau	positive[13]	_	
8-11	1057-1059	so	positive[13]	_	
8-12	1060-1064	muss	positive[13]	_	
8-13	1065-1068	das	positive[13]	_	
8-14	1069-1073	sein	positive[13]	_	
8-15	1073-1074	,	positive[13]	_	
8-16	1075-1077	du	positive[13]	_	
8-17	1078-1082	bist	positive[13]	_	
8-18	1083-1085	so	positive[13]	_	
8-19	1086-1090	cool	positive[13]	_	
8-20	1090-1091	,	positive[13]	_	
8-21	1092-1094	ey	positive[13]	_	
8-22	1094-1095	,	positive[13]	_	
8-23	1096-1102	hinter	positive[13]	Persönliches/Emotionen[28]	
8-24	1103-1106	dir	positive[13]	Persönliches/Emotionen[28]	
8-25	1107-1112	fängt	positive[13]	Persönliches/Emotionen[28]	
8-26	1113-1115	es	positive[13]	Persönliches/Emotionen[28]	
8-27	1116-1118	an	positive[13]	Persönliches/Emotionen[28]	
8-28	1119-1121	zu	positive[13]	Persönliches/Emotionen[28]	
8-29	1122-1130	schneien	positive[13]	Persönliches/Emotionen[28]	
8-30	1130-1131	.	_	_	

#Text=Du bist 'ne coole Socke, ey, das weiss doch jedes Kind, wir sind aus diesem Stoff gemacht aus dem Legenden sind - coole Socke.
9-1	1136-1138	Du	positive[14]	_	
9-2	1139-1143	bist	positive[14]	_	
9-3	1144-1145	'	positive[14]	_	
9-4	1145-1147	ne	positive[14]	_	
9-5	1148-1153	coole	positive[14]	Liebe/Partnerschaft[29]	
9-6	1154-1159	Socke	positive[14]	Liebe/Partnerschaft[29]	
9-7	1159-1160	,	positive[14]	_	
9-8	1161-1163	ey	positive[14]	_	
9-9	1163-1164	,	positive[14]	_	
9-10	1165-1168	das	positive[14]	_	
9-11	1169-1174	weiss	positive[14]	_	
9-12	1175-1179	doch	positive[14]	_	
9-13	1180-1185	jedes	positive[14]	_	
9-14	1186-1190	Kind	positive[14]	_	
9-15	1190-1191	,	positive[14]	_	
9-16	1192-1195	wir	positive[14]	_	
9-17	1196-1200	sind	positive[14]	_	
9-18	1201-1204	aus	positive[14]	_	
9-19	1205-1211	diesem	positive[14]	_	
9-20	1212-1217	Stoff	positive[14]	_	
9-21	1218-1225	gemacht	positive[14]	_	
9-22	1226-1229	aus	positive[14]	_	
9-23	1230-1233	dem	positive[14]	_	
9-24	1234-1242	Legenden	positive[14]	_	
9-25	1243-1247	sind	positive[14]	_	
9-26	1248-1249	-	positive[14]	_	
9-27	1250-1255	coole	positive[14]	Liebe/Partnerschaft[30]	
9-28	1256-1261	Socke	positive[14]	Liebe/Partnerschaft[30]	
9-29	1261-1262	.	_	_	

#Text=Du bist 'ne coole Socke, ey, genau so muss das sein, du bist so cool, ey, hinter dir fängt es an zu schneien.
10-1	1267-1269	Du	positive[15]	_	
10-2	1270-1274	bist	positive[15]	_	
10-3	1275-1276	'	positive[15]	_	
10-4	1276-1278	ne	positive[15]	_	
10-5	1279-1284	coole	positive[15]	Liebe/Partnerschaft[31]	
10-6	1285-1290	Socke	positive[15]	Liebe/Partnerschaft[31]	
10-7	1290-1291	,	positive[15]	_	
10-8	1292-1294	ey	positive[15]	_	
10-9	1294-1295	,	positive[15]	_	
10-10	1296-1301	genau	positive[15]	_	
10-11	1302-1304	so	positive[15]	_	
10-12	1305-1309	muss	positive[15]	_	
10-13	1310-1313	das	positive[15]	_	
10-14	1314-1318	sein	positive[15]	_	
10-15	1318-1319	,	positive[15]	_	
10-16	1320-1322	du	positive[15]	_	
10-17	1323-1327	bist	positive[15]	_	
10-18	1328-1330	so	positive[15]	_	
10-19	1331-1335	cool	positive[15]	_	
10-20	1335-1336	,	positive[15]	_	
10-21	1337-1339	ey	positive[15]	_	
10-22	1339-1340	,	positive[15]	_	
10-23	1341-1347	hinter	positive[15]	Persönliches/Emotionen[32]	
10-24	1348-1351	dir	positive[15]	Persönliches/Emotionen[32]	
10-25	1352-1357	fängt	positive[15]	Persönliches/Emotionen[32]	
10-26	1358-1360	es	positive[15]	Persönliches/Emotionen[32]	
10-27	1361-1363	an	positive[15]	Persönliches/Emotionen[32]	
10-28	1364-1366	zu	positive[15]	Persönliches/Emotionen[32]	
10-29	1367-1375	schneien	positive[15]	Persönliches/Emotionen[32]	
10-30	1375-1376	.	_	_	

#Text=Du bist 'ne coole Socke, ey, das weiss doch jedes Kind, wir sind aus diesem Stoff gemacht aus dem Legenden sind.
11-1	1381-1383	Du	positive[16]	_	
11-2	1384-1388	bist	positive[16]	_	
11-3	1389-1390	'	positive[16]	_	
11-4	1390-1392	ne	positive[16]	_	
11-5	1393-1398	coole	positive[16]	Liebe/Partnerschaft[33]	
11-6	1399-1404	Socke	positive[16]	Liebe/Partnerschaft[33]	
11-7	1404-1405	,	positive[16]	_	
11-8	1406-1408	ey	positive[16]	_	
11-9	1408-1409	,	positive[16]	_	
11-10	1410-1413	das	positive[16]	_	
11-11	1414-1419	weiss	positive[16]	_	
11-12	1420-1424	doch	positive[16]	_	
11-13	1425-1430	jedes	positive[16]	_	
11-14	1431-1435	Kind	positive[16]	_	
11-15	1435-1436	,	positive[16]	_	
11-16	1437-1440	wir	positive[16]	_	
11-17	1441-1445	sind	positive[16]	_	
11-18	1446-1449	aus	positive[16]	_	
11-19	1450-1456	diesem	positive[16]	_	
11-20	1457-1462	Stoff	positive[16]	_	
11-21	1463-1470	gemacht	positive[16]	_	
11-22	1471-1474	aus	positive[16]	_	
11-23	1475-1478	dem	positive[16]	_	
11-24	1479-1487	Legenden	positive[16]	_	
11-25	1488-1492	sind	positive[16]	_	
11-26	1492-1493	.	_	_	

#Text=Du bist 'ne coole Socke, ey, genau so muss das sein, du sagst: dein Gesicht und mein Arsch  könnten gute Freunde sein, Coole Socke.
12-1	1498-1500	Du	positive[17]	_	
12-2	1501-1505	bist	positive[17]	_	
12-3	1506-1507	'	positive[17]	_	
12-4	1507-1509	ne	positive[17]	_	
12-5	1510-1515	coole	positive[17]	Liebe/Partnerschaft[34]	
12-6	1516-1521	Socke	positive[17]	Liebe/Partnerschaft[34]	
12-7	1521-1522	,	positive[17]	_	
12-8	1523-1525	ey	positive[17]	_	
12-9	1525-1526	,	positive[17]	_	
12-10	1527-1532	genau	positive[17]	_	
12-11	1533-1535	so	positive[17]	_	
12-12	1536-1540	muss	positive[17]	_	
12-13	1541-1544	das	positive[17]	_	
12-14	1545-1549	sein	positive[17]	_	
12-15	1549-1550	,	_	_	
12-16	1551-1553	du	positive[18]	_	
12-17	1554-1559	sagst	positive[18]	_	
12-18	1559-1560	:	positive[18]	_	
12-19	1561-1565	dein	positive[18]	_	
12-20	1566-1573	Gesicht	positive[18]	_	
12-21	1574-1577	und	positive[18]	_	
12-22	1578-1582	mein	positive[18]	_	
12-23	1583-1588	Arsch	positive[18]	_	
12-24	1590-1597	könnten	positive[18]	_	
12-25	1598-1602	gute	positive[18]	Liebe/Partnerschaft[35]	
12-26	1603-1610	Freunde	positive[18]	Liebe/Partnerschaft[35]	
12-27	1611-1615	sein	positive[18]	_	
12-28	1615-1616	,	positive[18]	_	
12-29	1617-1622	Coole	positive[18]	Liebe/Partnerschaft[36]	
12-30	1623-1628	Socke	positive[18]	Liebe/Partnerschaft[36]	
12-31	1628-1629	.	_	_	
