#FORMAT=WebAnno TSV 3.2
#T_SP=webanno.custom.Sentiment|Polarity
#T_SP=webanno.custom.Topic|Topics


#Text=Getrampt oder mit'm Moped  Oder schwarz mit der Bahn , Immer bin ich dir irgendwie hinterher gefahr'n.
1-1	0-8	Getrampt	neutral[1]	Reisen	
1-2	9-13	oder	neutral[1]	_	
1-3	14-19	mit'm	neutral[1]	Reisen[15]	
1-4	20-25	Moped	neutral[1]	Reisen[15]	
1-5	27-31	Oder	neutral[1]	_	
1-6	32-39	schwarz	neutral[1]	Reisen[16]	
1-7	40-43	mit	neutral[1]	Reisen[16]	
1-8	44-47	der	neutral[1]	Reisen[16]	
1-9	48-52	Bahn	neutral[1]	Reisen[16]	
1-10	53-54	,	neutral[1]	_	
1-11	55-60	Immer	neutral[1]	_	
1-12	61-64	bin	neutral[1]	_	
1-13	65-68	ich	neutral[1]	_	
1-14	69-72	dir	neutral[1]	_	
1-15	73-82	irgendwie	neutral[1]	_	
1-16	83-92	hinterher	neutral[1]	_	
1-17	93-101	gefahr'n	neutral[1]	_	
1-18	101-102	.	neutral[1]	_	

#Text=Nein, damals hab ich kein Konzert von dir versäumt  Und nachts konnte ich nicht schlafen  Oder wenn, dann hab ich von dir geträumt.
2-1	107-111	Nein	positive[2]	_	
2-2	111-112	,	positive[2]	_	
2-3	113-119	damals	positive[2]	_	
2-4	120-123	hab	positive[2]	_	
2-5	124-127	ich	positive[2]	_	
2-6	128-132	kein	positive[2]	_	
2-7	133-140	Konzert	positive[2]	Musik	
2-8	141-144	von	positive[2]	_	
2-9	145-148	dir	positive[2]	_	
2-10	149-157	versäumt	positive[2]	_	
2-11	159-162	Und	positive[3]	_	
2-12	163-169	nachts	positive[3]	_	
2-13	170-176	konnte	positive[3]	_	
2-14	177-180	ich	positive[3]	_	
2-15	181-186	nicht	positive[3]	_	
2-16	187-195	schlafen	positive[3]	_	
2-17	197-201	Oder	positive[3]	_	
2-18	202-206	wenn	positive[3]	_	
2-19	206-207	,	positive[3]	_	
2-20	208-212	dann	positive[3]	_	
2-21	213-216	hab	positive[3]	_	
2-22	217-220	ich	positive[3]	_	
2-23	221-224	von	positive[3]	Liebe/Partnerschaft[17]	
2-24	225-228	dir	positive[3]	Liebe/Partnerschaft[17]	
2-25	229-237	geträumt	positive[3]	Liebe/Partnerschaft[17]	
2-26	237-238	.	_	Liebe/Partnerschaft[17]	

#Text=Du spieltest Cello  In jedem Saal in unsrer Gegend.
3-1	243-245	Du	neutral[4]	_	
3-2	246-255	spieltest	neutral[4]	Musik[18]	
3-3	256-261	Cello	neutral[4]	Musik[18]	
3-4	263-265	In	neutral[4]	_	
3-5	266-271	jedem	neutral[4]	_	
3-6	272-276	Saal	neutral[4]	_	
3-7	277-279	in	neutral[4]	_	
3-8	280-286	unsrer	neutral[4]	_	
3-9	287-293	Gegend	neutral[4]	_	
3-10	293-294	.	_	_	

#Text=Ich saß immer in der ersten Reihe  Und ich fand dich so erregend.
4-1	295-298	Ich	positive[5]	_	
4-2	299-302	saß	positive[5]	_	
4-3	303-308	immer	positive[5]	_	
4-4	309-311	in	positive[5]	_	
4-5	312-315	der	positive[5]	_	
4-6	316-322	ersten	positive[5]	_	
4-7	323-328	Reihe	positive[5]	_	
4-8	330-333	Und	positive[5]	_	
4-9	334-337	ich	positive[5]	_	
4-10	338-342	fand	positive[5]	_	
4-11	343-347	dich	positive[5]	_	
4-12	348-350	so	positive[5]	_	
4-13	351-359	erregend	positive[5]	Liebe/Partnerschaft[19]	
4-14	359-360	.	_	Liebe/Partnerschaft[19]	

#Text=Cello , Du warst eine Göttin für mich  Und manchmal sahst du mich an  Und ich dachte: "Mann oh Mann"  Und dann war ich wieder völlig fertig.
5-1	365-370	Cello	positive[6]	Musik	
5-2	371-372	,	positive[6]	_	
5-3	373-375	Du	positive[6]	_	
5-4	376-381	warst	positive[6]	_	
5-5	382-386	eine	positive[6]	_	
5-6	387-393	Göttin	positive[6]	Liebe/Partnerschaft[20]	
5-7	394-397	für	positive[6]	Liebe/Partnerschaft[20]	
5-8	398-402	mich	positive[6]	Liebe/Partnerschaft[20]	
5-9	404-407	Und	positive[6]	_	
5-10	408-416	manchmal	positive[6]	_	
5-11	417-422	sahst	positive[6]	_	
5-12	423-425	du	positive[6]	_	
5-13	426-430	mich	positive[6]	_	
5-14	431-433	an	positive[6]	_	
5-15	435-438	Und	_	_	
5-16	439-442	ich	_	_	
5-17	443-449	dachte	_	_	
5-18	449-450	:	_	_	
5-19	451-452	"	_	_	
5-20	452-456	Mann	positive[7]	_	
5-21	457-459	oh	positive[7]	_	
5-22	460-464	Mann	positive[7]	_	
5-23	464-465	"	_	_	
5-24	467-470	Und	positive[8]	_	
5-25	471-475	dann	positive[8]	_	
5-26	476-479	war	positive[8]	_	
5-27	480-483	ich	positive[8]	_	
5-28	484-490	wieder	positive[8]	_	
5-29	491-497	völlig	positive[8]	Persönliches/Emotionen[21]	
5-30	498-504	fertig	positive[8]	Persönliches/Emotionen[21]	
5-31	504-505	.	_	_	

#Text=Ja ich war ständig da  Und das hat dich dann überzeugt .
6-1	510-512	Ja	positive[9]	_	
6-2	513-516	ich	positive[9]	_	
6-3	517-520	war	positive[9]	_	
6-4	521-528	ständig	positive[9]	_	
6-5	529-531	da	positive[9]	_	
6-6	533-536	Und	positive[9]	_	
6-7	537-540	das	positive[9]	_	
6-8	541-544	hat	positive[9]	_	
6-9	545-549	dich	positive[9]	_	
6-10	550-554	dann	positive[9]	_	
6-11	555-564	überzeugt	positive[9]	_	
6-12	565-566	.	_	_	

#Text=Wir wollten immer zusammenbleiben.
7-1	567-570	Wir	positive[10]	_	
7-2	571-578	wollten	positive[10]	_	
7-3	579-584	immer	positive[10]	_	
7-4	585-600	zusammenbleiben	positive[10]	Liebe/Partnerschaft	
7-5	600-601	.	_	_	

#Text=Und überhaupt - mit dir, das war so groß , Das kann man gar nicht beschreiben.
8-1	606-609	Und	positive[11]	_	
8-2	610-619	überhaupt	positive[11]	_	
8-3	620-621	-	positive[11]	_	
8-4	622-625	mit	positive[11]	_	
8-5	626-629	dir	positive[11]	_	
8-6	629-630	,	positive[11]	_	
8-7	631-634	das	positive[11]	_	
8-8	635-638	war	positive[11]	_	
8-9	639-641	so	positive[11]	_	
8-10	642-646	groß	positive[11]	_	
8-11	647-648	,	positive[11]	_	
8-12	649-652	Das	positive[11]	_	
8-13	653-657	kann	positive[11]	_	
8-14	658-661	man	positive[11]	_	
8-15	662-665	gar	positive[11]	_	
8-16	666-671	nicht	positive[11]	_	
8-17	672-683	beschreiben	positive[11]	_	
8-18	683-684	.	_	_	

#Text=Und heute wohnst du irgendwo  Und dein Cello steht im Keller .
9-1	689-692	Und	negative[12]	_	
9-2	693-698	heute	negative[12]	_	
9-3	699-705	wohnst	negative[12]	_	
9-4	706-708	du	negative[12]	_	
9-5	709-717	irgendwo	negative[12]	_	
9-6	719-722	Und	negative[12]	_	
9-7	723-727	dein	negative[12]	_	
9-8	728-733	Cello	negative[12]	Musik	
9-9	734-739	steht	negative[12]	_	
9-10	740-742	im	negative[12]	_	
9-11	743-749	Keller	negative[12]	_	
9-12	750-751	.	_	_	

#Text=Komm pack das Ding doch noch mal aus  Und spiel so schön wie früher.
10-1	752-756	Komm	positive[13]	_	
10-2	757-761	pack	positive[13]	_	
10-3	762-765	das	positive[13]	_	
10-4	766-770	Ding	positive[13]	_	
10-5	771-775	doch	positive[13]	_	
10-6	776-780	noch	positive[13]	_	
10-7	781-784	mal	positive[13]	_	
10-8	785-788	aus	positive[13]	_	
10-9	790-793	Und	positive[13]	_	
10-10	794-799	spiel	positive[13]	Musik	
10-11	800-802	so	positive[13]	_	
10-12	803-808	schön	positive[13]	_	
10-13	809-812	wie	positive[13]	_	
10-14	813-819	früher	positive[13]	_	
10-15	819-820	.	_	_	

#Text=Du spieltest Cello.....
11-1	825-827	Du	negative[14]	_	
11-2	828-837	spieltest	negative[14]	Musik[22]	
11-3	838-843	Cello	negative[14]	Musik[22]	
11-4	843-844	.	_	_	
11-5	844-845	.	_	_	
11-6	845-846	.	_	_	
11-7	846-847	.	_	_	
11-8	847-848	.	_	_	
