#FORMAT=WebAnno TSV 3.2
#T_SP=webanno.custom.Sentiment|Polarity
#T_SP=webanno.custom.Topic|Topics


#Text=Nie hab ich den Augenblick gefragt,  ob er noch verweilen, noch 'n bisschen bleiben kann.
1-1	0-3	Nie	neutral[1]	_	
1-2	4-7	hab	neutral[1]	_	
1-3	8-11	ich	neutral[1]	_	
1-4	12-15	den	neutral[1]	_	
1-5	16-26	Augenblick	neutral[1]	_	
1-6	27-34	gefragt	neutral[1]	_	
1-7	34-35	,	neutral[1]	_	
1-8	37-39	ob	neutral[1]	_	
1-9	40-42	er	neutral[1]	_	
1-10	43-47	noch	neutral[1]	_	
1-11	48-57	verweilen	neutral[1]	_	
1-12	57-58	,	neutral[1]	_	
1-13	59-63	noch	neutral[1]	_	
1-14	64-65	'	neutral[1]	_	
1-15	65-66	n	neutral[1]	_	
1-16	67-75	bisschen	neutral[1]	_	
1-17	76-83	bleiben	neutral[1]	_	
1-18	84-88	kann	neutral[1]	_	
1-19	88-89	.	neutral[1]	_	

#Text=Der Wahnsinn hat mich weiter gejagt, im Schleudergang, irgendwo kommt man schon an.
2-1	90-93	Der	positive[2]	_	
2-2	94-102	Wahnsinn	positive[2]	Persönliches/Emotionen	
2-3	103-106	hat	positive[2]	_	
2-4	107-111	mich	positive[2]	_	
2-5	112-118	weiter	positive[2]	_	
2-6	119-125	gejagt	positive[2]	_	
2-7	125-126	,	positive[2]	_	
2-8	127-129	im	positive[2]	_	
2-9	130-143	Schleudergang	positive[2]	_	
2-10	143-144	,	positive[2]	_	
2-11	145-153	irgendwo	positive[2]	_	
2-12	154-159	kommt	positive[2]	_	
2-13	160-163	man	positive[2]	_	
2-14	164-169	schon	positive[2]	_	
2-15	170-172	an	positive[2]	_	
2-16	172-173	.	positive[2]	_	

#Text=Und weiter, immer weiter - ich weiß noch nicht wohin, hab 'n Visum für das unerforschte Land, doch ich spür schon ganz genau, dass ich auf der Fährte bin zu den Schätzen, die noch keiner vor mir fand.
3-1	174-177	Und	neutral[3]	_	
3-2	178-184	weiter	neutral[3]	_	
3-3	184-185	,	neutral[3]	_	
3-4	186-191	immer	neutral[3]	_	
3-5	192-198	weiter	neutral[3]	_	
3-6	199-200	-	neutral[3]	_	
3-7	201-204	ich	neutral[3]	_	
3-8	205-209	weiß	neutral[3]	_	
3-9	210-214	noch	neutral[3]	_	
3-10	215-220	nicht	neutral[3]	_	
3-11	221-226	wohin	neutral[3]	_	
3-12	226-227	,	neutral[3]	_	
3-13	228-231	hab	neutral[3]	_	
3-14	232-233	'	neutral[3]	_	
3-15	233-234	n	neutral[3]	_	
3-16	235-240	Visum	neutral[3]	Reisen	
3-17	241-244	für	neutral[3]	_	
3-18	245-248	das	neutral[3]	_	
3-19	249-261	unerforschte	neutral[3]	Reisen[17]	
3-20	262-266	Land	neutral[3]	Reisen[17]	
3-21	266-267	,	_	_	
3-22	268-272	doch	positive[4]	_	
3-23	273-276	ich	positive[4]	_	
3-24	277-281	spür	positive[4]	_	
3-25	282-287	schon	positive[4]	_	
3-26	288-292	ganz	positive[4]	_	
3-27	293-298	genau	positive[4]	_	
3-28	298-299	,	positive[4]	_	
3-29	300-304	dass	positive[4]	_	
3-30	305-308	ich	positive[4]	_	
3-31	309-312	auf	positive[4]	_	
3-32	313-316	der	positive[4]	_	
3-33	317-323	Fährte	positive[4]	_	
3-34	324-327	bin	positive[4]	_	
3-35	328-330	zu	positive[4]	_	
3-36	331-334	den	positive[4]	_	
3-37	335-343	Schätzen	positive[4]	_	
3-38	343-344	,	positive[4]	_	
3-39	345-348	die	positive[4]	_	
3-40	349-353	noch	positive[4]	_	
3-41	354-360	keiner	positive[4]	_	
3-42	361-364	vor	positive[4]	_	
3-43	365-368	mir	positive[4]	_	
3-44	369-373	fand	positive[4]	_	
3-45	373-374	.	_	_	

#Text=Eldorado, ich komm an auf der goldenen Landebahn.
4-1	379-387	Eldorado	neutral[5]	Reisen	
4-2	387-388	,	neutral[5]	_	
4-3	389-392	ich	neutral[5]	_	
4-4	393-397	komm	neutral[5]	_	
4-5	398-400	an	neutral[5]	_	
4-6	401-404	auf	neutral[5]	_	
4-7	405-408	der	neutral[5]	_	
4-8	409-417	goldenen	neutral[5]	_	
4-9	418-427	Landebahn	neutral[5]	Reisen	
4-10	427-428	.	neutral[5]	_	

#Text=Eldorado, schon so nah und ich seh schon euer Lichtermeer  auf meinem Radar.
5-1	429-437	Eldorado	neutral[6]	Reisen	
5-2	437-438	,	neutral[6]	_	
5-3	439-444	schon	neutral[6]	_	
5-4	445-447	so	neutral[6]	_	
5-5	448-451	nah	neutral[6]	_	
5-6	452-455	und	neutral[6]	_	
5-7	456-459	ich	neutral[6]	_	
5-8	460-463	seh	neutral[6]	_	
5-9	464-469	schon	neutral[6]	_	
5-10	470-474	euer	neutral[6]	_	
5-11	475-486	Lichtermeer	neutral[6]	_	
5-12	488-491	auf	neutral[6]	_	
5-13	492-498	meinem	neutral[6]	_	
5-14	499-504	Radar	neutral[6]	Reisen	
5-15	504-505	.	neutral[6]	_	

#Text=Die Straße riecht nach Adrenalin und der Wind schmeckt so gut, so gut nach Anarchie.
6-1	510-513	Die	positive[7]	_	
6-2	514-520	Straße	positive[7]	_	
6-3	521-527	riecht	positive[7]	_	
6-4	528-532	nach	positive[7]	_	
6-5	533-542	Adrenalin	positive[7]	Persönliches/Emotionen	
6-6	543-546	und	positive[7]	_	
6-7	547-550	der	positive[7]	_	
6-8	551-555	Wind	positive[7]	_	
6-9	556-564	schmeckt	positive[7]	_	
6-10	565-567	so	positive[7]	_	
6-11	568-571	gut	positive[7]	_	
6-12	571-572	,	positive[7]	_	
6-13	573-575	so	positive[7]	_	
6-14	576-579	gut	positive[7]	_	
6-15	580-584	nach	positive[7]	_	
6-16	585-593	Anarchie	positive[7]	Politik/Soziales/Missstände	
6-17	593-594	.	positive[7]	_	

#Text=So'n Desperado muss weiterziehen.
7-1	595-599	So'n	neutral[8]	_	
7-2	600-609	Desperado	neutral[8]	_	
7-3	610-614	muss	neutral[8]	_	
7-4	615-627	weiterziehen	neutral[8]	Reisen	
7-5	627-628	.	neutral[8]	_	

#Text=Durch die endlose Wüste und die weite Prärie.
8-1	629-634	Durch	neutral[9]	_	
8-2	635-638	die	neutral[9]	_	
8-3	639-646	endlose	neutral[9]	_	
8-4	647-652	Wüste	neutral[9]	_	
8-5	653-656	und	neutral[9]	_	
8-6	657-660	die	neutral[9]	_	
8-7	661-666	weite	neutral[9]	_	
8-8	667-673	Prärie	neutral[9]	_	
8-9	673-674	.	neutral[9]	_	

#Text=Da hinten, wo der Himmel auf die Erde knallt, da wartet schon das nächste große Glück.
9-1	675-677	Da	positive[10]	_	
9-2	678-684	hinten	positive[10]	_	
9-3	684-685	,	positive[10]	_	
9-4	686-688	wo	positive[10]	_	
9-5	689-692	der	positive[10]	_	
9-6	693-699	Himmel	positive[10]	_	
9-7	700-703	auf	positive[10]	_	
9-8	704-707	die	positive[10]	_	
9-9	708-712	Erde	positive[10]	_	
9-10	713-719	knallt	positive[10]	_	
9-11	719-720	,	positive[10]	_	
9-12	721-723	da	positive[10]	_	
9-13	724-730	wartet	positive[10]	_	
9-14	731-736	schon	positive[10]	_	
9-15	737-740	das	positive[10]	_	
9-16	741-748	nächste	positive[10]	_	
9-17	749-754	große	positive[10]	Persönliches/Emotionen[18]	
9-18	755-760	Glück	positive[10]	Persönliches/Emotionen[18]	
9-19	760-761	.	positive[10]	_	

#Text=Der nächste Berg, das nächste Tal und noch 'n Champagner-Wasserfall, dann steh ich da, vor meinem höchsten Glück.
10-1	762-765	Der	positive[11]	_	
10-2	766-773	nächste	positive[11]	_	
10-3	774-778	Berg	positive[11]	_	
10-4	778-779	,	positive[11]	_	
10-5	780-783	das	positive[11]	_	
10-6	784-791	nächste	positive[11]	_	
10-7	792-795	Tal	positive[11]	_	
10-8	796-799	und	positive[11]	_	
10-9	800-804	noch	positive[11]	_	
10-10	805-806	'	positive[11]	_	
10-11	806-807	n	positive[11]	_	
10-12	808-829	Champagner-Wasserfall	positive[11]	Gesundheit/Drogen	
10-13	829-830	,	positive[11]	_	
10-14	831-835	dann	positive[11]	_	
10-15	836-840	steh	positive[11]	_	
10-16	841-844	ich	positive[11]	_	
10-17	845-847	da	positive[11]	_	
10-18	847-848	,	positive[11]	_	
10-19	849-852	vor	positive[11]	_	
10-20	853-859	meinem	positive[11]	_	
10-21	860-868	höchsten	positive[11]	Persönliches/Emotionen[19]	
10-22	869-874	Glück	positive[11]	Persönliches/Emotionen[19]	
10-23	874-875	.	positive[11]	_	

#Text=Eldorado, ich komm an auf der goldenen Landebahn.
11-1	880-888	Eldorado	neutral[12]	Reisen	
11-2	888-889	,	neutral[12]	_	
11-3	890-893	ich	neutral[12]	_	
11-4	894-898	komm	neutral[12]	_	
11-5	899-901	an	neutral[12]	_	
11-6	902-905	auf	neutral[12]	_	
11-7	906-909	der	neutral[12]	_	
11-8	910-918	goldenen	neutral[12]	_	
11-9	919-928	Landebahn	neutral[12]	Reisen	
11-10	928-929	.	neutral[12]	_	

#Text=Eldorado, gelobtes Land, das ich endlich in euren Augen fand.
12-1	930-938	Eldorado	neutral[13]	Reisen	
12-2	938-939	,	neutral[13]	_	
12-3	940-948	gelobtes	neutral[13]	Politik/Soziales/Missstände[20]	
12-4	949-953	Land	neutral[13]	Politik/Soziales/Missstände[20]	
12-5	953-954	,	neutral[13]	_	
12-6	955-958	das	neutral[13]	_	
12-7	959-962	ich	neutral[13]	_	
12-8	963-970	endlich	neutral[13]	_	
12-9	971-973	in	neutral[13]	_	
12-10	974-979	euren	neutral[13]	_	
12-11	980-985	Augen	neutral[13]	_	
12-12	986-990	fand	neutral[13]	_	
12-13	990-991	.	neutral[13]	_	

#Text=Gib mir noch einen Drink, reich mir noch ne Cigar, jede Show kann die letzte sein, komm wir feiern diese Nacht, als ob's die letzte wär.
13-1	996-999	Gib	positive[14]	_	
13-2	1000-1003	mir	positive[14]	_	
13-3	1004-1008	noch	positive[14]	_	
13-4	1009-1014	einen	positive[14]	_	
13-5	1015-1020	Drink	positive[14]	Gesundheit/Drogen	
13-6	1020-1021	,	positive[14]	_	
13-7	1022-1027	reich	positive[14]	_	
13-8	1028-1031	mir	positive[14]	_	
13-9	1032-1036	noch	positive[14]	_	
13-10	1037-1039	ne	positive[14]	_	
13-11	1040-1045	Cigar	positive[14]	Gesundheit/Drogen	
13-12	1045-1046	,	positive[14]	_	
13-13	1047-1051	jede	positive[14]	_	
13-14	1052-1056	Show	positive[14]	Musik	
13-15	1057-1061	kann	positive[14]	_	
13-16	1062-1065	die	positive[14]	_	
13-17	1066-1072	letzte	positive[14]	_	
13-18	1073-1077	sein	positive[14]	_	
13-19	1077-1078	,	positive[14]	_	
13-20	1079-1083	komm	positive[14]	_	
13-21	1084-1087	wir	positive[14]	_	
13-22	1088-1094	feiern	positive[14]	Musik	
13-23	1095-1100	diese	positive[14]	_	
13-24	1101-1106	Nacht	positive[14]	_	
13-25	1106-1107	,	positive[14]	_	
13-26	1108-1111	als	positive[14]	_	
13-27	1112-1116	ob's	positive[14]	_	
13-28	1117-1120	die	positive[14]	_	
13-29	1121-1127	letzte	positive[14]	_	
13-30	1128-1131	wär	positive[14]	_	
13-31	1131-1132	.	positive[14]	_	

#Text=Eldorado, ich komm an auf der goldenen Landebahn.
14-1	1137-1145	Eldorado	neutral[15]	Reisen	
14-2	1145-1146	,	neutral[15]	_	
14-3	1147-1150	ich	neutral[15]	_	
14-4	1151-1155	komm	neutral[15]	_	
14-5	1156-1158	an	neutral[15]	_	
14-6	1159-1162	auf	neutral[15]	_	
14-7	1163-1166	der	neutral[15]	_	
14-8	1167-1175	goldenen	neutral[15]	_	
14-9	1176-1185	Landebahn	neutral[15]	Reisen	
14-10	1185-1186	.	neutral[15]	_	

#Text=Eldorado - und ich schwör, dass ich für immer unserem Rock'n'Roll und euch gehör.
15-1	1187-1195	Eldorado	positive[16]	Reisen	
15-2	1196-1197	-	positive[16]	_	
15-3	1198-1201	und	positive[16]	_	
15-4	1202-1205	ich	positive[16]	_	
15-5	1206-1212	schwör	positive[16]	_	
15-6	1212-1213	,	positive[16]	_	
15-7	1214-1218	dass	positive[16]	_	
15-8	1219-1222	ich	positive[16]	_	
15-9	1223-1226	für	positive[16]	_	
15-10	1227-1232	immer	positive[16]	_	
15-11	1233-1240	unserem	positive[16]	_	
15-12	1241-1252	Rock'n'Roll	positive[16]	Musik	
15-13	1253-1256	und	positive[16]	_	
15-14	1257-1261	euch	positive[16]	_	
15-15	1262-1267	gehör	positive[16]	_	
15-16	1267-1268	.	positive[16]	_	
