#FORMAT=WebAnno TSV 3.2
#T_SP=webanno.custom.Sentiment|Polarity
#T_SP=webanno.custom.Topic|Topics


#Text=Der Astronaut muss los, der Astronaut muss weiter.
1-1	0-3	Der	neutral[1]	_	
1-2	4-13	Astronaut	neutral[1]	Reisen	
1-3	14-18	muss	neutral[1]	_	
1-4	19-22	los	neutral[1]	_	
1-5	22-23	,	neutral[1]	_	
1-6	24-27	der	neutral[1]	_	
1-7	28-37	Astronaut	neutral[1]	Reisen	
1-8	38-42	muss	neutral[1]	_	
1-9	43-49	weiter	neutral[1]	_	
1-10	49-50	.	_	_	

#Text=Wird man sich jemals wieder, jemals wiederseh'n.
2-1	51-55	Wird	neutral[2]	_	
2-2	56-59	man	neutral[2]	_	
2-3	60-64	sich	neutral[2]	_	
2-4	65-71	jemals	neutral[2]	_	
2-5	72-78	wieder	neutral[2]	_	
2-6	78-79	,	neutral[2]	_	
2-7	80-86	jemals	neutral[2]	_	
2-8	87-98	wiederseh'n	neutral[2]	Liebe/Partnerschaft	
2-9	98-99	.	_	_	

#Text=Man weiß es nie genau, auf dem Raketenbahnhof: Wird man den nächsten Flug lebendig übersteh'n?
3-1	104-107	Man	neutral[3]	_	
3-2	108-112	weiß	neutral[3]	_	
3-3	113-115	es	neutral[3]	_	
3-4	116-119	nie	neutral[3]	_	
3-5	120-125	genau	neutral[3]	_	
3-6	125-126	,	neutral[3]	_	
3-7	127-130	auf	neutral[3]	_	
3-8	131-134	dem	neutral[3]	_	
3-9	135-149	Raketenbahnhof	neutral[3]	Reisen	
3-10	149-150	:	_	_	
3-11	151-155	Wird	negative[4]	_	
3-12	156-159	man	negative[4]	_	
3-13	160-163	den	negative[4]	_	
3-14	164-172	nächsten	negative[4]	_	
3-15	173-177	Flug	negative[4]	Reisen	
3-16	178-186	lebendig	negative[4]	_	
3-17	187-197	übersteh'n	negative[4]	_	
3-18	197-198	?	_	_	

#Text=Oder verbrennt mein Raumschiff im Feuerball, wenn Trümmerteile vom Himmel fall'n.
4-1	203-207	Oder	negative[5]	_	
4-2	208-217	verbrennt	negative[5]	_	
4-3	218-222	mein	negative[5]	_	
4-4	223-233	Raumschiff	negative[5]	Reisen	
4-5	234-236	im	negative[5]	_	
4-6	237-246	Feuerball	negative[5]	_	
4-7	246-247	,	negative[5]	_	
4-8	248-252	wenn	negative[5]	_	
4-9	253-265	Trümmerteile	negative[5]	_	
4-10	266-269	vom	negative[5]	_	
4-11	270-276	Himmel	negative[5]	_	
4-12	277-283	fall'n	negative[5]	_	
4-13	283-284	.	_	_	

#Text=Dann musst du wissen, du warst von all'n  meine Größte.
5-1	285-289	Dann	positive[6]	_	
5-2	290-295	musst	positive[6]	_	
5-3	296-298	du	positive[6]	_	
5-4	299-305	wissen	positive[6]	_	
5-5	305-306	,	positive[6]	_	
5-6	307-309	du	positive[6]	_	
5-7	310-315	warst	positive[6]	_	
5-8	316-319	von	positive[6]	_	
5-9	320-325	all'n	positive[6]	_	
5-10	327-332	meine	positive[6]	Liebe/Partnerschaft[14]	
5-11	333-339	Größte	positive[6]	Liebe/Partnerschaft[14]	
5-12	339-340	.	_	_	

#Text=In irgend'nem Sternental geh' ich als Staubkorn nieder, seh'n uns vielleicht nie wieder.
6-1	345-347	In	negative[7]	_	
6-2	348-358	irgend'nem	negative[7]	_	
6-3	359-369	Sternental	negative[7]	_	
6-4	370-373	geh	negative[7]	_	
6-5	373-374	'	negative[7]	_	
6-6	375-378	ich	negative[7]	_	
6-7	379-382	als	negative[7]	_	
6-8	383-392	Staubkorn	negative[7]	_	
6-9	393-399	nieder	negative[7]	_	
6-10	399-400	,	negative[7]	_	
6-11	401-406	seh'n	negative[7]	_	
6-12	407-410	uns	negative[7]	_	
6-13	411-421	vielleicht	negative[7]	_	
6-14	422-425	nie	negative[7]	_	
6-15	426-432	wieder	negative[7]	_	
6-16	432-433	.	_	_	

#Text=Küss mich ein letztes Mal.
7-1	434-438	Küss	negative[8]	Liebe/Partnerschaft[15]	
7-2	439-443	mich	negative[8]	Liebe/Partnerschaft[15]	
7-3	444-447	ein	negative[8]	_	
7-4	448-455	letztes	negative[8]	_	
7-5	456-459	Mal	negative[8]	_	
7-6	459-460	.	_	_	

#Text=Küss mich ein letztes Mal.
8-1	465-469	Küss	negative[9]	Liebe/Partnerschaft[16]	
8-2	470-474	mich	negative[9]	Liebe/Partnerschaft[16]	
8-3	475-478	ein	negative[9]	_	
8-4	479-486	letztes	negative[9]	_	
8-5	487-490	Mal	negative[9]	_	
8-6	490-491	.	_	_	

#Text=Küss mich ein letztes Mal.
9-1	492-496	Küss	negative[10]	Liebe/Partnerschaft[17]	
9-2	497-501	mich	negative[10]	Liebe/Partnerschaft[17]	
9-3	502-505	ein	negative[10]	_	
9-4	506-513	letztes	negative[10]	_	
9-5	514-517	Mal	negative[10]	_	
9-6	517-518	.	_	_	

#Text=Verbrennt mein Raumschiff im Feuerball, wenn Trümmerteile vom Himmel fall'n.
10-1	523-532	Verbrennt	negative[11]	_	
10-2	533-537	mein	negative[11]	_	
10-3	538-548	Raumschiff	negative[11]	Reisen	
10-4	549-551	im	negative[11]	_	
10-5	552-561	Feuerball	negative[11]	_	
10-6	561-562	,	negative[11]	_	
10-7	563-567	wenn	negative[11]	_	
10-8	568-580	Trümmerteile	negative[11]	_	
10-9	581-584	vom	negative[11]	_	
10-10	585-591	Himmel	negative[11]	_	
10-11	592-598	fall'n	negative[11]	_	
10-12	598-599	.	negative[11]	_	

#Text=Dann musst du wissen, du warst von all'n  meine Größte.
11-1	600-604	Dann	positive[12]	_	
11-2	605-610	musst	positive[12]	_	
11-3	611-613	du	positive[12]	_	
11-4	614-620	wissen	positive[12]	_	
11-5	620-621	,	positive[12]	_	
11-6	622-624	du	positive[12]	_	
11-7	625-630	warst	positive[12]	_	
11-8	631-634	von	positive[12]	_	
11-9	635-640	all'n	positive[12]	_	
11-10	642-647	meine	positive[12]	Liebe/Partnerschaft[18]	
11-11	648-654	Größte	positive[12]	Liebe/Partnerschaft[18]	
11-12	654-655	.	positive[12]	_	

#Text=Gleite als Sternenstaub mit dem Sonnenwind, solange durch das All bis ich dich wiederfind'.
12-1	660-666	Gleite	positive[13]	_	
12-2	667-670	als	positive[13]	_	
12-3	671-683	Sternenstaub	positive[13]	_	
12-4	684-687	mit	positive[13]	_	
12-5	688-691	dem	positive[13]	_	
12-6	692-702	Sonnenwind	positive[13]	_	
12-7	702-703	,	positive[13]	_	
12-8	704-711	solange	positive[13]	_	
12-9	712-717	durch	positive[13]	_	
12-10	718-721	das	positive[13]	_	
12-11	722-725	All	positive[13]	_	
12-12	726-729	bis	positive[13]	_	
12-13	730-733	ich	positive[13]	_	
12-14	734-738	dich	positive[13]	Liebe/Partnerschaft[19]	
12-15	739-749	wiederfind	positive[13]	Liebe/Partnerschaft[19]	
12-16	749-750	'	_	_	
12-17	750-751	.	_	_	
