#FORMAT=WebAnno TSV 3.2
#T_SP=webanno.custom.Sentiment|Polarity
#T_SP=webanno.custom.Topic|Topics


#Text=Zeitbomben sind nicht mehr zu bremsen, wenn der Sekundenzeiger rennt.
1-1	0-10	Zeitbomben	negative[1]	Politik/Soziales/Missstände	
1-2	11-15	sind	negative[1]	_	
1-3	16-21	nicht	negative[1]	_	
1-4	22-26	mehr	negative[1]	_	
1-5	27-29	zu	negative[1]	_	
1-6	30-37	bremsen	negative[1]	_	
1-7	37-38	,	negative[1]	_	
1-8	39-43	wenn	negative[1]	_	
1-9	44-47	der	negative[1]	_	
1-10	48-62	Sekundenzeiger	negative[1]	_	
1-11	63-68	rennt	negative[1]	_	
1-12	68-69	.	negative[1]	_	

#Text=Und die Wahrheit gilt auch dann schon, wenn noch keiner sie erkennt.
2-1	70-73	Und	neutral[2]	_	
2-2	74-77	die	neutral[2]	_	
2-3	78-86	Wahrheit	neutral[2]	_	
2-4	87-91	gilt	neutral[2]	_	
2-5	92-96	auch	neutral[2]	_	
2-6	97-101	dann	neutral[2]	_	
2-7	102-107	schon	neutral[2]	_	
2-8	107-108	,	neutral[2]	_	
2-9	109-113	wenn	neutral[2]	_	
2-10	114-118	noch	neutral[2]	_	
2-11	119-125	keiner	neutral[2]	_	
2-12	126-129	sie	neutral[2]	_	
2-13	130-137	erkennt	neutral[2]	_	
2-14	137-138	.	neutral[2]	_	

#Text=Die Wahrheit gilt auch dann schon, wenn noch keiner sie erkennt.
3-1	139-142	Die	neutral[3]	_	
3-2	143-151	Wahrheit	neutral[3]	_	
3-3	152-156	gilt	neutral[3]	_	
3-4	157-161	auch	neutral[3]	_	
3-5	162-166	dann	neutral[3]	_	
3-6	167-172	schon	neutral[3]	_	
3-7	172-173	,	neutral[3]	_	
3-8	174-178	wenn	neutral[3]	_	
3-9	179-183	noch	neutral[3]	_	
3-10	184-190	keiner	neutral[3]	_	
3-11	191-194	sie	neutral[3]	_	
3-12	195-202	erkennt	neutral[3]	_	
3-13	202-203	.	neutral[3]	_	

#Text=Nie wieder leises, banges Hoffen.
4-1	208-211	Nie	positive[4]	_	
4-2	212-218	wieder	positive[4]	_	
4-3	219-225	leises	positive[4]	Persönliches/Emotionen[9]	
4-4	225-226	,	positive[4]	Persönliches/Emotionen[9]	
4-5	227-233	banges	positive[4]	Persönliches/Emotionen[9]	
4-6	234-240	Hoffen	positive[4]	Persönliches/Emotionen[9]	
4-7	240-241	.	positive[4]	_	

#Text=Nie wieder warten, stumm und klein.
5-1	242-245	Nie	positive[5]	_	
5-2	246-252	wieder	positive[5]	_	
5-3	253-259	warten	positive[5]	_	
5-4	259-260	,	positive[5]	_	
5-5	261-266	stumm	positive[5]	_	
5-6	267-270	und	positive[5]	_	
5-7	271-276	klein	positive[5]	_	
5-8	276-277	.	positive[5]	_	

#Text=Du warst doch lang genug das Opfer, jetzt wirst du der Täter sein.
6-1	278-280	Du	neutral[6]	_	
6-2	281-286	warst	neutral[6]	_	
6-3	287-291	doch	neutral[6]	_	
6-4	292-296	lang	neutral[6]	_	
6-5	297-302	genug	neutral[6]	_	
6-6	303-306	das	neutral[6]	_	
6-7	307-312	Opfer	neutral[6]	Politik/Soziales/Missstände	
6-8	312-313	,	neutral[6]	_	
6-9	314-319	jetzt	neutral[6]	_	
6-10	320-325	wirst	neutral[6]	_	
6-11	326-328	du	neutral[6]	_	
6-12	329-332	der	neutral[6]	_	
6-13	333-338	Täter	neutral[6]	Politik/Soziales/Missstände	
6-14	339-343	sein	neutral[6]	_	
6-15	343-344	.	neutral[6]	_	

#Text=Arme Seele - alles Pleite?
7-1	345-349	Arme	negative[7]	Persönliches/Emotionen[10]	
7-2	350-355	Seele	negative[7]	Persönliches/Emotionen[10]	
7-3	356-357	-	negative[7]	_	
7-4	358-363	alles	negative[7]	_	
7-5	364-370	Pleite	negative[7]	Politik/Soziales/Missstände	
7-6	370-371	?	negative[7]	_	

#Text=Komm doch rüber auf die Sonnenseite!
8-1	372-376	Komm	positive[8]	_	
8-2	377-381	doch	positive[8]	_	
8-3	382-387	rüber	positive[8]	_	
8-4	388-391	auf	positive[8]	_	
8-5	392-395	die	positive[8]	_	
8-6	396-407	Sonnenseite	positive[8]	Persönliches/Emotionen	
8-7	407-408	!	positive[8]	_	
