#FORMAT=WebAnno TSV 3.2
#T_SP=webanno.custom.Sentiment|Polarity
#T_SP=webanno.custom.Topic|Topics


#Text=Wenn die Welt mal wieder untergeht und Vulkane exlodieren, mir die Sintflut bis zum Halse steht und Meteroiten mit der Erde kollidieren.
1-1	0-4	Wenn	negative[1]	_	
1-2	5-8	die	negative[1]	Politik/Soziales/Missstände[14]	
1-3	9-13	Welt	negative[1]	Politik/Soziales/Missstände[14]	
1-4	14-17	mal	negative[1]	Politik/Soziales/Missstände[14]	
1-5	18-24	wieder	negative[1]	Politik/Soziales/Missstände[14]	
1-6	25-34	untergeht	negative[1]	Politik/Soziales/Missstände[14]	
1-7	35-38	und	negative[1]	_	
1-8	39-46	Vulkane	negative[1]	Politik/Soziales/Missstände[15]	
1-9	47-57	exlodieren	negative[1]	Politik/Soziales/Missstände[15]	
1-10	57-58	,	negative[1]	_	
1-11	59-62	mir	negative[1]	_	
1-12	63-66	die	negative[1]	_	
1-13	67-75	Sintflut	negative[1]	Politik/Soziales/Missstände[16]	
1-14	76-79	bis	negative[1]	Politik/Soziales/Missstände[16]	
1-15	80-83	zum	negative[1]	Politik/Soziales/Missstände[16]	
1-16	84-89	Halse	negative[1]	Politik/Soziales/Missstände[16]	
1-17	90-95	steht	negative[1]	Politik/Soziales/Missstände[16]	
1-18	96-99	und	negative[1]	_	
1-19	100-110	Meteroiten	negative[1]	Politik/Soziales/Missstände[17]	
1-20	111-114	mit	negative[1]	Politik/Soziales/Missstände[17]	
1-21	115-118	der	negative[1]	Politik/Soziales/Missstände[17]	
1-22	119-123	Erde	negative[1]	Politik/Soziales/Missstände[17]	
1-23	124-135	kollidieren	negative[1]	Politik/Soziales/Missstände[17]	
1-24	135-136	.	negative[1]	_	

#Text=Ich fühl mich umzingelt von der Menschenarmee - trübe Rüben, wohin ich auch seh' und die wollen mir erzählen von Hamburg bis Laos, wo es lang geht in diesem Chaos.
2-1	137-140	Ich	negative[2]	_	
2-2	141-145	fühl	negative[2]	_	
2-3	146-150	mich	negative[2]	_	
2-4	151-160	umzingelt	negative[2]	Politik/Soziales/Missstände[18]	
2-5	161-164	von	negative[2]	Politik/Soziales/Missstände[18]	
2-6	165-168	der	negative[2]	Politik/Soziales/Missstände[18]	
2-7	169-182	Menschenarmee	negative[2]	Politik/Soziales/Missstände[18]	
2-8	183-184	-	negative[2]	_	
2-9	185-190	trübe	negative[2]	Politik/Soziales/Missstände[19]	
2-10	191-196	Rüben	negative[2]	Politik/Soziales/Missstände[19]	
2-11	196-197	,	negative[2]	_	
2-12	198-203	wohin	negative[2]	_	
2-13	204-207	ich	negative[2]	_	
2-14	208-212	auch	negative[2]	_	
2-15	213-216	seh	negative[2]	_	
2-16	216-217	'	negative[2]	_	
2-17	218-221	und	negative[2]	_	
2-18	222-225	die	negative[2]	_	
2-19	226-232	wollen	negative[2]	_	
2-20	233-236	mir	negative[2]	_	
2-21	237-245	erzählen	negative[2]	_	
2-22	246-249	von	negative[2]	Reisen[20]	
2-23	250-257	Hamburg	negative[2]	Reisen[20]	
2-24	258-261	bis	negative[2]	Reisen[20]	
2-25	262-266	Laos	negative[2]	Reisen[20]	
2-26	266-267	,	negative[2]	_	
2-27	268-270	wo	negative[2]	_	
2-28	271-273	es	negative[2]	_	
2-29	274-278	lang	negative[2]	_	
2-30	279-283	geht	negative[2]	_	
2-31	284-286	in	negative[2]	_	
2-32	287-293	diesem	negative[2]	_	
2-33	294-299	Chaos	negative[2]	_	
2-34	299-300	.	negative[2]	_	

#Text=Und dann bin ich so frei und sag': Hören Sie mal, Mann, lecken Sie sich selber - an meinen Arsch kommen Sie nicht ran.
3-1	305-308	Und	negative[3]	_	
3-2	309-313	dann	negative[3]	_	
3-3	314-317	bin	negative[3]	_	
3-4	318-321	ich	negative[3]	_	
3-5	322-324	so	negative[3]	_	
3-6	325-329	frei	negative[3]	_	
3-7	330-333	und	negative[3]	_	
3-8	334-337	sag	negative[3]	_	
3-9	337-338	'	negative[3]	_	
3-10	338-339	:	negative[3]	_	
3-11	340-345	Hören	negative[3]	_	
3-12	346-349	Sie	negative[3]	_	
3-13	350-353	mal	negative[3]	_	
3-14	353-354	,	negative[3]	_	
3-15	355-359	Mann	negative[3]	_	
3-16	359-360	,	negative[3]	_	
3-17	361-367	lecken	negative[3]	Persönliches/Emotionen[21]	
3-18	368-371	Sie	negative[3]	Persönliches/Emotionen[21]	
3-19	372-376	sich	negative[3]	Persönliches/Emotionen[21]	
3-20	377-383	selber	negative[3]	Persönliches/Emotionen[21]	
3-21	384-385	-	negative[3]	_	
3-22	386-388	an	negative[3]	_	
3-23	389-395	meinen	negative[3]	_	
3-24	396-401	Arsch	negative[3]	_	
3-25	402-408	kommen	negative[3]	_	
3-26	409-412	Sie	negative[3]	_	
3-27	413-418	nicht	negative[3]	_	
3-28	419-422	ran	negative[3]	_	
3-29	422-423	.	negative[3]	_	

#Text=Und nerven Sie mich nicht mit Ihren Lappalien, ich bin der König von Scheißegalien.
4-1	424-427	Und	negative[4]	_	
4-2	428-434	nerven	negative[4]	Persönliches/Emotionen[22]	
4-3	435-438	Sie	negative[4]	Persönliches/Emotionen[22]	
4-4	439-443	mich	negative[4]	Persönliches/Emotionen[22]	
4-5	444-449	nicht	negative[4]	Persönliches/Emotionen[22]	
4-6	450-453	mit	negative[4]	_	
4-7	454-459	Ihren	negative[4]	_	
4-8	460-469	Lappalien	negative[4]	Politik/Soziales/Missstände	
4-9	469-470	,	negative[4]	_	
4-10	471-474	ich	negative[4]	_	
4-11	475-478	bin	negative[4]	_	
4-12	479-482	der	negative[4]	_	
4-13	483-488	König	negative[4]	Politik/Soziales/Missstände[23]	
4-14	489-492	von	negative[4]	Politik/Soziales/Missstände[23]	
4-15	493-506	Scheißegalien	negative[4]	Politik/Soziales/Missstände[23]	
4-16	506-507	.	negative[4]	_	

#Text=Ich bin der König von Scheißegalien, König von Scheißegalien, König von Scheißegalien.
5-1	508-511	Ich	neutral[5]	_	
5-2	512-515	bin	neutral[5]	_	
5-3	516-519	der	neutral[5]	_	
5-4	520-525	König	neutral[5]	Politik/Soziales/Missstände[24]	
5-5	526-529	von	neutral[5]	Politik/Soziales/Missstände[24]	
5-6	530-543	Scheißegalien	neutral[5]	Politik/Soziales/Missstände[24]	
5-7	543-544	,	neutral[5]	_	
5-8	545-550	König	neutral[5]	Politik/Soziales/Missstände[25]	
5-9	551-554	von	neutral[5]	Politik/Soziales/Missstände[25]	
5-10	555-568	Scheißegalien	neutral[5]	Politik/Soziales/Missstände[25]	
5-11	568-569	,	neutral[5]	_	
5-12	570-575	König	neutral[5]	Politik/Soziales/Missstände[26]	
5-13	576-579	von	neutral[5]	Politik/Soziales/Missstände[26]	
5-14	580-593	Scheißegalien	neutral[5]	Politik/Soziales/Missstände[26]	
5-15	593-594	.	neutral[5]	_	

#Text=Die Frau, mit der man tausendmal schlief, schreibt'n läppischen Abschiedsbrief.
6-1	599-602	Die	negative[6]	_	
6-2	603-607	Frau	negative[6]	Liebe/Partnerschaft[27]	
6-3	607-608	,	negative[6]	Liebe/Partnerschaft[27]	
6-4	609-612	mit	negative[6]	Liebe/Partnerschaft[27]	
6-5	613-616	der	negative[6]	Liebe/Partnerschaft[27]	
6-6	617-620	man	negative[6]	Liebe/Partnerschaft[27]	
6-7	621-631	tausendmal	negative[6]	Liebe/Partnerschaft[27]	
6-8	632-639	schlief	negative[6]	Liebe/Partnerschaft[27]	
6-9	639-640	,	negative[6]	_	
6-10	641-651	schreibt'n	negative[6]	_	
6-11	652-662	läppischen	negative[6]	_	
6-12	663-677	Abschiedsbrief	negative[6]	_	
6-13	677-678	.	negative[6]	_	

#Text=Wenn sie die Biege macht und mit dir bricht und der neue Fredi grinst dir gemein ins Gesicht.
7-1	679-683	Wenn	negative[7]	_	
7-2	684-687	sie	negative[7]	_	
7-3	688-691	die	negative[7]	_	
7-4	692-697	Biege	negative[7]	_	
7-5	698-703	macht	negative[7]	_	
7-6	704-707	und	negative[7]	_	
7-7	708-711	mit	negative[7]	_	
7-8	712-715	dir	negative[7]	_	
7-9	716-722	bricht	negative[7]	_	
7-10	723-726	und	negative[7]	_	
7-11	727-730	der	negative[7]	_	
7-12	731-735	neue	negative[7]	_	
7-13	736-741	Fredi	negative[7]	_	
7-14	742-748	grinst	negative[7]	_	
7-15	749-752	dir	negative[7]	_	
7-16	753-759	gemein	negative[7]	Persönliches/Emotionen	
7-17	760-763	ins	negative[7]	_	
7-18	764-771	Gesicht	negative[7]	_	
7-19	771-772	.	negative[7]	_	

#Text=Dann fängst du zu kotzen an und es geht dir so miese.
8-1	773-777	Dann	negative[8]	_	
8-2	778-784	fängst	negative[8]	_	
8-3	785-787	du	negative[8]	_	
8-4	788-790	zu	negative[8]	_	
8-5	791-797	kotzen	negative[8]	Persönliches/Emotionen	
8-6	798-800	an	negative[8]	_	
8-7	801-804	und	negative[8]	_	
8-8	805-807	es	negative[8]	Persönliches/Emotionen[28]	
8-9	808-812	geht	negative[8]	Persönliches/Emotionen[28]	
8-10	813-816	dir	negative[8]	Persönliches/Emotionen[28]	
8-11	817-819	so	negative[8]	Persönliches/Emotionen[28]	
8-12	820-825	miese	negative[8]	Persönliches/Emotionen[28]	
8-13	825-826	.	negative[8]	_	

#Text=Und du denkst, jetzt kommt die Endlife-Krise und du holst dir'n Strick oder die Neunmillimeter, doch der Nervenarzt sagt, killen Sie sich später.
9-1	827-830	Und	negative[9]	_	
9-2	831-833	du	negative[9]	_	
9-3	834-840	denkst	negative[9]	_	
9-4	840-841	,	negative[9]	_	
9-5	842-847	jetzt	negative[9]	_	
9-6	848-853	kommt	negative[9]	_	
9-7	854-857	die	negative[9]	_	
9-8	858-871	Endlife-Krise	negative[9]	Persönliches/Emotionen	
9-9	872-875	und	negative[9]	_	
9-10	876-878	du	negative[9]	_	
9-11	879-884	holst	negative[9]	_	
9-12	885-890	dir'n	negative[9]	_	
9-13	891-897	Strick	negative[9]	Politik/Soziales/Missstände[29]	
9-14	898-902	oder	negative[9]	Politik/Soziales/Missstände[29]	
9-15	903-906	die	negative[9]	Politik/Soziales/Missstände[29]	
9-16	907-921	Neunmillimeter	negative[9]	Politik/Soziales/Missstände[29]	
9-17	921-922	,	negative[9]	_	
9-18	923-927	doch	negative[9]	_	
9-19	928-931	der	negative[9]	_	
9-20	932-942	Nervenarzt	negative[9]	Gesundheit/Drogen	
9-21	943-947	sagt	negative[9]	_	
9-22	947-948	,	negative[9]	_	
9-23	949-955	killen	negative[9]	_	
9-24	956-959	Sie	negative[9]	_	
9-25	960-964	sich	negative[9]	_	
9-26	965-971	später	negative[9]	_	
9-27	971-972	.	negative[9]	_	

#Text=Sie sind doch der König von Scheißegalien, König von Scheißegalien, König von Scheißegalien.
10-1	973-976	Sie	neutral[10]	_	
10-2	977-981	sind	neutral[10]	_	
10-3	982-986	doch	neutral[10]	_	
10-4	987-990	der	neutral[10]	_	
10-5	991-996	König	neutral[10]	Politik/Soziales/Missstände[30]	
10-6	997-1000	von	neutral[10]	Politik/Soziales/Missstände[30]	
10-7	1001-1014	Scheißegalien	neutral[10]	Politik/Soziales/Missstände[30]	
10-8	1014-1015	,	neutral[10]	_	
10-9	1016-1021	König	neutral[10]	Politik/Soziales/Missstände[31]	
10-10	1022-1025	von	neutral[10]	Politik/Soziales/Missstände[31]	
10-11	1026-1039	Scheißegalien	neutral[10]	Politik/Soziales/Missstände[31]	
10-12	1039-1040	,	neutral[10]	_	
10-13	1041-1046	König	neutral[10]	Politik/Soziales/Missstände[32]	
10-14	1047-1050	von	neutral[10]	Politik/Soziales/Missstände[32]	
10-15	1051-1064	Scheißegalien	neutral[10]	Politik/Soziales/Missstände[32]	
10-16	1064-1065	.	neutral[10]	_	

#Text=Auf'n Job, da machst du dich reichlich krumm und jetzt kommt dir so'n Oberyuppie auch noch richtig dumm.
11-1	1070-1075	Auf'n	negative[11]	_	
11-2	1076-1079	Job	negative[11]	_	
11-3	1079-1080	,	negative[11]	_	
11-4	1081-1083	da	negative[11]	_	
11-5	1084-1090	machst	negative[11]	_	
11-6	1091-1093	du	negative[11]	_	
11-7	1094-1098	dich	negative[11]	_	
11-8	1099-1108	reichlich	negative[11]	_	
11-9	1109-1114	krumm	negative[11]	_	
11-10	1115-1118	und	negative[11]	_	
11-11	1119-1124	jetzt	negative[11]	_	
11-12	1125-1130	kommt	negative[11]	_	
11-13	1131-1134	dir	negative[11]	_	
11-14	1135-1139	so'n	negative[11]	_	
11-15	1140-1150	Oberyuppie	negative[11]	Politik/Soziales/Missstände	
11-16	1151-1155	auch	negative[11]	_	
11-17	1156-1160	noch	negative[11]	_	
11-18	1161-1168	richtig	negative[11]	Persönliches/Emotionen[33]	
11-19	1169-1173	dumm	negative[11]	Persönliches/Emotionen[33]	
11-20	1173-1174	.	negative[11]	_	

#Text=Und dann bist du so frei und sagst: Hör'n Sie mal, Mann, lecken Sie sich selber - an meinen Arsch kommen Sie nicht ran.
12-1	1175-1178	Und	negative[12]	_	
12-2	1179-1183	dann	negative[12]	_	
12-3	1184-1188	bist	negative[12]	_	
12-4	1189-1191	du	negative[12]	_	
12-5	1192-1194	so	negative[12]	_	
12-6	1195-1199	frei	negative[12]	_	
12-7	1200-1203	und	negative[12]	_	
12-8	1204-1209	sagst	negative[12]	_	
12-9	1209-1210	:	negative[12]	_	
12-10	1211-1216	Hör'n	negative[12]	_	
12-11	1217-1220	Sie	negative[12]	_	
12-12	1221-1224	mal	negative[12]	_	
12-13	1224-1225	,	negative[12]	_	
12-14	1226-1230	Mann	negative[12]	_	
12-15	1230-1231	,	negative[12]	_	
12-16	1232-1238	lecken	negative[12]	Politik/Soziales/Missstände[34]	
12-17	1239-1242	Sie	negative[12]	Politik/Soziales/Missstände[34]	
12-18	1243-1247	sich	negative[12]	Politik/Soziales/Missstände[34]	
12-19	1248-1254	selber	negative[12]	Politik/Soziales/Missstände[34]	
12-20	1255-1256	-	negative[12]	_	
12-21	1257-1259	an	negative[12]	_	
12-22	1260-1266	meinen	negative[12]	_	
12-23	1267-1272	Arsch	negative[12]	_	
12-24	1273-1279	kommen	negative[12]	_	
12-25	1280-1283	Sie	negative[12]	_	
12-26	1284-1289	nicht	negative[12]	_	
12-27	1290-1293	ran	negative[12]	_	
12-28	1293-1294	.	negative[12]	_	

#Text=Ich bin der König von Scheißegalien, König von Scheißegalien, König von Scheißegalien.
13-1	1295-1298	Ich	neutral[13]	_	
13-2	1299-1302	bin	neutral[13]	_	
13-3	1303-1306	der	neutral[13]	_	
13-4	1307-1312	König	neutral[13]	Politik/Soziales/Missstände[35]	
13-5	1313-1316	von	neutral[13]	Politik/Soziales/Missstände[35]	
13-6	1317-1330	Scheißegalien	neutral[13]	Politik/Soziales/Missstände[35]	
13-7	1330-1331	,	neutral[13]	_	
13-8	1332-1337	König	neutral[13]	Politik/Soziales/Missstände[36]	
13-9	1338-1341	von	neutral[13]	Politik/Soziales/Missstände[36]	
13-10	1342-1355	Scheißegalien	neutral[13]	Politik/Soziales/Missstände[36]	
13-11	1355-1356	,	neutral[13]	_	
13-12	1357-1362	König	neutral[13]	Politik/Soziales/Missstände[37]	
13-13	1363-1366	von	neutral[13]	Politik/Soziales/Missstände[37]	
13-14	1367-1380	Scheißegalien	neutral[13]	Politik/Soziales/Missstände[37]	
13-15	1380-1381	.	_	_	
