#FORMAT=WebAnno TSV 3.2
#T_SP=webanno.custom.Sentiment|Polarity
#T_SP=webanno.custom.Topic|Topics


#Text=Hör' mir jetzt mal zu, lass mich jetzt in Ruh'  und ruf' mich nicht mehr an.
1-1	0-3	Hör	negative[1]	_	
1-2	3-4	'	negative[1]	_	
1-3	5-8	mir	negative[1]	_	
1-4	9-14	jetzt	negative[1]	_	
1-5	15-18	mal	negative[1]	_	
1-6	19-21	zu	negative[1]	_	
1-7	21-22	,	negative[1]	_	
1-8	23-27	lass	negative[1]	Persönliches/Emotionen[32]	
1-9	28-32	mich	negative[1]	Persönliches/Emotionen[32]	
1-10	33-38	jetzt	negative[1]	Persönliches/Emotionen[32]	
1-11	39-41	in	negative[1]	Persönliches/Emotionen[32]	
1-12	42-45	Ruh	negative[1]	Persönliches/Emotionen[32]	
1-13	45-46	'	negative[1]	_	
1-14	48-51	und	negative[1]	_	
1-15	52-55	ruf	negative[1]	_	
1-16	55-56	'	negative[1]	_	
1-17	57-61	mich	negative[1]	_	
1-18	62-67	nicht	negative[1]	_	
1-19	68-72	mehr	negative[1]	_	
1-20	73-75	an	negative[1]	_	
1-21	75-76	.	negative[1]	_	

#Text=Ich hab' keine Zeit, nicht gestern und nicht heut', nicht morgen und nicht irgendwann.
2-1	77-80	Ich	negative[2]	_	
2-2	81-84	hab	negative[2]	_	
2-3	84-85	'	negative[2]	_	
2-4	86-91	keine	negative[2]	_	
2-5	92-96	Zeit	negative[2]	_	
2-6	96-97	,	negative[2]	_	
2-7	98-103	nicht	negative[2]	_	
2-8	104-111	gestern	negative[2]	_	
2-9	112-115	und	negative[2]	_	
2-10	116-121	nicht	negative[2]	_	
2-11	122-126	heut	negative[2]	_	
2-12	126-127	'	negative[2]	_	
2-13	127-128	,	negative[2]	_	
2-14	129-134	nicht	negative[2]	_	
2-15	135-141	morgen	negative[2]	_	
2-16	142-145	und	negative[2]	_	
2-17	146-151	nicht	negative[2]	_	
2-18	152-162	irgendwann	negative[2]	_	
2-19	162-163	.	negative[2]	_	

#Text=Mach dir endlich klar: Es ist nicht mehr - es war.
3-1	164-168	Mach	negative[3]	_	
3-2	169-172	dir	negative[3]	_	
3-3	173-180	endlich	negative[3]	_	
3-4	181-185	klar	negative[3]	_	
3-5	185-186	:	negative[3]	_	
3-6	187-189	Es	negative[3]	_	
3-7	190-193	ist	negative[3]	_	
3-8	194-199	nicht	negative[3]	_	
3-9	200-204	mehr	negative[3]	_	
3-10	205-206	-	negative[3]	_	
3-11	207-209	es	negative[3]	_	
3-12	210-213	war	negative[3]	_	
3-13	213-214	.	negative[3]	_	

#Text=Du musst das kapier'n, eins wird nicht passier'n, mich kriegste nicht zurück.
4-1	219-221	Du	negative[4]	_	
4-2	222-227	musst	negative[4]	_	
4-3	228-231	das	negative[4]	_	
4-4	232-240	kapier'n	negative[4]	_	
4-5	240-241	,	negative[4]	_	
4-6	242-246	eins	negative[4]	_	
4-7	247-251	wird	negative[4]	_	
4-8	252-257	nicht	negative[4]	_	
4-9	258-267	passier'n	negative[4]	_	
4-10	267-268	,	negative[4]	_	
4-11	269-273	mich	negative[4]	Liebe/Partnerschaft[33]	
4-12	274-282	kriegste	negative[4]	Liebe/Partnerschaft[33]	
4-13	283-288	nicht	negative[4]	Liebe/Partnerschaft[33]	
4-14	289-295	zurück	negative[4]	Liebe/Partnerschaft[33]	
4-15	295-296	.	negative[4]	_	

#Text=Zieh doch einfach los, das Angebot ist groß, greif' dir 'n neues Glück.
5-1	297-301	Zieh	neutral[5]	_	
5-2	302-306	doch	neutral[5]	_	
5-3	307-314	einfach	neutral[5]	_	
5-4	315-318	los	neutral[5]	_	
5-5	318-319	,	neutral[5]	_	
5-6	320-323	das	neutral[5]	_	
5-7	324-331	Angebot	neutral[5]	_	
5-8	332-335	ist	neutral[5]	_	
5-9	336-340	groß	neutral[5]	_	
5-10	340-341	,	neutral[5]	_	
5-11	342-347	greif	neutral[5]	_	
5-12	347-348	'	neutral[5]	_	
5-13	349-352	dir	neutral[5]	_	
5-14	353-354	'	neutral[5]	_	
5-15	354-355	n	neutral[5]	_	
5-16	356-361	neues	neutral[5]	Liebe/Partnerschaft[34]	
5-17	362-367	Glück	neutral[5]	Liebe/Partnerschaft[34]	
5-18	367-368	.	neutral[5]	_	

#Text=Jeglichen Verkehr will ich mit dir nicht mehr.
6-1	369-378	Jeglichen	negative[6]	_	
6-2	379-386	Verkehr	negative[6]	Liebe/Partnerschaft	
6-3	387-391	will	negative[6]	_	
6-4	392-395	ich	negative[6]	_	
6-5	396-399	mit	negative[6]	_	
6-6	400-403	dir	negative[6]	_	
6-7	404-409	nicht	negative[6]	_	
6-8	410-414	mehr	negative[6]	_	
6-9	414-415	.	negative[6]	_	

#Text=Ein Herz kann man nicht reparier'n, ist es einmal entzwei, dann ist alles vorbei.
7-1	420-423	Ein	negative[7]	_	
7-2	424-428	Herz	negative[7]	Liebe/Partnerschaft	
7-3	429-433	kann	negative[7]	_	
7-4	434-437	man	negative[7]	_	
7-5	438-443	nicht	negative[7]	_	
7-6	444-454	reparier'n	negative[7]	_	
7-7	454-455	,	negative[7]	_	
7-8	456-459	ist	negative[7]	_	
7-9	460-462	es	negative[7]	_	
7-10	463-469	einmal	negative[7]	_	
7-11	470-477	entzwei	negative[7]	_	
7-12	477-478	,	negative[7]	_	
7-13	479-483	dann	negative[7]	_	
7-14	484-487	ist	negative[7]	_	
7-15	488-493	alles	negative[7]	_	
7-16	494-500	vorbei	negative[7]	_	
7-17	500-501	.	negative[7]	_	

#Text=Ein Herz kann man nicht reparier'n.
8-1	502-505	Ein	neutral[8]	_	
8-2	506-510	Herz	neutral[8]	Liebe/Partnerschaft	
8-3	511-515	kann	neutral[8]	_	
8-4	516-519	man	neutral[8]	_	
8-5	520-525	nicht	neutral[8]	_	
8-6	526-536	reparier'n	neutral[8]	_	
8-7	536-537	.	neutral[8]	_	

#Text=Niemand weiß, wie das geht, es ist meistens zu spät.
9-1	538-545	Niemand	negative[9]	_	
9-2	546-550	weiß	negative[9]	_	
9-3	550-551	,	negative[9]	_	
9-4	552-555	wie	negative[9]	_	
9-5	556-559	das	negative[9]	_	
9-6	560-564	geht	negative[9]	_	
9-7	564-565	,	negative[9]	_	
9-8	566-568	es	negative[9]	_	
9-9	569-572	ist	negative[9]	_	
9-10	573-581	meistens	negative[9]	_	
9-11	582-584	zu	negative[9]	_	
9-12	585-589	spät	negative[9]	_	
9-13	589-590	.	negative[9]	_	

#Text=Ein Herz kann man nicht reparier'n.
10-1	591-594	Ein	neutral[10]	_	
10-2	595-599	Herz	neutral[10]	Liebe/Partnerschaft	
10-3	600-604	kann	neutral[10]	_	
10-4	605-608	man	neutral[10]	_	
10-5	609-614	nicht	neutral[10]	_	
10-6	615-625	reparier'n	neutral[10]	_	
10-7	625-626	.	neutral[10]	_	

#Text=Da hilft keine Kur, da rinnen Tränen nur.
11-1	627-629	Da	negative[11]	_	
11-2	630-635	hilft	negative[11]	_	
11-3	636-641	keine	negative[11]	_	
11-4	642-645	Kur	negative[11]	Gesundheit/Drogen	
11-5	645-646	,	negative[11]	_	
11-6	647-649	da	negative[11]	_	
11-7	650-656	rinnen	negative[11]	_	
11-8	657-663	Tränen	negative[11]	Persönliches/Emotionen	
11-9	664-667	nur	negative[11]	_	
11-10	667-668	.	negative[11]	_	

#Text=Ein Herz kann man nicht reparier'n.
12-1	669-672	Ein	neutral[12]	_	
12-2	673-677	Herz	neutral[12]	Liebe/Partnerschaft	
12-3	678-682	kann	neutral[12]	_	
12-4	683-686	man	neutral[12]	_	
12-5	687-692	nicht	neutral[12]	_	
12-6	693-703	reparier'n	neutral[12]	_	
12-7	703-704	.	neutral[12]	_	

#Text=Alles bleibt leer  und auch der Arzt hilft nicht mehr.
13-1	705-710	Alles	negative[13]	_	
13-2	711-717	bleibt	negative[13]	_	
13-3	718-722	leer	negative[13]	_	
13-4	724-727	und	negative[13]	_	
13-5	728-732	auch	negative[13]	_	
13-6	733-736	der	negative[13]	_	
13-7	737-741	Arzt	negative[13]	Gesundheit/Drogen	
13-8	742-747	hilft	negative[13]	_	
13-9	748-753	nicht	negative[13]	_	
13-10	754-758	mehr	negative[13]	_	
13-11	758-759	.	negative[13]	_	

#Text=Jeglichen Verkehr will ich mit dir nicht mehr.
14-1	760-769	Jeglichen	negative[14]	_	
14-2	770-777	Verkehr	negative[14]	Liebe/Partnerschaft	
14-3	778-782	will	negative[14]	_	
14-4	783-786	ich	negative[14]	_	
14-5	787-790	mit	negative[14]	_	
14-6	791-794	dir	negative[14]	_	
14-7	795-800	nicht	negative[14]	_	
14-8	801-805	mehr	negative[14]	_	
14-9	805-806	.	negative[14]	_	

#Text=Kniest dich vor mich hin, hat doch keinen Sinn, mich kriegste nicht mehr rum.
15-1	811-817	Kniest	negative[15]	_	
15-2	818-822	dich	negative[15]	_	
15-3	823-826	vor	negative[15]	_	
15-4	827-831	mich	negative[15]	_	
15-5	832-835	hin	negative[15]	_	
15-6	835-836	,	negative[15]	_	
15-7	837-840	hat	negative[15]	_	
15-8	841-845	doch	negative[15]	_	
15-9	846-852	keinen	negative[15]	_	
15-10	853-857	Sinn	negative[15]	_	
15-11	857-858	,	negative[15]	_	
15-12	859-863	mich	negative[15]	Liebe/Partnerschaft[35]	
15-13	864-872	kriegste	negative[15]	Liebe/Partnerschaft[35]	
15-14	873-878	nicht	negative[15]	Liebe/Partnerschaft[35]	
15-15	879-883	mehr	negative[15]	Liebe/Partnerschaft[35]	
15-16	884-887	rum	negative[15]	Liebe/Partnerschaft[35]	
15-17	887-888	.	negative[15]	_	

#Text=Zieh' dich wieder an, ich lass' dich nicht mehr ran  und mach dich doch hier nicht krumm.
16-1	889-893	Zieh	negative[16]	_	
16-2	893-894	'	negative[16]	_	
16-3	895-899	dich	negative[16]	_	
16-4	900-906	wieder	negative[16]	_	
16-5	907-909	an	negative[16]	_	
16-6	909-910	,	negative[16]	_	
16-7	911-914	ich	negative[16]	_	
16-8	915-919	lass	negative[16]	_	
16-9	919-920	'	negative[16]	_	
16-10	921-925	dich	negative[16]	_	
16-11	926-931	nicht	negative[16]	_	
16-12	932-936	mehr	negative[16]	_	
16-13	937-940	ran	negative[16]	_	
16-14	942-945	und	negative[16]	_	
16-15	946-950	mach	negative[16]	_	
16-16	951-955	dich	negative[16]	_	
16-17	956-960	doch	negative[16]	_	
16-18	961-965	hier	negative[16]	_	
16-19	966-971	nicht	negative[16]	_	
16-20	972-977	krumm	negative[16]	_	
16-21	977-978	.	negative[16]	_	

#Text=Wenn ich dich so seh, aua, das tut weh.
17-1	979-983	Wenn	negative[17]	_	
17-2	984-987	ich	negative[17]	_	
17-3	988-992	dich	negative[17]	_	
17-4	993-995	so	negative[17]	_	
17-5	996-999	seh	negative[17]	_	
17-6	999-1000	,	negative[17]	_	
17-7	1001-1004	aua	negative[17]	_	
17-8	1004-1005	,	negative[17]	_	
17-9	1006-1009	das	negative[17]	_	
17-10	1010-1013	tut	negative[17]	Persönliches/Emotionen[36]	
17-11	1014-1017	weh	negative[17]	Persönliches/Emotionen[36]	
17-12	1017-1018	.	negative[17]	_	

#Text=Ein Herz kann man nicht reparier'n.
18-1	1023-1026	Ein	neutral[18]	_	
18-2	1027-1031	Herz	neutral[18]	Liebe/Partnerschaft	
18-3	1032-1036	kann	neutral[18]	_	
18-4	1037-1040	man	neutral[18]	_	
18-5	1041-1046	nicht	neutral[18]	_	
18-6	1047-1057	reparier'n	neutral[18]	_	
18-7	1057-1058	.	neutral[18]	_	

#Text=Ist es einmal entzwei, dann ist alles vorbei.
19-1	1059-1062	Ist	negative[19]	_	
19-2	1063-1065	es	negative[19]	_	
19-3	1066-1072	einmal	negative[19]	_	
19-4	1073-1080	entzwei	negative[19]	_	
19-5	1080-1081	,	negative[19]	_	
19-6	1082-1086	dann	negative[19]	_	
19-7	1087-1090	ist	negative[19]	_	
19-8	1091-1096	alles	negative[19]	_	
19-9	1097-1103	vorbei	negative[19]	_	
19-10	1103-1104	.	negative[19]	_	

#Text=Ein Herz kann man nicht reparier'n.
20-1	1105-1108	Ein	neutral[20]	_	
20-2	1109-1113	Herz	neutral[20]	Liebe/Partnerschaft	
20-3	1114-1118	kann	neutral[20]	_	
20-4	1119-1122	man	neutral[20]	_	
20-5	1123-1128	nicht	neutral[20]	_	
20-6	1129-1139	reparier'n	neutral[20]	_	
20-7	1139-1140	.	neutral[20]	_	

#Text=Niemand weiß, wie das geht, es ist meistens zu spät.
21-1	1141-1148	Niemand	negative[21]	_	
21-2	1149-1153	weiß	negative[21]	_	
21-3	1153-1154	,	negative[21]	_	
21-4	1155-1158	wie	negative[21]	_	
21-5	1159-1162	das	negative[21]	_	
21-6	1163-1167	geht	negative[21]	_	
21-7	1167-1168	,	negative[21]	_	
21-8	1169-1171	es	negative[21]	_	
21-9	1172-1175	ist	negative[21]	_	
21-10	1176-1184	meistens	negative[21]	_	
21-11	1185-1187	zu	negative[21]	_	
21-12	1188-1192	spät	negative[21]	_	
21-13	1192-1193	.	negative[21]	_	

#Text=Ein Herz kann man nicht reparier'n, da hilft keine Kur da rinnen Tränen nur.
22-1	1194-1197	Ein	negative[22]	_	
22-2	1198-1202	Herz	negative[22]	Liebe/Partnerschaft	
22-3	1203-1207	kann	negative[22]	_	
22-4	1208-1211	man	negative[22]	_	
22-5	1212-1217	nicht	negative[22]	_	
22-6	1218-1228	reparier'n	negative[22]	_	
22-7	1228-1229	,	negative[22]	_	
22-8	1230-1232	da	negative[22]	_	
22-9	1233-1238	hilft	negative[22]	_	
22-10	1239-1244	keine	negative[22]	_	
22-11	1245-1248	Kur	negative[22]	Gesundheit/Drogen	
22-12	1249-1251	da	negative[22]	_	
22-13	1252-1258	rinnen	negative[22]	_	
22-14	1259-1265	Tränen	negative[22]	Persönliches/Emotionen	
22-15	1266-1269	nur	negative[22]	_	
22-16	1269-1270	.	negative[22]	_	

#Text=Ein Herz kann man nicht reparier'n.
23-1	1271-1274	Ein	neutral[23]	_	
23-2	1275-1279	Herz	neutral[23]	Liebe/Partnerschaft	
23-3	1280-1284	kann	neutral[23]	_	
23-4	1285-1288	man	neutral[23]	_	
23-5	1289-1294	nicht	neutral[23]	_	
23-6	1295-1305	reparier'n	neutral[23]	_	
23-7	1305-1306	.	neutral[23]	_	

#Text=Alles bleibt leer  und auch der Arzt hilft nicht mehr.
24-1	1307-1312	Alles	negative[24]	Persönliches/Emotionen[37]	
24-2	1313-1319	bleibt	negative[24]	Persönliches/Emotionen[37]	
24-3	1320-1324	leer	negative[24]	Persönliches/Emotionen[37]	
24-4	1326-1329	und	negative[24]	_	
24-5	1330-1334	auch	negative[24]	_	
24-6	1335-1338	der	negative[24]	_	
24-7	1339-1343	Arzt	negative[24]	Gesundheit/Drogen	
24-8	1344-1349	hilft	negative[24]	_	
24-9	1350-1355	nicht	negative[24]	_	
24-10	1356-1360	mehr	negative[24]	_	
24-11	1360-1361	.	negative[24]	_	

#Text=Doch irgendwann wird sie vor mir steh'n, die Frau mit der Zaubermedizin und sie sagt: "Kleiner, ey, lass' mich mal seh'n, ich glaub', das kriegen wir wieder hin.
25-1	1366-1370	Doch	positive[25]	_	
25-2	1371-1381	irgendwann	positive[25]	_	
25-3	1382-1386	wird	positive[25]	_	
25-4	1387-1390	sie	positive[25]	_	
25-5	1391-1394	vor	positive[25]	_	
25-6	1395-1398	mir	positive[25]	_	
25-7	1399-1405	steh'n	positive[25]	_	
25-8	1405-1406	,	positive[25]	_	
25-9	1407-1410	die	positive[25]	_	
25-10	1411-1415	Frau	positive[25]	_	
25-11	1416-1419	mit	positive[25]	_	
25-12	1420-1423	der	positive[25]	_	
25-13	1424-1437	Zaubermedizin	positive[25]	Gesundheit/Drogen	
25-14	1438-1441	und	positive[25]	_	
25-15	1442-1445	sie	positive[25]	_	
25-16	1446-1450	sagt	positive[25]	_	
25-17	1450-1451	:	positive[25]	_	
25-18	1452-1453	"	positive[25]	_	
25-19	1453-1460	Kleiner	positive[25]	_	
25-20	1460-1461	,	positive[25]	_	
25-21	1462-1464	ey	positive[25]	_	
25-22	1464-1465	,	positive[25]	_	
25-23	1466-1470	lass	positive[25]	_	
25-24	1470-1471	'	positive[25]	_	
25-25	1472-1476	mich	positive[25]	_	
25-26	1477-1480	mal	positive[25]	_	
25-27	1481-1486	seh'n	positive[25]	_	
25-28	1486-1487	,	positive[25]	_	
25-29	1488-1491	ich	positive[25]	_	
25-30	1492-1497	glaub	positive[25]	_	
25-31	1497-1498	'	positive[25]	_	
25-32	1498-1499	,	positive[25]	_	
25-33	1500-1503	das	positive[25]	_	
25-34	1504-1511	kriegen	positive[25]	_	
25-35	1512-1515	wir	positive[25]	_	
25-36	1516-1522	wieder	positive[25]	_	
25-37	1523-1526	hin	positive[25]	_	
25-38	1526-1527	.	positive[25]	_	

#Text=Ein Herz, das kann man reparier'n.
26-1	1532-1535	Ein	neutral[26]	_	
26-2	1536-1540	Herz	neutral[26]	Liebe/Partnerschaft	
26-3	1540-1541	,	neutral[26]	_	
26-4	1542-1545	das	neutral[26]	_	
26-5	1546-1550	kann	neutral[26]	_	
26-6	1551-1554	man	neutral[26]	_	
26-7	1555-1565	reparier'n	neutral[26]	_	
26-8	1565-1566	.	neutral[26]	_	

#Text=Und geht's mal entzwei ist es längst nicht vorbei.
27-1	1567-1570	Und	positive[27]	_	
27-2	1571-1577	geht's	positive[27]	_	
27-3	1578-1581	mal	positive[27]	_	
27-4	1582-1589	entzwei	positive[27]	_	
27-5	1590-1593	ist	positive[27]	_	
27-6	1594-1596	es	positive[27]	_	
27-7	1597-1603	längst	positive[27]	_	
27-8	1604-1609	nicht	positive[27]	_	
27-9	1610-1616	vorbei	positive[27]	_	
27-10	1616-1617	.	positive[27]	_	

#Text=Ein Herz, das kann man reparier'n, ich weiß, wie das geht, es ist niemals zu spät.
28-1	1622-1625	Ein	positive[28]	_	
28-2	1626-1630	Herz	positive[28]	Liebe/Partnerschaft	
28-3	1630-1631	,	positive[28]	_	
28-4	1632-1635	das	positive[28]	_	
28-5	1636-1640	kann	positive[28]	_	
28-6	1641-1644	man	positive[28]	_	
28-7	1645-1655	reparier'n	positive[28]	_	
28-8	1655-1656	,	positive[28]	_	
28-9	1657-1660	ich	positive[28]	_	
28-10	1661-1665	weiß	positive[28]	_	
28-11	1665-1666	,	positive[28]	_	
28-12	1667-1670	wie	positive[28]	_	
28-13	1671-1674	das	positive[28]	_	
28-14	1675-1679	geht	positive[28]	_	
28-15	1679-1680	,	positive[28]	_	
28-16	1681-1683	es	positive[28]	_	
28-17	1684-1687	ist	positive[28]	_	
28-18	1688-1695	niemals	positive[28]	_	
28-19	1696-1698	zu	positive[28]	_	
28-20	1699-1703	spät	positive[28]	_	
28-21	1703-1704	.	positive[28]	_	

#Text=Ein Herz, das kann man reparier'n.
29-1	1709-1712	Ein	neutral[29]	_	
29-2	1713-1717	Herz	neutral[29]	Liebe/Partnerschaft	
29-3	1717-1718	,	neutral[29]	_	
29-4	1719-1722	das	neutral[29]	_	
29-5	1723-1727	kann	neutral[29]	_	
29-6	1728-1731	man	neutral[29]	_	
29-7	1732-1742	reparier'n	neutral[29]	_	
29-8	1742-1743	.	neutral[29]	_	

#Text=Ich kenn' da 'ne Kur, da hilft Küssen nur.
30-1	1744-1747	Ich	positive[30]	_	
30-2	1748-1752	kenn	positive[30]	_	
30-3	1752-1753	'	positive[30]	_	
30-4	1754-1756	da	positive[30]	_	
30-5	1757-1758	'	positive[30]	_	
30-6	1758-1760	ne	positive[30]	_	
30-7	1761-1764	Kur	positive[30]	Gesundheit/Drogen	
30-8	1764-1765	,	positive[30]	_	
30-9	1766-1768	da	positive[30]	_	
30-10	1769-1774	hilft	positive[30]	_	
30-11	1775-1781	Küssen	positive[30]	Liebe/Partnerschaft	
30-12	1782-1785	nur	positive[30]	_	
30-13	1785-1786	.	positive[30]	_	

#Text=Ein Herz, das kann man reparier'n, ist doch gar nicht schwer und 'n Arzt brauchen wir nicht mehr."
31-1	1791-1794	Ein	positive[31]	_	
31-2	1795-1799	Herz	positive[31]	Liebe/Partnerschaft	
31-3	1799-1800	,	positive[31]	_	
31-4	1801-1804	das	positive[31]	_	
31-5	1805-1809	kann	positive[31]	_	
31-6	1810-1813	man	positive[31]	_	
31-7	1814-1824	reparier'n	positive[31]	_	
31-8	1824-1825	,	positive[31]	_	
31-9	1826-1829	ist	positive[31]	_	
31-10	1830-1834	doch	positive[31]	_	
31-11	1835-1838	gar	positive[31]	_	
31-12	1839-1844	nicht	positive[31]	_	
31-13	1845-1851	schwer	positive[31]	_	
31-14	1852-1855	und	positive[31]	_	
31-15	1856-1857	'	positive[31]	_	
31-16	1857-1858	n	positive[31]	_	
31-17	1859-1863	Arzt	positive[31]	Gesundheit/Drogen	
31-18	1864-1872	brauchen	positive[31]	_	
31-19	1873-1876	wir	positive[31]	_	
31-20	1877-1882	nicht	positive[31]	_	
31-21	1883-1887	mehr	positive[31]	_	
31-22	1887-1888	.	positive[31]	_	
31-23	1888-1889	"	positive[31]	_	
