#FORMAT=WebAnno TSV 3.2
#T_SP=webanno.custom.Sentiment|Polarity
#T_SP=webanno.custom.Topic|Topics


#Text=Das Telefon im Vatikan , Thomas Gottschalk ruft da an .
1-1	0-3	Das	neutral[1]	_	
1-2	4-11	Telefon	neutral[1]	_	
1-3	12-14	im	neutral[1]	_	
1-4	15-22	Vatikan	neutral[1]	Politik/Soziales/Missstände	
1-5	23-24	,	neutral[1]	_	
1-6	25-31	Thomas	neutral[1]	Politik/Soziales/Missstände[16]	
1-7	32-42	Gottschalk	neutral[1]	Politik/Soziales/Missstände[16]	
1-8	43-47	ruft	neutral[1]	_	
1-9	48-50	da	neutral[1]	_	
1-10	51-53	an	neutral[1]	_	
1-11	54-55	.	_	_	

#Text=Er lädt den Papst ganz locker ein , Bei 'Wetten dass' mal dabei zu sein , Weil der Papst is 'n Hammer, ist enorm auf Zack .
2-1	56-58	Er	neutral[2]	_	
2-2	59-63	lädt	neutral[2]	_	
2-3	64-67	den	neutral[2]	_	
2-4	68-73	Papst	neutral[2]	Politik/Soziales/Missstände	
2-5	74-78	ganz	neutral[2]	_	
2-6	79-85	locker	neutral[2]	_	
2-7	86-89	ein	neutral[2]	_	
2-8	90-91	,	neutral[2]	_	
2-9	92-95	Bei	neutral[2]	_	
2-10	96-97	'	neutral[2]	_	
2-11	97-103	Wetten	neutral[2]	_	
2-12	104-108	dass	neutral[2]	_	
2-13	108-109	'	neutral[2]	_	
2-14	110-113	mal	neutral[2]	_	
2-15	114-119	dabei	neutral[2]	_	
2-16	120-122	zu	neutral[2]	_	
2-17	123-127	sein	neutral[2]	_	
2-18	128-129	,	_	_	
2-19	130-134	Weil	positive[3]	_	
2-20	135-138	der	positive[3]	_	
2-21	139-144	Papst	positive[3]	Politik/Soziales/Missstände	
2-22	145-147	is	positive[3]	_	
2-23	148-149	'	positive[3]	_	
2-24	149-150	n	positive[3]	_	
2-25	151-157	Hammer	positive[3]	_	
2-26	157-158	,	positive[3]	_	
2-27	159-162	ist	positive[3]	_	
2-28	163-168	enorm	positive[3]	_	
2-29	169-172	auf	positive[3]	_	
2-30	173-177	Zack	positive[3]	_	
2-31	178-179	.	_	_	

#Text=Er erkennt 50 Länder an ihrem Geschmack, oh yeah , Weil er doch ständig den Boden abküsst .
3-1	180-182	Er	neutral[4]	_	
3-2	183-190	erkennt	neutral[4]	_	
3-3	191-193	50	neutral[4]	_	
3-4	194-200	Länder	neutral[4]	_	
3-5	201-203	an	neutral[4]	_	
3-6	204-209	ihrem	neutral[4]	_	
3-7	210-219	Geschmack	neutral[4]	_	
3-8	219-220	,	neutral[4]	_	
3-9	221-223	oh	neutral[4]	_	
3-10	224-228	yeah	neutral[4]	_	
3-11	229-230	,	neutral[4]	_	
3-12	231-235	Weil	neutral[4]	_	
3-13	236-238	er	neutral[4]	_	
3-14	239-243	doch	neutral[4]	_	
3-15	244-251	ständig	neutral[4]	_	
3-16	252-255	den	neutral[4]	_	
3-17	256-261	Boden	neutral[4]	_	
3-18	262-269	abküsst	neutral[4]	Liebe/Partnerschaft	
3-19	270-271	.	_	_	

#Text=Ja, da weiß er immer gleich, wo er ist.
4-1	272-274	Ja	neutral[5]	_	
4-2	274-275	,	neutral[5]	_	
4-3	276-278	da	neutral[5]	_	
4-4	279-283	weiß	neutral[5]	_	
4-5	284-286	er	neutral[5]	_	
4-6	287-292	immer	neutral[5]	_	
4-7	293-299	gleich	neutral[5]	_	
4-8	299-300	,	neutral[5]	_	
4-9	301-303	wo	neutral[5]	_	
4-10	304-306	er	neutral[5]	_	
4-11	307-310	ist	neutral[5]	_	
4-12	310-311	.	_	_	

#Text=Benedictum - bene benedactum .
5-1	316-326	Benedictum	neutral[6]	_	
5-2	327-328	-	neutral[6]	_	
5-3	329-333	bene	neutral[6]	_	
5-4	334-344	benedactum	neutral[6]	_	
5-5	345-346	.	_	_	

#Text=Es läuft hier heute alles wieder nackt rum  Und wenn er das sieht, der heilige Vater - dann macht er Theater .
6-1	347-349	Es	negative[7]	_	
6-2	350-355	läuft	negative[7]	_	
6-3	356-360	hier	negative[7]	_	
6-4	361-366	heute	negative[7]	_	
6-5	367-372	alles	negative[7]	_	
6-6	373-379	wieder	negative[7]	_	
6-7	380-385	nackt	negative[7]	_	
6-8	386-389	rum	negative[7]	_	
6-9	391-394	Und	negative[7]	_	
6-10	395-399	wenn	negative[7]	_	
6-11	400-402	er	negative[7]	_	
6-12	403-406	das	negative[7]	_	
6-13	407-412	sieht	negative[7]	_	
6-14	412-413	,	negative[7]	_	
6-15	414-417	der	negative[7]	Politik/Soziales/Missstände[17]	
6-16	418-425	heilige	negative[7]	Politik/Soziales/Missstände[17]	
6-17	426-431	Vater	negative[7]	Politik/Soziales/Missstände[17]	
6-18	432-433	-	negative[7]	_	
6-19	434-438	dann	negative[7]	_	
6-20	439-444	macht	negative[7]	_	
6-21	445-447	er	negative[7]	_	
6-22	448-455	Theater	negative[7]	_	
6-23	456-457	.	_	_	

#Text=Der weiße Blitz aus Rom , Keine Pille, kein Kondom , Halleluja.
7-1	458-461	Der	neutral[8]	_	
7-2	462-467	weiße	neutral[8]	_	
7-3	468-473	Blitz	neutral[8]	_	
7-4	474-477	aus	neutral[8]	_	
7-5	478-481	Rom	neutral[8]	_	
7-6	482-483	,	neutral[8]	_	
7-7	484-489	Keine	neutral[8]	Gesundheit/Drogen[18]	
7-8	490-495	Pille	neutral[8]	Gesundheit/Drogen[18]	
7-9	495-496	,	neutral[8]	_	
7-10	497-501	kein	neutral[8]	Gesundheit/Drogen[19]	
7-11	502-508	Kondom	neutral[8]	Gesundheit/Drogen[19]	
7-12	509-510	,	neutral[8]	_	
7-13	511-520	Halleluja	neutral[8]	_	
7-14	520-521	.	_	_	

#Text=Er fährt so gern in der Welt herum , In seinem Papst-Aquarium .
8-1	526-528	Er	neutral[9]	_	
8-2	529-534	fährt	neutral[9]	_	
8-3	535-537	so	neutral[9]	_	
8-4	538-542	gern	neutral[9]	_	
8-5	543-545	in	neutral[9]	_	
8-6	546-549	der	neutral[9]	_	
8-7	550-554	Welt	neutral[9]	_	
8-8	555-560	herum	neutral[9]	_	
8-9	561-562	,	neutral[9]	_	
8-10	563-565	In	neutral[9]	_	
8-11	566-572	seinem	neutral[9]	_	
8-12	573-587	Papst-Aquarium	neutral[9]	_	
8-13	588-589	.	_	_	

#Text=Macht Winkewinke , Guckt in den Himmel , Und streichelt zärtlich seinen Hirtenstab .
9-1	590-595	Macht	neutral[10]	_	
9-2	596-606	Winkewinke	neutral[10]	_	
9-3	607-608	,	neutral[10]	_	
9-4	609-614	Guckt	neutral[10]	_	
9-5	615-617	in	neutral[10]	_	
9-6	618-621	den	neutral[10]	_	
9-7	622-628	Himmel	neutral[10]	_	
9-8	629-630	,	neutral[10]	_	
9-9	631-634	Und	neutral[10]	_	
9-10	635-645	streichelt	neutral[10]	_	
9-11	646-654	zärtlich	neutral[10]	_	
9-12	655-661	seinen	neutral[10]	_	
9-13	662-672	Hirtenstab	neutral[10]	_	
9-14	673-674	.	_	_	

#Text=Er sagt: Die Röcke lang , Die Hosen bleiben zu , Das muntere Gevögel , Das ist hier ein Tabu!
10-1	675-677	Er	negative[11]	_	
10-2	678-682	sagt	negative[11]	_	
10-3	682-683	:	negative[11]	_	
10-4	684-687	Die	negative[11]	_	
10-5	688-693	Röcke	negative[11]	_	
10-6	694-698	lang	negative[11]	_	
10-7	699-700	,	negative[11]	_	
10-8	701-704	Die	negative[11]	_	
10-9	705-710	Hosen	negative[11]	_	
10-10	711-718	bleiben	negative[11]	_	
10-11	719-721	zu	negative[11]	_	
10-12	722-723	,	negative[11]	_	
10-13	724-727	Das	negative[11]	_	
10-14	728-735	muntere	negative[11]	_	
10-15	736-743	Gevögel	negative[11]	Liebe/Partnerschaft	
10-16	744-745	,	negative[11]	_	
10-17	746-749	Das	negative[11]	_	
10-18	750-753	ist	negative[11]	_	
10-19	754-758	hier	negative[11]	_	
10-20	759-762	ein	negative[11]	_	
10-21	763-767	Tabu	negative[11]	_	
10-22	767-768	!	negative[11]	_	

#Text=Es sei denn im Dunkeln und ganz geschwind , Gezeuget sei das Katholenkind.
11-1	770-772	Es	neutral[12]	_	
11-2	773-776	sei	neutral[12]	_	
11-3	777-781	denn	neutral[12]	_	
11-4	782-784	im	neutral[12]	_	
11-5	785-792	Dunkeln	neutral[12]	_	
11-6	793-796	und	neutral[12]	_	
11-7	797-801	ganz	neutral[12]	_	
11-8	802-811	geschwind	neutral[12]	_	
11-9	812-813	,	neutral[12]	_	
11-10	814-822	Gezeuget	neutral[12]	Liebe/Partnerschaft[20]	
11-11	823-826	sei	neutral[12]	Liebe/Partnerschaft[20]	
11-12	827-830	das	neutral[12]	_	
11-13	831-843	Katholenkind	neutral[12]	_	
11-14	843-844	.	_	_	

#Text=Benedictum - bene benedactum .
12-1	849-859	Benedictum	neutral[13]	_	
12-2	860-861	-	neutral[13]	_	
12-3	862-866	bene	neutral[13]	_	
12-4	867-877	benedactum	neutral[13]	_	
12-5	878-879	.	_	_	

#Text=Es läuft hier heute alles wieder nackt rum  Und wenn sie schon nicht wissen , Wohin mit ihrem Samen , Dann bumsen sie doch 'ne Runde , In Gottes Namen .
13-1	880-882	Es	neutral[14]	_	
13-2	883-888	läuft	neutral[14]	_	
13-3	889-893	hier	neutral[14]	_	
13-4	894-899	heute	neutral[14]	_	
13-5	900-905	alles	neutral[14]	_	
13-6	906-912	wieder	neutral[14]	_	
13-7	913-918	nackt	neutral[14]	_	
13-8	919-922	rum	neutral[14]	_	
13-9	924-927	Und	neutral[14]	_	
13-10	928-932	wenn	neutral[14]	_	
13-11	933-936	sie	neutral[14]	_	
13-12	937-942	schon	neutral[14]	_	
13-13	943-948	nicht	neutral[14]	_	
13-14	949-955	wissen	neutral[14]	_	
13-15	956-957	,	neutral[14]	_	
13-16	958-963	Wohin	neutral[14]	_	
13-17	964-967	mit	neutral[14]	_	
13-18	968-973	ihrem	neutral[14]	_	
13-19	974-979	Samen	neutral[14]	Liebe/Partnerschaft	
13-20	980-981	,	neutral[14]	_	
13-21	982-986	Dann	neutral[14]	_	
13-22	987-993	bumsen	neutral[14]	Liebe/Partnerschaft	
13-23	994-997	sie	neutral[14]	_	
13-24	998-1002	doch	neutral[14]	_	
13-25	1003-1004	'	neutral[14]	_	
13-26	1004-1006	ne	neutral[14]	_	
13-27	1007-1012	Runde	neutral[14]	_	
13-28	1013-1014	,	neutral[14]	_	
13-29	1015-1017	In	neutral[14]	_	
13-30	1018-1024	Gottes	neutral[14]	_	
13-31	1025-1030	Namen	neutral[14]	_	
13-32	1031-1032	.	neutral[14]	_	

#Text=Der weiße Blitz aus Rom , Keine Pille, kein Kondom , Halleluja.
14-1	1033-1036	Der	neutral[15]	_	
14-2	1037-1042	weiße	neutral[15]	_	
14-3	1043-1048	Blitz	neutral[15]	_	
14-4	1049-1052	aus	neutral[15]	_	
14-5	1053-1056	Rom	neutral[15]	_	
14-6	1057-1058	,	neutral[15]	_	
14-7	1059-1064	Keine	neutral[15]	Gesundheit/Drogen[21]	
14-8	1065-1070	Pille	neutral[15]	Gesundheit/Drogen[21]	
14-9	1070-1071	,	neutral[15]	_	
14-10	1072-1076	kein	neutral[15]	Reisen[22]	
14-11	1077-1083	Kondom	neutral[15]	Reisen[22]	
14-12	1084-1085	,	neutral[15]	_	
14-13	1086-1095	Halleluja	neutral[15]	_	
14-14	1095-1096	.	_	_	
