#FORMAT=WebAnno TSV 3.2
#T_SP=webanno.custom.Sentiment|Polarity
#T_SP=webanno.custom.Topic|Topics


#Text=Baby, willst du meine goldenen Schallplatten putzen und willst du ihn mal fahr'n meinen Chevrolet?
1-1	0-4	Baby	neutral[1]	Liebe/Partnerschaft[20]	
1-2	4-5	,	neutral[1]	Liebe/Partnerschaft[20]	
1-3	6-12	willst	neutral[1]	_	
1-4	13-15	du	neutral[1]	_	
1-5	16-21	meine	neutral[1]	_	
1-6	22-30	goldenen	neutral[1]	_	
1-7	31-44	Schallplatten	neutral[1]	Musik	
1-8	45-51	putzen	neutral[1]	_	
1-9	52-55	und	_	_	
1-10	56-62	willst	neutral[2]	_	
1-11	63-65	du	neutral[2]	_	
1-12	66-69	ihn	neutral[2]	_	
1-13	70-73	mal	neutral[2]	_	
1-14	74-80	fahr'n	neutral[2]	_	
1-15	81-87	meinen	neutral[2]	_	
1-16	88-97	Chevrolet	neutral[2]	_	
1-17	97-98	?	neutral[2]	_	

#Text=Baby, willst du mein Autotelefon benutzen und deiner Mutti sagen: Es ist alles okay, oder findest du solche Sprüche auch ziemlich idiotisch und wenig erotisch?
2-1	99-103	Baby	neutral[3]	Liebe/Partnerschaft	
2-2	103-104	,	neutral[3]	_	
2-3	105-111	willst	neutral[3]	_	
2-4	112-114	du	neutral[3]	_	
2-5	115-119	mein	neutral[3]	_	
2-6	120-131	Autotelefon	neutral[3]	_	
2-7	132-140	benutzen	neutral[3]	_	
2-8	141-144	und	neutral[3]	_	
2-9	145-151	deiner	neutral[3]	_	
2-10	152-157	Mutti	neutral[3]	Liebe/Partnerschaft	
2-11	158-163	sagen	neutral[3]	_	
2-12	163-164	:	neutral[3]	_	
2-13	165-167	Es	positive[4]	_	
2-14	168-171	ist	positive[4]	_	
2-15	172-177	alles	positive[4]	_	
2-16	178-182	okay	positive[4]	_	
2-17	182-183	,	_	_	
2-18	184-188	oder	negative[5]	_	
2-19	189-196	findest	negative[5]	_	
2-20	197-199	du	negative[5]	_	
2-21	200-206	solche	negative[5]	_	
2-22	207-214	Sprüche	negative[5]	_	
2-23	215-219	auch	negative[5]	_	
2-24	220-228	ziemlich	negative[5]	_	
2-25	229-238	idiotisch	negative[5]	Persönliches/Emotionen	
2-26	239-242	und	negative[5]	_	
2-27	243-248	wenig	negative[5]	Liebe/Partnerschaft[21]	
2-28	249-257	erotisch	negative[5]	Liebe/Partnerschaft[21]	
2-29	257-258	?	negative[5]	_	

#Text=Mick Jagger, Alfred Dregger, Rod Steward, James Hunt nur große Namen sind interessant für:  
#Text= 
#Text=Angelika aus Winsen an der Luhe, die lässt nämlich keinen Star in Ruhe und Bodo, der Roadie, sagt: Ey, wenn du nur eine Nacht bei mir wohnst, dann mach ich dich bekannt mit all den Beatles, den Bee Gees und den Stones.
3-1	259-263	Mick	negative[6]	Musik[22]	
3-2	264-270	Jagger	negative[6]	Musik[22]	
3-3	270-271	,	negative[6]	_	
3-4	272-278	Alfred	negative[6]	Musik[23]	
3-5	279-286	Dregger	negative[6]	Musik[23]	
3-6	286-287	,	negative[6]	_	
3-7	288-291	Rod	negative[6]	Musik[24]	
3-8	292-299	Steward	negative[6]	Musik[24]	
3-9	299-300	,	negative[6]	_	
3-10	301-306	James	negative[6]	Musik[25]	
3-11	307-311	Hunt	negative[6]	Musik[25]	
3-12	312-315	nur	negative[6]	_	
3-13	316-321	große	negative[6]	_	
3-14	322-327	Namen	negative[6]	_	
3-15	328-332	sind	negative[6]	_	
3-16	333-344	interessant	negative[6]	_	
3-17	345-348	für	negative[6]	_	
3-18	348-349	:	_	_	
3-19	354-362	Angelika	negative[7]	_	
3-20	363-366	aus	negative[7]	_	
3-21	367-373	Winsen	negative[7]	Reisen[26]	
3-22	374-376	an	negative[7]	Reisen[26]	
3-23	377-380	der	negative[7]	Reisen[26]	
3-24	381-385	Luhe	negative[7]	Reisen[26]	
3-25	385-386	,	negative[7]	_	
3-26	387-390	die	negative[7]	_	
3-27	391-396	lässt	negative[7]	_	
3-28	397-404	nämlich	negative[7]	_	
3-29	405-411	keinen	negative[7]	_	
3-30	412-416	Star	negative[7]	_	
3-31	417-419	in	negative[7]	_	
3-32	420-424	Ruhe	negative[7]	_	
3-33	425-428	und	_	_	
3-34	429-433	Bodo	neutral[8]	_	
3-35	433-434	,	neutral[8]	_	
3-36	435-438	der	neutral[8]	_	
3-37	439-445	Roadie	neutral[8]	Musik	
3-38	445-446	,	neutral[8]	_	
3-39	447-451	sagt	neutral[8]	_	
3-40	451-452	:	neutral[8]	_	
3-41	453-455	Ey	neutral[9]	_	
3-42	455-456	,	neutral[9]	_	
3-43	457-461	wenn	neutral[9]	_	
3-44	462-464	du	neutral[9]	_	
3-45	465-468	nur	neutral[9]	_	
3-46	469-473	eine	neutral[9]	_	
3-47	474-479	Nacht	neutral[9]	_	
3-48	480-483	bei	neutral[9]	_	
3-49	484-487	mir	neutral[9]	_	
3-50	488-494	wohnst	neutral[9]	_	
3-51	494-495	,	neutral[9]	_	
3-52	496-500	dann	neutral[9]	_	
3-53	501-505	mach	neutral[9]	_	
3-54	506-509	ich	neutral[9]	_	
3-55	510-514	dich	neutral[9]	_	
3-56	515-522	bekannt	neutral[9]	_	
3-57	523-526	mit	neutral[9]	_	
3-58	527-530	all	neutral[9]	_	
3-59	531-534	den	neutral[9]	_	
3-60	535-542	Beatles	neutral[9]	Musik	
3-61	542-543	,	neutral[9]	_	
3-62	544-547	den	neutral[9]	_	
3-63	548-551	Bee	neutral[9]	Musik[27]	
3-64	552-556	Gees	neutral[9]	Musik[27]	
3-65	557-560	und	neutral[9]	_	
3-66	561-564	den	neutral[9]	_	
3-67	565-571	Stones	neutral[9]	Musik	
3-68	571-572	.	neutral[9]	_	

#Text=Bei jedem Konzert sieht man dieses wilde Kind und dann zeigt sie den Stars, wo die erogenen Zonen sind und dann nach der Schau besteigt diese Frau den Band-Bus mit losem Reizverschluss. dann geht alles sehr schnell im Hotel. sie schiebt sich unter ihren Traum, der besoffen ist und stumm und küsst den Sternenstaub von seiner schwitzigen Haut und denkt, sie umarmt das Universum.
4-1	577-580	Bei	positive[10]	_	
4-2	581-586	jedem	positive[10]	_	
4-3	587-594	Konzert	positive[10]	Musik	
4-4	595-600	sieht	positive[10]	_	
4-5	601-604	man	positive[10]	_	
4-6	605-611	dieses	positive[10]	_	
4-7	612-617	wilde	positive[10]	_	
4-8	618-622	Kind	positive[10]	_	
4-9	623-626	und	_	_	
4-10	627-631	dann	neutral[11]	_	
4-11	632-637	zeigt	neutral[11]	_	
4-12	638-641	sie	neutral[11]	_	
4-13	642-645	den	neutral[11]	_	
4-14	646-651	Stars	neutral[11]	_	
4-15	651-652	,	neutral[11]	_	
4-16	653-655	wo	neutral[11]	_	
4-17	656-659	die	neutral[11]	_	
4-18	660-668	erogenen	neutral[11]	Liebe/Partnerschaft[28]	
4-19	669-674	Zonen	neutral[11]	Liebe/Partnerschaft[28]	
4-20	675-679	sind	neutral[11]	_	
4-21	680-683	und	_	_	
4-22	684-688	dann	positive[12]	_	
4-23	689-693	nach	positive[12]	_	
4-24	694-697	der	positive[12]	_	
4-25	698-703	Schau	positive[12]	_	
4-26	704-712	besteigt	positive[12]	_	
4-27	713-718	diese	positive[12]	_	
4-28	719-723	Frau	positive[12]	_	
4-29	724-727	den	positive[12]	_	
4-30	728-736	Band-Bus	positive[12]	Musik	
4-31	737-740	mit	positive[12]	_	
4-32	741-746	losem	positive[12]	_	
4-33	747-761	Reizverschluss	positive[12]	Liebe/Partnerschaft	
4-34	761-762	.	_	_	
4-35	763-767	dann	neutral[13]	_	
4-36	768-772	geht	neutral[13]	_	
4-37	773-778	alles	neutral[13]	_	
4-38	779-783	sehr	neutral[13]	_	
4-39	784-791	schnell	neutral[13]	_	
4-40	792-794	im	neutral[13]	_	
4-41	795-800	Hotel	neutral[13]	_	
4-42	800-801	.	_	_	
4-43	802-805	sie	negative[14]	_	
4-44	806-813	schiebt	negative[14]	_	
4-45	814-818	sich	negative[14]	_	
4-46	819-824	unter	negative[14]	_	
4-47	825-830	ihren	negative[14]	_	
4-48	831-836	Traum	negative[14]	_	
4-49	836-837	,	negative[14]	_	
4-50	838-841	der	negative[14]	_	
4-51	842-850	besoffen	negative[14]	Gesundheit/Drogen	
4-52	851-854	ist	negative[14]	_	
4-53	855-858	und	negative[14]	_	
4-54	859-864	stumm	negative[14]	_	
4-55	865-868	und	_	_	
4-56	869-874	küsst	negative[15]	Liebe/Partnerschaft	
4-57	875-878	den	negative[15]	_	
4-58	879-891	Sternenstaub	negative[15]	_	
4-59	892-895	von	negative[15]	_	
4-60	896-902	seiner	negative[15]	_	
4-61	903-914	schwitzigen	negative[15]	_	
4-62	915-919	Haut	negative[15]	_	
4-63	920-923	und	_	_	
4-64	924-929	denkt	positive[16]	_	
4-65	929-930	,	positive[16]	_	
4-66	931-934	sie	positive[16]	_	
4-67	935-941	umarmt	positive[16]	_	
4-68	942-945	das	positive[16]	_	
4-69	946-955	Universum	positive[16]	_	
4-70	955-956	.	_	_	

#Text=Angelika aus Winsen an der Luhe, die lässt nämlich keinen Star in Ruhe. den unbekannten Jungen, der neben ihr steht, den übersieht sie voller Hohn. sie macht es nicht unter einem Beatle 'nem Bee Gee oder Stone.
5-1	961-969	Angelika	negative[17]	_	
5-2	970-973	aus	negative[17]	_	
5-3	974-980	Winsen	negative[17]	Reisen[29]	
5-4	981-983	an	negative[17]	Reisen[29]	
5-5	984-987	der	negative[17]	Reisen[29]	
5-6	988-992	Luhe	negative[17]	Reisen[29]	
5-7	992-993	,	negative[17]	_	
5-8	994-997	die	negative[17]	_	
5-9	998-1003	lässt	negative[17]	_	
5-10	1004-1011	nämlich	negative[17]	_	
5-11	1012-1018	keinen	negative[17]	_	
5-12	1019-1023	Star	negative[17]	_	
5-13	1024-1026	in	negative[17]	_	
5-14	1027-1031	Ruhe	negative[17]	_	
5-15	1031-1032	.	_	_	
5-16	1033-1036	den	negative[18]	_	
5-17	1037-1048	unbekannten	negative[18]	_	
5-18	1049-1055	Jungen	negative[18]	_	
5-19	1055-1056	,	negative[18]	_	
5-20	1057-1060	der	negative[18]	_	
5-21	1061-1066	neben	negative[18]	_	
5-22	1067-1070	ihr	negative[18]	_	
5-23	1071-1076	steht	negative[18]	_	
5-24	1076-1077	,	negative[18]	_	
5-25	1078-1081	den	negative[18]	_	
5-26	1082-1091	übersieht	negative[18]	_	
5-27	1092-1095	sie	negative[18]	_	
5-28	1096-1102	voller	negative[18]	_	
5-29	1103-1107	Hohn	negative[18]	Persönliches/Emotionen[30]	
5-30	1107-1108	.	_	Persönliches/Emotionen[30]	
5-31	1109-1112	sie	negative[19]	_	
5-32	1113-1118	macht	negative[19]	_	
5-33	1119-1121	es	negative[19]	_	
5-34	1122-1127	nicht	negative[19]	_	
5-35	1128-1133	unter	negative[19]	_	
5-36	1134-1139	einem	negative[19]	_	
5-37	1140-1146	Beatle	negative[19]	Musik	
5-38	1147-1148	'	negative[19]	_	
5-39	1148-1151	nem	negative[19]	_	
5-40	1152-1155	Bee	negative[19]	Musik[31]	
5-41	1156-1159	Gee	negative[19]	Musik[31]	
5-42	1160-1164	oder	negative[19]	_	
5-43	1165-1170	Stone	negative[19]	Musik	
5-44	1170-1171	.	_	_	
