#FORMAT=WebAnno TSV 3.2
#T_SP=webanno.custom.Sentiment|Polarity
#T_SP=webanno.custom.Topic|Topics


#Text=Die größte Liebe meines Lebens  kann ich nicht vergessen , ich kann tun, was ich will , doch ich finde keine Ruh'.
1-1	0-3	Die	negative[1]	_	
1-2	4-10	größte	negative[1]	Liebe/Partnerschaft[3]	
1-3	11-16	Liebe	negative[1]	Liebe/Partnerschaft[3]	
1-4	17-23	meines	negative[1]	_	
1-5	24-30	Lebens	negative[1]	_	
1-6	32-36	kann	negative[1]	_	
1-7	37-40	ich	negative[1]	_	
1-8	41-46	nicht	negative[1]	Persönliches/Emotionen[4]	
1-9	47-56	vergessen	negative[1]	Persönliches/Emotionen[4]	
1-10	57-58	,	negative[1]	_	
1-11	59-62	ich	negative[1]	_	
1-12	63-67	kann	negative[1]	_	
1-13	68-71	tun	negative[1]	_	
1-14	71-72	,	negative[1]	_	
1-15	73-76	was	negative[1]	_	
1-16	77-80	ich	negative[1]	_	
1-17	81-85	will	negative[1]	_	
1-18	86-87	,	negative[1]	_	
1-19	88-92	doch	negative[1]	_	
1-20	93-96	ich	negative[1]	Persönliches/Emotionen[5]	
1-21	97-102	finde	negative[1]	Persönliches/Emotionen[5]	
1-22	103-108	keine	negative[1]	Persönliches/Emotionen[5]	
1-23	109-112	Ruh	negative[1]	Persönliches/Emotionen[5]	
1-24	112-113	'	negative[1]	_	
1-25	113-114	.	negative[1]	_	

#Text=Die größte Liebe meines Lebens  wohnt so tief in meinem Herzen  und diese Liebe, diese Liebe , das bist du.
2-1	119-122	Die	positive[2]	_	
2-2	123-129	größte	positive[2]	Liebe/Partnerschaft[6]	
2-3	130-135	Liebe	positive[2]	Liebe/Partnerschaft[6]	
2-4	136-142	meines	positive[2]	_	
2-5	143-149	Lebens	positive[2]	_	
2-6	151-156	wohnt	positive[2]	_	
2-7	157-159	so	positive[2]	_	
2-8	160-164	tief	positive[2]	Liebe/Partnerschaft[7]	
2-9	165-167	in	positive[2]	Liebe/Partnerschaft[7]	
2-10	168-174	meinem	positive[2]	Liebe/Partnerschaft[7]	
2-11	175-181	Herzen	positive[2]	Liebe/Partnerschaft[7]	
2-12	183-186	und	positive[2]	_	
2-13	187-192	diese	positive[2]	_	
2-14	193-198	Liebe	positive[2]	Liebe/Partnerschaft	
2-15	198-199	,	positive[2]	_	
2-16	200-205	diese	positive[2]	_	
2-17	206-211	Liebe	positive[2]	Liebe/Partnerschaft	
2-18	212-213	,	positive[2]	_	
2-19	214-217	das	positive[2]	_	
2-20	218-222	bist	positive[2]	_	
2-21	223-225	du	positive[2]	_	
2-22	225-226	.	positive[2]	_	
