#FORMAT=WebAnno TSV 3.2
#T_SP=webanno.custom.Sentiment|Polarity
#T_SP=webanno.custom.Topic|Topics


#Text=Als er mit seinem ersten Mädchen im Arm und mit Heiratsplänen nach Hause kam, nahm sein Vater ihn dezent zur Seite und sagte: Stoß dir erst mal die Hörner ab, Junge, nach dem Motto: die Liebe ist ein Zeitvertreib, man nimmt dazu den Unterleib und später suchst du dir dann 'ne solide Kleine, ein anständiges Mädchen, wie deine Mutter so eine.
1-1	0-3	Als	neutral[1]	_	
1-2	4-6	er	neutral[1]	_	
1-3	7-10	mit	neutral[1]	_	
1-4	11-17	seinem	neutral[1]	_	
1-5	18-24	ersten	neutral[1]	Liebe/Partnerschaft[15]	
1-6	25-32	Mädchen	neutral[1]	Liebe/Partnerschaft[15]	
1-7	33-35	im	neutral[1]	_	
1-8	36-39	Arm	neutral[1]	_	
1-9	40-43	und	neutral[1]	_	
1-10	44-47	mit	neutral[1]	_	
1-11	48-61	Heiratsplänen	neutral[1]	Liebe/Partnerschaft	
1-12	62-66	nach	neutral[1]	_	
1-13	67-72	Hause	neutral[1]	_	
1-14	73-76	kam	neutral[1]	_	
1-15	76-77	,	neutral[1]	_	
1-16	78-82	nahm	neutral[1]	_	
1-17	83-87	sein	neutral[1]	_	
1-18	88-93	Vater	neutral[1]	_	
1-19	94-97	ihn	neutral[1]	_	
1-20	98-104	dezent	neutral[1]	_	
1-21	105-108	zur	neutral[1]	_	
1-22	109-114	Seite	neutral[1]	_	
1-23	115-118	und	_	_	
1-24	119-124	sagte	_	_	
1-25	124-125	:	_	_	
1-26	126-130	Stoß	neutral[2]	_	
1-27	131-134	dir	neutral[2]	_	
1-28	135-139	erst	neutral[2]	_	
1-29	140-143	mal	neutral[2]	_	
1-30	144-147	die	neutral[2]	_	
1-31	148-154	Hörner	neutral[2]	_	
1-32	155-157	ab	neutral[2]	_	
1-33	157-158	,	neutral[2]	_	
1-34	159-164	Junge	neutral[2]	_	
1-35	164-165	,	neutral[2]	_	
1-36	166-170	nach	neutral[2]	_	
1-37	171-174	dem	neutral[2]	_	
1-38	175-180	Motto	neutral[2]	_	
1-39	180-181	:	neutral[2]	_	
1-40	182-185	die	neutral[2]	_	
1-41	186-191	Liebe	neutral[2]	Liebe/Partnerschaft[16]	
1-42	192-195	ist	neutral[2]	Liebe/Partnerschaft[16]	
1-43	196-199	ein	neutral[2]	Liebe/Partnerschaft[16]	
1-44	200-212	Zeitvertreib	neutral[2]	Liebe/Partnerschaft[16]	
1-45	212-213	,	neutral[2]	_	
1-46	214-217	man	neutral[2]	_	
1-47	218-223	nimmt	neutral[2]	_	
1-48	224-228	dazu	neutral[2]	_	
1-49	229-232	den	neutral[2]	_	
1-50	233-242	Unterleib	neutral[2]	_	
1-51	243-246	und	positive[3]	_	
1-52	247-253	später	positive[3]	_	
1-53	254-260	suchst	positive[3]	_	
1-54	261-263	du	positive[3]	_	
1-55	264-267	dir	positive[3]	_	
1-56	268-272	dann	positive[3]	_	
1-57	273-274	'	positive[3]	_	
1-58	274-276	ne	positive[3]	Liebe/Partnerschaft[17]	
1-59	277-283	solide	positive[3]	Liebe/Partnerschaft[17]	
1-60	284-290	Kleine	positive[3]	Liebe/Partnerschaft[17]	
1-61	290-291	,	positive[3]	_	
1-62	292-295	ein	positive[3]	_	
1-63	296-307	anständiges	positive[3]	Liebe/Partnerschaft[18]	
1-64	308-315	Mädchen	positive[3]	Liebe/Partnerschaft[18]	
1-65	315-316	,	positive[3]	_	
1-66	317-320	wie	positive[3]	_	
1-67	321-326	deine	positive[3]	_	
1-68	327-333	Mutter	positive[3]	_	
1-69	334-336	so	positive[3]	_	
1-70	337-341	eine	positive[3]	_	
1-71	341-342	.	_	_	

#Text=Und der Junge dachte: Na, wenn das so ist...
2-1	343-346	Und	neutral[4]	_	
2-2	347-350	der	neutral[4]	_	
2-3	351-356	Junge	neutral[4]	_	
2-4	357-363	dachte	neutral[4]	_	
2-5	363-364	:	neutral[4]	_	
2-6	365-367	Na	neutral[4]	_	
2-7	367-368	,	neutral[4]	_	
2-8	369-373	wenn	neutral[4]	_	
2-9	374-377	das	neutral[4]	_	
2-10	378-380	so	neutral[4]	_	
2-11	381-384	ist	neutral[4]	_	
2-12	384-385	.	_	_	
2-13	385-386	.	_	_	
2-14	386-387	.	_	_	

#Text=Und so zog er los, der sizilianische Werwolf und er riss sich die Beute, die Hornabstoßbräute in den Jagdgründen, die man Diskotheken nennt, er zeigte vielen Mädchen seine Plattensammlung, doch eines Tages sagte er: Schluss mit der Vergammlung!
3-1	392-395	Und	neutral[5]	_	
3-2	396-398	so	neutral[5]	_	
3-3	399-402	zog	neutral[5]	_	
3-4	403-405	er	neutral[5]	_	
3-5	406-409	los	neutral[5]	_	
3-6	409-410	,	neutral[5]	_	
3-7	411-414	der	neutral[5]	_	
3-8	415-428	sizilianische	neutral[5]	_	
3-9	429-436	Werwolf	neutral[5]	_	
3-10	437-440	und	neutral[5]	_	
3-11	441-443	er	neutral[5]	_	
3-12	444-448	riss	neutral[5]	_	
3-13	449-453	sich	neutral[5]	_	
3-14	454-457	die	neutral[5]	_	
3-15	458-463	Beute	neutral[5]	_	
3-16	463-464	,	neutral[5]	_	
3-17	465-468	die	neutral[5]	_	
3-18	469-485	Hornabstoßbräute	neutral[5]	_	
3-19	486-488	in	neutral[5]	_	
3-20	489-492	den	neutral[5]	_	
3-21	493-504	Jagdgründen	neutral[5]	_	
3-22	504-505	,	neutral[5]	_	
3-23	506-509	die	neutral[5]	_	
3-24	510-513	man	neutral[5]	_	
3-25	514-525	Diskotheken	neutral[5]	Musik	
3-26	526-531	nennt	neutral[5]	_	
3-27	531-532	,	_	_	
3-28	533-535	er	negative[6]	_	
3-29	536-542	zeigte	negative[6]	_	
3-30	543-549	vielen	negative[6]	_	
3-31	550-557	Mädchen	negative[6]	_	
3-32	558-563	seine	negative[6]	_	
3-33	564-579	Plattensammlung	negative[6]	Musik	
3-34	579-580	,	negative[6]	_	
3-35	581-585	doch	negative[6]	_	
3-36	586-591	eines	negative[6]	_	
3-37	592-597	Tages	negative[6]	_	
3-38	598-603	sagte	negative[6]	_	
3-39	604-606	er	negative[6]	_	
3-40	606-607	:	negative[6]	_	
3-41	608-615	Schluss	negative[6]	_	
3-42	616-619	mit	negative[6]	_	
3-43	620-623	der	negative[6]	_	
3-44	624-635	Vergammlung	negative[6]	_	
3-45	635-636	!	negative[6]	_	

#Text=Er suchte seine Sauberfrau, nicht so 'ne abgewetzte Ratte, die Madonna, die sein Alter ihm empfohlen hatte und dann traf er sie, doch leider hat sie ihn geschockt, denn sie sagte: Ich hab' genau wie du schon reichlich rumgerockt.
4-1	637-639	Er	negative[7]	_	
4-2	640-646	suchte	negative[7]	_	
4-3	647-652	seine	negative[7]	Liebe/Partnerschaft[19]	
4-4	653-663	Sauberfrau	negative[7]	Liebe/Partnerschaft[19]	
4-5	663-664	,	negative[7]	_	
4-6	665-670	nicht	negative[7]	_	
4-7	671-673	so	negative[7]	_	
4-8	674-675	'	negative[7]	_	
4-9	675-677	ne	negative[7]	_	
4-10	678-688	abgewetzte	negative[7]	_	
4-11	689-694	Ratte	negative[7]	_	
4-12	694-695	,	negative[7]	_	
4-13	696-699	die	negative[7]	_	
4-14	700-707	Madonna	negative[7]	_	
4-15	707-708	,	negative[7]	_	
4-16	709-712	die	negative[7]	_	
4-17	713-717	sein	negative[7]	_	
4-18	718-723	Alter	negative[7]	_	
4-19	724-727	ihm	negative[7]	_	
4-20	728-737	empfohlen	negative[7]	_	
4-21	738-743	hatte	negative[7]	_	
4-22	744-747	und	negative[8]	_	
4-23	748-752	dann	negative[8]	_	
4-24	753-757	traf	negative[8]	_	
4-25	758-760	er	negative[8]	_	
4-26	761-764	sie	negative[8]	_	
4-27	764-765	,	negative[8]	_	
4-28	766-770	doch	negative[8]	_	
4-29	771-777	leider	negative[8]	_	
4-30	778-781	hat	negative[8]	_	
4-31	782-785	sie	negative[8]	_	
4-32	786-789	ihn	negative[8]	_	
4-33	790-799	geschockt	negative[8]	Persönliches/Emotionen	
4-34	799-800	,	_	_	
4-35	801-805	denn	neutral[9]	_	
4-36	806-809	sie	neutral[9]	_	
4-37	810-815	sagte	neutral[9]	_	
4-38	815-816	:	neutral[9]	_	
4-39	817-820	Ich	neutral[9]	_	
4-40	821-824	hab	neutral[9]	_	
4-41	824-825	'	neutral[9]	_	
4-42	826-831	genau	neutral[9]	_	
4-43	832-835	wie	neutral[9]	_	
4-44	836-838	du	neutral[9]	_	
4-45	839-844	schon	neutral[9]	_	
4-46	845-854	reichlich	neutral[9]	_	
4-47	855-865	rumgerockt	neutral[9]	_	
4-48	865-866	.	_	_	

#Text=Nach Monaten hat er ihr dann endlich verziehen und sie flitterten los, für 'ne Woche nach Wien und er erklärte sie zu seiner First Lady ... doch es dauerte nicht lange.
5-1	871-875	Nach	positive[10]	_	
5-2	876-883	Monaten	positive[10]	_	
5-3	884-887	hat	positive[10]	_	
5-4	888-890	er	positive[10]	_	
5-5	891-894	ihr	positive[10]	_	
5-6	895-899	dann	positive[10]	_	
5-7	900-907	endlich	positive[10]	_	
5-8	908-917	verziehen	positive[10]	_	
5-9	918-921	und	positive[10]	_	
5-10	922-925	sie	positive[10]	_	
5-11	926-936	flitterten	positive[10]	Liebe/Partnerschaft	
5-12	937-940	los	positive[10]	_	
5-13	940-941	,	positive[10]	_	
5-14	942-945	für	positive[10]	_	
5-15	946-947	'	positive[10]	_	
5-16	947-949	ne	positive[10]	_	
5-17	950-955	Woche	positive[10]	_	
5-18	956-960	nach	positive[10]	_	
5-19	961-965	Wien	positive[10]	_	
5-20	966-969	und	positive[10]	_	
5-21	970-972	er	positive[10]	_	
5-22	973-981	erklärte	positive[10]	_	
5-23	982-985	sie	positive[10]	_	
5-24	986-988	zu	positive[10]	_	
5-25	989-995	seiner	positive[10]	Liebe/Partnerschaft[20]	
5-26	996-1001	First	positive[10]	Liebe/Partnerschaft[20]	
5-27	1002-1006	Lady	positive[10]	Liebe/Partnerschaft[20]	
5-28	1007-1008	.	_	_	
5-29	1008-1009	.	_	_	
5-30	1009-1010	.	_	_	
5-31	1011-1015	doch	negative[11]	_	
5-32	1016-1018	es	negative[11]	_	
5-33	1019-1026	dauerte	negative[11]	_	
5-34	1027-1032	nicht	negative[11]	_	
5-35	1033-1038	lange	negative[11]	_	
5-36	1038-1039	.	_	_	

#Text=Und wieder zog er los, der sizilianische Werwolf und er riss sich die Beute, die Schnell-Service-Bräute in den Jagdgründen, in den Büros oder so, oder irgendwo.
6-1	1044-1047	Und	neutral[12]	_	
6-2	1048-1054	wieder	neutral[12]	_	
6-3	1055-1058	zog	neutral[12]	_	
6-4	1059-1061	er	neutral[12]	_	
6-5	1062-1065	los	neutral[12]	_	
6-6	1065-1066	,	neutral[12]	_	
6-7	1067-1070	der	neutral[12]	_	
6-8	1071-1084	sizilianische	neutral[12]	_	
6-9	1085-1092	Werwolf	neutral[12]	_	
6-10	1093-1096	und	neutral[12]	_	
6-11	1097-1099	er	neutral[12]	_	
6-12	1100-1104	riss	neutral[12]	_	
6-13	1105-1109	sich	neutral[12]	_	
6-14	1110-1113	die	neutral[12]	_	
6-15	1114-1119	Beute	neutral[12]	_	
6-16	1119-1120	,	neutral[12]	_	
6-17	1121-1124	die	neutral[12]	_	
6-18	1125-1147	Schnell-Service-Bräute	neutral[12]	_	
6-19	1148-1150	in	neutral[12]	_	
6-20	1151-1154	den	neutral[12]	_	
6-21	1155-1166	Jagdgründen	neutral[12]	_	
6-22	1166-1167	,	neutral[12]	_	
6-23	1168-1170	in	neutral[12]	_	
6-24	1171-1174	den	neutral[12]	_	
6-25	1175-1180	Büros	neutral[12]	_	
6-26	1181-1185	oder	neutral[12]	_	
6-27	1186-1188	so	neutral[12]	_	
6-28	1188-1189	,	neutral[12]	_	
6-29	1190-1194	oder	neutral[12]	_	
6-30	1195-1203	irgendwo	neutral[12]	_	
6-31	1203-1204	.	_	_	

#Text=Er trieb's mit Elsa Egal und Rita Nichtwichtig, irgendwie verstand er's gar nicht, denn er liebte seine Frau so richtig und wenn sie weinte, sagte er: Es ist das Tier in mir, ich kann nichts dafür!
7-1	1209-1211	Er	negative[13]	Liebe/Partnerschaft[21]	
7-2	1212-1219	trieb's	negative[13]	Liebe/Partnerschaft[21]	
7-3	1220-1223	mit	negative[13]	_	
7-4	1224-1228	Elsa	negative[13]	_	
7-5	1229-1233	Egal	negative[13]	_	
7-6	1234-1237	und	negative[13]	_	
7-7	1238-1242	Rita	negative[13]	_	
7-8	1243-1255	Nichtwichtig	negative[13]	_	
7-9	1255-1256	,	_	_	
7-10	1257-1266	irgendwie	neutral[14]	_	
7-11	1267-1275	verstand	neutral[14]	_	
7-12	1276-1280	er's	neutral[14]	_	
7-13	1281-1284	gar	neutral[14]	_	
7-14	1285-1290	nicht	neutral[14]	_	
7-15	1290-1291	,	neutral[14]	_	
7-16	1292-1296	denn	neutral[14]	_	
7-17	1297-1299	er	neutral[14]	_	
7-18	1300-1306	liebte	neutral[14]	Liebe/Partnerschaft[22]	
7-19	1307-1312	seine	neutral[14]	Liebe/Partnerschaft[22]	
7-20	1313-1317	Frau	neutral[14]	Liebe/Partnerschaft[22]	
7-21	1318-1320	so	neutral[14]	Liebe/Partnerschaft[22]	
7-22	1321-1328	richtig	neutral[14]	Liebe/Partnerschaft[22]	
7-23	1329-1332	und	neutral[14]	_	
7-24	1333-1337	wenn	neutral[14]	_	
7-25	1338-1341	sie	neutral[14]	_	
7-26	1342-1348	weinte	neutral[14]	_	
7-27	1348-1349	,	neutral[14]	_	
7-28	1350-1355	sagte	neutral[14]	_	
7-29	1356-1358	er	neutral[14]	_	
7-30	1358-1359	:	neutral[14]	_	
7-31	1360-1362	Es	neutral[14]	_	
7-32	1363-1366	ist	neutral[14]	_	
7-33	1367-1370	das	neutral[14]	_	
7-34	1371-1375	Tier	neutral[14]	_	
7-35	1376-1378	in	neutral[14]	_	
7-36	1379-1382	mir	neutral[14]	_	
7-37	1382-1383	,	neutral[14]	_	
7-38	1384-1387	ich	neutral[14]	_	
7-39	1388-1392	kann	neutral[14]	_	
7-40	1393-1399	nichts	neutral[14]	_	
7-41	1400-1405	dafür	neutral[14]	_	
7-42	1405-1406	!	_	_	
