#FORMAT=WebAnno TSV 3.2
#T_SP=webanno.custom.Sentiment|Polarity
#T_SP=webanno.custom.Topic|Topics


#Text=Ich bin von Kopf bis Fuß auf Liebe eingestellt, das ist meine Welt und sonst gar nichts.
1-1	0-3	Ich	positive[1]	_	
1-2	4-7	bin	positive[1]	_	
1-3	8-11	von	positive[1]	_	
1-4	12-16	Kopf	positive[1]	_	
1-5	17-20	bis	positive[1]	_	
1-6	21-24	Fuß	positive[1]	_	
1-7	25-28	auf	positive[1]	Liebe/Partnerschaft[9]	
1-8	29-34	Liebe	positive[1]	Liebe/Partnerschaft[9]	
1-9	35-46	eingestellt	positive[1]	Liebe/Partnerschaft[9]	
1-10	46-47	,	positive[1]	_	
1-11	48-51	das	positive[1]	_	
1-12	52-55	ist	positive[1]	_	
1-13	56-61	meine	positive[1]	Persönliches/Emotionen[10]	
1-14	62-66	Welt	positive[1]	Persönliches/Emotionen[10]	
1-15	67-70	und	positive[1]	_	
1-16	71-76	sonst	positive[1]	_	
1-17	77-80	gar	positive[1]	_	
1-18	81-87	nichts	positive[1]	_	
1-19	87-88	.	positive[1]	_	

#Text=Was soll ich denn machen?
2-1	89-92	Was	neutral[2]	_	
2-2	93-97	soll	neutral[2]	_	
2-3	98-101	ich	neutral[2]	_	
2-4	102-106	denn	neutral[2]	_	
2-5	107-113	machen	neutral[2]	_	
2-6	113-114	?	neutral[2]	_	

#Text=Das ist nun mal meine Natur.
3-1	115-118	Das	neutral[3]	_	
3-2	119-122	ist	neutral[3]	_	
3-3	123-126	nun	neutral[3]	_	
3-4	127-130	mal	neutral[3]	_	
3-5	131-136	meine	neutral[3]	Persönliches/Emotionen[11]	
3-6	137-142	Natur	neutral[3]	Persönliches/Emotionen[11]	
3-7	142-143	.	neutral[3]	_	

#Text=Ich kann halt lieben nur und sonst gar nichts.
4-1	144-147	Ich	positive[4]	_	
4-2	148-152	kann	positive[4]	Liebe/Partnerschaft[12]	
4-3	153-157	halt	positive[4]	Liebe/Partnerschaft[12]	
4-4	158-164	lieben	positive[4]	Liebe/Partnerschaft[12]	
4-5	165-168	nur	positive[4]	Liebe/Partnerschaft[12]	
4-6	169-172	und	positive[4]	_	
4-7	173-178	sonst	positive[4]	_	
4-8	179-182	gar	positive[4]	_	
4-9	183-189	nichts	positive[4]	_	
4-10	189-190	.	positive[4]	_	

#Text=Frauen umschwirr'n mich wie Motten das Licht, doch wenn sie verbrennen dafür kann ich nichts.
5-1	195-201	Frauen	positive[5]	_	
5-2	202-213	umschwirr'n	positive[5]	Persönliches/Emotionen[13]	
5-3	214-218	mich	positive[5]	Persönliches/Emotionen[13]	
5-4	219-222	wie	positive[5]	_	
5-5	223-229	Motten	positive[5]	_	
5-6	230-233	das	positive[5]	_	
5-7	234-239	Licht	positive[5]	_	
5-8	239-240	,	positive[5]	_	
5-9	241-245	doch	positive[5]	_	
5-10	246-250	wenn	positive[5]	_	
5-11	251-254	sie	positive[5]	_	
5-12	255-265	verbrennen	positive[5]	_	
5-13	266-271	dafür	positive[5]	Persönliches/Emotionen[14]	
5-14	272-276	kann	positive[5]	Persönliches/Emotionen[14]	
5-15	277-280	ich	positive[5]	Persönliches/Emotionen[14]	
5-16	281-287	nichts	positive[5]	Persönliches/Emotionen[14]	
5-17	287-288	.	positive[5]	_	

#Text=Ich bin von Kopf bis Fuß auf Liebe eingestellt, das ist meine Welt und sonst gar nichts.
6-1	293-296	Ich	positive[6]	_	
6-2	297-300	bin	positive[6]	_	
6-3	301-304	von	positive[6]	_	
6-4	305-309	Kopf	positive[6]	_	
6-5	310-313	bis	positive[6]	_	
6-6	314-317	Fuß	positive[6]	_	
6-7	318-321	auf	positive[6]	Liebe/Partnerschaft[15]	
6-8	322-327	Liebe	positive[6]	Liebe/Partnerschaft[15]	
6-9	328-339	eingestellt	positive[6]	Liebe/Partnerschaft[15]	
6-10	339-340	,	positive[6]	_	
6-11	341-344	das	positive[6]	_	
6-12	345-348	ist	positive[6]	_	
6-13	349-354	meine	positive[6]	Persönliches/Emotionen[16]	
6-14	355-359	Welt	positive[6]	Persönliches/Emotionen[16]	
6-15	360-363	und	positive[6]	_	
6-16	364-369	sonst	positive[6]	_	
6-17	370-373	gar	positive[6]	_	
6-18	374-380	nichts	positive[6]	_	
6-19	380-381	.	positive[6]	_	

#Text=Frauen umschwirr'n mich wie Motten das Licht, doch wenn sie verbrennen dafür kann ich nichts.
7-1	386-392	Frauen	positive[7]	_	
7-2	393-404	umschwirr'n	positive[7]	Persönliches/Emotionen[17]	
7-3	405-409	mich	positive[7]	Persönliches/Emotionen[17]	
7-4	410-413	wie	positive[7]	_	
7-5	414-420	Motten	positive[7]	_	
7-6	421-424	das	positive[7]	_	
7-7	425-430	Licht	positive[7]	_	
7-8	430-431	,	positive[7]	_	
7-9	432-436	doch	positive[7]	_	
7-10	437-441	wenn	positive[7]	_	
7-11	442-445	sie	positive[7]	_	
7-12	446-456	verbrennen	positive[7]	_	
7-13	457-462	dafür	positive[7]	Persönliches/Emotionen[18]	
7-14	463-467	kann	positive[7]	Persönliches/Emotionen[18]	
7-15	468-471	ich	positive[7]	Persönliches/Emotionen[18]	
7-16	472-478	nichts	positive[7]	Persönliches/Emotionen[18]	
7-17	478-479	.	positive[7]	_	

#Text=Ich bin von Kopf bis Fuß, von Kopf bis Fuß auf Liebe eingestellt und das ist meine Welt und sonst gar nichts.
8-1	484-487	Ich	positive[8]	_	
8-2	488-491	bin	positive[8]	_	
8-3	492-495	von	positive[8]	_	
8-4	496-500	Kopf	positive[8]	_	
8-5	501-504	bis	positive[8]	_	
8-6	505-508	Fuß	positive[8]	_	
8-7	508-509	,	positive[8]	_	
8-8	510-513	von	positive[8]	_	
8-9	514-518	Kopf	positive[8]	_	
8-10	519-522	bis	positive[8]	_	
8-11	523-526	Fuß	positive[8]	_	
8-12	527-530	auf	positive[8]	Liebe/Partnerschaft[19]	
8-13	531-536	Liebe	positive[8]	Liebe/Partnerschaft[19]	
8-14	537-548	eingestellt	positive[8]	Liebe/Partnerschaft[19]	
8-15	549-552	und	positive[8]	_	
8-16	553-556	das	positive[8]	_	
8-17	557-560	ist	positive[8]	_	
8-18	561-566	meine	positive[8]	Persönliches/Emotionen[20]	
8-19	567-571	Welt	positive[8]	Persönliches/Emotionen[20]	
8-20	572-575	und	positive[8]	_	
8-21	576-581	sonst	positive[8]	_	
8-22	582-585	gar	positive[8]	_	
8-23	586-592	nichts	positive[8]	_	
8-24	592-593	.	positive[8]	_	
