#FORMAT=WebAnno TSV 3.2
#T_SP=webanno.custom.Sentiment|Polarity
#T_SP=webanno.custom.Topic|Topics


#Text=Ey, als Gott Dich schuf, war er verdammt gut drauf und er setzte der Schöpfung erstmal die Krone auf.
1-1	0-2	Ey	positive[1]	_	
1-2	2-3	,	positive[1]	_	
1-3	4-7	als	positive[1]	_	
1-4	8-12	Gott	positive[1]	_	
1-5	13-17	Dich	positive[1]	_	
1-6	18-23	schuf	positive[1]	_	
1-7	23-24	,	positive[1]	_	
1-8	25-28	war	positive[1]	_	
1-9	29-31	er	positive[1]	_	
1-10	32-40	verdammt	positive[1]	Persönliches/Emotionen[23]	
1-11	41-44	gut	positive[1]	Persönliches/Emotionen[23]	
1-12	45-50	drauf	positive[1]	Persönliches/Emotionen[23]	
1-13	51-54	und	positive[1]	_	
1-14	55-57	er	positive[1]	_	
1-15	58-64	setzte	positive[1]	_	
1-16	65-68	der	positive[1]	_	
1-17	69-78	Schöpfung	positive[1]	_	
1-18	79-86	erstmal	positive[1]	_	
1-19	87-90	die	positive[1]	_	
1-20	91-96	Krone	positive[1]	_	
1-21	97-100	auf	positive[1]	_	
1-22	100-101	.	positive[1]	_	

#Text=Ey, du bist die Frau, bei der mich prompt erstmal die Ohnmacht, die Ohnmacht überkommt und dann geh ich zu Boden, was selten passiert, dann haste mich mit deinen Küssen reanimiert.
2-1	102-104	Ey	positive[2]	_	
2-2	104-105	,	positive[2]	_	
2-3	106-108	du	positive[2]	_	
2-4	109-113	bist	positive[2]	_	
2-5	114-117	die	positive[2]	_	
2-6	118-122	Frau	positive[2]	_	
2-7	122-123	,	positive[2]	_	
2-8	124-127	bei	positive[2]	_	
2-9	128-131	der	positive[2]	_	
2-10	132-136	mich	positive[2]	_	
2-11	137-143	prompt	positive[2]	_	
2-12	144-151	erstmal	positive[2]	_	
2-13	152-155	die	positive[2]	_	
2-14	156-164	Ohnmacht	positive[2]	Gesundheit/Drogen	
2-15	164-165	,	positive[2]	_	
2-16	166-169	die	positive[2]	_	
2-17	170-178	Ohnmacht	positive[2]	Gesundheit/Drogen[24]	
2-18	179-188	überkommt	positive[2]	Gesundheit/Drogen[24]	
2-19	189-192	und	positive[2]	_	
2-20	193-197	dann	positive[2]	_	
2-21	198-201	geh	positive[2]	_	
2-22	202-205	ich	positive[2]	_	
2-23	206-208	zu	positive[2]	_	
2-24	209-214	Boden	positive[2]	_	
2-25	214-215	,	positive[2]	_	
2-26	216-219	was	positive[2]	_	
2-27	220-226	selten	positive[2]	_	
2-28	227-235	passiert	positive[2]	_	
2-29	235-236	,	positive[2]	_	
2-30	237-241	dann	positive[2]	_	
2-31	242-247	haste	positive[2]	_	
2-32	248-252	mich	positive[2]	_	
2-33	253-256	mit	positive[2]	_	
2-34	257-263	deinen	positive[2]	_	
2-35	264-270	Küssen	positive[2]	Liebe/Partnerschaft	
2-36	271-281	reanimiert	positive[2]	Gesundheit/Drogen	
2-37	281-282	.	positive[2]	_	

#Text=Ich bin doch eigentlich Atheist, du hast mich gläubig geküsst.
3-1	283-286	Ich	positive[3]	_	
3-2	287-290	bin	positive[3]	_	
3-3	291-295	doch	positive[3]	_	
3-4	296-306	eigentlich	positive[3]	_	
3-5	307-314	Atheist	positive[3]	Persönliches/Emotionen	
3-6	314-315	,	positive[3]	_	
3-7	316-318	du	positive[3]	_	
3-8	319-323	hast	positive[3]	_	
3-9	324-328	mich	positive[3]	_	
3-10	329-336	gläubig	positive[3]	Liebe/Partnerschaft[25]	
3-11	337-344	geküsst	positive[3]	Liebe/Partnerschaft[25]	
3-12	344-345	.	positive[3]	_	

#Text=Du bist meine Göttin, vom Himmel gesandte Komplizenbraut.
4-1	350-352	Du	positive[4]	_	
4-2	353-357	bist	positive[4]	_	
4-3	358-363	meine	positive[4]	Liebe/Partnerschaft[26]	
4-4	364-370	Göttin	positive[4]	Liebe/Partnerschaft[26]	
4-5	370-371	,	positive[4]	_	
4-6	372-375	vom	positive[4]	Liebe/Partnerschaft[27]	
4-7	376-382	Himmel	positive[4]	Liebe/Partnerschaft[27]	
4-8	383-391	gesandte	positive[4]	Liebe/Partnerschaft[27]	
4-9	392-406	Komplizenbraut	positive[4]	Liebe/Partnerschaft[27]	
4-10	406-407	.	positive[4]	_	

#Text=Du bist meine Göttin, die mich aus meinen grünen Socken raushaut.
5-1	408-410	Du	positive[5]	_	
5-2	411-415	bist	positive[5]	_	
5-3	416-421	meine	positive[5]	Liebe/Partnerschaft[28]	
5-4	422-428	Göttin	positive[5]	Liebe/Partnerschaft[28]	
5-5	428-429	,	positive[5]	_	
5-6	430-433	die	positive[5]	_	
5-7	434-438	mich	positive[5]	Persönliches/Emotionen[29]	
5-8	439-442	aus	positive[5]	Persönliches/Emotionen[29]	
5-9	443-449	meinen	positive[5]	Persönliches/Emotionen[29]	
5-10	450-456	grünen	positive[5]	Persönliches/Emotionen[29]	
5-11	457-463	Socken	positive[5]	Persönliches/Emotionen[29]	
5-12	464-472	raushaut	positive[5]	Persönliches/Emotionen[29]	
5-13	472-473	.	positive[5]	_	

#Text=Göttin sei Dank.
6-1	474-480	Göttin	neutral[6]	_	
6-2	481-484	sei	neutral[6]	_	
6-3	485-489	Dank	neutral[6]	_	
6-4	489-490	.	neutral[6]	_	

#Text=Göttin sei Dank.
7-1	491-497	Göttin	neutral[7]	_	
7-2	498-501	sei	neutral[7]	_	
7-3	502-506	Dank	neutral[7]	_	
7-4	506-507	.	neutral[7]	_	

#Text=Ich spreche deinen Namen aus wie ein Gebet, du bist'n Himmelskörper, wie's geiler nicht geht.
8-1	512-515	Ich	positive[8]	_	
8-2	516-523	spreche	positive[8]	_	
8-3	524-530	deinen	positive[8]	_	
8-4	531-536	Namen	positive[8]	_	
8-5	537-540	aus	positive[8]	_	
8-6	541-544	wie	positive[8]	_	
8-7	545-548	ein	positive[8]	_	
8-8	549-554	Gebet	positive[8]	_	
8-9	554-555	,	positive[8]	_	
8-10	556-558	du	positive[8]	_	
8-11	559-565	bist'n	positive[8]	_	
8-12	566-579	Himmelskörper	positive[8]	_	
8-13	579-580	,	positive[8]	_	
8-14	581-586	wie's	positive[8]	_	
8-15	587-593	geiler	positive[8]	_	
8-16	594-599	nicht	positive[8]	_	
8-17	600-604	geht	positive[8]	_	
8-18	604-605	.	positive[8]	_	

#Text=Ich bin ja so geflasht - voll fasziniert.
9-1	606-609	Ich	positive[9]	_	
9-2	610-613	bin	positive[9]	_	
9-3	614-616	ja	positive[9]	_	
9-4	617-619	so	positive[9]	_	
9-5	620-628	geflasht	positive[9]	Persönliches/Emotionen	
9-6	629-630	-	positive[9]	_	
9-7	631-635	voll	positive[9]	Persönliches/Emotionen[30]	
9-8	636-646	fasziniert	positive[9]	Persönliches/Emotionen[30]	
9-9	646-647	.	positive[9]	_	

#Text=James Bond würd sagen: Gut geschüttelt - ich bin schwer berührt, yeah, yeah, yeah.
10-1	648-653	James	positive[10]	Politik/Soziales/Missstände[31]	
10-2	654-658	Bond	positive[10]	Politik/Soziales/Missstände[31]	
10-3	659-663	würd	positive[10]	_	
10-4	664-669	sagen	positive[10]	_	
10-5	669-670	:	positive[10]	_	
10-6	671-674	Gut	positive[10]	_	
10-7	675-686	geschüttelt	positive[10]	_	
10-8	687-688	-	positive[10]	_	
10-9	689-692	ich	positive[10]	_	
10-10	693-696	bin	positive[10]	_	
10-11	697-703	schwer	positive[10]	Persönliches/Emotionen[32]	
10-12	704-711	berührt	positive[10]	Persönliches/Emotionen[32]	
10-13	711-712	,	positive[10]	_	
10-14	713-717	yeah	positive[10]	_	
10-15	717-718	,	positive[10]	_	
10-16	719-723	yeah	positive[10]	_	
10-17	723-724	,	positive[10]	_	
10-18	725-729	yeah	positive[10]	_	
10-19	729-730	.	positive[10]	_	

#Text=Ich bin voll fasziniert.
11-1	731-734	Ich	positive[11]	_	
11-2	735-738	bin	positive[11]	_	
11-3	739-743	voll	positive[11]	Persönliches/Emotionen[33]	
11-4	744-754	fasziniert	positive[11]	Persönliches/Emotionen[33]	
11-5	754-755	.	positive[11]	_	

#Text=Du bist meine Göttin, vom Himmel gesandte Komplizenbraut.
12-1	760-762	Du	positive[12]	_	
12-2	763-767	bist	positive[12]	_	
12-3	768-773	meine	positive[12]	Liebe/Partnerschaft[34]	
12-4	774-780	Göttin	positive[12]	Liebe/Partnerschaft[34]	
12-5	780-781	,	positive[12]	_	
12-6	782-785	vom	positive[12]	Liebe/Partnerschaft[35]	
12-7	786-792	Himmel	positive[12]	Liebe/Partnerschaft[35]	
12-8	793-801	gesandte	positive[12]	Liebe/Partnerschaft[35]	
12-9	802-816	Komplizenbraut	positive[12]	Liebe/Partnerschaft[35]	
12-10	816-817	.	positive[12]	_	

#Text=Du bist meine Göttin, die mich aus meinen grünen Socken raushaut.
13-1	818-820	Du	positive[13]	_	
13-2	821-825	bist	positive[13]	_	
13-3	826-831	meine	positive[13]	Liebe/Partnerschaft[36]	
13-4	832-838	Göttin	positive[13]	Liebe/Partnerschaft[36]	
13-5	838-839	,	positive[13]	_	
13-6	840-843	die	positive[13]	_	
13-7	844-848	mich	positive[13]	Persönliches/Emotionen[37]	
13-8	849-852	aus	positive[13]	Persönliches/Emotionen[37]	
13-9	853-859	meinen	positive[13]	Persönliches/Emotionen[37]	
13-10	860-866	grünen	positive[13]	Persönliches/Emotionen[37]	
13-11	867-873	Socken	positive[13]	Persönliches/Emotionen[37]	
13-12	874-882	raushaut	positive[13]	Persönliches/Emotionen[37]	
13-13	882-883	.	positive[13]	_	

#Text=Göttin sei Dank.
14-1	884-890	Göttin	neutral[14]	_	
14-2	891-894	sei	neutral[14]	_	
14-3	895-899	Dank	neutral[14]	_	
14-4	899-900	.	neutral[14]	_	

#Text=Göttin sei Dank.
15-1	901-907	Göttin	neutral[15]	_	
15-2	908-911	sei	neutral[15]	_	
15-3	912-916	Dank	neutral[15]	_	
15-4	916-917	.	neutral[15]	_	

#Text=Göttin sei Dank.
16-1	922-928	Göttin	neutral[16]	_	
16-2	929-932	sei	neutral[16]	_	
16-3	933-937	Dank	neutral[16]	_	
16-4	937-938	.	neutral[16]	_	

#Text=Göttin sei Dank.
17-1	939-945	Göttin	neutral[17]	_	
17-2	946-949	sei	neutral[17]	_	
17-3	950-954	Dank	neutral[17]	_	
17-4	954-955	.	neutral[17]	_	

#Text=Göttin sei Dank.
18-1	956-962	Göttin	neutral[18]	_	
18-2	963-966	sei	neutral[18]	_	
18-3	967-971	Dank	neutral[18]	_	
18-4	971-972	.	neutral[18]	_	

#Text=Göttin sei Dank.
19-1	973-979	Göttin	neutral[19]	_	
19-2	980-983	sei	neutral[19]	_	
19-3	984-988	Dank	neutral[19]	_	
19-4	988-989	.	neutral[19]	_	

#Text=Du bist meine Göttin, mein schönster Rock'n'Roll und mein schärfster Punk, du bist meine Größte, du und ich - mehr geht nicht.
20-1	994-996	Du	positive[20]	_	
20-2	997-1001	bist	positive[20]	_	
20-3	1002-1007	meine	positive[20]	Liebe/Partnerschaft[38]	
20-4	1008-1014	Göttin	positive[20]	Liebe/Partnerschaft[38]	
20-5	1014-1015	,	positive[20]	_	
20-6	1016-1020	mein	positive[20]	_	
20-7	1021-1030	schönster	positive[20]	Musik[39]	
20-8	1031-1042	Rock'n'Roll	positive[20]	Musik[39]	
20-9	1043-1046	und	positive[20]	_	
20-10	1047-1051	mein	positive[20]	_	
20-11	1052-1062	schärfster	positive[20]	Musik[40]	
20-12	1063-1067	Punk	positive[20]	Musik[40]	
20-13	1067-1068	,	positive[20]	_	
20-14	1069-1071	du	positive[20]	_	
20-15	1072-1076	bist	positive[20]	_	
20-16	1077-1082	meine	positive[20]	Liebe/Partnerschaft[41]	
20-17	1083-1089	Größte	positive[20]	Liebe/Partnerschaft[41]	
20-18	1089-1090	,	positive[20]	_	
20-19	1091-1093	du	positive[20]	Liebe/Partnerschaft[42]	
20-20	1094-1097	und	positive[20]	Liebe/Partnerschaft[42]	
20-21	1098-1101	ich	positive[20]	Liebe/Partnerschaft[42]	
20-22	1102-1103	-	positive[20]	_	
20-23	1104-1108	mehr	positive[20]	_	
20-24	1109-1113	geht	positive[20]	_	
20-25	1114-1119	nicht	positive[20]	_	
20-26	1119-1120	.	positive[20]	_	

#Text=Göttin sei Dank.
21-1	1121-1127	Göttin	neutral[21]	_	
21-2	1128-1131	sei	neutral[21]	_	
21-3	1132-1136	Dank	neutral[21]	_	
21-4	1136-1137	.	neutral[21]	_	

#Text=Göttin sei Dank.
22-1	1138-1144	Göttin	neutral[22]	_	
22-2	1145-1148	sei	neutral[22]	_	
22-3	1149-1153	Dank	neutral[22]	_	
22-4	1153-1154	.	neutral[22]	_	
