#FORMAT=WebAnno TSV 3.2
#T_SP=webanno.custom.Sentiment|Polarity
#T_SP=webanno.custom.Topic|Topics


#Text=Kennst du das auch?
1-1	0-6	Kennst	neutral[1]	_	
1-2	7-9	du	neutral[1]	_	
1-3	10-13	das	neutral[1]	_	
1-4	14-18	auch	neutral[1]	_	
1-5	18-19	?	neutral[1]	_	

#Text=Für 'ne Sekunde siehst du sie und rastest aus, sie ist eine von den großen Zauberinnen und dein Herz macht bumbidumbidibububum.
2-1	20-23	Für	positive[2]	_	
2-2	24-25	'	positive[2]	_	
2-3	25-27	ne	positive[2]	_	
2-4	28-35	Sekunde	positive[2]	_	
2-5	36-42	siehst	positive[2]	_	
2-6	43-45	du	positive[2]	_	
2-7	46-49	sie	positive[2]	_	
2-8	50-53	und	positive[2]	_	
2-9	54-61	rastest	positive[2]	Persönliches/Emotionen[28]	
2-10	62-65	aus	positive[2]	Persönliches/Emotionen[28]	
2-11	65-66	,	positive[2]	_	
2-12	67-70	sie	positive[2]	_	
2-13	71-74	ist	positive[2]	_	
2-14	75-79	eine	positive[2]	_	
2-15	80-83	von	positive[2]	_	
2-16	84-87	den	positive[2]	_	
2-17	88-94	großen	positive[2]	_	
2-18	95-106	Zauberinnen	positive[2]	_	
2-19	107-110	und	positive[2]	_	
2-20	111-115	dein	positive[2]	Liebe/Partnerschaft[29]	
2-21	116-120	Herz	positive[2]	Liebe/Partnerschaft[29]	
2-22	121-126	macht	positive[2]	Liebe/Partnerschaft[29]	
2-23	127-146	bumbidumbidibububum	positive[2]	Liebe/Partnerschaft[29]	
2-24	146-147	.	positive[2]	_	

#Text=Wat'n Gefühl!
3-1	148-153	Wat'n	positive[3]	Persönliches/Emotionen[30]	
3-2	154-160	Gefühl	positive[3]	Persönliches/Emotionen[30]	
3-3	160-161	!	positive[3]	Persönliches/Emotionen[30]	

#Text=Und schon taucht sie unter im Großstadtgewühl.
4-1	162-165	Und	negative[4]	_	
4-2	166-171	schon	negative[4]	_	
4-3	172-178	taucht	negative[4]	_	
4-4	179-182	sie	negative[4]	_	
4-5	183-188	unter	negative[4]	_	
4-6	189-191	im	negative[4]	_	
4-7	192-207	Großstadtgewühl	negative[4]	Politik/Soziales/Missstände	
4-8	207-208	.	negative[4]	_	

#Text=Und du denkst: Muss das denn sein?
5-1	209-212	Und	negative[5]	_	
5-2	213-215	du	negative[5]	_	
5-3	216-222	denkst	negative[5]	_	
5-4	222-223	:	negative[5]	_	
5-5	224-228	Muss	negative[5]	_	
5-6	229-232	das	negative[5]	_	
5-7	233-237	denn	negative[5]	_	
5-8	238-242	sein	negative[5]	_	
5-9	242-243	?	negative[5]	_	

#Text=So ein Frust?
6-1	244-246	So	negative[6]	_	
6-2	247-250	ein	negative[6]	_	
6-3	251-256	Frust	negative[6]	Persönliches/Emotionen	
6-4	256-257	?	negative[6]	_	

#Text=Dabei hätt'st du auf sie nun gerad' so eine Lust.
7-1	258-263	Dabei	neutral[7]	_	
7-2	264-271	hätt'st	neutral[7]	_	
7-3	272-274	du	neutral[7]	_	
7-4	275-278	auf	neutral[7]	_	
7-5	279-282	sie	neutral[7]	_	
7-6	283-286	nun	neutral[7]	_	
7-7	287-292	gerad	neutral[7]	_	
7-8	292-293	'	neutral[7]	_	
7-9	294-296	so	neutral[7]	_	
7-10	297-301	eine	neutral[7]	_	
7-11	302-306	Lust	neutral[7]	Liebe/Partnerschaft	
7-12	306-307	.	neutral[7]	_	

#Text=Frauen, denkt ein jeder Mann.
8-1	312-318	Frauen	neutral[8]	_	
8-2	318-319	,	neutral[8]	_	
8-3	320-325	denkt	neutral[8]	_	
8-4	326-329	ein	neutral[8]	_	
8-5	330-335	jeder	neutral[8]	_	
8-6	336-340	Mann	neutral[8]	_	
8-7	340-341	.	neutral[8]	_	

#Text=Schade, dass man sie nicht alle lieben kann.
9-1	342-348	Schade	negative[9]	_	
9-2	348-349	,	negative[9]	_	
9-3	350-354	dass	negative[9]	_	
9-4	355-358	man	negative[9]	_	
9-5	359-362	sie	negative[9]	_	
9-6	363-368	nicht	negative[9]	_	
9-7	369-373	alle	negative[9]	Liebe/Partnerschaft[31]	
9-8	374-380	lieben	negative[9]	Liebe/Partnerschaft[31]	
9-9	381-385	kann	negative[9]	_	
9-10	385-386	.	negative[9]	_	

#Text=Frauen, denkt ein jeder Mann.
10-1	387-393	Frauen	neutral[10]	_	
10-2	393-394	,	neutral[10]	_	
10-3	395-400	denkt	neutral[10]	_	
10-4	401-404	ein	neutral[10]	_	
10-5	405-410	jeder	neutral[10]	_	
10-6	411-415	Mann	neutral[10]	_	
10-7	415-416	.	neutral[10]	_	

#Text=Schade, dass man sie nicht alle haben kann.
11-1	417-423	Schade	negative[11]	_	
11-2	423-424	,	negative[11]	_	
11-3	425-429	dass	negative[11]	_	
11-4	430-433	man	negative[11]	_	
11-5	434-437	sie	negative[11]	_	
11-6	438-443	nicht	negative[11]	Liebe/Partnerschaft[32]	
11-7	444-448	alle	negative[11]	Liebe/Partnerschaft[32]	
11-8	449-454	haben	negative[11]	Liebe/Partnerschaft[32]	
11-9	455-459	kann	negative[11]	Liebe/Partnerschaft[32]	
11-10	459-460	.	negative[11]	_	

#Text=Es ist wie beim Roulette - C'est la vie.
12-1	465-467	Es	neutral[12]	_	
12-2	468-471	ist	neutral[12]	_	
12-3	472-475	wie	neutral[12]	_	
12-4	476-480	beim	neutral[12]	_	
12-5	481-489	Roulette	neutral[12]	_	
12-6	490-491	-	neutral[12]	_	
12-7	492-497	C'est	neutral[12]	_	
12-8	498-500	la	neutral[12]	_	
12-9	501-504	vie	neutral[12]	_	
12-10	504-505	.	neutral[12]	_	

#Text=Alle Nummern auf einmal gewinnst du nie.
13-1	506-510	Alle	negative[13]	_	
13-2	511-518	Nummern	negative[13]	_	
13-3	519-522	auf	negative[13]	_	
13-4	523-529	einmal	negative[13]	_	
13-5	530-538	gewinnst	negative[13]	_	
13-6	539-541	du	negative[13]	_	
13-7	542-545	nie	negative[13]	_	
13-8	545-546	.	negative[13]	_	

#Text=Du setzt auf die eine, die ander'n passé, das tut weh, das tut so weh.
14-1	547-549	Du	negative[14]	_	
14-2	550-555	setzt	negative[14]	_	
14-3	556-559	auf	negative[14]	_	
14-4	560-563	die	negative[14]	_	
14-5	564-568	eine	negative[14]	_	
14-6	568-569	,	negative[14]	_	
14-7	570-573	die	negative[14]	_	
14-8	574-581	ander'n	negative[14]	_	
14-9	582-587	passé	negative[14]	_	
14-10	587-588	,	negative[14]	_	
14-11	589-592	das	negative[14]	_	
14-12	593-596	tut	negative[14]	Persönliches/Emotionen[33]	
14-13	597-600	weh	negative[14]	Persönliches/Emotionen[33]	
14-14	600-601	,	negative[14]	_	
14-15	602-605	das	negative[14]	_	
14-16	606-609	tut	negative[14]	Persönliches/Emotionen[34]	
14-17	610-612	so	negative[14]	Persönliches/Emotionen[34]	
14-18	613-616	weh	negative[14]	Persönliches/Emotionen[34]	
14-19	616-617	.	negative[14]	_	

#Text=Und stell dir mal vor, du wärst gebor'n mit Mandelaugen und gelben Ohr'n.
15-1	622-625	Und	neutral[15]	_	
15-2	626-631	stell	neutral[15]	_	
15-3	632-635	dir	neutral[15]	_	
15-4	636-639	mal	neutral[15]	_	
15-5	640-643	vor	neutral[15]	_	
15-6	643-644	,	neutral[15]	_	
15-7	645-647	du	neutral[15]	_	
15-8	648-653	wärst	neutral[15]	_	
15-9	654-661	gebor'n	neutral[15]	_	
15-10	662-665	mit	neutral[15]	_	
15-11	666-677	Mandelaugen	neutral[15]	Politik/Soziales/Missstände[35]	
15-12	678-681	und	neutral[15]	Politik/Soziales/Missstände[35]	
15-13	682-688	gelben	neutral[15]	Politik/Soziales/Missstände[35]	
15-14	689-694	Ohr'n	neutral[15]	Politik/Soziales/Missstände[35]	
15-15	694-695	.	neutral[15]	_	

#Text=Irgendwo in China.
16-1	696-704	Irgendwo	neutral[16]	Reisen[36]	
16-2	705-707	in	neutral[16]	Reisen[36]	
16-3	708-713	China	neutral[16]	Reisen[36]	
16-4	713-714	.	neutral[16]	_	

#Text=Uh - was gibt's da Frauen!
17-1	715-717	Uh	positive[17]	_	
17-2	718-719	-	positive[17]	_	
17-3	720-723	was	positive[17]	_	
17-4	724-730	gibt's	positive[17]	_	
17-5	731-733	da	positive[17]	_	
17-6	734-740	Frauen	positive[17]	_	
17-7	740-741	!	positive[17]	_	

#Text=Uh - was gibt's da Frauen!
18-1	742-744	Uh	positive[18]	_	
18-2	745-746	-	positive[18]	_	
18-3	747-750	was	positive[18]	_	
18-4	751-757	gibt's	positive[18]	_	
18-5	758-760	da	positive[18]	_	
18-6	761-767	Frauen	positive[18]	_	
18-7	767-768	!	positive[18]	_	

#Text=Oder irgendwo am Bosporus, wo du ohnmächtig wirst von jedem Kuss.
19-1	769-773	Oder	neutral[19]	_	
19-2	774-782	irgendwo	neutral[19]	_	
19-3	783-785	am	neutral[19]	Reisen[37]	
19-4	786-794	Bosporus	neutral[19]	Reisen[37]	
19-5	794-795	,	neutral[19]	_	
19-6	796-798	wo	neutral[19]	_	
19-7	799-801	du	neutral[19]	_	
19-8	802-812	ohnmächtig	neutral[19]	Persönliches/Emotionen	
19-9	813-818	wirst	neutral[19]	_	
19-10	819-822	von	neutral[19]	_	
19-11	823-828	jedem	neutral[19]	_	
19-12	829-833	Kuss	neutral[19]	Liebe/Partnerschaft	
19-13	833-834	.	neutral[19]	_	

#Text=Du kriegst vom türkischen Honigweib mit dem Munde gemalt auf den nackten Leib.
20-1	835-837	Du	positive[20]	_	
20-2	838-845	kriegst	positive[20]	_	
20-3	846-849	vom	positive[20]	_	
20-4	850-860	türkischen	positive[20]	Liebe/Partnerschaft[38]	
20-5	861-870	Honigweib	positive[20]	Liebe/Partnerschaft[38]	
20-6	871-874	mit	positive[20]	_	
20-7	875-878	dem	positive[20]	_	
20-8	879-884	Munde	positive[20]	_	
20-9	885-891	gemalt	positive[20]	_	
20-10	892-895	auf	positive[20]	_	
20-11	896-899	den	positive[20]	_	
20-12	900-907	nackten	positive[20]	_	
20-13	908-912	Leib	positive[20]	_	
20-14	912-913	.	positive[20]	_	

#Text=Frauen, denkt ein jeder Mann.
21-1	918-924	Frauen	neutral[21]	Liebe/Partnerschaft	
21-2	924-925	,	neutral[21]	_	
21-3	926-931	denkt	neutral[21]	_	
21-4	932-935	ein	neutral[21]	_	
21-5	936-941	jeder	neutral[21]	_	
21-6	942-946	Mann	neutral[21]	_	
21-7	946-947	.	neutral[21]	_	

#Text=Schade, dass man sie nicht alle lieben kann.
22-1	948-954	Schade	negative[22]	_	
22-2	954-955	,	negative[22]	_	
22-3	956-960	dass	negative[22]	_	
22-4	961-964	man	negative[22]	_	
22-5	965-968	sie	negative[22]	_	
22-6	969-974	nicht	negative[22]	_	
22-7	975-979	alle	negative[22]	Liebe/Partnerschaft[39]	
22-8	980-986	lieben	negative[22]	Liebe/Partnerschaft[39]	
22-9	987-991	kann	negative[22]	_	
22-10	991-992	.	negative[22]	_	

#Text=Frauen, denkt ein jeder Mann.
23-1	993-999	Frauen	neutral[23]	Liebe/Partnerschaft	
23-2	999-1000	,	neutral[23]	_	
23-3	1001-1006	denkt	neutral[23]	_	
23-4	1007-1010	ein	neutral[23]	_	
23-5	1011-1016	jeder	neutral[23]	_	
23-6	1017-1021	Mann	neutral[23]	_	
23-7	1021-1022	.	neutral[23]	_	

#Text=Schade, dass man sie nicht alle haben kann.
24-1	1023-1029	Schade	negative[24]	_	
24-2	1029-1030	,	negative[24]	_	
24-3	1031-1035	dass	negative[24]	_	
24-4	1036-1039	man	negative[24]	_	
24-5	1040-1043	sie	negative[24]	_	
24-6	1044-1049	nicht	negative[24]	Liebe/Partnerschaft[40]	
24-7	1050-1054	alle	negative[24]	Liebe/Partnerschaft[40]	
24-8	1055-1060	haben	negative[24]	Liebe/Partnerschaft[40]	
24-9	1061-1065	kann	negative[24]	Liebe/Partnerschaft[40]	
24-10	1065-1066	.	negative[24]	_	

#Text=Ja und ich hielt sie fest in Buda-Budapest die Oberhammerfrau aus Oberammergau.
25-1	1071-1073	Ja	neutral[25]	_	
25-2	1074-1077	und	neutral[25]	_	
25-3	1078-1081	ich	neutral[25]	_	
25-4	1082-1087	hielt	neutral[25]	_	
25-5	1088-1091	sie	neutral[25]	_	
25-6	1092-1096	fest	neutral[25]	_	
25-7	1097-1099	in	neutral[25]	_	
25-8	1100-1113	Buda-Budapest	neutral[25]	Reisen	
25-9	1114-1117	die	neutral[25]	_	
25-10	1118-1132	Oberhammerfrau	neutral[25]	Liebe/Partnerschaft	
25-11	1133-1136	aus	neutral[25]	_	
25-12	1137-1149	Oberammergau	neutral[25]	_	
25-13	1149-1150	.	_	_	

#Text=Und in Gummersbach sagt sie: "Ach, ach, ach" und am Taj Mahal sagt sie: "Noch einmal..".
26-1	1151-1154	Und	neutral[26]	_	
26-2	1155-1157	in	neutral[26]	_	
26-3	1158-1169	Gummersbach	neutral[26]	Reisen	
26-4	1170-1174	sagt	neutral[26]	_	
26-5	1175-1178	sie	neutral[26]	_	
26-6	1178-1179	:	neutral[26]	_	
26-7	1180-1181	"	neutral[26]	_	
26-8	1181-1184	Ach	neutral[26]	_	
26-9	1184-1185	,	neutral[26]	_	
26-10	1186-1189	ach	neutral[26]	_	
26-11	1189-1190	,	neutral[26]	_	
26-12	1191-1194	ach	neutral[26]	_	
26-13	1194-1195	"	neutral[26]	_	
26-14	1196-1199	und	neutral[26]	_	
26-15	1200-1202	am	neutral[26]	_	
26-16	1203-1206	Taj	neutral[26]	Reisen[41]	
26-17	1207-1212	Mahal	neutral[26]	Reisen[41]	
26-18	1213-1217	sagt	neutral[26]	_	
26-19	1218-1221	sie	neutral[26]	_	
26-20	1221-1222	:	neutral[26]	_	
26-21	1223-1224	"	neutral[26]	_	
26-22	1224-1228	Noch	neutral[26]	_	
26-23	1229-1235	einmal	neutral[26]	_	
26-24	1235-1236	.	neutral[26]	_	
26-25	1236-1237	.	neutral[26]	_	
26-26	1237-1238	"	neutral[26]	_	
26-27	1238-1239	.	_	_	

#Text=Und in Malmö-Nord, da lief es auch sofort und Miss Austria, die's dann doch nicht war, schnell nach London dann, da liegt nun gar nichts an. zu kurz in New York City. what a pity.
27-1	1240-1243	Und	neutral[27]	_	
27-2	1244-1246	in	neutral[27]	_	
27-3	1247-1257	Malmö-Nord	neutral[27]	Reisen	
27-4	1257-1258	,	neutral[27]	_	
27-5	1259-1261	da	neutral[27]	_	
27-6	1262-1266	lief	neutral[27]	_	
27-7	1267-1269	es	neutral[27]	_	
27-8	1270-1274	auch	neutral[27]	_	
27-9	1275-1281	sofort	neutral[27]	_	
27-10	1282-1285	und	neutral[27]	_	
27-11	1286-1290	Miss	neutral[27]	Politik/Soziales/Missstände[42]	
27-12	1291-1298	Austria	neutral[27]	Politik/Soziales/Missstände[42]	
27-13	1298-1299	,	neutral[27]	_	
27-14	1300-1305	die's	neutral[27]	_	
27-15	1306-1310	dann	neutral[27]	_	
27-16	1311-1315	doch	neutral[27]	_	
27-17	1316-1321	nicht	neutral[27]	_	
27-18	1322-1325	war	neutral[27]	_	
27-19	1325-1326	,	neutral[27]	_	
27-20	1327-1334	schnell	neutral[27]	Reisen[43]	
27-21	1335-1339	nach	neutral[27]	Reisen[43]	
27-22	1340-1346	London	neutral[27]	Reisen[43]	
27-23	1347-1351	dann	neutral[27]	_	
27-24	1351-1352	,	neutral[27]	_	
27-25	1353-1355	da	neutral[27]	_	
27-26	1356-1361	liegt	neutral[27]	_	
27-27	1362-1365	nun	neutral[27]	_	
27-28	1366-1369	gar	neutral[27]	_	
27-29	1370-1376	nichts	neutral[27]	_	
27-30	1377-1379	an	neutral[27]	_	
27-31	1379-1380	.	neutral[27]	_	
27-32	1381-1383	zu	neutral[27]	_	
27-33	1384-1388	kurz	neutral[27]	_	
27-34	1389-1391	in	neutral[27]	_	
27-35	1392-1395	New	neutral[27]	Reisen[44]	
27-36	1396-1400	York	neutral[27]	Reisen[44]	
27-37	1401-1405	City	neutral[27]	Reisen[44]	
27-38	1405-1406	.	neutral[27]	_	
27-39	1407-1411	what	neutral[27]	_	
27-40	1412-1413	a	neutral[27]	_	
27-41	1414-1418	pity	neutral[27]	_	
27-42	1418-1419	.	neutral[27]	_	

#Text=Women women.
28-1	1424-1429	Women	_	_	
28-2	1430-1435	women	_	_	
28-3	1435-1436	.	_	_	

#Text=We want women.
29-1	1437-1439	We	_	_	
29-2	1440-1444	want	_	_	
29-3	1445-1450	women	_	_	
29-4	1450-1451	.	_	_	
