#FORMAT=WebAnno TSV 3.2
#T_SP=webanno.custom.Sentiment|Polarity
#T_SP=webanno.custom.Topic|Topics


#Text=Neulich hab ich 'n Film von früher geseh'n, da war so 'n Typ, den fand ich richtig gut, der hieß James Dean.
1-1	0-7	Neulich	positive[1]	_	
1-2	8-11	hab	positive[1]	_	
1-3	12-15	ich	positive[1]	_	
1-4	16-17	'	positive[1]	_	
1-5	17-18	n	positive[1]	_	
1-6	19-23	Film	positive[1]	_	
1-7	24-27	von	positive[1]	_	
1-8	28-34	früher	positive[1]	_	
1-9	35-42	geseh'n	positive[1]	_	
1-10	42-43	,	positive[1]	_	
1-11	44-46	da	positive[1]	_	
1-12	47-50	war	positive[1]	_	
1-13	51-53	so	positive[1]	_	
1-14	54-55	'	positive[1]	_	
1-15	55-56	n	positive[1]	_	
1-16	57-60	Typ	positive[1]	_	
1-17	60-61	,	positive[1]	_	
1-18	62-65	den	positive[1]	_	
1-19	66-70	fand	positive[1]	Persönliches/Emotionen[11]	
1-20	71-74	ich	positive[1]	Persönliches/Emotionen[11]	
1-21	75-82	richtig	positive[1]	Persönliches/Emotionen[11]	
1-22	83-86	gut	positive[1]	Persönliches/Emotionen[11]	
1-23	86-87	,	positive[1]	_	
1-24	88-91	der	positive[1]	_	
1-25	92-96	hieß	positive[1]	_	
1-26	97-102	James	positive[1]	Politik/Soziales/Missstände[12]	
1-27	103-107	Dean	positive[1]	Politik/Soziales/Missstände[12]	
1-28	107-108	.	positive[1]	_	

#Text=Die haben mir erzählt, dass er der Erste war, der geweint hat auf der Leinwand.
2-1	109-112	Die	neutral[2]	_	
2-2	113-118	haben	neutral[2]	_	
2-3	119-122	mir	neutral[2]	_	
2-4	123-130	erzählt	neutral[2]	_	
2-5	130-131	,	neutral[2]	_	
2-6	132-136	dass	neutral[2]	_	
2-7	137-139	er	neutral[2]	_	
2-8	140-143	der	neutral[2]	_	
2-9	144-149	Erste	neutral[2]	_	
2-10	150-153	war	neutral[2]	_	
2-11	153-154	,	neutral[2]	_	
2-12	155-158	der	neutral[2]	_	
2-13	159-166	geweint	neutral[2]	_	
2-14	167-170	hat	neutral[2]	_	
2-15	171-174	auf	neutral[2]	_	
2-16	175-178	der	neutral[2]	_	
2-17	179-187	Leinwand	neutral[2]	_	
2-18	187-188	.	neutral[2]	_	

#Text=Vorher gab's nur diese knallharten Männer mit der Knarre in der Hand.
3-1	189-195	Vorher	neutral[3]	_	
3-2	196-201	gab's	neutral[3]	_	
3-3	202-205	nur	neutral[3]	_	
3-4	206-211	diese	neutral[3]	_	
3-5	212-223	knallharten	neutral[3]	Politik/Soziales/Missstände[13]	
3-6	224-230	Männer	neutral[3]	Politik/Soziales/Missstände[13]	
3-7	231-234	mit	neutral[3]	Politik/Soziales/Missstände[13]	
3-8	235-238	der	neutral[3]	Politik/Soziales/Missstände[13]	
3-9	239-245	Knarre	neutral[3]	Politik/Soziales/Missstände[13]	
3-10	246-248	in	neutral[3]	Politik/Soziales/Missstände[13]	
3-11	249-252	der	neutral[3]	Politik/Soziales/Missstände[13]	
3-12	253-257	Hand	neutral[3]	Politik/Soziales/Missstände[13]	
3-13	257-258	.	neutral[3]	_	

#Text=Und dann hab ich alte Platten gehört, Rock 'n 'Roll von Elvis Presley, der machte damals 'ne Riesenschau und bewegte die Hüften wie 'ne Frau.
4-1	263-266	Und	positive[4]	_	
4-2	267-271	dann	positive[4]	_	
4-3	272-275	hab	positive[4]	_	
4-4	276-279	ich	positive[4]	_	
4-5	280-284	alte	positive[4]	Musik[14]	
4-6	285-292	Platten	positive[4]	Musik[14]	
4-7	293-299	gehört	positive[4]	Musik[14]	
4-8	299-300	,	positive[4]	_	
4-9	301-305	Rock	positive[4]	Musik[15]	
4-10	306-307	'	positive[4]	Musik[15]	
4-11	307-308	n	positive[4]	Musik[15]	
4-12	309-310	'	positive[4]	Musik[15]	
4-13	310-314	Roll	positive[4]	Musik[15]	
4-14	315-318	von	positive[4]	_	
4-15	319-324	Elvis	positive[4]	Musik[16]	
4-16	325-332	Presley	positive[4]	Musik[16]	
4-17	332-333	,	positive[4]	_	
4-18	334-337	der	positive[4]	_	
4-19	338-344	machte	positive[4]	_	
4-20	345-351	damals	positive[4]	_	
4-21	352-353	'	positive[4]	_	
4-22	353-355	ne	positive[4]	_	
4-23	356-367	Riesenschau	positive[4]	_	
4-24	368-371	und	positive[4]	_	
4-25	372-379	bewegte	positive[4]	_	
4-26	380-383	die	positive[4]	_	
4-27	384-390	Hüften	positive[4]	_	
4-28	391-394	wie	positive[4]	_	
4-29	395-396	'	positive[4]	_	
4-30	396-398	ne	positive[4]	_	
4-31	399-403	Frau	positive[4]	_	
4-32	403-404	.	positive[4]	_	

#Text=Und '63 waren die Beatles da, das war damals noch ein Skandal mit dem langen Haar und Paul sang wie ein Mädchen, das kam unheimlich an.
5-1	409-412	Und	positive[5]	_	
5-2	413-414	'	positive[5]	_	
5-3	414-416	63	positive[5]	_	
5-4	417-422	waren	positive[5]	_	
5-5	423-426	die	positive[5]	_	
5-6	427-434	Beatles	positive[5]	Musik	
5-7	435-437	da	positive[5]	_	
5-8	437-438	,	positive[5]	_	
5-9	439-442	das	positive[5]	_	
5-10	443-446	war	positive[5]	_	
5-11	447-453	damals	positive[5]	_	
5-12	454-458	noch	positive[5]	_	
5-13	459-462	ein	positive[5]	_	
5-14	463-470	Skandal	positive[5]	Politik/Soziales/Missstände	
5-15	471-474	mit	positive[5]	_	
5-16	475-478	dem	positive[5]	_	
5-17	479-485	langen	positive[5]	_	
5-18	486-490	Haar	positive[5]	_	
5-19	491-494	und	positive[5]	_	
5-20	495-499	Paul	positive[5]	Musik[17]	
5-21	500-504	sang	positive[5]	Musik[17]	
5-22	505-508	wie	positive[5]	Musik[17]	
5-23	509-512	ein	positive[5]	Musik[17]	
5-24	513-520	Mädchen	positive[5]	Musik[17]	
5-25	520-521	,	positive[5]	_	
5-26	522-525	das	positive[5]	_	
5-27	526-529	kam	positive[5]	_	
5-28	530-540	unheimlich	positive[5]	_	
5-29	541-543	an	positive[5]	_	
5-30	543-544	.	positive[5]	_	

#Text=Dann Mick Jagger und jetzt David Bowie, der seinen Gitarristen auf der Bühne küsst, und wieso auch nicht.
6-1	549-553	Dann	positive[6]	_	
6-2	554-558	Mick	positive[6]	Musik[18]	
6-3	559-565	Jagger	positive[6]	Musik[18]	
6-4	566-569	und	positive[6]	_	
6-5	570-575	jetzt	positive[6]	_	
6-6	576-581	David	positive[6]	Musik[19]	
6-7	582-587	Bowie	positive[6]	Musik[19]	
6-8	587-588	,	positive[6]	_	
6-9	589-592	der	positive[6]	_	
6-10	593-599	seinen	positive[6]	_	
6-11	600-611	Gitarristen	positive[6]	Musik	
6-12	612-615	auf	positive[6]	_	
6-13	616-619	der	positive[6]	_	
6-14	620-625	Bühne	positive[6]	Musik	
6-15	626-631	küsst	positive[6]	Liebe/Partnerschaft	
6-16	631-632	,	positive[6]	_	
6-17	633-636	und	positive[6]	_	
6-18	637-642	wieso	positive[6]	Persönliches/Emotionen[20]	
6-19	643-647	auch	positive[6]	Persönliches/Emotionen[20]	
6-20	648-653	nicht	positive[6]	Persönliches/Emotionen[20]	
6-21	653-654	.	positive[6]	_	

#Text=Es ist doch ganz egal, ob du ein Junge oder 'n Mädchen bist.
7-1	655-657	Es	positive[7]	_	
7-2	658-661	ist	positive[7]	_	
7-3	662-666	doch	positive[7]	_	
7-4	667-671	ganz	positive[7]	Persönliches/Emotionen[21]	
7-5	672-676	egal	positive[7]	Persönliches/Emotionen[21]	
7-6	676-677	,	positive[7]	_	
7-7	678-680	ob	positive[7]	_	
7-8	681-683	du	positive[7]	_	
7-9	684-687	ein	positive[7]	_	
7-10	688-693	Junge	positive[7]	_	
7-11	694-698	oder	positive[7]	_	
7-12	699-700	'	positive[7]	_	
7-13	700-701	n	positive[7]	_	
7-14	702-709	Mädchen	positive[7]	_	
7-15	710-714	bist	positive[7]	_	
7-16	714-715	.	positive[7]	_	

#Text=Gestern hab' ich dich zum ersten Mal gesehen, weiße Haut, totaler Knock-out, für einen Moment blieben wir stehen.
8-1	720-727	Gestern	positive[8]	_	
8-2	728-731	hab	positive[8]	_	
8-3	731-732	'	positive[8]	_	
8-4	733-736	ich	positive[8]	_	
8-5	737-741	dich	positive[8]	_	
8-6	742-745	zum	positive[8]	_	
8-7	746-752	ersten	positive[8]	_	
8-8	753-756	Mal	positive[8]	_	
8-9	757-764	gesehen	positive[8]	_	
8-10	764-765	,	positive[8]	_	
8-11	766-771	weiße	positive[8]	_	
8-12	772-776	Haut	positive[8]	_	
8-13	776-777	,	positive[8]	_	
8-14	778-785	totaler	positive[8]	Persönliches/Emotionen[22]	
8-15	786-795	Knock-out	positive[8]	Persönliches/Emotionen[22]	
8-16	795-796	,	positive[8]	_	
8-17	797-800	für	positive[8]	_	
8-18	801-806	einen	positive[8]	_	
8-19	807-813	Moment	positive[8]	_	
8-20	814-821	blieben	positive[8]	_	
8-21	822-825	wir	positive[8]	_	
8-22	826-832	stehen	positive[8]	_	
8-23	832-833	.	positive[8]	_	

#Text=Weißt du, irgendwie fand ich dich so gut.
9-1	834-839	Weißt	positive[9]	_	
9-2	840-842	du	positive[9]	_	
9-3	842-843	,	positive[9]	_	
9-4	844-853	irgendwie	positive[9]	_	
9-5	854-858	fand	positive[9]	Liebe/Partnerschaft[23]	
9-6	859-862	ich	positive[9]	Liebe/Partnerschaft[23]	
9-7	863-867	dich	positive[9]	Liebe/Partnerschaft[23]	
9-8	868-870	so	positive[9]	Liebe/Partnerschaft[23]	
9-9	871-874	gut	positive[9]	Liebe/Partnerschaft[23]	
9-10	874-875	.	positive[9]	_	

#Text=Doch dich gleich auf der Straße zu umarmen, dazu fehlte mir der Mut.
10-1	876-880	Doch	negative[10]	_	
10-2	881-885	dich	negative[10]	_	
10-3	886-892	gleich	negative[10]	_	
10-4	893-896	auf	negative[10]	_	
10-5	897-900	der	negative[10]	_	
10-6	901-907	Straße	negative[10]	_	
10-7	908-910	zu	negative[10]	_	
10-8	911-918	umarmen	negative[10]	Liebe/Partnerschaft	
10-9	918-919	,	negative[10]	_	
10-10	920-924	dazu	negative[10]	_	
10-11	925-931	fehlte	negative[10]	Persönliches/Emotionen[24]	
10-12	932-935	mir	negative[10]	Persönliches/Emotionen[24]	
10-13	936-939	der	negative[10]	Persönliches/Emotionen[24]	
10-14	940-943	Mut	negative[10]	Persönliches/Emotionen[24]	
10-15	943-944	.	negative[10]	_	
