#FORMAT=WebAnno TSV 3.2
#T_SP=webanno.custom.Sentiment|Polarity
#T_SP=webanno.custom.Topic|Topics


#Text=Junge, Junge, stolz und schön, du Traumtänzer in deinen frühen Jahren.
1-1	0-5	Junge	neutral[1]	_	
1-2	5-6	,	neutral[1]	_	
1-3	7-12	Junge	neutral[1]	_	
1-4	12-13	,	neutral[1]	_	
1-5	14-19	stolz	neutral[1]	_	
1-6	20-23	und	neutral[1]	_	
1-7	24-29	schön	neutral[1]	_	
1-8	29-30	,	neutral[1]	_	
1-9	31-33	du	neutral[1]	_	
1-10	34-45	Traumtänzer	neutral[1]	Persönliches/Emotionen	
1-11	46-48	in	neutral[1]	_	
1-12	49-55	deinen	neutral[1]	_	
1-13	56-62	frühen	neutral[1]	_	
1-14	63-69	Jahren	neutral[1]	_	
1-15	69-70	.	_	_	

#Text=Mit deiner besseren Welt in der falschen Welt, Love and Peace an der Jacke, und hippieroten Haaren.
2-1	71-74	Mit	neutral[2]	_	
2-2	75-81	deiner	neutral[2]	_	
2-3	82-90	besseren	neutral[2]	Politik/Soziales/Missstände[24]	
2-4	91-95	Welt	neutral[2]	Politik/Soziales/Missstände[24]	
2-5	96-98	in	neutral[2]	Politik/Soziales/Missstände[24]	
2-6	99-102	der	neutral[2]	Politik/Soziales/Missstände[24]	
2-7	103-111	falschen	neutral[2]	Politik/Soziales/Missstände[24]	
2-8	112-116	Welt	neutral[2]	Politik/Soziales/Missstände[24]	
2-9	116-117	,	neutral[2]	_	
2-10	118-122	Love	neutral[2]	_	
2-11	123-126	and	neutral[2]	_	
2-12	127-132	Peace	neutral[2]	_	
2-13	133-135	an	neutral[2]	_	
2-14	136-139	der	neutral[2]	_	
2-15	140-145	Jacke	neutral[2]	_	
2-16	145-146	,	neutral[2]	_	
2-17	147-150	und	neutral[2]	_	
2-18	151-162	hippieroten	neutral[2]	_	
2-19	163-169	Haaren	neutral[2]	_	
2-20	169-170	.	neutral[2]	_	

#Text=Ein Feuer gegen die Dunkelheit, ein flammender Rebell.
3-1	171-174	Ein	positive[3]	_	
3-2	175-180	Feuer	positive[3]	Politik/Soziales/Missstände[25]	
3-3	181-186	gegen	positive[3]	Politik/Soziales/Missstände[25]	
3-4	187-190	die	positive[3]	Politik/Soziales/Missstände[25]	
3-5	191-201	Dunkelheit	positive[3]	Politik/Soziales/Missstände[25]	
3-6	201-202	,	positive[3]	_	
3-7	203-206	ein	positive[3]	_	
3-8	207-217	flammender	positive[3]	Politik/Soziales/Missstände[26]	
3-9	218-224	Rebell	positive[3]	Politik/Soziales/Missstände[26]	
3-10	224-225	.	_	_	

#Text=Und wenn die Welt zu düster ist, dann machen wir sie eben hell.
4-1	226-229	Und	positive[4]	_	
4-2	230-234	wenn	positive[4]	_	
4-3	235-238	die	positive[4]	Politik/Soziales/Missstände[27]	
4-4	239-243	Welt	positive[4]	Politik/Soziales/Missstände[27]	
4-5	244-246	zu	positive[4]	Politik/Soziales/Missstände[27]	
4-6	247-253	düster	positive[4]	Politik/Soziales/Missstände[27]	
4-7	254-257	ist	positive[4]	_	
4-8	257-258	,	positive[4]	_	
4-9	259-263	dann	positive[4]	_	
4-10	264-270	machen	positive[4]	_	
4-11	271-274	wir	positive[4]	_	
4-12	275-278	sie	positive[4]	_	
4-13	279-283	eben	positive[4]	_	
4-14	284-288	hell	positive[4]	_	
4-15	288-289	.	_	_	

#Text=Die Liebe war groß und hörte niemals auf und jedes Mal für immer.
5-1	294-297	Die	positive[5]	_	
5-2	298-303	Liebe	positive[5]	Liebe/Partnerschaft	
5-3	304-307	war	positive[5]	_	
5-4	308-312	groß	positive[5]	_	
5-5	313-316	und	positive[5]	_	
5-6	317-322	hörte	positive[5]	_	
5-7	323-330	niemals	positive[5]	_	
5-8	331-334	auf	positive[5]	_	
5-9	335-338	und	positive[5]	_	
5-10	339-344	jedes	positive[5]	_	
5-11	345-348	Mal	positive[5]	_	
5-12	349-352	für	positive[5]	_	
5-13	353-358	immer	positive[5]	_	
5-14	358-359	.	_	_	

#Text=Die Treue war ewig, da schworst du drauf und keine Tricks mit gekreuztem Finger.
6-1	360-363	Die	positive[6]	_	
6-2	364-369	Treue	positive[6]	Liebe/Partnerschaft	
6-3	370-373	war	positive[6]	_	
6-4	374-378	ewig	positive[6]	_	
6-5	378-379	,	positive[6]	_	
6-6	380-382	da	positive[6]	_	
6-7	383-391	schworst	positive[6]	_	
6-8	392-394	du	positive[6]	_	
6-9	395-400	drauf	positive[6]	_	
6-10	401-404	und	positive[6]	_	
6-11	405-410	keine	positive[6]	_	
6-12	411-417	Tricks	positive[6]	_	
6-13	418-421	mit	positive[6]	_	
6-14	422-432	gekreuztem	positive[6]	_	
6-15	433-439	Finger	positive[6]	_	
6-16	439-440	.	positive[6]	_	

#Text=Und was für'n sentimentaler Hund, du weintest heimlich im Kino und du wolltest so sein, wie in deinen besten Träumen und 'n bisschen so wie Robert de Niro.
7-1	445-448	Und	negative[7]	_	
7-2	449-452	was	negative[7]	_	
7-3	453-458	für'n	negative[7]	_	
7-4	459-472	sentimentaler	negative[7]	Persönliches/Emotionen[28]	
7-5	473-477	Hund	negative[7]	Persönliches/Emotionen[28]	
7-6	477-478	,	negative[7]	_	
7-7	479-481	du	negative[7]	_	
7-8	482-490	weintest	negative[7]	Persönliches/Emotionen[29]	
7-9	491-499	heimlich	negative[7]	Persönliches/Emotionen[29]	
7-10	500-502	im	negative[7]	_	
7-11	503-507	Kino	negative[7]	_	
7-12	508-511	und	negative[7]	_	
7-13	512-514	du	negative[7]	_	
7-14	515-523	wolltest	negative[7]	_	
7-15	524-526	so	negative[7]	_	
7-16	527-531	sein	negative[7]	_	
7-17	531-532	,	negative[7]	_	
7-18	533-536	wie	negative[7]	_	
7-19	537-539	in	negative[7]	_	
7-20	540-546	deinen	negative[7]	_	
7-21	547-553	besten	negative[7]	_	
7-22	554-561	Träumen	negative[7]	_	
7-23	562-565	und	negative[7]	_	
7-24	566-567	'	negative[7]	_	
7-25	567-568	n	negative[7]	_	
7-26	569-577	bisschen	negative[7]	_	
7-27	578-580	so	negative[7]	_	
7-28	581-584	wie	negative[7]	_	
7-29	585-591	Robert	negative[7]	_	
7-30	592-594	de	negative[7]	_	
7-31	595-599	Niro	negative[7]	_	
7-32	599-600	.	negative[7]	_	

#Text=Und ich schreib' diesen Brief  an den Jungen, der ich vor dreißig Jahren war, manchmal ein bisschen vergessen, aber heute Nacht biste wieder richtig da.
8-1	605-608	Und	neutral[8]	_	
8-2	609-612	ich	neutral[8]	_	
8-3	613-620	schreib	neutral[8]	_	
8-4	620-621	'	neutral[8]	_	
8-5	622-628	diesen	neutral[8]	_	
8-6	629-634	Brief	neutral[8]	_	
8-7	636-638	an	neutral[8]	_	
8-8	639-642	den	neutral[8]	_	
8-9	643-649	Jungen	neutral[8]	_	
8-10	649-650	,	neutral[8]	_	
8-11	651-654	der	neutral[8]	_	
8-12	655-658	ich	neutral[8]	_	
8-13	659-662	vor	neutral[8]	_	
8-14	663-670	dreißig	neutral[8]	_	
8-15	671-677	Jahren	neutral[8]	_	
8-16	678-681	war	neutral[8]	_	
8-17	681-682	,	_	_	
8-18	683-691	manchmal	negative[9]	_	
8-19	692-695	ein	negative[9]	_	
8-20	696-704	bisschen	negative[9]	Persönliches/Emotionen[30]	
8-21	705-714	vergessen	negative[9]	Persönliches/Emotionen[30]	
8-22	714-715	,	_	_	
8-23	716-720	aber	positive[10]	_	
8-24	721-726	heute	positive[10]	_	
8-25	727-732	Nacht	positive[10]	_	
8-26	733-738	biste	positive[10]	_	
8-27	739-745	wieder	positive[10]	Persönliches/Emotionen[31]	
8-28	746-753	richtig	positive[10]	Persönliches/Emotionen[31]	
8-29	754-756	da	positive[10]	Persönliches/Emotionen[31]	
8-30	756-757	.	_	_	

#Text=Und ich schreib' diesen Brief an den Jungen, keine Adresse - wo schick' ich ihn bloß hin?
9-1	762-765	Und	neutral[11]	_	
9-2	766-769	ich	neutral[11]	_	
9-3	770-777	schreib	neutral[11]	_	
9-4	777-778	'	neutral[11]	_	
9-5	779-785	diesen	neutral[11]	_	
9-6	786-791	Brief	neutral[11]	_	
9-7	792-794	an	neutral[11]	_	
9-8	795-798	den	neutral[11]	_	
9-9	799-805	Jungen	neutral[11]	_	
9-10	805-806	,	_	_	
9-11	807-812	keine	negative[12]	_	
9-12	813-820	Adresse	negative[12]	_	
9-13	821-822	-	negative[12]	_	
9-14	823-825	wo	negative[12]	_	
9-15	826-832	schick	negative[12]	_	
9-16	832-833	'	negative[12]	_	
9-17	834-837	ich	negative[12]	_	
9-18	838-841	ihn	negative[12]	_	
9-19	842-846	bloß	negative[12]	_	
9-20	847-850	hin	negative[12]	_	
9-21	850-851	?	negative[12]	_	

#Text=ich steck' ihn einfach in die Tasche, weil ich dieser Junge doch selber bin.
10-1	852-855	ich	neutral[13]	_	
10-2	856-861	steck	neutral[13]	_	
10-3	861-862	'	neutral[13]	_	
10-4	863-866	ihn	neutral[13]	_	
10-5	867-874	einfach	neutral[13]	_	
10-6	875-877	in	neutral[13]	_	
10-7	878-881	die	neutral[13]	_	
10-8	882-888	Tasche	neutral[13]	_	
10-9	888-889	,	neutral[13]	_	
10-10	890-894	weil	neutral[13]	_	
10-11	895-898	ich	neutral[13]	_	
10-12	899-905	dieser	neutral[13]	_	
10-13	906-911	Junge	neutral[13]	_	
10-14	912-916	doch	neutral[13]	_	
10-15	917-923	selber	neutral[13]	_	
10-16	924-927	bin	neutral[13]	_	
10-17	927-928	.	neutral[13]	_	

#Text=Und alles neu und zum ersten Mal und gar nichts ließ dich kalt, und erwachsen und cool werden wolltest du nie und überhaupt, du wirst nie richtig alt.
11-1	933-936	Und	positive[14]	_	
11-2	937-942	alles	positive[14]	_	
11-3	943-946	neu	positive[14]	_	
11-4	947-950	und	positive[14]	_	
11-5	951-954	zum	positive[14]	_	
11-6	955-961	ersten	positive[14]	_	
11-7	962-965	Mal	positive[14]	_	
11-8	966-969	und	positive[14]	_	
11-9	970-973	gar	positive[14]	Persönliches/Emotionen[32]	
11-10	974-980	nichts	positive[14]	Persönliches/Emotionen[32]	
11-11	981-985	ließ	positive[14]	Persönliches/Emotionen[32]	
11-12	986-990	dich	positive[14]	Persönliches/Emotionen[32]	
11-13	991-995	kalt	positive[14]	Persönliches/Emotionen[32]	
11-14	995-996	,	_	_	
11-15	997-1000	und	positive[15]	_	
11-16	1001-1010	erwachsen	positive[15]	_	
11-17	1011-1014	und	positive[15]	_	
11-18	1015-1019	cool	positive[15]	_	
11-19	1020-1026	werden	positive[15]	_	
11-20	1027-1035	wolltest	positive[15]	_	
11-21	1036-1038	du	positive[15]	_	
11-22	1039-1042	nie	positive[15]	_	
11-23	1043-1046	und	positive[15]	_	
11-24	1047-1056	überhaupt	positive[15]	_	
11-25	1056-1057	,	positive[15]	_	
11-26	1058-1060	du	positive[15]	_	
11-27	1061-1066	wirst	positive[15]	_	
11-28	1067-1070	nie	positive[15]	_	
11-29	1071-1078	richtig	positive[15]	_	
11-30	1079-1082	alt	positive[15]	_	
11-31	1082-1083	.	positive[15]	_	

#Text=Und Hermine und Gustav, sie waren oft genervt, wegen deiner Verrücktheiten.
12-1	1084-1087	Und	negative[16]	_	
12-2	1088-1095	Hermine	negative[16]	Liebe/Partnerschaft[33]	
12-3	1096-1099	und	negative[16]	Liebe/Partnerschaft[33]	
12-4	1100-1106	Gustav	negative[16]	Liebe/Partnerschaft[33]	
12-5	1106-1107	,	negative[16]	_	
12-6	1108-1111	sie	negative[16]	_	
12-7	1112-1117	waren	negative[16]	_	
12-8	1118-1121	oft	negative[16]	_	
12-9	1122-1129	genervt	negative[16]	_	
12-10	1129-1130	,	negative[16]	_	
12-11	1131-1136	wegen	negative[16]	_	
12-12	1137-1143	deiner	negative[16]	_	
12-13	1144-1158	Verrücktheiten	negative[16]	Persönliches/Emotionen	
12-14	1158-1159	.	_	_	

#Text=Doch 'n bisschen später lachtet ihr drüber und wusstet: das sind jetzt die guten Zeiten.
13-1	1160-1164	Doch	positive[17]	_	
13-2	1165-1166	'	positive[17]	_	
13-3	1166-1167	n	positive[17]	_	
13-4	1168-1176	bisschen	positive[17]	_	
13-5	1177-1183	später	positive[17]	_	
13-6	1184-1191	lachtet	positive[17]	_	
13-7	1192-1195	ihr	positive[17]	_	
13-8	1196-1202	drüber	positive[17]	_	
13-9	1203-1206	und	positive[17]	_	
13-10	1207-1214	wusstet	positive[17]	_	
13-11	1214-1215	:	positive[17]	_	
13-12	1216-1219	das	positive[17]	_	
13-13	1220-1224	sind	positive[17]	_	
13-14	1225-1230	jetzt	positive[17]	_	
13-15	1231-1234	die	positive[17]	Politik/Soziales/Missstände[34]	
13-16	1235-1240	guten	positive[17]	Politik/Soziales/Missstände[34]	
13-17	1241-1247	Zeiten	positive[17]	Politik/Soziales/Missstände[34]	
13-18	1247-1248	.	_	_	

#Text=Und ich schreib' diesen Brief  an den Jungen, der ich vor dreißig Jahren war, manchmal so'n bisschen vergessen, aber heute Nacht biste wieder richtig da.
14-1	1253-1256	Und	neutral[18]	_	
14-2	1257-1260	ich	neutral[18]	_	
14-3	1261-1268	schreib	neutral[18]	_	
14-4	1268-1269	'	neutral[18]	_	
14-5	1270-1276	diesen	neutral[18]	_	
14-6	1277-1282	Brief	neutral[18]	_	
14-7	1284-1286	an	neutral[18]	_	
14-8	1287-1290	den	neutral[18]	_	
14-9	1291-1297	Jungen	neutral[18]	_	
14-10	1297-1298	,	neutral[18]	_	
14-11	1299-1302	der	neutral[18]	_	
14-12	1303-1306	ich	neutral[18]	_	
14-13	1307-1310	vor	neutral[18]	_	
14-14	1311-1318	dreißig	neutral[18]	_	
14-15	1319-1325	Jahren	neutral[18]	_	
14-16	1326-1329	war	neutral[18]	_	
14-17	1329-1330	,	_	_	
14-18	1331-1339	manchmal	negative[19]	_	
14-19	1340-1344	so'n	negative[19]	_	
14-20	1345-1353	bisschen	negative[19]	Persönliches/Emotionen[35]	
14-21	1354-1363	vergessen	negative[19]	Persönliches/Emotionen[35]	
14-22	1363-1364	,	_	_	
14-23	1365-1369	aber	positive[20]	_	
14-24	1370-1375	heute	positive[20]	_	
14-25	1376-1381	Nacht	positive[20]	_	
14-26	1382-1387	biste	positive[20]	_	
14-27	1388-1394	wieder	positive[20]	Persönliches/Emotionen[36]	
14-28	1395-1402	richtig	positive[20]	Persönliches/Emotionen[36]	
14-29	1403-1405	da	positive[20]	Persönliches/Emotionen[36]	
14-30	1405-1406	.	_	_	

#Text=Und ich schreib' diesen Brief an den Jungen, keine Adresse - wo schick ich ihn bloß hin?
15-1	1411-1414	Und	neutral[21]	_	
15-2	1415-1418	ich	neutral[21]	_	
15-3	1419-1426	schreib	neutral[21]	_	
15-4	1426-1427	'	neutral[21]	_	
15-5	1428-1434	diesen	neutral[21]	_	
15-6	1435-1440	Brief	neutral[21]	_	
15-7	1441-1443	an	neutral[21]	_	
15-8	1444-1447	den	neutral[21]	_	
15-9	1448-1454	Jungen	neutral[21]	_	
15-10	1454-1455	,	_	_	
15-11	1456-1461	keine	negative[22]	_	
15-12	1462-1469	Adresse	negative[22]	_	
15-13	1470-1471	-	negative[22]	_	
15-14	1472-1474	wo	negative[22]	_	
15-15	1475-1481	schick	negative[22]	_	
15-16	1482-1485	ich	negative[22]	_	
15-17	1486-1489	ihn	negative[22]	_	
15-18	1490-1494	bloß	negative[22]	_	
15-19	1495-1498	hin	negative[22]	_	
15-20	1498-1499	?	negative[22]	_	

#Text=ich steck' ihn einfach in die Tasche, weil ich dieser Junge doch selber bin.
16-1	1500-1503	ich	neutral[23]	_	
16-2	1504-1509	steck	neutral[23]	_	
16-3	1509-1510	'	neutral[23]	_	
16-4	1511-1514	ihn	neutral[23]	_	
16-5	1515-1522	einfach	neutral[23]	_	
16-6	1523-1525	in	neutral[23]	_	
16-7	1526-1529	die	neutral[23]	_	
16-8	1530-1536	Tasche	neutral[23]	_	
16-9	1536-1537	,	neutral[23]	_	
16-10	1538-1542	weil	neutral[23]	_	
16-11	1543-1546	ich	neutral[23]	_	
16-12	1547-1553	dieser	neutral[23]	_	
16-13	1554-1559	Junge	neutral[23]	_	
16-14	1560-1564	doch	neutral[23]	_	
16-15	1565-1571	selber	neutral[23]	_	
16-16	1572-1575	bin	neutral[23]	_	
16-17	1575-1576	.	neutral[23]	_	
