#FORMAT=WebAnno TSV 3.2
#T_SP=webanno.custom.Sentiment|Polarity
#T_SP=webanno.custom.Topic|Topics


#Text=Wenn du mein Kind wärst, würd' ich dich tragen, auf meinen Schultern, den ganzen Tag .
1-1	0-4	Wenn	positive[1]	_	
1-2	5-7	du	positive[1]	_	
1-3	8-12	mein	positive[1]	Liebe/Partnerschaft[23]	
1-4	13-17	Kind	positive[1]	Liebe/Partnerschaft[23]	
1-5	18-23	wärst	positive[1]	_	
1-6	23-24	,	positive[1]	_	
1-7	25-29	würd	positive[1]	_	
1-8	29-30	'	positive[1]	_	
1-9	31-34	ich	positive[1]	_	
1-10	35-39	dich	positive[1]	_	
1-11	40-46	tragen	positive[1]	_	
1-12	46-47	,	positive[1]	_	
1-13	48-51	auf	positive[1]	_	
1-14	52-58	meinen	positive[1]	_	
1-15	59-68	Schultern	positive[1]	_	
1-16	68-69	,	positive[1]	_	
1-17	70-73	den	positive[1]	_	
1-18	74-80	ganzen	positive[1]	_	
1-19	81-84	Tag	positive[1]	_	
1-20	85-86	.	_	_	

#Text=Wir würden lachend den Strand entlang jagen  bis ich absolut keine Luft mehr hab' .
2-1	87-90	Wir	positive[2]	_	
2-2	91-97	würden	positive[2]	_	
2-3	98-105	lachend	positive[2]	Persönliches/Emotionen	
2-4	106-109	den	positive[2]	_	
2-5	110-116	Strand	positive[2]	_	
2-6	117-124	entlang	positive[2]	_	
2-7	125-130	jagen	positive[2]	_	
2-8	132-135	bis	positive[2]	_	
2-9	136-139	ich	positive[2]	_	
2-10	140-147	absolut	positive[2]	_	
2-11	148-153	keine	positive[2]	_	
2-12	154-158	Luft	positive[2]	_	
2-13	159-163	mehr	positive[2]	_	
2-14	164-167	hab	positive[2]	_	
2-15	167-168	'	positive[2]	_	
2-16	169-170	.	_	_	

#Text=Dann krabbeln wir beide die Dünen hoch  und dann gibt's noch 'ne große Brause .
3-1	171-175	Dann	positive[3]	_	
3-2	176-184	krabbeln	positive[3]	_	
3-3	185-188	wir	positive[3]	_	
3-4	189-194	beide	positive[3]	_	
3-5	195-198	die	positive[3]	_	
3-6	199-204	Dünen	positive[3]	_	
3-7	205-209	hoch	positive[3]	_	
3-8	211-214	und	positive[3]	_	
3-9	215-219	dann	positive[3]	_	
3-10	220-226	gibt's	positive[3]	_	
3-11	227-231	noch	positive[3]	_	
3-12	232-233	'	positive[3]	_	
3-13	233-235	ne	positive[3]	_	
3-14	236-241	große	positive[3]	_	
3-15	242-248	Brause	positive[3]	_	
3-16	249-250	.	_	_	

#Text=Deine kleinen Hände in meiner Hand  und dann hüpfen wir glücklich nach Hause.
4-1	251-256	Deine	positive[4]	_	
4-2	257-264	kleinen	positive[4]	_	
4-3	265-270	Hände	positive[4]	_	
4-4	271-273	in	positive[4]	_	
4-5	274-280	meiner	positive[4]	_	
4-6	281-285	Hand	positive[4]	_	
4-7	287-290	und	positive[4]	_	
4-8	291-295	dann	positive[4]	_	
4-9	296-302	hüpfen	positive[4]	_	
4-10	303-306	wir	positive[4]	_	
4-11	307-316	glücklich	positive[4]	Persönliches/Emotionen	
4-12	317-321	nach	positive[4]	_	
4-13	322-327	Hause	positive[4]	_	
4-14	327-328	.	_	_	

#Text=Und wärst du meine Schwester und ich 'n bißchen größer, ich würd' dich beschützen, ganz ritterlich .
5-1	333-336	Und	positive[5]	_	
5-2	337-342	wärst	positive[5]	_	
5-3	343-345	du	positive[5]	_	
5-4	346-351	meine	positive[5]	_	
5-5	352-361	Schwester	positive[5]	Liebe/Partnerschaft	
5-6	362-365	und	positive[5]	_	
5-7	366-369	ich	positive[5]	_	
5-8	370-371	'	positive[5]	_	
5-9	371-372	n	positive[5]	_	
5-10	373-380	bißchen	positive[5]	_	
5-11	381-387	größer	positive[5]	_	
5-12	387-388	,	positive[5]	_	
5-13	389-392	ich	positive[5]	_	
5-14	393-397	würd	positive[5]	_	
5-15	397-398	'	positive[5]	_	
5-16	399-403	dich	positive[5]	_	
5-17	404-414	beschützen	positive[5]	_	
5-18	414-415	,	positive[5]	_	
5-19	416-420	ganz	positive[5]	_	
5-20	421-431	ritterlich	positive[5]	_	
5-21	432-433	.	_	_	

#Text=Vor allen den Bösen, die dir was wollen .
6-1	434-437	Vor	negative[6]	_	
6-2	438-443	allen	negative[6]	_	
6-3	444-447	den	negative[6]	_	
6-4	448-453	Bösen	negative[6]	_	
6-5	453-454	,	negative[6]	_	
6-6	455-458	die	negative[6]	_	
6-7	459-462	dir	negative[6]	_	
6-8	463-466	was	negative[6]	_	
6-9	467-473	wollen	negative[6]	_	
6-10	474-475	.	_	_	

#Text=Dann haben die Respekt und wehe nicht .
7-1	476-480	Dann	positive[7]	_	
7-2	481-486	haben	positive[7]	_	
7-3	487-490	die	positive[7]	_	
7-4	491-498	Respekt	positive[7]	_	
7-5	499-502	und	positive[7]	_	
7-6	503-507	wehe	positive[7]	_	
7-7	508-513	nicht	positive[7]	_	
7-8	514-515	.	_	_	

#Text=Ich würd' dir erzählen von der großen Welt  und dann fahren wir zusammen da hin .
8-1	516-519	Ich	positive[8]	_	
8-2	520-524	würd	positive[8]	_	
8-3	524-525	'	positive[8]	_	
8-4	526-529	dir	positive[8]	_	
8-5	530-538	erzählen	positive[8]	_	
8-6	539-542	von	positive[8]	_	
8-7	543-546	der	positive[8]	_	
8-8	547-553	großen	positive[8]	_	
8-9	554-558	Welt	positive[8]	_	
8-10	560-563	und	positive[8]	_	
8-11	564-568	dann	positive[8]	_	
8-12	569-575	fahren	positive[8]	_	
8-13	576-579	wir	positive[8]	_	
8-14	580-588	zusammen	positive[8]	_	
8-15	589-591	da	positive[8]	_	
8-16	592-595	hin	positive[8]	_	
8-17	596-597	.	_	_	

#Text=Ja, wir wär'n zwei so richtige Stadtindianer  und ich sag' dir, wie stolz ich auf dich bin.
9-1	598-600	Ja	positive[9]	_	
9-2	600-601	,	positive[9]	_	
9-3	602-605	wir	positive[9]	_	
9-4	606-611	wär'n	positive[9]	_	
9-5	612-616	zwei	positive[9]	_	
9-6	617-619	so	positive[9]	_	
9-7	620-628	richtige	positive[9]	_	
9-8	629-642	Stadtindianer	positive[9]	_	
9-9	644-647	und	positive[9]	_	
9-10	648-651	ich	positive[9]	_	
9-11	652-655	sag	positive[9]	_	
9-12	655-656	'	positive[9]	_	
9-13	657-660	dir	positive[9]	_	
9-14	660-661	,	positive[9]	_	
9-15	662-665	wie	positive[9]	_	
9-16	666-671	stolz	positive[9]	Persönliches/Emotionen	
9-17	672-675	ich	positive[9]	_	
9-18	676-679	auf	positive[9]	_	
9-19	680-684	dich	positive[9]	_	
9-20	685-688	bin	positive[9]	_	
9-21	688-689	.	_	_	

#Text=Alles das bist du für mich , wie könnte ich leben ohne Dich?
10-1	694-699	Alles	positive[10]	_	
10-2	700-703	das	positive[10]	_	
10-3	704-708	bist	positive[10]	_	
10-4	709-711	du	positive[10]	_	
10-5	712-715	für	positive[10]	_	
10-6	716-720	mich	positive[10]	_	
10-7	721-722	,	_	_	
10-8	723-726	wie	neutral[11]	_	
10-9	727-733	könnte	neutral[11]	_	
10-10	734-737	ich	neutral[11]	_	
10-11	738-743	leben	neutral[11]	_	
10-12	744-748	ohne	neutral[11]	_	
10-13	749-753	Dich	neutral[11]	_	
10-14	753-754	?	_	_	

#Text=Alles das und noch viel mehr , ich geb' dich nie wieder her .
11-1	756-761	Alles	positive[12]	_	
11-2	762-765	das	positive[12]	_	
11-3	766-769	und	positive[12]	_	
11-4	770-774	noch	positive[12]	_	
11-5	775-779	viel	positive[12]	_	
11-6	780-784	mehr	positive[12]	_	
11-7	785-786	,	positive[12]	_	
11-8	787-790	ich	positive[12]	_	
11-9	791-794	geb	positive[12]	_	
11-10	794-795	'	positive[12]	_	
11-11	796-800	dich	positive[12]	_	
11-12	801-804	nie	positive[12]	_	
11-13	805-811	wieder	positive[12]	_	
11-14	812-815	her	positive[12]	_	
11-15	816-817	.	_	_	

#Text=Alles das bist du für mich , so viele Gesichter ich fass' es nicht .
12-1	818-823	Alles	positive[13]	_	
12-2	824-827	das	positive[13]	_	
12-3	828-832	bist	positive[13]	_	
12-4	833-835	du	positive[13]	_	
12-5	836-839	für	positive[13]	_	
12-6	840-844	mich	positive[13]	_	
12-7	845-846	,	positive[13]	_	
12-8	847-849	so	positive[13]	_	
12-9	850-855	viele	positive[13]	_	
12-10	856-865	Gesichter	positive[13]	_	
12-11	866-869	ich	positive[13]	_	
12-12	870-874	fass	positive[13]	_	
12-13	874-875	'	positive[13]	_	
12-14	876-878	es	positive[13]	_	
12-15	879-884	nicht	positive[13]	_	
12-16	885-886	.	_	_	

#Text=Alles das und noch viel mehr , darum lieb' ich dich so sehr.
13-1	887-892	Alles	positive[14]	_	
13-2	893-896	das	positive[14]	_	
13-3	897-900	und	positive[14]	_	
13-4	901-905	noch	positive[14]	_	
13-5	906-910	viel	positive[14]	_	
13-6	911-915	mehr	positive[14]	_	
13-7	916-917	,	positive[14]	_	
13-8	918-923	darum	positive[14]	_	
13-9	924-928	lieb	positive[14]	Liebe/Partnerschaft	
13-10	928-929	'	positive[14]	_	
13-11	930-933	ich	positive[14]	_	
13-12	934-938	dich	positive[14]	_	
13-13	939-941	so	positive[14]	_	
13-14	942-946	sehr	positive[14]	_	
13-15	946-947	.	_	_	

#Text=Und wärst du meine Mutter, dann hätte ich jemand , der auf mich aufpasst so ab und zu .
14-1	952-955	Und	positive[15]	_	
14-2	956-961	wärst	positive[15]	_	
14-3	962-964	du	positive[15]	_	
14-4	965-970	meine	positive[15]	_	
14-5	971-977	Mutter	positive[15]	Liebe/Partnerschaft	
14-6	977-978	,	positive[15]	_	
14-7	979-983	dann	positive[15]	_	
14-8	984-989	hätte	positive[15]	_	
14-9	990-993	ich	positive[15]	_	
14-10	994-1000	jemand	positive[15]	_	
14-11	1001-1002	,	positive[15]	_	
14-12	1003-1006	der	positive[15]	_	
14-13	1007-1010	auf	positive[15]	_	
14-14	1011-1015	mich	positive[15]	_	
14-15	1016-1024	aufpasst	positive[15]	_	
14-16	1025-1027	so	positive[15]	_	
14-17	1028-1030	ab	positive[15]	_	
14-18	1031-1034	und	positive[15]	_	
14-19	1035-1037	zu	positive[15]	_	
14-20	1038-1039	.	_	_	

#Text=Würd'st öfter mal sagen: Ja, muss das denn sein?
15-1	1040-1047	Würd'st	neutral[16]	_	
15-2	1048-1053	öfter	neutral[16]	_	
15-3	1054-1057	mal	neutral[16]	_	
15-4	1058-1063	sagen	neutral[16]	_	
15-5	1063-1064	:	_	_	
15-6	1065-1067	Ja	negative[17]	_	
15-7	1067-1068	,	negative[17]	_	
15-8	1069-1073	muss	negative[17]	_	
15-9	1074-1077	das	negative[17]	_	
15-10	1078-1082	denn	negative[17]	_	
15-11	1083-1087	sein	negative[17]	_	
15-12	1087-1088	?	_	_	

#Text=Muss man denn wirklich so 'n verrückter Hund sein wie du?
16-1	1090-1094	Muss	negative[18]	_	
16-2	1095-1098	man	negative[18]	_	
16-3	1099-1103	denn	negative[18]	_	
16-4	1104-1112	wirklich	negative[18]	_	
16-5	1113-1115	so	negative[18]	_	
16-6	1116-1117	'	negative[18]	_	
16-7	1117-1118	n	negative[18]	_	
16-8	1119-1129	verrückter	negative[18]	_	
16-9	1130-1134	Hund	negative[18]	_	
16-10	1135-1139	sein	negative[18]	_	
16-11	1140-1143	wie	negative[18]	_	
16-12	1144-1146	du	negative[18]	_	
16-13	1146-1147	?	negative[18]	_	

#Text=Und wenn ich mal durchhäng', nimmst mich in den Arm.
17-1	1152-1155	Und	negative[19]	_	
17-2	1156-1160	wenn	negative[19]	_	
17-3	1161-1164	ich	negative[19]	_	
17-4	1165-1168	mal	negative[19]	_	
17-5	1169-1178	durchhäng	negative[19]	_	
17-6	1178-1179	'	_	_	
17-7	1179-1180	,	_	_	
17-8	1181-1187	nimmst	positive[20]	_	
17-9	1188-1192	mich	positive[20]	_	
17-10	1193-1195	in	positive[20]	_	
17-11	1196-1199	den	positive[20]	_	
17-12	1200-1203	Arm	positive[20]	_	
17-13	1203-1204	.	_	_	

#Text=Und was dann hilft, das weißte ganz genau...
18-1	1205-1208	Und	neutral[21]	_	
18-2	1209-1212	was	neutral[21]	_	
18-3	1213-1217	dann	neutral[21]	_	
18-4	1218-1223	hilft	neutral[21]	_	
18-5	1223-1224	,	neutral[21]	_	
18-6	1225-1228	das	neutral[21]	_	
18-7	1229-1235	weißte	neutral[21]	_	
18-8	1236-1240	ganz	neutral[21]	_	
18-9	1241-1246	genau	neutral[21]	_	
18-10	1246-1247	.	_	_	
18-11	1247-1248	.	_	_	
18-12	1248-1249	.	_	_	

#Text=Und du würd'st mir verzeih'n, immer wieder verzeih'n , auch wenn ich noch so 'n großen Schwachsinn bau'.
19-1	1251-1254	Und	positive[22]	_	
19-2	1255-1257	du	positive[22]	_	
19-3	1258-1265	würd'st	positive[22]	_	
19-4	1266-1269	mir	positive[22]	_	
19-5	1270-1279	verzeih'n	positive[22]	Persönliches/Emotionen	
19-6	1279-1280	,	positive[22]	_	
19-7	1281-1286	immer	positive[22]	_	
19-8	1287-1293	wieder	positive[22]	_	
19-9	1294-1303	verzeih'n	positive[22]	Persönliches/Emotionen	
19-10	1304-1305	,	positive[22]	_	
19-11	1306-1310	auch	positive[22]	_	
19-12	1311-1315	wenn	positive[22]	_	
19-13	1316-1319	ich	positive[22]	_	
19-14	1320-1324	noch	positive[22]	_	
19-15	1325-1327	so	positive[22]	_	
19-16	1328-1329	'	positive[22]	_	
19-17	1329-1330	n	positive[22]	_	
19-18	1331-1337	großen	positive[22]	_	
19-19	1338-1349	Schwachsinn	positive[22]	_	
19-20	1350-1353	bau	positive[22]	_	
19-21	1353-1354	'	_	_	
19-22	1354-1355	.	_	_	
