#FORMAT=WebAnno TSV 3.2
#T_SP=webanno.custom.Sentiment|Polarity
#T_SP=webanno.custom.Topic|Topics


#Text=Es ist alles im Lot auf dem Riverboat  und jetzt fahr'n wir los nach Cuxhaven . die Sklaven im Keller, die rudern los . sie sind frisch und ausgeschlafen . der Kapitän Zäsar Zechmann verspricht , dass er nicht wieder so besoffen wird , wie letztes Mal, denn da wär' beinah ein Schiffsunglück passiert . der Steuermann kichert und stiert auf den Kompass . weiß kaum noch, wie er gucken soll  und jetzt merk ich, die ganze Crew  ist sowieso schon wieder voll.
1-1	0-2	Es	positive[1]	_	
1-2	3-6	ist	positive[1]	_	
1-3	7-12	alles	positive[1]	_	
1-4	13-15	im	positive[1]	_	
1-5	16-19	Lot	positive[1]	_	
1-6	20-23	auf	positive[1]	_	
1-7	24-27	dem	positive[1]	_	
1-8	28-37	Riverboat	positive[1]	Reisen	
1-9	39-42	und	_	_	
1-10	43-48	jetzt	neutral[2]	_	
1-11	49-55	fahr'n	neutral[2]	_	
1-12	56-59	wir	neutral[2]	_	
1-13	60-63	los	neutral[2]	_	
1-14	64-68	nach	neutral[2]	_	
1-15	69-77	Cuxhaven	neutral[2]	Reisen	
1-16	78-79	.	_	_	
1-17	80-83	die	neutral[3]	_	
1-18	84-91	Sklaven	neutral[3]	Politik/Soziales/Missstände	
1-19	92-94	im	neutral[3]	_	
1-20	95-101	Keller	neutral[3]	_	
1-21	101-102	,	neutral[3]	_	
1-22	103-106	die	neutral[3]	_	
1-23	107-113	rudern	neutral[3]	_	
1-24	114-117	los	neutral[3]	_	
1-25	118-119	.	_	_	
1-26	120-123	sie	positive[4]	_	
1-27	124-128	sind	positive[4]	_	
1-28	129-135	frisch	positive[4]	_	
1-29	136-139	und	positive[4]	_	
1-30	140-153	ausgeschlafen	positive[4]	_	
1-31	154-155	.	_	_	
1-32	156-159	der	positive[5]	_	
1-33	160-167	Kapitän	positive[5]	Reisen	
1-34	168-173	Zäsar	positive[5]	_	
1-35	174-182	Zechmann	positive[5]	_	
1-36	183-193	verspricht	positive[5]	_	
1-37	194-195	,	positive[5]	_	
1-38	196-200	dass	positive[5]	_	
1-39	201-203	er	positive[5]	_	
1-40	204-209	nicht	positive[5]	_	
1-41	210-216	wieder	positive[5]	_	
1-42	217-219	so	positive[5]	_	
1-43	220-228	besoffen	positive[5]	Gesundheit/Drogen	
1-44	229-233	wird	positive[5]	_	
1-45	234-235	,	positive[5]	_	
1-46	236-239	wie	positive[5]	_	
1-47	240-247	letztes	positive[5]	_	
1-48	248-251	Mal	positive[5]	_	
1-49	251-252	,	_	_	
1-50	253-257	denn	negative[6]	_	
1-51	258-260	da	negative[6]	_	
1-52	261-264	wär	negative[6]	_	
1-53	264-265	'	negative[6]	_	
1-54	266-272	beinah	negative[6]	_	
1-55	273-276	ein	negative[6]	_	
1-56	277-291	Schiffsunglück	negative[6]	Reisen	
1-57	292-300	passiert	negative[6]	_	
1-58	301-302	.	_	_	
1-59	303-306	der	neutral[7]	_	
1-60	307-317	Steuermann	neutral[7]	Reisen	
1-61	318-325	kichert	neutral[7]	_	
1-62	326-329	und	neutral[7]	_	
1-63	330-336	stiert	neutral[7]	_	
1-64	337-340	auf	neutral[7]	_	
1-65	341-344	den	neutral[7]	_	
1-66	345-352	Kompass	neutral[7]	Reisen	
1-67	353-354	.	_	_	
1-68	355-359	weiß	negative[8]	_	
1-69	360-364	kaum	negative[8]	_	
1-70	365-369	noch	negative[8]	_	
1-71	369-370	,	negative[8]	_	
1-72	371-374	wie	negative[8]	_	
1-73	375-377	er	negative[8]	_	
1-74	378-384	gucken	negative[8]	_	
1-75	385-389	soll	negative[8]	_	
1-76	391-394	und	negative[8]	_	
1-77	395-400	jetzt	negative[8]	_	
1-78	401-405	merk	negative[8]	_	
1-79	406-409	ich	negative[8]	_	
1-80	409-410	,	negative[8]	_	
1-81	411-414	die	negative[8]	_	
1-82	415-420	ganze	negative[8]	_	
1-83	421-425	Crew	negative[8]	_	
1-84	427-430	ist	negative[8]	_	
1-85	431-438	sowieso	negative[8]	_	
1-86	439-444	schon	negative[8]	_	
1-87	445-451	wieder	negative[8]	_	
1-88	452-456	voll	negative[8]	Gesundheit/Drogen	
1-89	456-457	.	_	_	

#Text=Es ist alles im Lot auf dem Riverboat, alles im Lot , und wenn's untergeht, is' auch egal . mit'm U-Boot fahren wollt' ich immer schon mal.
2-1	462-464	Es	positive[9]	_	
2-2	465-468	ist	positive[9]	_	
2-3	469-474	alles	positive[9]	_	
2-4	475-477	im	positive[9]	_	
2-5	478-481	Lot	positive[9]	_	
2-6	482-485	auf	positive[9]	_	
2-7	486-489	dem	positive[9]	_	
2-8	490-499	Riverboat	positive[9]	Reisen	
2-9	499-500	,	positive[9]	_	
2-10	501-506	alles	positive[9]	_	
2-11	507-509	im	positive[9]	_	
2-12	510-513	Lot	positive[9]	_	
2-13	514-515	,	positive[9]	_	
2-14	516-519	und	positive[9]	_	
2-15	520-526	wenn's	positive[9]	_	
2-16	527-536	untergeht	positive[9]	_	
2-17	536-537	,	positive[9]	_	
2-18	538-540	is	positive[9]	_	
2-19	540-541	'	positive[9]	_	
2-20	542-546	auch	positive[9]	_	
2-21	547-551	egal	positive[9]	_	
2-22	552-553	.	_	_	
2-23	554-559	mit'm	positive[10]	_	
2-24	560-566	U-Boot	positive[10]	Reisen	
2-25	567-573	fahren	positive[10]	_	
2-26	574-579	wollt	positive[10]	_	
2-27	579-580	'	positive[10]	_	
2-28	581-584	ich	positive[10]	_	
2-29	585-590	immer	positive[10]	_	
2-30	591-596	schon	positive[10]	_	
2-31	597-600	mal	positive[10]	_	
2-32	600-601	.	_	_	

#Text=Der Sprit macht uns fit  und die Jazzmusik tönt angenehm in unser'n Ohr'n  und Chris der Trompeter  pustet den Blues in sein verbeultes Nebelhorn . die Passagiere saufen wie die Tiere  und fordern die Kapelle auf , spielt doch endlich "Ice Cream" mit'm schönen Tubalauf !".
3-1	606-609	Der	positive[11]	_	
3-2	610-615	Sprit	positive[11]	Gesundheit/Drogen	
3-3	616-621	macht	positive[11]	_	
3-4	622-625	uns	positive[11]	_	
3-5	626-629	fit	positive[11]	_	
3-6	631-634	und	positive[11]	_	
3-7	635-638	die	positive[11]	_	
3-8	639-648	Jazzmusik	positive[11]	Musik	
3-9	649-653	tönt	positive[11]	_	
3-10	654-662	angenehm	positive[11]	_	
3-11	663-665	in	positive[11]	_	
3-12	666-673	unser'n	positive[11]	_	
3-13	674-679	Ohr'n	positive[11]	_	
3-14	681-684	und	_	_	
3-15	685-690	Chris	neutral[12]	_	
3-16	691-694	der	neutral[12]	_	
3-17	695-704	Trompeter	neutral[12]	Musik	
3-18	706-712	pustet	neutral[12]	_	
3-19	713-716	den	neutral[12]	_	
3-20	717-722	Blues	neutral[12]	Musik	
3-21	723-725	in	neutral[12]	_	
3-22	726-730	sein	neutral[12]	_	
3-23	731-741	verbeultes	neutral[12]	_	
3-24	742-751	Nebelhorn	neutral[12]	Musik	
3-25	752-753	.	_	_	
3-26	754-757	die	negative[13]	_	
3-27	758-768	Passagiere	negative[13]	Reisen	
3-28	769-775	saufen	negative[13]	Gesundheit/Drogen	
3-29	776-779	wie	negative[13]	_	
3-30	780-783	die	negative[13]	_	
3-31	784-789	Tiere	negative[13]	_	
3-32	791-794	und	_	_	
3-33	795-802	fordern	neutral[14]	_	
3-34	803-806	die	neutral[14]	_	
3-35	807-814	Kapelle	neutral[14]	Musik	
3-36	815-818	auf	neutral[14]	_	
3-37	819-820	,	neutral[14]	_	
3-38	821-827	spielt	neutral[14]	_	
3-39	828-832	doch	neutral[14]	_	
3-40	833-840	endlich	neutral[14]	_	
3-41	841-842	"	neutral[14]	_	
3-42	842-845	Ice	neutral[14]	_	
3-43	846-851	Cream	neutral[14]	_	
3-44	851-852	"	neutral[14]	_	
3-45	853-858	mit'm	neutral[14]	_	
3-46	859-866	schönen	neutral[14]	_	
3-47	867-875	Tubalauf	neutral[14]	_	
3-48	876-877	!	neutral[14]	_	
3-49	877-878	"	neutral[14]	_	
3-50	878-879	.	_	_	

#Text=der Heizer und die Stewardess  verkriechen sich im Rettungsboot  und plötzlich hör' ich ihren Schrei:  Baby, du heizt mich halbtot!
4-1	880-883	der	neutral[15]	_	
4-2	884-890	Heizer	neutral[15]	_	
4-3	891-894	und	neutral[15]	_	
4-4	895-898	die	neutral[15]	_	
4-5	899-909	Stewardess	neutral[15]	Reisen	
4-6	911-922	verkriechen	neutral[15]	_	
4-7	923-927	sich	neutral[15]	_	
4-8	928-930	im	neutral[15]	_	
4-9	931-943	Rettungsboot	neutral[15]	Reisen	
4-10	945-948	und	_	_	
4-11	949-958	plötzlich	negative[16]	_	
4-12	959-962	hör	negative[16]	_	
4-13	962-963	'	negative[16]	_	
4-14	964-967	ich	negative[16]	_	
4-15	968-973	ihren	negative[16]	_	
4-16	974-980	Schrei	negative[16]	_	
4-17	980-981	:	_	_	
4-18	983-987	Baby	neutral[17]	_	
4-19	987-988	,	neutral[17]	_	
4-20	989-991	du	neutral[17]	_	
4-21	992-997	heizt	neutral[17]	_	
4-22	998-1002	mich	neutral[17]	_	
4-23	1003-1010	halbtot	neutral[17]	_	
4-24	1010-1011	!	_	_	

#Text=Es ist alles im Lot auf dem Riverboat , alles im Lot  und wenn's untergeht, is' auch egal . mit'm U-Boot fahren wollt' ich immer schon mal.
5-1	1016-1018	Es	positive[18]	_	
5-2	1019-1022	ist	positive[18]	_	
5-3	1023-1028	alles	positive[18]	_	
5-4	1029-1031	im	positive[18]	_	
5-5	1032-1035	Lot	positive[18]	_	
5-6	1036-1039	auf	positive[18]	_	
5-7	1040-1043	dem	positive[18]	_	
5-8	1044-1053	Riverboat	positive[18]	Reisen	
5-9	1054-1055	,	positive[18]	_	
5-10	1056-1061	alles	positive[18]	_	
5-11	1062-1064	im	positive[18]	_	
5-12	1065-1068	Lot	positive[18]	_	
5-13	1070-1073	und	positive[18]	_	
5-14	1074-1080	wenn's	positive[18]	_	
5-15	1081-1090	untergeht	positive[18]	_	
5-16	1090-1091	,	positive[18]	_	
5-17	1092-1094	is	positive[18]	_	
5-18	1094-1095	'	positive[18]	_	
5-19	1096-1100	auch	positive[18]	_	
5-20	1101-1105	egal	positive[18]	_	
5-21	1106-1107	.	_	_	
5-22	1108-1113	mit'm	positive[19]	_	
5-23	1114-1120	U-Boot	positive[19]	Reisen	
5-24	1121-1127	fahren	positive[19]	_	
5-25	1128-1133	wollt	positive[19]	_	
5-26	1133-1134	'	positive[19]	_	
5-27	1135-1138	ich	positive[19]	_	
5-28	1139-1144	immer	positive[19]	_	
5-29	1145-1150	schon	positive[19]	_	
5-30	1151-1154	mal	positive[19]	_	
5-31	1154-1155	.	_	_	

#Text=Den Ozean-Dampfer am Kai Nummer 10  hat der Kapitän leider nicht mehr geseh'n . uh, schon wieder ein Schiffsuntergang . wir werden immer nasser . jetzt singen wir unter Wasser:  Es is' alles im Lot...
6-1	1160-1163	Den	negative[20]	_	
6-2	1164-1177	Ozean-Dampfer	negative[20]	Reisen	
6-3	1178-1180	am	negative[20]	_	
6-4	1181-1184	Kai	negative[20]	Reisen	
6-5	1185-1191	Nummer	negative[20]	_	
6-6	1192-1194	10	negative[20]	_	
6-7	1196-1199	hat	negative[20]	_	
6-8	1200-1203	der	negative[20]	_	
6-9	1204-1211	Kapitän	negative[20]	Reisen	
6-10	1212-1218	leider	negative[20]	_	
6-11	1219-1224	nicht	negative[20]	_	
6-12	1225-1229	mehr	negative[20]	_	
6-13	1230-1237	geseh'n	negative[20]	_	
6-14	1238-1239	.	_	_	
6-15	1240-1242	uh	negative[21]	_	
6-16	1242-1243	,	negative[21]	_	
6-17	1244-1249	schon	negative[21]	_	
6-18	1250-1256	wieder	negative[21]	_	
6-19	1257-1260	ein	negative[21]	_	
6-20	1261-1277	Schiffsuntergang	negative[21]	Reisen	
6-21	1278-1279	.	_	_	
6-22	1280-1283	wir	neutral[22]	_	
6-23	1284-1290	werden	neutral[22]	_	
6-24	1291-1296	immer	neutral[22]	_	
6-25	1297-1303	nasser	neutral[22]	_	
6-26	1304-1305	.	_	_	
6-27	1306-1311	jetzt	neutral[23]	_	
6-28	1312-1318	singen	neutral[23]	_	
6-29	1319-1322	wir	neutral[23]	_	
6-30	1323-1328	unter	neutral[23]	_	
6-31	1329-1335	Wasser	neutral[23]	_	
6-32	1335-1336	:	_	_	
6-33	1338-1340	Es	positive[24]	_	
6-34	1341-1343	is	positive[24]	_	
6-35	1343-1344	'	positive[24]	_	
6-36	1345-1350	alles	positive[24]	_	
6-37	1351-1353	im	positive[24]	_	
6-38	1354-1357	Lot	positive[24]	_	
6-39	1357-1358	.	positive[24]	_	
6-40	1358-1359	.	positive[24]	_	
6-41	1359-1360	.	positive[24]	_	

#Text=gluck_gluck_glucks!
7-1	1362-1380	gluck_gluck_glucks	_	_	
7-2	1380-1381	!	_	_	
