#FORMAT=WebAnno TSV 3.2
#T_SP=webanno.custom.Sentiment|Polarity
#T_SP=webanno.custom.Topic|Topics


#Text=Ich kenne einen netten jungen Mann , der gar nichts ist und nichts besond'res kann  und den die Damen dennoch heiß verehren  und wie sie ihn begehren.
1-1	0-3	Ich	positive[1]	_	
1-2	4-9	kenne	positive[1]	_	
1-3	10-15	einen	positive[1]	_	
1-4	16-22	netten	positive[1]	_	
1-5	23-29	jungen	positive[1]	_	
1-6	30-34	Mann	positive[1]	_	
1-7	35-36	,	_	_	
1-8	37-40	der	negative[2]	_	
1-9	41-44	gar	negative[2]	_	
1-10	45-51	nichts	negative[2]	_	
1-11	52-55	ist	negative[2]	_	
1-12	56-59	und	negative[2]	_	
1-13	60-66	nichts	negative[2]	_	
1-14	67-77	besond'res	negative[2]	_	
1-15	78-82	kann	negative[2]	_	
1-16	84-87	und	_	_	
1-17	88-91	den	positive[3]	_	
1-18	92-95	die	positive[3]	_	
1-19	96-101	Damen	positive[3]	_	
1-20	102-109	dennoch	positive[3]	_	
1-21	110-114	heiß	positive[3]	Liebe/Partnerschaft[17]	
1-22	115-123	verehren	positive[3]	Liebe/Partnerschaft[17]	
1-23	125-128	und	positive[3]	_	
1-24	129-132	wie	positive[3]	_	
1-25	133-136	sie	positive[3]	_	
1-26	137-140	ihn	positive[3]	_	
1-27	141-149	begehren	positive[3]	Liebe/Partnerschaft	
1-28	149-150	.	_	_	

#Text=Er macht die andern Männer ganz nervös , mit seiner tollen Chronique scandaleuse. er nimmt die Frauen wie er will, bei ihm hält jede still.
2-1	151-153	Er	positive[4]	_	
2-2	154-159	macht	positive[4]	_	
2-3	160-163	die	positive[4]	_	
2-4	164-170	andern	positive[4]	_	
2-5	171-177	Männer	positive[4]	_	
2-6	178-182	ganz	positive[4]	_	
2-7	183-189	nervös	positive[4]	_	
2-8	190-191	,	positive[4]	_	
2-9	192-195	mit	positive[4]	_	
2-10	196-202	seiner	positive[4]	_	
2-11	203-209	tollen	positive[4]	_	
2-12	210-219	Chronique	positive[4]	Liebe/Partnerschaft[18]	
2-13	220-231	scandaleuse	positive[4]	Liebe/Partnerschaft[18]	
2-14	231-232	.	_	_	
2-15	233-235	er	positive[5]	_	
2-16	236-241	nimmt	positive[5]	Liebe/Partnerschaft[19]	
2-17	242-245	die	positive[5]	Liebe/Partnerschaft[19]	
2-18	246-252	Frauen	positive[5]	Liebe/Partnerschaft[19]	
2-19	253-256	wie	positive[5]	Liebe/Partnerschaft[19]	
2-20	257-259	er	positive[5]	Liebe/Partnerschaft[19]	
2-21	260-264	will	positive[5]	Liebe/Partnerschaft[19]	
2-22	264-265	,	positive[5]	_	
2-23	266-269	bei	positive[5]	_	
2-24	270-273	ihm	positive[5]	_	
2-25	274-278	hält	positive[5]	_	
2-26	279-283	jede	positive[5]	_	
2-27	284-289	still	positive[5]	_	
2-28	289-290	.	_	_	

#Text=Du hast Glück bei den Frau'n, Bel Ami , soviel Glück bei den Frau'n, Bel Ami .
3-1	295-297	Du	positive[6]	_	
3-2	298-302	hast	positive[6]	_	
3-3	303-308	Glück	positive[6]	Liebe/Partnerschaft[20]	
3-4	309-312	bei	positive[6]	Liebe/Partnerschaft[20]	
3-5	313-316	den	positive[6]	Liebe/Partnerschaft[20]	
3-6	317-323	Frau'n	positive[6]	Liebe/Partnerschaft[20]	
3-7	323-324	,	positive[6]	_	
3-8	325-328	Bel	positive[6]	_	
3-9	329-332	Ami	positive[6]	_	
3-10	333-334	,	positive[6]	_	
3-11	335-341	soviel	positive[6]	_	
3-12	342-347	Glück	positive[6]	Liebe/Partnerschaft[21]	
3-13	348-351	bei	positive[6]	Liebe/Partnerschaft[21]	
3-14	352-355	den	positive[6]	Liebe/Partnerschaft[21]	
3-15	356-362	Frau'n	positive[6]	Liebe/Partnerschaft[21]	
3-16	362-363	,	positive[6]	_	
3-17	364-367	Bel	positive[6]	_	
3-18	368-371	Ami	positive[6]	_	
3-19	372-373	.	_	_	

#Text=Bist nicht schön, doch charmant , bist nicht klug, doch sehr galant, bist kein Held, nur ein Mann, der gefällt, und wie .
4-1	374-378	Bist	negative[7]	_	
4-2	379-384	nicht	negative[7]	_	
4-3	385-390	schön	negative[7]	_	
4-4	390-391	,	_	_	
4-5	392-396	doch	positive[8]	_	
4-6	397-405	charmant	positive[8]	_	
4-7	406-407	,	_	_	
4-8	408-412	bist	negative[9]	_	
4-9	413-418	nicht	negative[9]	_	
4-10	419-423	klug	negative[9]	_	
4-11	423-424	,	_	_	
4-12	425-429	doch	positive[10]	_	
4-13	430-434	sehr	positive[10]	_	
4-14	435-441	galant	positive[10]	_	
4-15	441-442	,	_	_	
4-16	443-447	bist	negative[11]	_	
4-17	448-452	kein	negative[11]	_	
4-18	453-457	Held	negative[11]	_	
4-19	457-458	,	_	_	
4-20	459-462	nur	positive[12]	_	
4-21	463-466	ein	positive[12]	_	
4-22	467-471	Mann	positive[12]	_	
4-23	471-472	,	positive[12]	_	
4-24	473-476	der	positive[12]	_	
4-25	477-484	gefällt	positive[12]	_	
4-26	484-485	,	positive[12]	_	
4-27	486-489	und	positive[12]	_	
4-28	490-493	wie	positive[12]	_	
4-29	494-495	.	_	_	

#Text=Du verliebst jeden Tag dich auf's neu' , alle küsst du und bleibst keiner treu , doch die Frau, die dich liebt , machst du glücklich wie noch nie .
5-1	496-498	Du	positive[13]	_	
5-2	499-508	verliebst	positive[13]	Liebe/Partnerschaft	
5-3	509-514	jeden	positive[13]	_	
5-4	515-518	Tag	positive[13]	_	
5-5	519-523	dich	positive[13]	_	
5-6	524-529	auf's	positive[13]	_	
5-7	530-533	neu	positive[13]	_	
5-8	533-534	'	_	_	
5-9	535-536	,	_	_	
5-10	537-541	alle	negative[14]	_	
5-11	542-547	küsst	negative[14]	Liebe/Partnerschaft	
5-12	548-550	du	negative[14]	_	
5-13	551-554	und	negative[14]	_	
5-14	555-562	bleibst	negative[14]	_	
5-15	563-569	keiner	negative[14]	_	
5-16	570-574	treu	negative[14]	Liebe/Partnerschaft	
5-17	575-576	,	_	_	
5-18	577-581	doch	positive[15]	_	
5-19	582-585	die	positive[15]	_	
5-20	586-590	Frau	positive[15]	_	
5-21	590-591	,	positive[15]	_	
5-22	592-595	die	positive[15]	_	
5-23	596-600	dich	positive[15]	_	
5-24	601-606	liebt	positive[15]	Liebe/Partnerschaft	
5-25	607-608	,	positive[15]	_	
5-26	609-615	machst	positive[15]	_	
5-27	616-618	du	positive[15]	_	
5-28	619-628	glücklich	positive[15]	_	
5-29	629-632	wie	positive[15]	_	
5-30	633-637	noch	positive[15]	_	
5-31	638-641	nie	positive[15]	_	
5-32	642-643	.	_	_	

#Text=Bel Ami  Bel Ami Bel Ami
6-1	644-647	Bel	neutral[16]	_	
6-2	648-651	Ami	neutral[16]	_	
6-3	653-656	Bel	neutral[16]	_	
6-4	657-660	Ami	neutral[16]	_	
6-5	661-664	Bel	neutral[16]	_	
6-6	665-668	Ami	neutral[16]	_	
