#FORMAT=WebAnno TSV 3.2
#T_SP=webanno.custom.Sentiment|Polarity
#T_SP=webanno.custom.Topic|Topics


#Text=Ein letztes Ahoi, ich muss fort, die andern warten schon an Bord.
1-1	0-3	Ein	neutral[1]	_	
1-2	4-11	letztes	neutral[1]	_	
1-3	12-16	Ahoi	neutral[1]	_	
1-4	16-17	,	neutral[1]	_	
1-5	18-21	ich	neutral[1]	_	
1-6	22-26	muss	neutral[1]	_	
1-7	27-31	fort	neutral[1]	_	
1-8	31-32	,	neutral[1]	_	
1-9	33-36	die	neutral[1]	_	
1-10	37-43	andern	neutral[1]	_	
1-11	44-50	warten	neutral[1]	_	
1-12	51-56	schon	neutral[1]	_	
1-13	57-59	an	neutral[1]	_	
1-14	60-64	Bord	neutral[1]	_	
1-15	64-65	.	neutral[1]	_	

#Text=Eine wirklich schöne Zeit mit dir bleibt ganz tief in mir.
2-1	66-70	Eine	positive[2]	_	
2-2	71-79	wirklich	positive[2]	_	
2-3	80-86	schöne	positive[2]	Persönliches/Emotionen[15]	
2-4	87-91	Zeit	positive[2]	Persönliches/Emotionen[15]	
2-5	92-95	mit	positive[2]	_	
2-6	96-99	dir	positive[2]	_	
2-7	100-106	bleibt	positive[2]	_	
2-8	107-111	ganz	positive[2]	_	
2-9	112-116	tief	positive[2]	_	
2-10	117-119	in	positive[2]	_	
2-11	120-123	mir	positive[2]	_	
2-12	123-124	.	positive[2]	_	

#Text=Jetzt steh'n wir hier schwer bemüht, dass der and're keine Tränen sieht.
3-1	129-134	Jetzt	negative[3]	_	
3-2	135-141	steh'n	negative[3]	_	
3-3	142-145	wir	negative[3]	_	
3-4	146-150	hier	negative[3]	_	
3-5	151-157	schwer	negative[3]	Persönliches/Emotionen[16]	
3-6	158-164	bemüht	negative[3]	Persönliches/Emotionen[16]	
3-7	164-165	,	negative[3]	_	
3-8	166-170	dass	negative[3]	_	
3-9	171-174	der	negative[3]	_	
3-10	175-181	and're	negative[3]	_	
3-11	182-187	keine	negative[3]	Persönliches/Emotionen[17]	
3-12	188-194	Tränen	negative[3]	Persönliches/Emotionen[17]	
3-13	195-200	sieht	negative[3]	_	
3-14	200-201	.	negative[3]	_	

#Text=Doch weißt du, was das Größte ist?
4-1	202-206	Doch	positive[4]	_	
4-2	207-212	weißt	positive[4]	_	
4-3	213-215	du	positive[4]	_	
4-4	215-216	,	positive[4]	_	
4-5	217-220	was	positive[4]	_	
4-6	221-224	das	positive[4]	_	
4-7	225-231	Größte	positive[4]	_	
4-8	232-235	ist	positive[4]	_	
4-9	235-236	?	positive[4]	_	

#Text=Dass du wirklich mein bester Freund geworden bist.
5-1	237-241	Dass	positive[5]	_	
5-2	242-244	du	positive[5]	_	
5-3	245-253	wirklich	positive[5]	_	
5-4	254-258	mein	positive[5]	Liebe/Partnerschaft[18]	
5-5	259-265	bester	positive[5]	Liebe/Partnerschaft[18]	
5-6	266-272	Freund	positive[5]	Liebe/Partnerschaft[18]	
5-7	273-281	geworden	positive[5]	_	
5-8	282-286	bist	positive[5]	_	
5-9	286-287	.	positive[5]	_	

#Text=Wenn der Wind mich jetzt auch weiterweht auf das große Meer hinaus, musst du wissen, dass es mit uns weitergeht, so was kriegst du nie wieder aus'm Herzen heraus.
6-1	292-296	Wenn	positive[6]	_	
6-2	297-300	der	positive[6]	_	
6-3	301-305	Wind	positive[6]	_	
6-4	306-310	mich	positive[6]	_	
6-5	311-316	jetzt	positive[6]	_	
6-6	317-321	auch	positive[6]	_	
6-7	322-332	weiterweht	positive[6]	_	
6-8	333-336	auf	positive[6]	_	
6-9	337-340	das	positive[6]	_	
6-10	341-346	große	positive[6]	_	
6-11	347-351	Meer	positive[6]	_	
6-12	352-358	hinaus	positive[6]	_	
6-13	358-359	,	positive[6]	_	
6-14	360-365	musst	positive[6]	_	
6-15	366-368	du	positive[6]	_	
6-16	369-375	wissen	positive[6]	_	
6-17	375-376	,	positive[6]	_	
6-18	377-381	dass	positive[6]	_	
6-19	382-384	es	positive[6]	Liebe/Partnerschaft[19]	
6-20	385-388	mit	positive[6]	Liebe/Partnerschaft[19]	
6-21	389-392	uns	positive[6]	Liebe/Partnerschaft[19]	
6-22	393-403	weitergeht	positive[6]	Liebe/Partnerschaft[19]	
6-23	403-404	,	positive[6]	_	
6-24	405-407	so	positive[6]	_	
6-25	408-411	was	positive[6]	_	
6-26	412-419	kriegst	positive[6]	_	
6-27	420-422	du	positive[6]	_	
6-28	423-426	nie	positive[6]	_	
6-29	427-433	wieder	positive[6]	_	
6-30	434-439	aus'm	positive[6]	Liebe/Partnerschaft[20]	
6-31	440-446	Herzen	positive[6]	Liebe/Partnerschaft[20]	
6-32	447-453	heraus	positive[6]	Liebe/Partnerschaft[20]	
6-33	453-454	.	positive[6]	_	

#Text=Wenn die Zeit auch hart wird und sehr schwer, dann verlier'n wir nicht den Mut, denn so'n Sailor bleibt nicht ewig auf dem Meer, nein, nach der Ebbe kommt die nächste große Flut.
7-1	455-459	Wenn	positive[7]	_	
7-2	460-463	die	positive[7]	_	
7-3	464-468	Zeit	positive[7]	_	
7-4	469-473	auch	positive[7]	_	
7-5	474-478	hart	positive[7]	_	
7-6	479-483	wird	positive[7]	_	
7-7	484-487	und	positive[7]	_	
7-8	488-492	sehr	positive[7]	_	
7-9	493-499	schwer	positive[7]	_	
7-10	499-500	,	positive[7]	_	
7-11	501-505	dann	positive[7]	_	
7-12	506-515	verlier'n	positive[7]	Persönliches/Emotionen[21]	
7-13	516-519	wir	positive[7]	Persönliches/Emotionen[21]	
7-14	520-525	nicht	positive[7]	Persönliches/Emotionen[21]	
7-15	526-529	den	positive[7]	Persönliches/Emotionen[21]	
7-16	530-533	Mut	positive[7]	Persönliches/Emotionen[21]	
7-17	533-534	,	positive[7]	_	
7-18	535-539	denn	positive[7]	_	
7-19	540-544	so'n	positive[7]	_	
7-20	545-551	Sailor	positive[7]	_	
7-21	552-558	bleibt	positive[7]	_	
7-22	559-564	nicht	positive[7]	_	
7-23	565-569	ewig	positive[7]	_	
7-24	570-573	auf	positive[7]	_	
7-25	574-577	dem	positive[7]	_	
7-26	578-582	Meer	positive[7]	_	
7-27	582-583	,	positive[7]	_	
7-28	584-588	nein	positive[7]	_	
7-29	588-589	,	positive[7]	_	
7-30	590-594	nach	positive[7]	_	
7-31	595-598	der	positive[7]	_	
7-32	599-603	Ebbe	positive[7]	_	
7-33	604-609	kommt	positive[7]	_	
7-34	610-613	die	positive[7]	_	
7-35	614-621	nächste	positive[7]	_	
7-36	622-627	große	positive[7]	_	
7-37	628-632	Flut	positive[7]	_	
7-38	632-633	.	positive[7]	_	

#Text=Jetzt steh'n wir hier schwer bemüht.
8-1	638-643	Jetzt	neutral[8]	_	
8-2	644-650	steh'n	neutral[8]	_	
8-3	651-654	wir	neutral[8]	_	
8-4	655-659	hier	neutral[8]	_	
8-5	660-666	schwer	neutral[8]	Persönliches/Emotionen[22]	
8-6	667-673	bemüht	neutral[8]	Persönliches/Emotionen[22]	
8-7	673-674	.	neutral[8]	_	

#Text=Dass der and're die großen Tränen nicht sieht.
9-1	675-679	Dass	negative[9]	_	
9-2	680-683	der	negative[9]	_	
9-3	684-690	and're	negative[9]	_	
9-4	691-694	die	negative[9]	_	
9-5	695-701	großen	negative[9]	Persönliches/Emotionen[23]	
9-6	702-708	Tränen	negative[9]	Persönliches/Emotionen[23]	
9-7	709-714	nicht	negative[9]	_	
9-8	715-720	sieht	negative[9]	_	
9-9	720-721	.	negative[9]	_	

#Text=Doch weisst du, was das Grösste ist?
10-1	722-726	Doch	positive[10]	_	
10-2	727-733	weisst	positive[10]	_	
10-3	734-736	du	positive[10]	_	
10-4	736-737	,	positive[10]	_	
10-5	738-741	was	positive[10]	_	
10-6	742-745	das	positive[10]	_	
10-7	746-753	Grösste	positive[10]	_	
10-8	754-757	ist	positive[10]	_	
10-9	757-758	?	positive[10]	_	

#Text=Dass du echt mein bester Freund geworden bist.
11-1	759-763	Dass	positive[11]	_	
11-2	764-766	du	positive[11]	_	
11-3	767-771	echt	positive[11]	_	
11-4	772-776	mein	positive[11]	Liebe/Partnerschaft[24]	
11-5	777-783	bester	positive[11]	Liebe/Partnerschaft[24]	
11-6	784-790	Freund	positive[11]	Liebe/Partnerschaft[24]	
11-7	791-799	geworden	positive[11]	_	
11-8	800-804	bist	positive[11]	_	
11-9	804-805	.	positive[11]	_	

#Text=Goodbye Sailor.
12-1	810-817	Goodbye	neutral[12]	_	
12-2	818-824	Sailor	neutral[12]	_	
12-3	824-825	.	neutral[12]	_	

#Text=Goodbye Sailor.
13-1	826-833	Goodbye	neutral[13]	_	
13-2	834-840	Sailor	neutral[13]	_	
13-3	840-841	.	neutral[13]	_	

#Text=Sailor Bye bye.
14-1	842-848	Sailor	neutral[14]	_	
14-2	849-852	Bye	neutral[14]	_	
14-3	853-856	bye	neutral[14]	_	
14-4	856-857	.	neutral[14]	_	
