#FORMAT=WebAnno TSV 3.2
#T_SP=webanno.custom.Sentiment|Polarity
#T_SP=webanno.custom.Topic|Topics


#Text=Es geht nicht immer geradeaus, manchmal geht es auch nach unten und das, wonach du suchst, hast du noch immer nicht gefunden.
1-1	0-2	Es	negative[1]	_	
1-2	3-7	geht	negative[1]	_	
1-3	8-13	nicht	negative[1]	_	
1-4	14-19	immer	negative[1]	_	
1-5	20-29	geradeaus	negative[1]	_	
1-6	29-30	,	negative[1]	_	
1-7	31-39	manchmal	negative[1]	_	
1-8	40-44	geht	negative[1]	_	
1-9	45-47	es	negative[1]	_	
1-10	48-52	auch	negative[1]	_	
1-11	53-57	nach	negative[1]	_	
1-12	58-63	unten	negative[1]	_	
1-13	64-67	und	negative[1]	_	
1-14	68-71	das	negative[1]	_	
1-15	71-72	,	negative[1]	_	
1-16	73-79	wonach	negative[1]	_	
1-17	80-82	du	negative[1]	_	
1-18	83-89	suchst	negative[1]	_	
1-19	89-90	,	negative[1]	_	
1-20	91-95	hast	negative[1]	_	
1-21	96-98	du	negative[1]	_	
1-22	99-103	noch	negative[1]	_	
1-23	104-109	immer	negative[1]	_	
1-24	110-115	nicht	negative[1]	_	
1-25	116-124	gefunden	negative[1]	_	
1-26	124-125	.	negative[1]	_	

#Text=Die Jahre ziehen im Flug an Dir vorbei, die Last auf deinen Schultern schwer wie Blei.
2-1	126-129	Die	negative[2]	_	
2-2	130-135	Jahre	negative[2]	_	
2-3	136-142	ziehen	negative[2]	_	
2-4	143-145	im	negative[2]	_	
2-5	146-150	Flug	negative[2]	_	
2-6	151-153	an	negative[2]	_	
2-7	154-157	Dir	negative[2]	_	
2-8	158-164	vorbei	negative[2]	_	
2-9	164-165	,	negative[2]	_	
2-10	166-169	die	negative[2]	_	
2-11	170-174	Last	negative[2]	Persönliches/Emotionen[13]	
2-12	175-178	auf	negative[2]	Persönliches/Emotionen[13]	
2-13	179-185	deinen	negative[2]	Persönliches/Emotionen[13]	
2-14	186-195	Schultern	negative[2]	Persönliches/Emotionen[13]	
2-15	196-202	schwer	negative[2]	_	
2-16	203-206	wie	negative[2]	_	
2-17	207-211	Blei	negative[2]	_	
2-18	211-212	.	negative[2]	_	

#Text=Jeden Morgen stehst du auf und kippst den Kaffee runter, deine Träume aufgebraucht und du glaubst nicht mehr an Wunder.
3-1	217-222	Jeden	negative[3]	_	
3-2	223-229	Morgen	negative[3]	_	
3-3	230-236	stehst	negative[3]	_	
3-4	237-239	du	negative[3]	_	
3-5	240-243	auf	negative[3]	_	
3-6	244-247	und	negative[3]	_	
3-7	248-254	kippst	negative[3]	_	
3-8	255-258	den	negative[3]	_	
3-9	259-265	Kaffee	negative[3]	_	
3-10	266-272	runter	negative[3]	_	
3-11	272-273	,	negative[3]	_	
3-12	274-279	deine	negative[3]	_	
3-13	280-286	Träume	negative[3]	Persönliches/Emotionen[14]	
3-14	287-299	aufgebraucht	negative[3]	Persönliches/Emotionen[14]	
3-15	300-303	und	negative[3]	_	
3-16	304-306	du	negative[3]	_	
3-17	307-314	glaubst	negative[3]	_	
3-18	315-320	nicht	negative[3]	_	
3-19	321-325	mehr	negative[3]	_	
3-20	326-328	an	negative[3]	_	
3-21	329-335	Wunder	negative[3]	_	
3-22	335-336	.	negative[3]	_	

#Text=Mit Vollgas knapp am Glück vorbeigerauscht, was dich runterzieht, ey, ich zieh dich wieder rauf.
4-1	337-340	Mit	positive[4]	_	
4-2	341-348	Vollgas	positive[4]	_	
4-3	349-354	knapp	positive[4]	_	
4-4	355-357	am	positive[4]	Persönliches/Emotionen[15]	
4-5	358-363	Glück	positive[4]	Persönliches/Emotionen[15]	
4-6	364-379	vorbeigerauscht	positive[4]	Persönliches/Emotionen[15]	
4-7	379-380	,	positive[4]	_	
4-8	381-384	was	positive[4]	_	
4-9	385-389	dich	positive[4]	Persönliches/Emotionen[16]	
4-10	390-401	runterzieht	positive[4]	Persönliches/Emotionen[16]	
4-11	401-402	,	positive[4]	_	
4-12	403-405	ey	positive[4]	_	
4-13	405-406	,	positive[4]	_	
4-14	407-410	ich	positive[4]	_	
4-15	411-415	zieh	positive[4]	Persönliches/Emotionen[17]	
4-16	416-420	dich	positive[4]	Persönliches/Emotionen[17]	
4-17	421-427	wieder	positive[4]	Persönliches/Emotionen[17]	
4-18	428-432	rauf	positive[4]	Persönliches/Emotionen[17]	
4-19	432-433	.	positive[4]	_	

#Text=Ich trag Dich durch die schweren Zeiten, so wie ein Schatten werd ich dich begleiten, ich werd dich begleiten, denn es ist nie zu spät, um nochmal durchzustarten, weil hinter all den schwarzen Wolken wieder gute Zeiten warten.
5-1	438-441	Ich	positive[5]	Liebe/Partnerschaft[18]	
5-2	442-446	trag	positive[5]	Liebe/Partnerschaft[18]	
5-3	447-451	Dich	positive[5]	Liebe/Partnerschaft[18]	
5-4	452-457	durch	positive[5]	_	
5-5	458-461	die	positive[5]	_	
5-6	462-470	schweren	positive[5]	Persönliches/Emotionen[19]	
5-7	471-477	Zeiten	positive[5]	Persönliches/Emotionen[19]	
5-8	477-478	,	positive[5]	_	
5-9	479-481	so	positive[5]	_	
5-10	482-485	wie	positive[5]	_	
5-11	486-489	ein	positive[5]	_	
5-12	490-498	Schatten	positive[5]	_	
5-13	499-503	werd	positive[5]	_	
5-14	504-507	ich	positive[5]	_	
5-15	508-512	dich	positive[5]	Liebe/Partnerschaft[20]	
5-16	513-522	begleiten	positive[5]	Liebe/Partnerschaft[20]	
5-17	522-523	,	_	_	
5-18	524-527	ich	positive[6]	_	
5-19	528-532	werd	positive[6]	_	
5-20	533-537	dich	positive[6]	Liebe/Partnerschaft[21]	
5-21	538-547	begleiten	positive[6]	Liebe/Partnerschaft[21]	
5-22	547-548	,	positive[6]	_	
5-23	549-553	denn	positive[6]	_	
5-24	554-556	es	positive[6]	_	
5-25	557-560	ist	positive[6]	_	
5-26	561-564	nie	positive[6]	_	
5-27	565-567	zu	positive[6]	_	
5-28	568-572	spät	positive[6]	_	
5-29	572-573	,	positive[6]	_	
5-30	574-576	um	positive[6]	_	
5-31	577-584	nochmal	positive[6]	_	
5-32	585-599	durchzustarten	positive[6]	_	
5-33	599-600	,	positive[6]	_	
5-34	601-605	weil	positive[6]	_	
5-35	606-612	hinter	positive[6]	_	
5-36	613-616	all	positive[6]	_	
5-37	617-620	den	positive[6]	_	
5-38	621-630	schwarzen	positive[6]	_	
5-39	631-637	Wolken	positive[6]	_	
5-40	638-644	wieder	positive[6]	_	
5-41	645-649	gute	positive[6]	Persönliches/Emotionen[22]	
5-42	650-656	Zeiten	positive[6]	Persönliches/Emotionen[22]	
5-43	657-663	warten	positive[6]	_	
5-44	663-664	.	_	_	

#Text=Stell die Uhr nochmal auf Null, lass uns neue Lieder singen, so wie zwei Helikopter schweben wir über den Dingen und was da unten los ist, ist egal, wir finden einen Weg, so wie jedes Mal.
6-1	669-674	Stell	positive[7]	_	
6-2	675-678	die	positive[7]	_	
6-3	679-682	Uhr	positive[7]	_	
6-4	683-690	nochmal	positive[7]	_	
6-5	691-694	auf	positive[7]	_	
6-6	695-699	Null	positive[7]	_	
6-7	699-700	,	positive[7]	_	
6-8	701-705	lass	positive[7]	_	
6-9	706-709	uns	positive[7]	_	
6-10	710-714	neue	positive[7]	_	
6-11	715-721	Lieder	positive[7]	Musik[23]	
6-12	722-728	singen	positive[7]	Musik[23]	
6-13	728-729	,	positive[7]	_	
6-14	730-732	so	positive[7]	_	
6-15	733-736	wie	positive[7]	_	
6-16	737-741	zwei	positive[7]	_	
6-17	742-752	Helikopter	positive[7]	_	
6-18	753-761	schweben	positive[7]	_	
6-19	762-765	wir	positive[7]	_	
6-20	766-770	über	positive[7]	_	
6-21	771-774	den	positive[7]	_	
6-22	775-781	Dingen	positive[7]	_	
6-23	782-785	und	positive[7]	_	
6-24	786-789	was	positive[7]	_	
6-25	790-792	da	positive[7]	_	
6-26	793-798	unten	positive[7]	_	
6-27	799-802	los	positive[7]	_	
6-28	803-806	ist	positive[7]	_	
6-29	806-807	,	positive[7]	_	
6-30	808-811	ist	positive[7]	_	
6-31	812-816	egal	positive[7]	_	
6-32	816-817	,	positive[7]	_	
6-33	818-821	wir	positive[7]	_	
6-34	822-828	finden	positive[7]	_	
6-35	829-834	einen	positive[7]	_	
6-36	835-838	Weg	positive[7]	_	
6-37	838-839	,	positive[7]	_	
6-38	840-842	so	positive[7]	_	
6-39	843-846	wie	positive[7]	_	
6-40	847-852	jedes	positive[7]	_	
6-41	853-856	Mal	positive[7]	_	
6-42	856-857	.	positive[7]	_	

#Text=Ich trag Dich durch die schweren Zeiten, so wie ein Schatten werd ich dich begleiten, ich werd dich begleiten, denn es ist nie zu spät, um nochmal durchzustarten, weil hinter all den schwarzen Wolken, wieder gute Zeiten warten, wieder geile Zeiten warten.
7-1	862-865	Ich	positive[8]	Liebe/Partnerschaft[24]	
7-2	866-870	trag	positive[8]	Liebe/Partnerschaft[24]	
7-3	871-875	Dich	positive[8]	Liebe/Partnerschaft[24]	
7-4	876-881	durch	positive[8]	_	
7-5	882-885	die	positive[8]	_	
7-6	886-894	schweren	positive[8]	Persönliches/Emotionen[25]	
7-7	895-901	Zeiten	positive[8]	Persönliches/Emotionen[25]	
7-8	901-902	,	positive[8]	_	
7-9	903-905	so	positive[8]	_	
7-10	906-909	wie	positive[8]	_	
7-11	910-913	ein	positive[8]	_	
7-12	914-922	Schatten	positive[8]	_	
7-13	923-927	werd	positive[8]	_	
7-14	928-931	ich	positive[8]	_	
7-15	932-936	dich	positive[8]	Liebe/Partnerschaft[26]	
7-16	937-946	begleiten	positive[8]	Liebe/Partnerschaft[26]	
7-17	946-947	,	_	_	
7-18	948-951	ich	positive[9]	Liebe/Partnerschaft[27]	
7-19	952-956	werd	positive[9]	Liebe/Partnerschaft[27]	
7-20	957-961	dich	positive[9]	Liebe/Partnerschaft[27]	
7-21	962-971	begleiten	positive[9]	Liebe/Partnerschaft[27]	
7-22	971-972	,	positive[9]	_	
7-23	973-977	denn	positive[9]	_	
7-24	978-980	es	positive[9]	_	
7-25	981-984	ist	positive[9]	_	
7-26	985-988	nie	positive[9]	_	
7-27	989-991	zu	positive[9]	_	
7-28	992-996	spät	positive[9]	_	
7-29	996-997	,	positive[9]	_	
7-30	998-1000	um	positive[9]	_	
7-31	1001-1008	nochmal	positive[9]	_	
7-32	1009-1023	durchzustarten	positive[9]	_	
7-33	1023-1024	,	positive[9]	_	
7-34	1025-1029	weil	positive[9]	_	
7-35	1030-1036	hinter	positive[9]	_	
7-36	1037-1040	all	positive[9]	_	
7-37	1041-1044	den	positive[9]	_	
7-38	1045-1054	schwarzen	positive[9]	_	
7-39	1055-1061	Wolken	positive[9]	_	
7-40	1061-1062	,	positive[9]	_	
7-41	1063-1069	wieder	positive[9]	_	
7-42	1070-1074	gute	positive[9]	Persönliches/Emotionen[28]	
7-43	1075-1081	Zeiten	positive[9]	Persönliches/Emotionen[28]	
7-44	1082-1088	warten	positive[9]	_	
7-45	1088-1089	,	positive[9]	_	
7-46	1090-1096	wieder	positive[9]	_	
7-47	1097-1102	geile	positive[9]	Persönliches/Emotionen[29]	
7-48	1103-1109	Zeiten	positive[9]	Persönliches/Emotionen[29]	
7-49	1110-1116	warten	positive[9]	_	
7-50	1116-1117	.	positive[9]	_	

#Text=Ey, lass zusammenhalten, dann kommt die Sonne durch, wir sind doch Lichtgestalten - ey, das weißt du doch.
8-1	1122-1124	Ey	positive[10]	_	
8-2	1124-1125	,	positive[10]	_	
8-3	1126-1130	lass	positive[10]	_	
8-4	1131-1145	zusammenhalten	positive[10]	Liebe/Partnerschaft	
8-5	1145-1146	,	positive[10]	_	
8-6	1147-1151	dann	positive[10]	_	
8-7	1152-1157	kommt	positive[10]	_	
8-8	1158-1161	die	positive[10]	_	
8-9	1162-1167	Sonne	positive[10]	_	
8-10	1168-1173	durch	positive[10]	_	
8-11	1173-1174	,	positive[10]	_	
8-12	1175-1178	wir	positive[10]	_	
8-13	1179-1183	sind	positive[10]	_	
8-14	1184-1188	doch	positive[10]	_	
8-15	1189-1203	Lichtgestalten	positive[10]	_	
8-16	1204-1205	-	positive[10]	_	
8-17	1206-1208	ey	positive[10]	_	
8-18	1208-1209	,	positive[10]	_	
8-19	1210-1213	das	positive[10]	_	
8-20	1214-1219	weißt	positive[10]	_	
8-21	1220-1222	du	positive[10]	_	
8-22	1223-1227	doch	positive[10]	_	
8-23	1227-1228	.	positive[10]	_	

#Text=Ich trag Dich durch die schweren Zeiten, so wie ein Schatten werd ich dich begleiten, ich werd dich begleiten, denn es ist nie zu spät, um nochmal durchzustarten, weil hinter all den schwarzen Wolken, wieder gute Zeiten warten, wieder geile Zeiten warten, wieder gute Zeiten warten.
9-1	1233-1236	Ich	positive[11]	Liebe/Partnerschaft[30]	
9-2	1237-1241	trag	positive[11]	Liebe/Partnerschaft[30]	
9-3	1242-1246	Dich	positive[11]	Liebe/Partnerschaft[30]	
9-4	1247-1252	durch	positive[11]	_	
9-5	1253-1256	die	positive[11]	_	
9-6	1257-1265	schweren	positive[11]	Persönliches/Emotionen[31]	
9-7	1266-1272	Zeiten	positive[11]	Persönliches/Emotionen[31]	
9-8	1272-1273	,	positive[11]	_	
9-9	1274-1276	so	positive[11]	_	
9-10	1277-1280	wie	positive[11]	_	
9-11	1281-1284	ein	positive[11]	_	
9-12	1285-1293	Schatten	positive[11]	_	
9-13	1294-1298	werd	positive[11]	_	
9-14	1299-1302	ich	positive[11]	_	
9-15	1303-1307	dich	positive[11]	_	
9-16	1308-1317	begleiten	positive[11]	_	
9-17	1317-1318	,	_	_	
9-18	1319-1322	ich	positive[12]	_	
9-19	1323-1327	werd	positive[12]	_	
9-20	1328-1332	dich	positive[12]	Liebe/Partnerschaft[32]	
9-21	1333-1342	begleiten	positive[12]	Liebe/Partnerschaft[32]	
9-22	1342-1343	,	positive[12]	_	
9-23	1344-1348	denn	positive[12]	_	
9-24	1349-1351	es	positive[12]	_	
9-25	1352-1355	ist	positive[12]	_	
9-26	1356-1359	nie	positive[12]	_	
9-27	1360-1362	zu	positive[12]	_	
9-28	1363-1367	spät	positive[12]	_	
9-29	1367-1368	,	positive[12]	_	
9-30	1369-1371	um	positive[12]	_	
9-31	1372-1379	nochmal	positive[12]	_	
9-32	1380-1394	durchzustarten	positive[12]	_	
9-33	1394-1395	,	positive[12]	_	
9-34	1396-1400	weil	positive[12]	_	
9-35	1401-1407	hinter	positive[12]	_	
9-36	1408-1411	all	positive[12]	_	
9-37	1412-1415	den	positive[12]	_	
9-38	1416-1425	schwarzen	positive[12]	_	
9-39	1426-1432	Wolken	positive[12]	_	
9-40	1432-1433	,	positive[12]	_	
9-41	1434-1440	wieder	positive[12]	_	
9-42	1441-1445	gute	positive[12]	Persönliches/Emotionen[33]	
9-43	1446-1452	Zeiten	positive[12]	Persönliches/Emotionen[33]	
9-44	1453-1459	warten	positive[12]	_	
9-45	1459-1460	,	positive[12]	_	
9-46	1461-1467	wieder	positive[12]	_	
9-47	1468-1473	geile	positive[12]	Persönliches/Emotionen[34]	
9-48	1474-1480	Zeiten	positive[12]	Persönliches/Emotionen[34]	
9-49	1481-1487	warten	positive[12]	_	
9-50	1487-1488	,	positive[12]	_	
9-51	1489-1495	wieder	positive[12]	_	
9-52	1496-1500	gute	positive[12]	Persönliches/Emotionen[35]	
9-53	1501-1507	Zeiten	positive[12]	Persönliches/Emotionen[35]	
9-54	1508-1514	warten	positive[12]	_	
9-55	1514-1515	.	positive[12]	_	
