#FORMAT=WebAnno TSV 3.2
#T_SP=webanno.custom.Sentiment|Polarity
#T_SP=webanno.custom.Topic|Topics


#Text=Ich war ein Cowboy, ein Mann wie ein Baum, ich ritt die wilden Gäule auf die die Stars sich nicht drauftrau'n, ich war ein Stuntman, bei Metro-Goldwyn-Müller, ich kann Ihnen sagen, das war vielleicht ein Spitzenknüller.
1-1	0-3	Ich	positive[1]	_	
1-2	4-7	war	positive[1]	_	
1-3	8-11	ein	positive[1]	_	
1-4	12-18	Cowboy	positive[1]	_	
1-5	18-19	,	positive[1]	_	
1-6	20-23	ein	positive[1]	_	
1-7	24-28	Mann	positive[1]	_	
1-8	29-32	wie	positive[1]	_	
1-9	33-36	ein	positive[1]	_	
1-10	37-41	Baum	positive[1]	_	
1-11	41-42	,	positive[1]	_	
1-12	43-46	ich	positive[1]	_	
1-13	47-51	ritt	positive[1]	_	
1-14	52-55	die	positive[1]	_	
1-15	56-62	wilden	positive[1]	_	
1-16	63-68	Gäule	positive[1]	_	
1-17	69-72	auf	positive[1]	_	
1-18	73-76	die	positive[1]	_	
1-19	77-80	die	positive[1]	_	
1-20	81-86	Stars	positive[1]	_	
1-21	87-91	sich	positive[1]	_	
1-22	92-97	nicht	positive[1]	_	
1-23	98-109	drauftrau'n	positive[1]	_	
1-24	109-110	,	_	_	
1-25	111-114	ich	positive[2]	_	
1-26	115-118	war	positive[2]	_	
1-27	119-122	ein	positive[2]	_	
1-28	123-131	Stuntman	positive[2]	_	
1-29	131-132	,	positive[2]	_	
1-30	133-136	bei	positive[2]	_	
1-31	137-157	Metro-Goldwyn-Müller	positive[2]	_	
1-32	157-158	,	positive[2]	_	
1-33	159-162	ich	positive[2]	_	
1-34	163-167	kann	positive[2]	_	
1-35	168-173	Ihnen	positive[2]	_	
1-36	174-179	sagen	positive[2]	_	
1-37	179-180	,	positive[2]	_	
1-38	181-184	das	positive[2]	_	
1-39	185-188	war	positive[2]	_	
1-40	189-199	vielleicht	positive[2]	_	
1-41	200-203	ein	positive[2]	_	
1-42	204-218	Spitzenknüller	positive[2]	Persönliches/Emotionen	
1-43	218-219	.	positive[2]	_	

#Text=Im Wilden Weste Pferde testen, jede Menge Larry in Laramy und Buffalo-Bill-Romantik in der Prärie.
2-1	224-226	Im	positive[3]	_	
2-2	227-233	Wilden	positive[3]	Reisen[17]	
2-3	234-239	Weste	positive[3]	Reisen[17]	
2-4	240-246	Pferde	positive[3]	_	
2-5	247-253	testen	positive[3]	_	
2-6	253-254	,	positive[3]	_	
2-7	255-259	jede	positive[3]	_	
2-8	260-265	Menge	positive[3]	_	
2-9	266-271	Larry	positive[3]	_	
2-10	272-274	in	positive[3]	_	
2-11	275-281	Laramy	positive[3]	_	
2-12	282-285	und	positive[3]	_	
2-13	286-307	Buffalo-Bill-Romantik	positive[3]	_	
2-14	308-310	in	positive[3]	_	
2-15	311-314	der	positive[3]	_	
2-16	315-321	Prärie	positive[3]	_	
2-17	321-322	.	_	_	

#Text=Yippi-ya-yeah ...
3-1	327-340	Yippi-ya-yeah	_	_	
3-2	341-342	.	_	_	
3-3	342-343	.	_	_	
3-4	343-344	.	_	_	

#Text=Eigentlich bin ich aus Dortmund-Applerbeck, ich war Steiger in der Zeche "Glückunter", doch ich wollte hoch hinaus und dann bin ich da weg und so zog ich nach Hollywood.
4-1	349-359	Eigentlich	neutral[4]	_	
4-2	360-363	bin	neutral[4]	_	
4-3	364-367	ich	neutral[4]	_	
4-4	368-371	aus	neutral[4]	_	
4-5	372-391	Dortmund-Applerbeck	neutral[4]	Politik/Soziales/Missstände	
4-6	391-392	,	neutral[4]	_	
4-7	393-396	ich	neutral[4]	_	
4-8	397-400	war	neutral[4]	_	
4-9	401-408	Steiger	neutral[4]	_	
4-10	409-411	in	neutral[4]	_	
4-11	412-415	der	neutral[4]	_	
4-12	416-421	Zeche	neutral[4]	Gesundheit/Drogen[18]	
4-13	422-423	"	neutral[4]	Gesundheit/Drogen[18]	
4-14	423-433	Glückunter	neutral[4]	Gesundheit/Drogen[18]	
4-15	433-434	"	_	Gesundheit/Drogen[18]	
4-16	434-435	,	_	_	
4-17	436-440	doch	neutral[5]	_	
4-18	441-444	ich	neutral[5]	_	
4-19	445-451	wollte	neutral[5]	_	
4-20	452-456	hoch	neutral[5]	_	
4-21	457-463	hinaus	neutral[5]	_	
4-22	464-467	und	neutral[5]	_	
4-23	468-472	dann	neutral[5]	_	
4-24	473-476	bin	neutral[5]	_	
4-25	477-480	ich	neutral[5]	_	
4-26	481-483	da	neutral[5]	_	
4-27	484-487	weg	neutral[5]	_	
4-28	488-491	und	neutral[5]	_	
4-29	492-494	so	neutral[5]	_	
4-30	495-498	zog	neutral[5]	_	
4-31	499-502	ich	neutral[5]	_	
4-32	503-507	nach	neutral[5]	_	
4-33	508-517	Hollywood	neutral[5]	Reisen	
4-34	517-518	.	_	_	

#Text=Mel Brooks war mein Regisseur, doch mein Pferd war von der Brauerei und so kam's zum Malheur.
5-1	519-522	Mel	negative[6]	_	
5-2	523-529	Brooks	negative[6]	_	
5-3	530-533	war	negative[6]	_	
5-4	534-538	mein	negative[6]	_	
5-5	539-548	Regisseur	negative[6]	_	
5-6	548-549	,	negative[6]	_	
5-7	550-554	doch	negative[6]	_	
5-8	555-559	mein	negative[6]	_	
5-9	560-565	Pferd	negative[6]	_	
5-10	566-569	war	negative[6]	_	
5-11	570-573	von	negative[6]	_	
5-12	574-577	der	negative[6]	_	
5-13	578-586	Brauerei	negative[6]	Gesundheit/Drogen	
5-14	587-590	und	negative[6]	_	
5-15	591-593	so	negative[6]	_	
5-16	594-599	kam's	negative[6]	_	
5-17	600-603	zum	negative[6]	_	
5-18	604-611	Malheur	negative[6]	_	
5-19	611-612	.	_	_	

#Text=Das dumme Ding soff öfter 'ne Tasse Bier und hat mich trunken angestiert und eines Tages haben wir uns vergaloppiert, in der Todeswüste.
6-1	613-616	Das	negative[7]	_	
6-2	617-622	dumme	negative[7]	_	
6-3	623-627	Ding	negative[7]	_	
6-4	628-632	soff	negative[7]	Gesundheit/Drogen	
6-5	633-638	öfter	negative[7]	_	
6-6	639-640	'	negative[7]	_	
6-7	640-642	ne	negative[7]	_	
6-8	643-648	Tasse	negative[7]	_	
6-9	649-653	Bier	negative[7]	Gesundheit/Drogen	
6-10	654-657	und	negative[7]	_	
6-11	658-661	hat	negative[7]	_	
6-12	662-666	mich	negative[7]	_	
6-13	667-674	trunken	negative[7]	Gesundheit/Drogen	
6-14	675-685	angestiert	negative[7]	_	
6-15	686-689	und	negative[8]	_	
6-16	690-695	eines	negative[8]	_	
6-17	696-701	Tages	negative[8]	_	
6-18	702-707	haben	negative[8]	_	
6-19	708-711	wir	negative[8]	_	
6-20	712-715	uns	negative[8]	_	
6-21	716-729	vergaloppiert	negative[8]	_	
6-22	729-730	,	negative[8]	_	
6-23	731-733	in	negative[8]	_	
6-24	734-737	der	negative[8]	_	
6-25	738-748	Todeswüste	negative[8]	_	
6-26	748-749	.	_	_	

#Text=Yippy-ya-yeah.
7-1	754-767	Yippy-ya-yeah	_	_	
7-2	767-768	.	_	_	

#Text=Und so krochen wir im Zeitlupentempo durch die Sierra Nevada.
8-1	773-776	Und	negative[9]	_	
8-2	777-779	so	negative[9]	_	
8-3	780-787	krochen	negative[9]	_	
8-4	788-791	wir	negative[9]	_	
8-5	792-794	im	negative[9]	_	
8-6	795-809	Zeitlupentempo	negative[9]	_	
8-7	810-815	durch	negative[9]	_	
8-8	816-819	die	negative[9]	_	
8-9	820-826	Sierra	negative[9]	_	
8-10	827-833	Nevada	negative[9]	_	
8-11	833-834	.	_	_	

#Text=Mein Pferd sagt: Meine Knie sind schon so weich wie Kaugummi, das hat doch alles keinen Zweck, ich sterbe dir zwsischen den Sporen weg und so mußte ich mein Pferd erschießen. es tut mir so leid Pferd, es mußte sein.
9-1	835-839	Mein	negative[10]	_	
9-2	840-845	Pferd	negative[10]	_	
9-3	846-850	sagt	negative[10]	_	
9-4	850-851	:	negative[10]	_	
9-5	852-857	Meine	negative[10]	_	
9-6	858-862	Knie	negative[10]	_	
9-7	863-867	sind	negative[10]	_	
9-8	868-873	schon	negative[10]	_	
9-9	874-876	so	negative[10]	_	
9-10	877-882	weich	negative[10]	_	
9-11	883-886	wie	negative[10]	_	
9-12	887-895	Kaugummi	negative[10]	_	
9-13	895-896	,	negative[10]	_	
9-14	897-900	das	negative[10]	_	
9-15	901-904	hat	negative[10]	_	
9-16	905-909	doch	negative[10]	_	
9-17	910-915	alles	negative[10]	_	
9-18	916-922	keinen	negative[10]	_	
9-19	923-928	Zweck	negative[10]	_	
9-20	928-929	,	_	_	
9-21	930-933	ich	negative[11]	_	
9-22	934-940	sterbe	negative[11]	_	
9-23	941-944	dir	negative[11]	_	
9-24	945-954	zwsischen	negative[11]	_	
9-25	955-958	den	negative[11]	_	
9-26	959-965	Sporen	negative[11]	_	
9-27	966-969	weg	negative[11]	_	
9-28	970-973	und	negative[12]	_	
9-29	974-976	so	negative[12]	_	
9-30	977-982	mußte	negative[12]	_	
9-31	983-986	ich	negative[12]	_	
9-32	987-991	mein	negative[12]	_	
9-33	992-997	Pferd	negative[12]	_	
9-34	998-1008	erschießen	negative[12]	Politik/Soziales/Missstände	
9-35	1008-1009	.	_	_	
9-36	1010-1012	es	negative[13]	Persönliches/Emotionen[19]	
9-37	1013-1016	tut	negative[13]	Persönliches/Emotionen[19]	
9-38	1017-1020	mir	negative[13]	Persönliches/Emotionen[19]	
9-39	1021-1023	so	negative[13]	Persönliches/Emotionen[19]	
9-40	1024-1028	leid	negative[13]	Persönliches/Emotionen[19]	
9-41	1029-1034	Pferd	negative[13]	_	
9-42	1034-1035	,	negative[13]	_	
9-43	1036-1038	es	negative[13]	_	
9-44	1039-1044	mußte	negative[13]	_	
9-45	1045-1049	sein	negative[13]	_	
9-46	1049-1050	.	_	_	

#Text=yippy-ya-yeah.
10-1	1055-1068	yippy-ya-yeah	_	_	
10-2	1068-1069	.	_	_	

#Text=Und ich hör' das Lied vom Tod.
11-1	1074-1077	Und	negative[14]	_	
11-2	1078-1081	ich	negative[14]	_	
11-3	1082-1085	hör	negative[14]	_	
11-4	1085-1086	'	negative[14]	_	
11-5	1087-1090	das	negative[14]	_	
11-6	1091-1095	Lied	negative[14]	Politik/Soziales/Missstände[20]	
11-7	1096-1099	vom	negative[14]	Politik/Soziales/Missstände[20]	
11-8	1100-1103	Tod	negative[14]	Politik/Soziales/Missstände[20]	
11-9	1103-1104	.	_	_	

#Text=Und so schlepp ich mich durch den Wüstensand, nur ab und zu ein paar Kakteen und kein Ende abzusehen.
12-1	1105-1108	Und	negative[15]	_	
12-2	1109-1111	so	negative[15]	_	
12-3	1112-1119	schlepp	negative[15]	_	
12-4	1120-1123	ich	negative[15]	_	
12-5	1124-1128	mich	negative[15]	_	
12-6	1129-1134	durch	negative[15]	_	
12-7	1135-1138	den	negative[15]	_	
12-8	1139-1149	Wüstensand	negative[15]	_	
12-9	1149-1150	,	negative[15]	_	
12-10	1151-1154	nur	negative[15]	_	
12-11	1155-1157	ab	negative[15]	_	
12-12	1158-1161	und	negative[15]	_	
12-13	1162-1164	zu	negative[15]	_	
12-14	1165-1168	ein	negative[15]	_	
12-15	1169-1173	paar	negative[15]	_	
12-16	1174-1181	Kakteen	negative[15]	_	
12-17	1182-1185	und	negative[15]	_	
12-18	1186-1190	kein	negative[15]	_	
12-19	1191-1195	Ende	negative[15]	_	
12-20	1196-1205	abzusehen	negative[15]	_	
12-21	1205-1206	.	_	_	

#Text=Ich will doch noch nicht sterben, da kichern doch nur die Erben!
13-1	1207-1210	Ich	negative[16]	_	
13-2	1211-1215	will	negative[16]	_	
13-3	1216-1220	doch	negative[16]	_	
13-4	1221-1225	noch	negative[16]	_	
13-5	1226-1231	nicht	negative[16]	_	
13-6	1232-1239	sterben	negative[16]	_	
13-7	1239-1240	,	negative[16]	_	
13-8	1241-1243	da	negative[16]	_	
13-9	1244-1251	kichern	negative[16]	_	
13-10	1252-1256	doch	negative[16]	_	
13-11	1257-1260	nur	negative[16]	_	
13-12	1261-1264	die	negative[16]	_	
13-13	1265-1270	Erben	negative[16]	Politik/Soziales/Missstände	
13-14	1270-1271	!	_	_	

#Text=Nein nein neiiiiin.
14-1	1272-1276	Nein	_	_	
14-2	1277-1281	nein	_	_	
14-3	1282-1290	neiiiiin	_	_	
14-4	1290-1291	.	_	_	
