#FORMAT=WebAnno TSV 3.2
#T_SP=webanno.custom.Sentiment|Polarity
#T_SP=webanno.custom.Topic|Topics


#Text=Ich liebe große, starke Frauen - mit prallen Muskeln und ultrahart , große, starke Gigantenfrauen - so welche im Meister-Proper-Format .
1-1	0-3	Ich	positive[1]	_	
1-2	4-9	liebe	positive[1]	Liebe/Partnerschaft	
1-3	10-15	große	positive[1]	_	
1-4	15-16	,	positive[1]	_	
1-5	17-23	starke	positive[1]	_	
1-6	24-30	Frauen	positive[1]	_	
1-7	31-32	-	positive[1]	_	
1-8	33-36	mit	positive[1]	_	
1-9	37-44	prallen	positive[1]	_	
1-10	45-52	Muskeln	positive[1]	_	
1-11	53-56	und	positive[1]	_	
1-12	57-66	ultrahart	positive[1]	_	
1-13	67-68	,	positive[1]	_	
1-14	69-74	große	positive[1]	_	
1-15	74-75	,	positive[1]	_	
1-16	76-82	starke	positive[1]	_	
1-17	83-97	Gigantenfrauen	positive[1]	_	
1-18	98-99	-	positive[1]	_	
1-19	100-102	so	positive[1]	_	
1-20	103-109	welche	positive[1]	_	
1-21	110-112	im	positive[1]	_	
1-22	113-134	Meister-Proper-Format	positive[1]	_	
1-23	135-136	.	_	_	

#Text=Ja meine Freundin ist so eine  und sie hat keine O-, sondern Eins-A-Beine , meine Braut - auch wenn sie männliche Hormone kaut , ich lieb' ihre harten Hüften und ihren strammen Po , besonders ganz in Glanz und Öl und so.
2-1	137-139	Ja	_	_	
2-2	140-145	meine	positive[2]	Liebe/Partnerschaft[16]	
2-3	146-154	Freundin	positive[2]	Liebe/Partnerschaft[16]	
2-4	155-158	ist	positive[2]	_	
2-5	159-161	so	positive[2]	_	
2-6	162-166	eine	positive[2]	_	
2-7	168-171	und	positive[2]	_	
2-8	172-175	sie	positive[2]	_	
2-9	176-179	hat	positive[2]	_	
2-10	180-185	keine	positive[2]	_	
2-11	186-187	O	positive[2]	_	
2-12	187-188	-	positive[2]	_	
2-13	188-189	,	positive[2]	_	
2-14	190-197	sondern	positive[2]	_	
2-15	198-210	Eins-A-Beine	positive[2]	_	
2-16	211-212	,	positive[2]	_	
2-17	213-218	meine	positive[2]	Liebe/Partnerschaft[17]	
2-18	219-224	Braut	positive[2]	Liebe/Partnerschaft[17]	
2-19	225-226	-	_	_	
2-20	227-231	auch	negative[3]	_	
2-21	232-236	wenn	negative[3]	_	
2-22	237-240	sie	negative[3]	_	
2-23	241-250	männliche	negative[3]	Gesundheit/Drogen[18]	
2-24	251-258	Hormone	negative[3]	Gesundheit/Drogen[18]	
2-25	259-263	kaut	negative[3]	_	
2-26	264-265	,	_	_	
2-27	266-269	ich	positive[4]	_	
2-28	270-274	lieb	positive[4]	Liebe/Partnerschaft[19]	
2-29	274-275	'	positive[4]	Liebe/Partnerschaft[19]	
2-30	276-280	ihre	positive[4]	_	
2-31	281-287	harten	positive[4]	_	
2-32	288-294	Hüften	positive[4]	_	
2-33	295-298	und	positive[4]	_	
2-34	299-304	ihren	positive[4]	_	
2-35	305-313	strammen	positive[4]	_	
2-36	314-316	Po	positive[4]	_	
2-37	317-318	,	positive[4]	_	
2-38	319-328	besonders	positive[4]	_	
2-39	329-333	ganz	positive[4]	_	
2-40	334-336	in	positive[4]	_	
2-41	337-342	Glanz	positive[4]	_	
2-42	343-346	und	positive[4]	_	
2-43	347-349	Öl	positive[4]	_	
2-44	350-353	und	positive[4]	_	
2-45	354-356	so	positive[4]	_	
2-46	356-357	.	_	_	

#Text=Süße Body-Building-Braut , du bist mein Total-Knockout .
3-1	362-366	Süße	positive[5]	Liebe/Partnerschaft[20]	
3-2	367-386	Body-Building-Braut	positive[5]	Liebe/Partnerschaft[20]	
3-3	387-388	,	positive[5]	_	
3-4	389-391	du	positive[5]	_	
3-5	392-396	bist	positive[5]	_	
3-6	397-401	mein	positive[5]	_	
3-7	402-416	Total-Knockout	positive[5]	Gesundheit/Drogen	
3-8	417-418	.	_	_	

#Text=Hab' ich auch seit Wochen mir die Knochen gebrochen  ist egal - denn Sex mit dir ist phänomenal.
4-1	419-422	Hab	negative[6]	_	
4-2	422-423	'	negative[6]	_	
4-3	424-427	ich	negative[6]	_	
4-4	428-432	auch	negative[6]	_	
4-5	433-437	seit	negative[6]	_	
4-6	438-444	Wochen	negative[6]	_	
4-7	445-448	mir	negative[6]	_	
4-8	449-452	die	negative[6]	_	
4-9	453-460	Knochen	negative[6]	Gesundheit/Drogen[21]	
4-10	461-470	gebrochen	negative[6]	Gesundheit/Drogen[21]	
4-11	472-475	ist	positive[7]	_	
4-12	476-480	egal	positive[7]	_	
4-13	481-482	-	positive[7]	_	
4-14	483-487	denn	positive[7]	_	
4-15	488-491	Sex	positive[7]	Liebe/Partnerschaft	
4-16	492-495	mit	positive[7]	_	
4-17	496-499	dir	positive[7]	_	
4-18	500-503	ist	positive[7]	_	
4-19	504-514	phänomenal	positive[7]	_	
4-20	514-515	.	_	_	

#Text=Ich besuch' sie öfter mal in ihrer B-B-Bizepsfarm , ich krieg' ja so 'ne Latte mit ihr auf der Trainingsmatte  oder wenn sie mich stemmt mit nur einem Arm . ja unter ihrem Mantel trägt sie immer eine Hantel  und an ihrer Taille die Güldengoldengoldmedaille , die Medaille, die sie sich immer wieder rafft , bei jeder Schwerathletenweltmeisterschaft.
5-1	520-523	Ich	neutral[8]	_	
5-2	524-530	besuch	neutral[8]	_	
5-3	530-531	'	neutral[8]	_	
5-4	532-535	sie	neutral[8]	_	
5-5	536-541	öfter	neutral[8]	_	
5-6	542-545	mal	neutral[8]	_	
5-7	546-548	in	neutral[8]	_	
5-8	549-554	ihrer	neutral[8]	_	
5-9	555-569	B-B-Bizepsfarm	neutral[8]	Gesundheit/Drogen	
5-10	570-571	,	_	_	
5-11	572-575	ich	neutral[9]	_	
5-12	576-581	krieg	neutral[9]	_	
5-13	581-582	'	neutral[9]	_	
5-14	583-585	ja	neutral[9]	_	
5-15	586-588	so	neutral[9]	_	
5-16	589-590	'	neutral[9]	_	
5-17	590-592	ne	neutral[9]	Liebe/Partnerschaft[22]	
5-18	593-598	Latte	neutral[9]	Liebe/Partnerschaft[22]	
5-19	599-602	mit	neutral[9]	_	
5-20	603-606	ihr	neutral[9]	_	
5-21	607-610	auf	neutral[9]	_	
5-22	611-614	der	neutral[9]	_	
5-23	615-629	Trainingsmatte	neutral[9]	Gesundheit/Drogen	
5-24	631-635	oder	neutral[10]	_	
5-25	636-640	wenn	neutral[10]	_	
5-26	641-644	sie	neutral[10]	_	
5-27	645-649	mich	neutral[10]	_	
5-28	650-656	stemmt	neutral[10]	Gesundheit/Drogen	
5-29	657-660	mit	neutral[10]	_	
5-30	661-664	nur	neutral[10]	_	
5-31	665-670	einem	neutral[10]	_	
5-32	671-674	Arm	neutral[10]	_	
5-33	675-676	.	_	_	
5-34	677-679	ja	neutral[11]	_	
5-35	680-685	unter	neutral[11]	_	
5-36	686-691	ihrem	neutral[11]	_	
5-37	692-698	Mantel	neutral[11]	_	
5-38	699-704	trägt	neutral[11]	_	
5-39	705-708	sie	neutral[11]	_	
5-40	709-714	immer	neutral[11]	_	
5-41	715-719	eine	neutral[11]	_	
5-42	720-726	Hantel	neutral[11]	Gesundheit/Drogen	
5-43	728-731	und	neutral[11]	_	
5-44	732-734	an	neutral[11]	_	
5-45	735-740	ihrer	neutral[11]	_	
5-46	741-747	Taille	neutral[11]	_	
5-47	748-751	die	neutral[11]	_	
5-48	752-776	Güldengoldengoldmedaille	neutral[11]	_	
5-49	777-778	,	neutral[11]	_	
5-50	779-782	die	neutral[11]	_	
5-51	783-791	Medaille	neutral[11]	_	
5-52	791-792	,	neutral[11]	_	
5-53	793-796	die	neutral[11]	_	
5-54	797-800	sie	neutral[11]	_	
5-55	801-805	sich	neutral[11]	_	
5-56	806-811	immer	neutral[11]	_	
5-57	812-818	wieder	neutral[11]	_	
5-58	819-824	rafft	neutral[11]	_	
5-59	825-826	,	neutral[11]	_	
5-60	827-830	bei	neutral[11]	_	
5-61	831-836	jeder	neutral[11]	_	
5-62	837-868	Schwerathletenweltmeisterschaft	neutral[11]	Gesundheit/Drogen	
5-63	868-869	.	_	_	

#Text=Süße Body-Building-Braut , du bist mein Total-Knockout.
6-1	874-878	Süße	positive[12]	Liebe/Partnerschaft[23]	
6-2	879-898	Body-Building-Braut	positive[12]	Liebe/Partnerschaft[23]	
6-3	899-900	,	positive[12]	_	
6-4	901-903	du	positive[12]	_	
6-5	904-908	bist	positive[12]	_	
6-6	909-913	mein	positive[12]	_	
6-7	914-928	Total-Knockout	positive[12]	Gesundheit/Drogen	
6-8	928-929	.	_	_	

#Text=Früher ging ich niemals ohne Bodyguard raus , heute lass' ich sogar die Dogge zu Haus , denn keiner wird sich trauen, mir aufs Maul zu hauen , selbst Conan der Barbar, käm' mit ihr nicht klar.
7-1	934-940	Früher	negative[13]	Politik/Soziales/Missstände[24]	
7-2	941-945	ging	negative[13]	Politik/Soziales/Missstände[24]	
7-3	946-949	ich	negative[13]	Politik/Soziales/Missstände[24]	
7-4	950-957	niemals	negative[13]	Politik/Soziales/Missstände[24]	
7-5	958-962	ohne	negative[13]	Politik/Soziales/Missstände[24]	
7-6	963-972	Bodyguard	negative[13]	Politik/Soziales/Missstände[24]	
7-7	973-977	raus	negative[13]	Politik/Soziales/Missstände[24]	
7-8	978-979	,	_	_	
7-9	980-985	heute	positive[14]	_	
7-10	986-990	lass	positive[14]	_	
7-11	990-991	'	positive[14]	_	
7-12	992-995	ich	positive[14]	_	
7-13	996-1001	sogar	positive[14]	_	
7-14	1002-1005	die	positive[14]	_	
7-15	1006-1011	Dogge	positive[14]	_	
7-16	1012-1014	zu	positive[14]	_	
7-17	1015-1019	Haus	positive[14]	_	
7-18	1020-1021	,	_	_	
7-19	1022-1026	denn	positive[15]	_	
7-20	1027-1033	keiner	positive[15]	_	
7-21	1034-1038	wird	positive[15]	_	
7-22	1039-1043	sich	positive[15]	_	
7-23	1044-1050	trauen	positive[15]	_	
7-24	1050-1051	,	positive[15]	_	
7-25	1052-1055	mir	positive[15]	_	
7-26	1056-1060	aufs	positive[15]	Politik/Soziales/Missstände[25]	
7-27	1061-1065	Maul	positive[15]	Politik/Soziales/Missstände[25]	
7-28	1066-1068	zu	positive[15]	Politik/Soziales/Missstände[25]	
7-29	1069-1074	hauen	positive[15]	Politik/Soziales/Missstände[25]	
7-30	1075-1076	,	positive[15]	_	
7-31	1077-1083	selbst	positive[15]	_	
7-32	1084-1089	Conan	positive[15]	_	
7-33	1090-1093	der	positive[15]	_	
7-34	1094-1100	Barbar	positive[15]	_	
7-35	1100-1101	,	positive[15]	_	
7-36	1102-1105	käm	positive[15]	_	
7-37	1105-1106	'	positive[15]	_	
7-38	1107-1110	mit	positive[15]	_	
7-39	1111-1114	ihr	positive[15]	_	
7-40	1115-1120	nicht	positive[15]	_	
7-41	1121-1125	klar	positive[15]	_	
7-42	1125-1126	.	_	_	
