#FORMAT=WebAnno TSV 3.2
#T_SP=webanno.custom.Sentiment|Polarity
#T_SP=webanno.custom.Topic|Topics


#Text=Er ist fünfzehn und war noch nie weg von zu Hause, jetzt wartet er bloß, bis es dunkel ist.
1-1	0-2	Er	neutral[1]	_	
1-2	3-6	ist	neutral[1]	_	
1-3	7-15	fünfzehn	neutral[1]	_	
1-4	16-19	und	neutral[1]	_	
1-5	20-23	war	neutral[1]	_	
1-6	24-28	noch	neutral[1]	_	
1-7	29-32	nie	neutral[1]	_	
1-8	33-36	weg	neutral[1]	_	
1-9	37-40	von	neutral[1]	_	
1-10	41-43	zu	neutral[1]	Persönliches/Emotionen[14]	
1-11	44-49	Hause	neutral[1]	Persönliches/Emotionen[14]	
1-12	49-50	,	neutral[1]	_	
1-13	51-56	jetzt	neutral[1]	_	
1-14	57-63	wartet	neutral[1]	_	
1-15	64-66	er	neutral[1]	_	
1-16	67-71	bloß	neutral[1]	_	
1-17	71-72	,	neutral[1]	_	
1-18	73-76	bis	neutral[1]	_	
1-19	77-79	es	neutral[1]	_	
1-20	80-86	dunkel	neutral[1]	_	
1-21	87-90	ist	neutral[1]	_	
1-22	90-91	.	neutral[1]	_	

#Text=Dann nimmt er seine Sachen, nur das Nötigste, er muss los, und es gibt niemand, der ihn zum Abschied küsst.
2-1	92-96	Dann	negative[2]	_	
2-2	97-102	nimmt	negative[2]	_	
2-3	103-105	er	negative[2]	_	
2-4	106-111	seine	negative[2]	_	
2-5	112-118	Sachen	negative[2]	_	
2-6	118-119	,	negative[2]	_	
2-7	120-123	nur	negative[2]	_	
2-8	124-127	das	negative[2]	_	
2-9	128-136	Nötigste	negative[2]	_	
2-10	136-137	,	negative[2]	_	
2-11	138-140	er	negative[2]	_	
2-12	141-145	muss	negative[2]	_	
2-13	146-149	los	negative[2]	_	
2-14	149-150	,	negative[2]	_	
2-15	151-154	und	negative[2]	_	
2-16	155-157	es	negative[2]	_	
2-17	158-162	gibt	negative[2]	_	
2-18	163-170	niemand	negative[2]	_	
2-19	170-171	,	negative[2]	_	
2-20	172-175	der	negative[2]	_	
2-21	176-179	ihn	negative[2]	_	
2-22	180-183	zum	negative[2]	Liebe/Partnerschaft[15]	
2-23	184-192	Abschied	negative[2]	Liebe/Partnerschaft[15]	
2-24	193-198	küsst	negative[2]	Liebe/Partnerschaft[15]	
2-25	198-199	.	negative[2]	_	

#Text=Sie dürfen ihn nicht kriegen, er muß schlauer sein als die, hat alles zu gewinnen und kaum was zu verlier'n.
3-1	204-207	Sie	neutral[3]	_	
3-2	208-214	dürfen	neutral[3]	_	
3-3	215-218	ihn	neutral[3]	_	
3-4	219-224	nicht	neutral[3]	_	
3-5	225-232	kriegen	neutral[3]	_	
3-6	232-233	,	neutral[3]	_	
3-7	234-236	er	neutral[3]	_	
3-8	237-240	muß	neutral[3]	_	
3-9	241-249	schlauer	neutral[3]	Persönliches/Emotionen	
3-10	250-254	sein	neutral[3]	_	
3-11	255-258	als	neutral[3]	_	
3-12	259-262	die	neutral[3]	_	
3-13	262-263	,	neutral[3]	_	
3-14	264-267	hat	neutral[3]	_	
3-15	268-273	alles	neutral[3]	_	
3-16	274-276	zu	neutral[3]	_	
3-17	277-285	gewinnen	neutral[3]	_	
3-18	286-289	und	neutral[3]	_	
3-19	290-294	kaum	neutral[3]	_	
3-20	295-298	was	neutral[3]	_	
3-21	299-301	zu	neutral[3]	_	
3-22	302-311	verlier'n	neutral[3]	_	
3-23	311-312	.	neutral[3]	_	

#Text=Er hofft bloß, dass er es schafft bis zum Hafen  und dann auf irgend 'nen Tanker als blinder Passagier.
4-1	313-315	Er	neutral[4]	_	
4-2	316-321	hofft	neutral[4]	_	
4-3	322-326	bloß	neutral[4]	_	
4-4	326-327	,	neutral[4]	_	
4-5	328-332	dass	neutral[4]	_	
4-6	333-335	er	neutral[4]	_	
4-7	336-338	es	neutral[4]	_	
4-8	339-346	schafft	neutral[4]	_	
4-9	347-350	bis	neutral[4]	_	
4-10	351-354	zum	neutral[4]	_	
4-11	355-360	Hafen	neutral[4]	Reisen	
4-12	362-365	und	neutral[4]	_	
4-13	366-370	dann	neutral[4]	_	
4-14	371-374	auf	neutral[4]	_	
4-15	375-381	irgend	neutral[4]	_	
4-16	382-383	'	neutral[4]	_	
4-17	383-386	nen	neutral[4]	_	
4-18	387-393	Tanker	neutral[4]	Reisen	
4-19	394-397	als	neutral[4]	_	
4-20	398-405	blinder	neutral[4]	Reisen[16]	
4-21	406-415	Passagier	neutral[4]	Reisen[16]	
4-22	415-416	.	_	_	

#Text=Er wollte nach Deutschland, wo nicht überall geschossen wird.
5-1	421-423	Er	negative[5]	_	
5-2	424-430	wollte	negative[5]	_	
5-3	431-435	nach	negative[5]	_	
5-4	436-447	Deutschland	negative[5]	_	
5-5	447-448	,	negative[5]	_	
5-6	449-451	wo	negative[5]	_	
5-7	452-457	nicht	negative[5]	_	
5-8	458-465	überall	negative[5]	_	
5-9	466-476	geschossen	negative[5]	Politik/Soziales/Missstände	
5-10	477-481	wird	negative[5]	_	
5-11	481-482	.	_	_	

#Text=Er wollte nach Deutschland, wo niemand vor Hunger stirbt.
6-1	483-485	Er	negative[6]	_	
6-2	486-492	wollte	negative[6]	_	
6-3	493-497	nach	negative[6]	_	
6-4	498-509	Deutschland	negative[6]	_	
6-5	509-510	,	negative[6]	_	
6-6	511-513	wo	negative[6]	_	
6-7	514-521	niemand	negative[6]	_	
6-8	522-525	vor	negative[6]	Politik/Soziales/Missstände[17]	
6-9	526-532	Hunger	negative[6]	Politik/Soziales/Missstände[17]	
6-10	533-539	stirbt	negative[6]	Politik/Soziales/Missstände[17]	
6-11	539-540	.	negative[6]	_	

#Text=Er wollte nach Deutschland, wo man 'n bisschen Zukunft hat  und es da bringen in so 'ner schönen großen Stadt.
7-1	541-543	Er	positive[7]	_	
7-2	544-550	wollte	positive[7]	_	
7-3	551-555	nach	positive[7]	_	
7-4	556-567	Deutschland	positive[7]	_	
7-5	567-568	,	positive[7]	_	
7-6	569-571	wo	positive[7]	_	
7-7	572-575	man	positive[7]	_	
7-8	576-577	'	positive[7]	_	
7-9	577-578	n	positive[7]	_	
7-10	579-587	bisschen	positive[7]	_	
7-11	588-595	Zukunft	positive[7]	_	
7-12	596-599	hat	positive[7]	_	
7-13	601-604	und	positive[7]	_	
7-14	605-607	es	positive[7]	_	
7-15	608-610	da	positive[7]	_	
7-16	611-618	bringen	positive[7]	_	
7-17	619-621	in	positive[7]	_	
7-18	622-624	so	positive[7]	_	
7-19	625-626	'	positive[7]	_	
7-20	626-629	ner	positive[7]	_	
7-21	630-637	schönen	positive[7]	_	
7-22	638-644	großen	positive[7]	_	
7-23	645-650	Stadt	positive[7]	_	
7-24	650-651	.	positive[7]	_	

#Text=Er ist fünfzehn und war noch nie weg von zu Hause, jetzt sitzt er im Knast und weiß nicht mal wofür.
8-1	656-658	Er	negative[8]	_	
8-2	659-662	ist	negative[8]	_	
8-3	663-671	fünfzehn	negative[8]	_	
8-4	672-675	und	negative[8]	_	
8-5	676-679	war	negative[8]	_	
8-6	680-684	noch	negative[8]	_	
8-7	685-688	nie	negative[8]	_	
8-8	689-692	weg	negative[8]	_	
8-9	693-696	von	negative[8]	_	
8-10	697-699	zu	negative[8]	Persönliches/Emotionen[18]	
8-11	700-705	Hause	negative[8]	Persönliches/Emotionen[18]	
8-12	705-706	,	negative[8]	_	
8-13	707-712	jetzt	negative[8]	_	
8-14	713-718	sitzt	negative[8]	_	
8-15	719-721	er	negative[8]	_	
8-16	722-724	im	negative[8]	_	
8-17	725-730	Knast	negative[8]	Politik/Soziales/Missstände	
8-18	731-734	und	negative[8]	_	
8-19	735-739	weiß	negative[8]	_	
8-20	740-745	nicht	negative[8]	_	
8-21	746-749	mal	negative[8]	_	
8-22	750-755	wofür	negative[8]	_	
8-23	755-756	.	negative[8]	_	

#Text=Gleich hinter der Grenze war sein Traum vorbei, sie sperrten ihn ein und seitdem sitzt er hier.
9-1	757-763	Gleich	negative[9]	_	
9-2	764-770	hinter	negative[9]	_	
9-3	771-774	der	negative[9]	_	
9-4	775-781	Grenze	negative[9]	Politik/Soziales/Missstände	
9-5	782-785	war	negative[9]	_	
9-6	786-790	sein	negative[9]	_	
9-7	791-796	Traum	negative[9]	_	
9-8	797-803	vorbei	negative[9]	_	
9-9	803-804	,	negative[9]	_	
9-10	805-808	sie	negative[9]	_	
9-11	809-817	sperrten	negative[9]	Politik/Soziales/Missstände[19]	
9-12	818-821	ihn	negative[9]	Politik/Soziales/Missstände[19]	
9-13	822-825	ein	negative[9]	Politik/Soziales/Missstände[19]	
9-14	826-829	und	negative[9]	_	
9-15	830-837	seitdem	negative[9]	_	
9-16	838-843	sitzt	negative[9]	_	
9-17	844-846	er	negative[9]	_	
9-18	847-851	hier	negative[9]	_	
9-19	851-852	.	_	_	

#Text=Er kommt aus Kroatien und aus Bosnien, aus dem Irak und aus Pakistan.
10-1	857-859	Er	neutral[10]	_	
10-2	860-865	kommt	neutral[10]	_	
10-3	866-869	aus	neutral[10]	_	
10-4	870-878	Kroatien	neutral[10]	_	
10-5	879-882	und	neutral[10]	_	
10-6	883-886	aus	neutral[10]	_	
10-7	887-894	Bosnien	neutral[10]	_	
10-8	894-895	,	neutral[10]	_	
10-9	896-899	aus	neutral[10]	_	
10-10	900-903	dem	neutral[10]	_	
10-11	904-908	Irak	neutral[10]	_	
10-12	909-912	und	neutral[10]	_	
10-13	913-916	aus	neutral[10]	_	
10-14	917-925	Pakistan	neutral[10]	_	
10-15	925-926	.	neutral[10]	_	

#Text=Er kommt aus Albanien, Rumänien und Somalia, aus China und Algerien, aus der Türkei, aus Südafrika.
11-1	927-929	Er	neutral[11]	_	
11-2	930-935	kommt	neutral[11]	_	
11-3	936-939	aus	neutral[11]	_	
11-4	940-948	Albanien	neutral[11]	_	
11-5	948-949	,	neutral[11]	_	
11-6	950-958	Rumänien	neutral[11]	_	
11-7	959-962	und	neutral[11]	_	
11-8	963-970	Somalia	neutral[11]	_	
11-9	970-971	,	neutral[11]	_	
11-10	972-975	aus	neutral[11]	_	
11-11	976-981	China	neutral[11]	_	
11-12	982-985	und	neutral[11]	_	
11-13	986-994	Algerien	neutral[11]	_	
11-14	994-995	,	neutral[11]	_	
11-15	996-999	aus	neutral[11]	_	
11-16	1000-1003	der	neutral[11]	_	
11-17	1004-1010	Türkei	neutral[11]	_	
11-18	1010-1011	,	neutral[11]	_	
11-19	1012-1015	aus	neutral[11]	_	
11-20	1016-1025	Südafrika	neutral[11]	_	
11-21	1025-1026	.	_	_	

#Text=Er wollte nach Deutschland, wo nicht überall geschossen wird, er wollte noch Deutschland, wo niemand vor Hunger stirbt.
12-1	1031-1033	Er	negative[12]	_	
12-2	1034-1040	wollte	negative[12]	_	
12-3	1041-1045	nach	negative[12]	_	
12-4	1046-1057	Deutschland	negative[12]	_	
12-5	1057-1058	,	negative[12]	_	
12-6	1059-1061	wo	negative[12]	_	
12-7	1062-1067	nicht	negative[12]	_	
12-8	1068-1075	überall	negative[12]	_	
12-9	1076-1086	geschossen	negative[12]	Politik/Soziales/Missstände	
12-10	1087-1091	wird	negative[12]	_	
12-11	1091-1092	,	negative[12]	_	
12-12	1093-1095	er	negative[12]	_	
12-13	1096-1102	wollte	negative[12]	_	
12-14	1103-1107	noch	negative[12]	_	
12-15	1108-1119	Deutschland	negative[12]	_	
12-16	1119-1120	,	negative[12]	_	
12-17	1121-1123	wo	negative[12]	_	
12-18	1124-1131	niemand	negative[12]	_	
12-19	1132-1135	vor	negative[12]	Politik/Soziales/Missstände[20]	
12-20	1136-1142	Hunger	negative[12]	Politik/Soziales/Missstände[20]	
12-21	1143-1149	stirbt	negative[12]	Politik/Soziales/Missstände[20]	
12-22	1149-1150	.	_	_	

#Text=Er wollte nach Deutschland, wo man 'n bisschen Zukunft hat  und es da bringen in so 'ner schönen großen Stadt.
13-1	1151-1153	Er	positive[13]	_	
13-2	1154-1160	wollte	positive[13]	_	
13-3	1161-1165	nach	positive[13]	_	
13-4	1166-1177	Deutschland	positive[13]	_	
13-5	1177-1178	,	positive[13]	_	
13-6	1179-1181	wo	positive[13]	_	
13-7	1182-1185	man	positive[13]	_	
13-8	1186-1187	'	positive[13]	_	
13-9	1187-1188	n	positive[13]	_	
13-10	1189-1197	bisschen	positive[13]	_	
13-11	1198-1205	Zukunft	positive[13]	_	
13-12	1206-1209	hat	positive[13]	_	
13-13	1211-1214	und	positive[13]	_	
13-14	1215-1217	es	positive[13]	_	
13-15	1218-1220	da	positive[13]	_	
13-16	1221-1228	bringen	positive[13]	_	
13-17	1229-1231	in	positive[13]	_	
13-18	1232-1234	so	positive[13]	_	
13-19	1235-1236	'	positive[13]	_	
13-20	1236-1239	ner	positive[13]	_	
13-21	1240-1247	schönen	positive[13]	_	
13-22	1248-1254	großen	positive[13]	_	
13-23	1255-1260	Stadt	positive[13]	_	
13-24	1260-1261	.	_	_	
