#FORMAT=WebAnno TSV 3.2
#T_SP=webanno.custom.Sentiment|Polarity
#T_SP=webanno.custom.Topic|Topics


#Text=Der Detektiv, der niemals schlief  rund um die Uhr auf heißer Spur . sein Leben war Risiko und Gefahr , doch er musste immer wissen , was Sache war.
1-1	0-3	Der	neutral[1]	_	
1-2	4-12	Detektiv	neutral[1]	Politik/Soziales/Missstände	
1-3	12-13	,	neutral[1]	_	
1-4	14-17	der	neutral[1]	_	
1-5	18-25	niemals	neutral[1]	_	
1-6	26-33	schlief	neutral[1]	_	
1-7	35-39	rund	neutral[1]	_	
1-8	40-42	um	neutral[1]	_	
1-9	43-46	die	neutral[1]	_	
1-10	47-50	Uhr	neutral[1]	_	
1-11	51-54	auf	neutral[1]	Politik/Soziales/Missstände[6]	
1-12	55-61	heißer	neutral[1]	Politik/Soziales/Missstände[6]	
1-13	62-66	Spur	neutral[1]	Politik/Soziales/Missstände[6]	
1-14	67-68	.	neutral[1]	_	
1-15	69-73	sein	positive[2]	_	
1-16	74-79	Leben	positive[2]	_	
1-17	80-83	war	positive[2]	_	
1-18	84-90	Risiko	positive[2]	Politik/Soziales/Missstände[7]	
1-19	91-94	und	positive[2]	Politik/Soziales/Missstände[7]	
1-20	95-101	Gefahr	positive[2]	Politik/Soziales/Missstände[7]	
1-21	102-103	,	positive[2]	_	
1-22	104-108	doch	positive[2]	_	
1-23	109-111	er	positive[2]	_	
1-24	112-118	musste	positive[2]	_	
1-25	119-124	immer	positive[2]	_	
1-26	125-131	wissen	positive[2]	_	
1-27	132-133	,	positive[2]	_	
1-28	134-137	was	positive[2]	_	
1-29	138-143	Sache	positive[2]	_	
1-30	144-147	war	positive[2]	_	
1-31	147-148	.	_	_	

#Text=Er war berühmt, berüchtigt  bei den Gangstern in jedem Land . sein Name war Carl Coolman , seine Waffe sein scharfer Verstand . er streifte durch den Dschungel , er kannte kein Pardon , Chicago, Bonn und Washington , das Verbrechen hat immer Saison.
2-1	153-155	Er	positive[3]	_	
2-2	156-159	war	positive[3]	_	
2-3	160-167	berühmt	positive[3]	_	
2-4	167-168	,	positive[3]	_	
2-5	169-179	berüchtigt	positive[3]	_	
2-6	181-184	bei	positive[3]	_	
2-7	185-188	den	positive[3]	_	
2-8	189-198	Gangstern	positive[3]	Politik/Soziales/Missstände	
2-9	199-201	in	positive[3]	_	
2-10	202-207	jedem	positive[3]	_	
2-11	208-212	Land	positive[3]	_	
2-12	213-214	.	_	_	
2-13	215-219	sein	positive[4]	_	
2-14	220-224	Name	positive[4]	_	
2-15	225-228	war	positive[4]	_	
2-16	229-233	Carl	positive[4]	_	
2-17	234-241	Coolman	positive[4]	_	
2-18	242-243	,	positive[4]	_	
2-19	244-249	seine	positive[4]	_	
2-20	250-255	Waffe	positive[4]	Politik/Soziales/Missstände	
2-21	256-260	sein	positive[4]	_	
2-22	261-269	scharfer	positive[4]	_	
2-23	270-278	Verstand	positive[4]	_	
2-24	279-280	.	_	_	
2-25	281-283	er	negative[5]	_	
2-26	284-292	streifte	negative[5]	_	
2-27	293-298	durch	negative[5]	_	
2-28	299-302	den	negative[5]	_	
2-29	303-312	Dschungel	negative[5]	Reisen	
2-30	313-314	,	negative[5]	_	
2-31	315-317	er	negative[5]	_	
2-32	318-324	kannte	negative[5]	_	
2-33	325-329	kein	negative[5]	_	
2-34	330-336	Pardon	negative[5]	_	
2-35	337-338	,	negative[5]	_	
2-36	339-346	Chicago	negative[5]	Reisen	
2-37	346-347	,	negative[5]	_	
2-38	348-352	Bonn	negative[5]	Reisen	
2-39	353-356	und	negative[5]	_	
2-40	357-367	Washington	negative[5]	Reisen	
2-41	368-369	,	negative[5]	_	
2-42	370-373	das	negative[5]	_	
2-43	374-384	Verbrechen	negative[5]	Politik/Soziales/Missstände	
2-44	385-388	hat	negative[5]	_	
2-45	389-394	immer	negative[5]	_	
2-46	395-401	Saison	negative[5]	_	
2-47	401-402	.	_	_	
