#FORMAT=WebAnno TSV 3.2
#T_SP=webanno.custom.Sentiment|Polarity
#T_SP=webanno.custom.Topic|Topics


#Text=Jetzt packst du deinen Koffer, ey, willst du wirklich geh'n?
1-1	0-5	Jetzt	negative[1]	_	
1-2	6-12	packst	negative[1]	_	
1-3	13-15	du	negative[1]	_	
1-4	16-22	deinen	negative[1]	_	
1-5	23-29	Koffer	negative[1]	_	
1-6	29-30	,	negative[1]	_	
1-7	31-33	ey	negative[1]	_	
1-8	33-34	,	negative[1]	_	
1-9	35-41	willst	negative[1]	_	
1-10	42-44	du	negative[1]	_	
1-11	45-53	wirklich	negative[1]	_	
1-12	54-59	geh'n	negative[1]	_	
1-13	59-60	?	negative[1]	_	

#Text=Das kannste doch nicht machen, lass uns doch lieber wieder drübersteh'n.
2-1	61-64	Das	negative[2]	_	
2-2	65-72	kannste	negative[2]	_	
2-3	73-77	doch	negative[2]	_	
2-4	78-83	nicht	negative[2]	_	
2-5	84-90	machen	negative[2]	_	
2-6	90-91	,	negative[2]	_	
2-7	92-96	lass	negative[2]	_	
2-8	97-100	uns	negative[2]	_	
2-9	101-105	doch	negative[2]	_	
2-10	106-112	lieber	negative[2]	_	
2-11	113-119	wieder	negative[2]	_	
2-12	120-132	drübersteh'n	negative[2]	Persönliches/Emotionen	
2-13	132-133	.	negative[2]	_	

#Text=Der Streit vorhin war blöde, tut mir wirklich leid.
3-1	134-137	Der	negative[3]	_	
3-2	138-144	Streit	negative[3]	Persönliches/Emotionen	
3-3	145-151	vorhin	negative[3]	_	
3-4	152-155	war	negative[3]	_	
3-5	156-161	blöde	negative[3]	_	
3-6	161-162	,	negative[3]	_	
3-7	163-166	tut	negative[3]	Persönliches/Emotionen[18]	
3-8	167-170	mir	negative[3]	Persönliches/Emotionen[18]	
3-9	171-179	wirklich	negative[3]	Persönliches/Emotionen[18]	
3-10	180-184	leid	negative[3]	Persönliches/Emotionen[18]	
3-11	184-185	.	negative[3]	_	

#Text=Du weißt doch, du bist meine Sonne, für mindestens 'ne Ewigkeit.
4-1	186-188	Du	positive[4]	_	
4-2	189-194	weißt	positive[4]	_	
4-3	195-199	doch	positive[4]	_	
4-4	199-200	,	positive[4]	_	
4-5	201-203	du	positive[4]	Liebe/Partnerschaft[19]	
4-6	204-208	bist	positive[4]	Liebe/Partnerschaft[19]	
4-7	209-214	meine	positive[4]	Liebe/Partnerschaft[19]	
4-8	215-220	Sonne	positive[4]	Liebe/Partnerschaft[19]	
4-9	220-221	,	positive[4]	_	
4-10	222-225	für	positive[4]	_	
4-11	226-236	mindestens	positive[4]	_	
4-12	237-238	'	positive[4]	_	
4-13	238-240	ne	positive[4]	_	
4-14	241-249	Ewigkeit	positive[4]	_	
4-15	249-250	.	positive[4]	_	

#Text=Bitte geh nicht weg, geh nicht weg, du bist doch meine Sonne.
5-1	255-260	Bitte	negative[5]	_	
5-2	261-264	geh	negative[5]	_	
5-3	265-270	nicht	negative[5]	_	
5-4	271-274	weg	negative[5]	_	
5-5	274-275	,	negative[5]	_	
5-6	276-279	geh	negative[5]	_	
5-7	280-285	nicht	negative[5]	_	
5-8	286-289	weg	negative[5]	_	
5-9	289-290	,	negative[5]	_	
5-10	291-293	du	negative[5]	Liebe/Partnerschaft[20]	
5-11	294-298	bist	negative[5]	Liebe/Partnerschaft[20]	
5-12	299-303	doch	negative[5]	Liebe/Partnerschaft[20]	
5-13	304-309	meine	negative[5]	Liebe/Partnerschaft[20]	
5-14	310-315	Sonne	negative[5]	Liebe/Partnerschaft[20]	
5-15	315-316	.	negative[5]	_	

#Text=Bitte geh nicht weg, geh nicht weg, so kalte Nächte kommen, wenn du gehst.
6-1	317-322	Bitte	negative[6]	_	
6-2	323-326	geh	negative[6]	_	
6-3	327-332	nicht	negative[6]	_	
6-4	333-336	weg	negative[6]	_	
6-5	336-337	,	negative[6]	_	
6-6	338-341	geh	negative[6]	_	
6-7	342-347	nicht	negative[6]	_	
6-8	348-351	weg	negative[6]	_	
6-9	351-352	,	negative[6]	_	
6-10	353-355	so	negative[6]	_	
6-11	356-361	kalte	negative[6]	_	
6-12	362-368	Nächte	negative[6]	_	
6-13	369-375	kommen	negative[6]	_	
6-14	375-376	,	negative[6]	_	
6-15	377-381	wenn	negative[6]	Liebe/Partnerschaft[21]	
6-16	382-384	du	negative[6]	Liebe/Partnerschaft[21]	
6-17	385-390	gehst	negative[6]	Liebe/Partnerschaft[21]	
6-18	390-391	.	negative[6]	_	

#Text=Himmel ohne Sterne, Meere ohne Strand.
7-1	396-402	Himmel	neutral[7]	_	
7-2	403-407	ohne	neutral[7]	_	
7-3	408-414	Sterne	neutral[7]	_	
7-4	414-415	,	neutral[7]	_	
7-5	416-421	Meere	neutral[7]	_	
7-6	422-426	ohne	neutral[7]	_	
7-7	427-433	Strand	neutral[7]	_	
7-8	433-434	.	_	_	

#Text=Was macht der Wind, wenn er nicht weht und die Wüste ohne Sand?
8-1	435-438	Was	neutral[8]	_	
8-2	439-444	macht	neutral[8]	_	
8-3	445-448	der	neutral[8]	_	
8-4	449-453	Wind	neutral[8]	_	
8-5	453-454	,	neutral[8]	_	
8-6	455-459	wenn	neutral[8]	_	
8-7	460-462	er	neutral[8]	_	
8-8	463-468	nicht	neutral[8]	_	
8-9	469-473	weht	neutral[8]	_	
8-10	474-477	und	neutral[8]	_	
8-11	478-481	die	neutral[8]	_	
8-12	482-487	Wüste	neutral[8]	_	
8-13	488-492	ohne	neutral[8]	_	
8-14	493-497	Sand	neutral[8]	_	
8-15	497-498	?	neutral[8]	_	

#Text=Und was bin ich ohne dich, wenn ich dich jetzt verlier'?
9-1	499-502	Und	negative[9]	_	
9-2	503-506	was	negative[9]	Liebe/Partnerschaft[22]	
9-3	507-510	bin	negative[9]	Liebe/Partnerschaft[22]	
9-4	511-514	ich	negative[9]	Liebe/Partnerschaft[22]	
9-5	515-519	ohne	negative[9]	Liebe/Partnerschaft[22]	
9-6	520-524	dich	negative[9]	Liebe/Partnerschaft[22]	
9-7	524-525	,	negative[9]	_	
9-8	526-530	wenn	negative[9]	_	
9-9	531-534	ich	negative[9]	_	
9-10	535-539	dich	negative[9]	_	
9-11	540-545	jetzt	negative[9]	_	
9-12	546-553	verlier	negative[9]	Persönliches/Emotionen	
9-13	553-554	'	negative[9]	_	
9-14	554-555	?	negative[9]	_	

#Text=Du kannst mich nicht alleine lassen, es sei denn, du willst, dass ich krepier'.
10-1	556-558	Du	negative[10]	Liebe/Partnerschaft[23]	
10-2	559-565	kannst	negative[10]	Liebe/Partnerschaft[23]	
10-3	566-570	mich	negative[10]	Liebe/Partnerschaft[23]	
10-4	571-576	nicht	negative[10]	Liebe/Partnerschaft[23]	
10-5	577-584	alleine	negative[10]	Liebe/Partnerschaft[23]	
10-6	585-591	lassen	negative[10]	Liebe/Partnerschaft[23]	
10-7	591-592	,	negative[10]	_	
10-8	593-595	es	negative[10]	_	
10-9	596-599	sei	negative[10]	_	
10-10	600-604	denn	negative[10]	_	
10-11	604-605	,	negative[10]	_	
10-12	606-608	du	negative[10]	_	
10-13	609-615	willst	negative[10]	_	
10-14	615-616	,	negative[10]	_	
10-15	617-621	dass	negative[10]	_	
10-16	622-625	ich	negative[10]	_	
10-17	626-633	krepier	negative[10]	Persönliches/Emotionen	
10-18	633-634	'	negative[10]	_	
10-19	634-635	.	negative[10]	_	

#Text=Bitte geh nicht weg, geh nicht weg, du bist doch meine Sonne.
11-1	640-645	Bitte	negative[11]	_	
11-2	646-649	geh	negative[11]	_	
11-3	650-655	nicht	negative[11]	_	
11-4	656-659	weg	negative[11]	_	
11-5	659-660	,	negative[11]	_	
11-6	661-664	geh	negative[11]	_	
11-7	665-670	nicht	negative[11]	_	
11-8	671-674	weg	negative[11]	_	
11-9	674-675	,	negative[11]	_	
11-10	676-678	du	negative[11]	Liebe/Partnerschaft[24]	
11-11	679-683	bist	negative[11]	Liebe/Partnerschaft[24]	
11-12	684-688	doch	negative[11]	Liebe/Partnerschaft[24]	
11-13	689-694	meine	negative[11]	Liebe/Partnerschaft[24]	
11-14	695-700	Sonne	negative[11]	Liebe/Partnerschaft[24]	
11-15	700-701	.	negative[11]	_	

#Text=Bitte geh nicht weg, geh nicht weg, so kalte Nächte kommen, wenn du gehst.
12-1	702-707	Bitte	negative[12]	_	
12-2	708-711	geh	negative[12]	_	
12-3	712-717	nicht	negative[12]	_	
12-4	718-721	weg	negative[12]	_	
12-5	721-722	,	negative[12]	_	
12-6	723-726	geh	negative[12]	_	
12-7	727-732	nicht	negative[12]	_	
12-8	733-736	weg	negative[12]	_	
12-9	736-737	,	negative[12]	_	
12-10	738-740	so	negative[12]	_	
12-11	741-746	kalte	negative[12]	_	
12-12	747-753	Nächte	negative[12]	_	
12-13	754-760	kommen	negative[12]	_	
12-14	760-761	,	negative[12]	_	
12-15	762-766	wenn	negative[12]	Liebe/Partnerschaft[25]	
12-16	767-769	du	negative[12]	Liebe/Partnerschaft[25]	
12-17	770-775	gehst	negative[12]	Liebe/Partnerschaft[25]	
12-18	775-776	.	negative[12]	_	

#Text=Schieß mich nicht hoch zu den toten Planeten, die schon längst erloschen sind.
13-1	781-787	Schieß	negative[13]	_	
13-2	788-792	mich	negative[13]	_	
13-3	793-798	nicht	negative[13]	_	
13-4	799-803	hoch	negative[13]	_	
13-5	804-806	zu	negative[13]	_	
13-6	807-810	den	negative[13]	_	
13-7	811-816	toten	negative[13]	_	
13-8	817-825	Planeten	negative[13]	_	
13-9	825-826	,	negative[13]	_	
13-10	827-830	die	negative[13]	_	
13-11	831-836	schon	negative[13]	_	
13-12	837-843	längst	negative[13]	_	
13-13	844-853	erloschen	negative[13]	_	
13-14	854-858	sind	negative[13]	_	
13-15	858-859	.	negative[13]	_	

#Text=Da oben würd' ich schreien nach dir wie ein hilfloses Kind.
14-1	860-862	Da	negative[14]	_	
14-2	863-867	oben	negative[14]	_	
14-3	868-872	würd	negative[14]	_	
14-4	872-873	'	negative[14]	_	
14-5	874-877	ich	negative[14]	_	
14-6	878-886	schreien	negative[14]	Persönliches/Emotionen	
14-7	887-891	nach	negative[14]	_	
14-8	892-895	dir	negative[14]	_	
14-9	896-899	wie	negative[14]	Persönliches/Emotionen[26]	
14-10	900-903	ein	negative[14]	Persönliches/Emotionen[26]	
14-11	904-913	hilfloses	negative[14]	Persönliches/Emotionen[26]	
14-12	914-918	Kind	negative[14]	Persönliches/Emotionen[26]	
14-13	918-919	.	negative[14]	_	

#Text=Bitte geh nicht weg, geh nicht weg, du bist doch meine Sonne.
15-1	924-929	Bitte	negative[15]	_	
15-2	930-933	geh	negative[15]	_	
15-3	934-939	nicht	negative[15]	_	
15-4	940-943	weg	negative[15]	_	
15-5	943-944	,	negative[15]	_	
15-6	945-948	geh	negative[15]	_	
15-7	949-954	nicht	negative[15]	_	
15-8	955-958	weg	negative[15]	_	
15-9	958-959	,	negative[15]	_	
15-10	960-962	du	negative[15]	Liebe/Partnerschaft[27]	
15-11	963-967	bist	negative[15]	Liebe/Partnerschaft[27]	
15-12	968-972	doch	negative[15]	Liebe/Partnerschaft[27]	
15-13	973-978	meine	negative[15]	Liebe/Partnerschaft[27]	
15-14	979-984	Sonne	negative[15]	Liebe/Partnerschaft[27]	
15-15	984-985	.	negative[15]	_	

#Text=Bitte geh nicht weg, geh nicht weg, so kalte Nächte kommen ohne dich.
16-1	986-991	Bitte	negative[16]	_	
16-2	992-995	geh	negative[16]	_	
16-3	996-1001	nicht	negative[16]	_	
16-4	1002-1005	weg	negative[16]	_	
16-5	1005-1006	,	negative[16]	_	
16-6	1007-1010	geh	negative[16]	_	
16-7	1011-1016	nicht	negative[16]	_	
16-8	1017-1020	weg	negative[16]	_	
16-9	1020-1021	,	negative[16]	_	
16-10	1022-1024	so	negative[16]	_	
16-11	1025-1030	kalte	negative[16]	_	
16-12	1031-1037	Nächte	negative[16]	_	
16-13	1038-1044	kommen	negative[16]	_	
16-14	1045-1049	ohne	negative[16]	Liebe/Partnerschaft[28]	
16-15	1050-1054	dich	negative[16]	Liebe/Partnerschaft[28]	
16-16	1054-1055	.	negative[16]	_	

#Text=Geh nicht weg, geh nicht weg, bleib für immer bei mir, bleib doch hier.
17-1	1056-1059	Geh	negative[17]	_	
17-2	1060-1065	nicht	negative[17]	_	
17-3	1066-1069	weg	negative[17]	_	
17-4	1069-1070	,	negative[17]	_	
17-5	1071-1074	geh	negative[17]	_	
17-6	1075-1080	nicht	negative[17]	_	
17-7	1081-1084	weg	negative[17]	_	
17-8	1084-1085	,	negative[17]	_	
17-9	1086-1091	bleib	negative[17]	Liebe/Partnerschaft[29]	
17-10	1092-1095	für	negative[17]	Liebe/Partnerschaft[29]	
17-11	1096-1101	immer	negative[17]	Liebe/Partnerschaft[29]	
17-12	1102-1105	bei	negative[17]	Liebe/Partnerschaft[29]	
17-13	1106-1109	mir	negative[17]	Liebe/Partnerschaft[29]	
17-14	1109-1110	,	negative[17]	_	
17-15	1111-1116	bleib	negative[17]	_	
17-16	1117-1121	doch	negative[17]	_	
17-17	1122-1126	hier	negative[17]	_	
17-18	1126-1127	.	negative[17]	_	
