#FORMAT=WebAnno TSV 3.2
#T_SP=webanno.custom.Sentiment|Polarity
#T_SP=webanno.custom.Topic|Topics


#Text=Liebe ist Aufstand gegen den Tod und dass alles so vergänglich ist, ich seh' das ewige Morgenrot, wenn dein heißer Mund mich küsst.
1-1	0-5	Liebe	positive[1]	_	
1-2	6-9	ist	positive[1]	_	
1-3	10-18	Aufstand	positive[1]	Politik/Soziales/Missstände	
1-4	19-24	gegen	positive[1]	_	
1-5	25-28	den	positive[1]	_	
1-6	29-32	Tod	positive[1]	_	
1-7	33-36	und	positive[1]	_	
1-8	37-41	dass	positive[1]	_	
1-9	42-47	alles	positive[1]	_	
1-10	48-50	so	positive[1]	_	
1-11	51-62	vergänglich	positive[1]	_	
1-12	63-66	ist	positive[1]	_	
1-13	66-67	,	positive[1]	_	
1-14	68-71	ich	positive[1]	_	
1-15	72-75	seh	positive[1]	_	
1-16	75-76	'	positive[1]	_	
1-17	77-80	das	positive[1]	_	
1-18	81-86	ewige	positive[1]	_	
1-19	87-96	Morgenrot	positive[1]	_	
1-20	96-97	,	positive[1]	_	
1-21	98-102	wenn	positive[1]	_	
1-22	103-107	dein	positive[1]	Liebe/Partnerschaft[13]	
1-23	108-114	heißer	positive[1]	Liebe/Partnerschaft[13]	
1-24	115-119	Mund	positive[1]	Liebe/Partnerschaft[13]	
1-25	120-124	mich	positive[1]	_	
1-26	125-130	küsst	positive[1]	Liebe/Partnerschaft	
1-27	130-131	.	_	_	

#Text=Liebe ist absolut unbescheiden und begnügt sich nicht mit dem Heute, sie fordert nach Morgen und Übermorgen, jedenfalls für manche Leute, für mich - für dich?
2-1	132-137	Liebe	negative[2]	Liebe/Partnerschaft	
2-2	138-141	ist	negative[2]	_	
2-3	142-149	absolut	negative[2]	_	
2-4	150-162	unbescheiden	negative[2]	_	
2-5	163-166	und	negative[2]	_	
2-6	167-174	begnügt	negative[2]	_	
2-7	175-179	sich	negative[2]	_	
2-8	180-185	nicht	negative[2]	_	
2-9	186-189	mit	negative[2]	_	
2-10	190-193	dem	negative[2]	_	
2-11	194-199	Heute	negative[2]	_	
2-12	199-200	,	_	_	
2-13	201-204	sie	neutral[3]	_	
2-14	205-212	fordert	neutral[3]	_	
2-15	213-217	nach	neutral[3]	_	
2-16	218-224	Morgen	neutral[3]	_	
2-17	225-228	und	neutral[3]	_	
2-18	229-239	Übermorgen	neutral[3]	_	
2-19	239-240	,	neutral[3]	_	
2-20	241-251	jedenfalls	neutral[3]	_	
2-21	252-255	für	neutral[3]	_	
2-22	256-262	manche	neutral[3]	_	
2-23	263-268	Leute	neutral[3]	_	
2-24	268-269	,	neutral[3]	_	
2-25	270-273	für	neutral[3]	_	
2-26	274-278	mich	neutral[3]	_	
2-27	279-280	-	neutral[3]	_	
2-28	281-284	für	neutral[3]	_	
2-29	285-289	dich	neutral[3]	_	
2-30	289-290	?	neutral[3]	_	

#Text=Wir fahr'n, wir fahr'n auf dem lindischen Ozean.
3-1	295-298	Wir	neutral[4]	_	
3-2	299-305	fahr'n	neutral[4]	_	
3-3	305-306	,	neutral[4]	_	
3-4	307-310	wir	neutral[4]	_	
3-5	311-317	fahr'n	neutral[4]	_	
3-6	318-321	auf	neutral[4]	_	
3-7	322-325	dem	neutral[4]	_	
3-8	326-336	lindischen	neutral[4]	Reisen[14]	
3-9	337-342	Ozean	neutral[4]	Reisen[14]	
3-10	342-343	.	_	_	

#Text=Noch schleudern wir den Anker, noch machen wir nicht fest, solange uns Poseidon nicht untergehen lässt, Ahoi!
4-1	348-352	Noch	positive[5]	_	
4-2	353-363	schleudern	positive[5]	_	
4-3	364-367	wir	positive[5]	_	
4-4	368-371	den	positive[5]	_	
4-5	372-377	Anker	positive[5]	Reisen	
4-6	377-378	,	positive[5]	_	
4-7	379-383	noch	positive[5]	_	
4-8	384-390	machen	positive[5]	_	
4-9	391-394	wir	positive[5]	_	
4-10	395-400	nicht	positive[5]	_	
4-11	401-405	fest	positive[5]	_	
4-12	405-406	,	positive[5]	_	
4-13	407-414	solange	positive[5]	_	
4-14	415-418	uns	positive[5]	_	
4-15	419-427	Poseidon	positive[5]	Reisen	
4-16	428-433	nicht	positive[5]	_	
4-17	434-444	untergehen	positive[5]	_	
4-18	445-450	lässt	positive[5]	_	
4-19	450-451	,	positive[5]	_	
4-20	452-456	Ahoi	positive[5]	_	
4-21	456-457	!	_	_	

#Text=Wir fahren und kämpfen gegen das Unrecht und was macht ihr - ihr da am Kai, ihr seid die stumme Armee, das schweigende Meer und wir fahr'n dran vorbei.
5-1	462-465	Wir	neutral[6]	_	
5-2	466-472	fahren	neutral[6]	_	
5-3	473-476	und	neutral[6]	_	
5-4	477-484	kämpfen	neutral[6]	Politik/Soziales/Missstände[15]	
5-5	485-490	gegen	neutral[6]	Politik/Soziales/Missstände[15]	
5-6	491-494	das	neutral[6]	Politik/Soziales/Missstände[15]	
5-7	495-502	Unrecht	neutral[6]	Politik/Soziales/Missstände[15]	
5-8	503-506	und	neutral[6]	_	
5-9	507-510	was	neutral[6]	_	
5-10	511-516	macht	neutral[6]	_	
5-11	517-520	ihr	neutral[6]	_	
5-12	521-522	-	neutral[6]	_	
5-13	523-526	ihr	neutral[6]	_	
5-14	527-529	da	neutral[6]	_	
5-15	530-532	am	neutral[6]	_	
5-16	533-536	Kai	neutral[6]	_	
5-17	536-537	,	neutral[6]	_	
5-18	538-541	ihr	neutral[7]	_	
5-19	542-546	seid	neutral[7]	_	
5-20	547-550	die	neutral[7]	_	
5-21	551-557	stumme	neutral[7]	Politik/Soziales/Missstände[16]	
5-22	558-563	Armee	neutral[7]	Politik/Soziales/Missstände[16]	
5-23	563-564	,	neutral[7]	_	
5-24	565-568	das	neutral[7]	_	
5-25	569-580	schweigende	neutral[7]	_	
5-26	581-585	Meer	neutral[7]	_	
5-27	586-589	und	neutral[7]	_	
5-28	590-593	wir	neutral[7]	_	
5-29	594-600	fahr'n	neutral[7]	_	
5-30	601-605	dran	neutral[7]	_	
5-31	606-612	vorbei	neutral[7]	_	
5-32	612-613	.	_	_	

#Text=Wir fahren durch die schwärzesten Zeiten und durch die tiefste Nacht und neue Stürme werden von uns immer wieder entfacht.
6-1	614-617	Wir	negative[8]	_	
6-2	618-624	fahren	negative[8]	_	
6-3	625-630	durch	negative[8]	_	
6-4	631-634	die	negative[8]	_	
6-5	635-647	schwärzesten	negative[8]	Politik/Soziales/Missstände[17]	
6-6	648-654	Zeiten	negative[8]	Politik/Soziales/Missstände[17]	
6-7	655-658	und	negative[8]	_	
6-8	659-664	durch	negative[8]	_	
6-9	665-668	die	negative[8]	_	
6-10	669-676	tiefste	negative[8]	_	
6-11	677-682	Nacht	negative[8]	_	
6-12	683-686	und	negative[8]	_	
6-13	687-691	neue	negative[8]	_	
6-14	692-698	Stürme	negative[8]	_	
6-15	699-705	werden	negative[8]	_	
6-16	706-709	von	negative[8]	_	
6-17	710-713	uns	negative[8]	_	
6-18	714-719	immer	negative[8]	_	
6-19	720-726	wieder	negative[8]	_	
6-20	727-735	entfacht	negative[8]	_	
6-21	735-736	.	_	_	

#Text=Wir fahr'n, wir fahr'n auf dem lindischen Ozean.
7-1	741-744	Wir	neutral[9]	_	
7-2	745-751	fahr'n	neutral[9]	_	
7-3	751-752	,	neutral[9]	_	
7-4	753-756	wir	neutral[9]	_	
7-5	757-763	fahr'n	neutral[9]	_	
7-6	764-767	auf	neutral[9]	_	
7-7	768-771	dem	neutral[9]	_	
7-8	772-782	lindischen	neutral[9]	Reisen[18]	
7-9	783-788	Ozean	neutral[9]	Reisen[18]	
7-10	788-789	.	_	_	

#Text=Noch schleudern wir den Anker, noch machen wir nicht fest, solange uns Poseidon nicht untergehen läßt, wir fahren raus auf's weite Meer, durch Nebel und Taifun, es kann ein radikales Herz nicht halbe Sachen tun.
8-1	794-798	Noch	positive[10]	_	
8-2	799-809	schleudern	positive[10]	_	
8-3	810-813	wir	positive[10]	_	
8-4	814-817	den	positive[10]	_	
8-5	818-823	Anker	positive[10]	Reisen	
8-6	823-824	,	positive[10]	_	
8-7	825-829	noch	positive[10]	_	
8-8	830-836	machen	positive[10]	_	
8-9	837-840	wir	positive[10]	_	
8-10	841-846	nicht	positive[10]	_	
8-11	847-851	fest	positive[10]	_	
8-12	851-852	,	positive[10]	_	
8-13	853-860	solange	positive[10]	_	
8-14	861-864	uns	positive[10]	_	
8-15	865-873	Poseidon	positive[10]	Reisen	
8-16	874-879	nicht	positive[10]	_	
8-17	880-890	untergehen	positive[10]	_	
8-18	891-895	läßt	positive[10]	_	
8-19	895-896	,	_	_	
8-20	897-900	wir	neutral[11]	_	
8-21	901-907	fahren	neutral[11]	_	
8-22	908-912	raus	neutral[11]	_	
8-23	913-918	auf's	neutral[11]	_	
8-24	919-924	weite	neutral[11]	Reisen[19]	
8-25	925-929	Meer	neutral[11]	Reisen[19]	
8-26	929-930	,	neutral[11]	_	
8-27	931-936	durch	neutral[11]	_	
8-28	937-942	Nebel	neutral[11]	_	
8-29	943-946	und	neutral[11]	_	
8-30	947-953	Taifun	neutral[11]	_	
8-31	953-954	,	neutral[11]	_	
8-32	955-957	es	neutral[11]	_	
8-33	958-962	kann	neutral[11]	_	
8-34	963-966	ein	neutral[11]	_	
8-35	967-976	radikales	neutral[11]	Liebe/Partnerschaft[20]	
8-36	977-981	Herz	neutral[11]	Liebe/Partnerschaft[20]	
8-37	982-987	nicht	neutral[11]	_	
8-38	988-993	halbe	neutral[11]	_	
8-39	994-1000	Sachen	neutral[11]	_	
8-40	1001-1004	tun	neutral[11]	_	
8-41	1004-1005	.	_	_	

#Text=Ahoi!
9-1	1006-1010	Ahoi	neutral	_	
9-2	1010-1011	!	_	_	

#Text=Ahoi!
10-1	1012-1016	Ahoi	neutral	_	
10-2	1016-1017	!	_	_	

#Text=wir fahr'n, wir fahr'n...
11-1	1022-1025	wir	neutral[12]	_	
11-2	1026-1032	fahr'n	neutral[12]	_	
11-3	1032-1033	,	neutral[12]	_	
11-4	1034-1037	wir	neutral[12]	_	
11-5	1038-1044	fahr'n	neutral[12]	_	
11-6	1044-1045	.	_	_	
11-7	1045-1046	.	_	_	
11-8	1046-1047	.	_	_	
