#FORMAT=WebAnno TSV 3.2
#T_SP=webanno.custom.Sentiment|Polarity
#T_SP=webanno.custom.Topic|Topics


#Text=Heute morgen um sieben ging das Telefon.
1-1	0-5	Heute	neutral[1]	_	
1-2	6-12	morgen	neutral[1]	_	
1-3	13-15	um	neutral[1]	_	
1-4	16-22	sieben	neutral[1]	_	
1-5	23-27	ging	neutral[1]	_	
1-6	28-31	das	neutral[1]	_	
1-7	32-39	Telefon	neutral[1]	_	
1-8	39-40	.	neutral[1]	_	

#Text=Sie sagten: "Dein Freund Jack ist tot.
2-1	41-44	Sie	negative[2]	_	
2-2	45-51	sagten	negative[2]	_	
2-3	51-52	:	negative[2]	_	
2-4	53-54	"	negative[2]	_	
2-5	54-58	Dein	negative[2]	Liebe/Partnerschaft[14]	
2-6	59-65	Freund	negative[2]	Liebe/Partnerschaft[14]	
2-7	66-70	Jack	negative[2]	_	
2-8	71-74	ist	negative[2]	_	
2-9	75-78	tot	negative[2]	Persönliches/Emotionen	
2-10	78-79	.	negative[2]	_	

#Text=Ein Laster ist frontal in ihn reingeknallt, der hatte überholt, trotz Überholverbot."
3-1	80-83	Ein	negative[3]	_	
3-2	84-90	Laster	negative[3]	_	
3-3	91-94	ist	negative[3]	_	
3-4	95-102	frontal	negative[3]	_	
3-5	103-105	in	negative[3]	Politik/Soziales/Missstände[15]	
3-6	106-109	ihn	negative[3]	Politik/Soziales/Missstände[15]	
3-7	110-122	reingeknallt	negative[3]	Politik/Soziales/Missstände[15]	
3-8	122-123	,	negative[3]	_	
3-9	124-127	der	negative[3]	_	
3-10	128-133	hatte	negative[3]	_	
3-11	134-142	überholt	negative[3]	_	
3-12	142-143	,	negative[3]	_	
3-13	144-149	trotz	negative[3]	_	
3-14	150-163	Überholverbot	negative[3]	Politik/Soziales/Missstände	
3-15	163-164	.	negative[3]	_	
3-16	164-165	"	negative[3]	_	

#Text=Zuerst wollte ich das nicht begreifen, ich dachte, das ist ein makabrer Gag, mein Freund Jack kann doch nicht so plötzlich sterben, wir wollen doch heute Abend noch zusammen weg.
4-1	166-172	Zuerst	neutral[4]	_	
4-2	173-179	wollte	neutral[4]	_	
4-3	180-183	ich	neutral[4]	_	
4-4	184-187	das	neutral[4]	_	
4-5	188-193	nicht	neutral[4]	Persönliches/Emotionen[16]	
4-6	194-203	begreifen	neutral[4]	Persönliches/Emotionen[16]	
4-7	203-204	,	neutral[4]	_	
4-8	205-208	ich	neutral[4]	_	
4-9	209-215	dachte	neutral[4]	_	
4-10	215-216	,	neutral[4]	_	
4-11	217-220	das	neutral[4]	_	
4-12	221-224	ist	neutral[4]	_	
4-13	225-228	ein	neutral[4]	_	
4-14	229-237	makabrer	neutral[4]	Politik/Soziales/Missstände[17]	
4-15	238-241	Gag	neutral[4]	Politik/Soziales/Missstände[17]	
4-16	241-242	,	neutral[4]	_	
4-17	243-247	mein	neutral[4]	Liebe/Partnerschaft[18]	
4-18	248-254	Freund	neutral[4]	Liebe/Partnerschaft[18]	
4-19	255-259	Jack	neutral[4]	Liebe/Partnerschaft[18]	
4-20	260-264	kann	neutral[4]	_	
4-21	265-269	doch	neutral[4]	_	
4-22	270-275	nicht	neutral[4]	_	
4-23	276-278	so	neutral[4]	_	
4-24	279-288	plötzlich	neutral[4]	Persönliches/Emotionen[19]	
4-25	289-296	sterben	neutral[4]	Persönliches/Emotionen[19]	
4-26	296-297	,	neutral[4]	_	
4-27	298-301	wir	neutral[4]	_	
4-28	302-308	wollen	neutral[4]	_	
4-29	309-313	doch	neutral[4]	_	
4-30	314-319	heute	neutral[4]	_	
4-31	320-325	Abend	neutral[4]	_	
4-32	326-330	noch	neutral[4]	_	
4-33	331-339	zusammen	neutral[4]	_	
4-34	340-343	weg	neutral[4]	_	
4-35	343-344	.	neutral[4]	_	

#Text=Es war wie ein Faustschlag in den Magen, diese Nachricht von Jackies Unglück.
5-1	349-351	Es	negative[5]	_	
5-2	352-355	war	negative[5]	_	
5-3	356-359	wie	negative[5]	_	
5-4	360-363	ein	negative[5]	_	
5-5	364-375	Faustschlag	negative[5]	Persönliches/Emotionen[20]	
5-6	376-378	in	negative[5]	Persönliches/Emotionen[20]	
5-7	379-382	den	negative[5]	Persönliches/Emotionen[20]	
5-8	383-388	Magen	negative[5]	Persönliches/Emotionen[20]	
5-9	388-389	,	negative[5]	_	
5-10	390-395	diese	negative[5]	_	
5-11	396-405	Nachricht	negative[5]	_	
5-12	406-409	von	negative[5]	_	
5-13	410-417	Jackies	negative[5]	Politik/Soziales/Missstände[21]	
5-14	418-425	Unglück	negative[5]	Politik/Soziales/Missstände[21]	
5-15	425-426	.	negative[5]	_	

#Text=Ich versuchte mir vorzustellen, wie dieser Lkw auf ihn zukommt und was in Jack vorgeht in diesem Augenblick.
6-1	427-430	Ich	neutral[6]	_	
6-2	431-440	versuchte	neutral[6]	_	
6-3	441-444	mir	neutral[6]	_	
6-4	445-457	vorzustellen	neutral[6]	_	
6-5	457-458	,	neutral[6]	_	
6-6	459-462	wie	neutral[6]	_	
6-7	463-469	dieser	neutral[6]	_	
6-8	470-473	Lkw	neutral[6]	_	
6-9	474-477	auf	neutral[6]	_	
6-10	478-481	ihn	neutral[6]	_	
6-11	482-489	zukommt	neutral[6]	_	
6-12	490-493	und	neutral[6]	_	
6-13	494-497	was	neutral[6]	_	
6-14	498-500	in	neutral[6]	_	
6-15	501-505	Jack	neutral[6]	_	
6-16	506-513	vorgeht	neutral[6]	_	
6-17	514-516	in	neutral[6]	_	
6-18	517-523	diesem	neutral[6]	_	
6-19	524-534	Augenblick	neutral[6]	_	
6-20	534-535	.	neutral[6]	_	

#Text=Ein komischer Zufall, erst vor zwei Wochen haben wir noch über den Tod gesprochen.
7-1	540-543	Ein	neutral[7]	_	
7-2	544-553	komischer	neutral[7]	_	
7-3	554-560	Zufall	neutral[7]	_	
7-4	560-561	,	neutral[7]	_	
7-5	562-566	erst	neutral[7]	_	
7-6	567-570	vor	neutral[7]	_	
7-7	571-575	zwei	neutral[7]	_	
7-8	576-582	Wochen	neutral[7]	_	
7-9	583-588	haben	neutral[7]	_	
7-10	589-592	wir	neutral[7]	_	
7-11	593-597	noch	neutral[7]	_	
7-12	598-602	über	neutral[7]	_	
7-13	603-606	den	neutral[7]	_	
7-14	607-610	Tod	neutral[7]	_	
7-15	611-621	gesprochen	neutral[7]	_	
7-16	621-622	.	neutral[7]	_	

#Text=Er hatte Angst davor, er meinte, dann ist alles zu spät.
8-1	623-625	Er	negative[8]	_	
8-2	626-631	hatte	negative[8]	Persönliches/Emotionen[22]	
8-3	632-637	Angst	negative[8]	Persönliches/Emotionen[22]	
8-4	638-643	davor	negative[8]	Persönliches/Emotionen[22]	
8-5	643-644	,	negative[8]	_	
8-6	645-647	er	negative[8]	_	
8-7	648-654	meinte	negative[8]	_	
8-8	654-655	,	negative[8]	_	
8-9	656-660	dann	negative[8]	_	
8-10	661-664	ist	negative[8]	_	
8-11	665-670	alles	negative[8]	Persönliches/Emotionen[23]	
8-12	671-673	zu	negative[8]	Persönliches/Emotionen[23]	
8-13	674-678	spät	negative[8]	Persönliches/Emotionen[23]	
8-14	678-679	.	negative[8]	_	

#Text=Ich sagte, nein Jack, ich glaub', dass nach dem Tod das Leben irgendwie weitergeht.
9-1	680-683	Ich	positive[9]	_	
9-2	684-689	sagte	positive[9]	_	
9-3	689-690	,	positive[9]	_	
9-4	691-695	nein	positive[9]	_	
9-5	696-700	Jack	positive[9]	_	
9-6	700-701	,	positive[9]	_	
9-7	702-705	ich	positive[9]	_	
9-8	706-711	glaub	positive[9]	_	
9-9	711-712	'	positive[9]	_	
9-10	712-713	,	positive[9]	_	
9-11	714-718	dass	positive[9]	_	
9-12	719-723	nach	positive[9]	_	
9-13	724-727	dem	positive[9]	_	
9-14	728-731	Tod	positive[9]	_	
9-15	732-735	das	positive[9]	_	
9-16	736-741	Leben	positive[9]	_	
9-17	742-751	irgendwie	positive[9]	Persönliches/Emotionen[24]	
9-18	752-762	weitergeht	positive[9]	Persönliches/Emotionen[24]	
9-19	762-763	.	positive[9]	_	

#Text=Über den Wolken ist es so schön wie in den Bergen der Antarktis und weiter geht dein Flug, vorbei an den Planeten und du erreichst die Rock 'n' Roll-Galaxis.
10-1	768-772	Über	positive[10]	_	
10-2	773-776	den	positive[10]	_	
10-3	777-783	Wolken	positive[10]	_	
10-4	784-787	ist	positive[10]	_	
10-5	788-790	es	positive[10]	_	
10-6	791-793	so	positive[10]	_	
10-7	794-799	schön	positive[10]	_	
10-8	800-803	wie	positive[10]	_	
10-9	804-806	in	positive[10]	_	
10-10	807-810	den	positive[10]	_	
10-11	811-817	Bergen	positive[10]	_	
10-12	818-821	der	positive[10]	_	
10-13	822-831	Antarktis	positive[10]	_	
10-14	832-835	und	positive[10]	_	
10-15	836-842	weiter	positive[10]	Reisen[25]	
10-16	843-847	geht	positive[10]	Reisen[25]	
10-17	848-852	dein	positive[10]	Reisen[25]	
10-18	853-857	Flug	positive[10]	Reisen[25]	
10-19	857-858	,	positive[10]	_	
10-20	859-865	vorbei	positive[10]	_	
10-21	866-868	an	positive[10]	_	
10-22	869-872	den	positive[10]	_	
10-23	873-881	Planeten	positive[10]	_	
10-24	882-885	und	positive[10]	_	
10-25	886-888	du	positive[10]	_	
10-26	889-898	erreichst	positive[10]	_	
10-27	899-902	die	positive[10]	_	
10-28	903-907	Rock	positive[10]	Musik[26]	
10-29	908-909	'	positive[10]	Musik[26]	
10-30	909-910	n	positive[10]	Musik[26]	
10-31	910-911	'	positive[10]	Musik[26]	
10-32	912-924	Roll-Galaxis	positive[10]	Musik[26]	
10-33	924-925	.	positive[10]	_	

#Text=Und da siehst du ihn wieder, Jimi Hendrix, ich weiß noch, als er starb, warst du sehr traurig, weil's für dich keinen Größeren gab.
11-1	926-929	Und	negative[11]	_	
11-2	930-932	da	negative[11]	_	
11-3	933-939	siehst	negative[11]	_	
11-4	940-942	du	negative[11]	_	
11-5	943-946	ihn	negative[11]	_	
11-6	947-953	wieder	negative[11]	_	
11-7	953-954	,	negative[11]	_	
11-8	955-959	Jimi	negative[11]	Musik[27]	
11-9	960-967	Hendrix	negative[11]	Musik[27]	
11-10	967-968	,	negative[11]	_	
11-11	969-972	ich	negative[11]	_	
11-12	973-977	weiß	negative[11]	_	
11-13	978-982	noch	negative[11]	_	
11-14	982-983	,	negative[11]	_	
11-15	984-987	als	negative[11]	_	
11-16	988-990	er	negative[11]	_	
11-17	991-996	starb	negative[11]	_	
11-18	996-997	,	negative[11]	_	
11-19	998-1003	warst	negative[11]	_	
11-20	1004-1006	du	negative[11]	_	
11-21	1007-1011	sehr	negative[11]	Persönliches/Emotionen[28]	
11-22	1012-1019	traurig	negative[11]	Persönliches/Emotionen[28]	
11-23	1019-1020	,	negative[11]	_	
11-24	1021-1027	weil's	negative[11]	_	
11-25	1028-1031	für	negative[11]	_	
11-26	1032-1036	dich	negative[11]	_	
11-27	1037-1043	keinen	negative[11]	_	
11-28	1044-1052	Größeren	negative[11]	_	
11-29	1053-1056	gab	negative[11]	_	
11-30	1056-1057	.	negative[11]	_	

#Text=Und Buddy Holly singt für dich noch einmal "Peggy Sue", du bist froh, dass er auch da ist und zusammen mit deiner neuen Freundin Marylin hörst du ihm zu.
12-1	1062-1065	Und	positive[12]	_	
12-2	1066-1071	Buddy	positive[12]	Musik[29]	
12-3	1072-1077	Holly	positive[12]	Musik[29]	
12-4	1078-1083	singt	positive[12]	Musik[29]	
12-5	1084-1087	für	positive[12]	_	
12-6	1088-1092	dich	positive[12]	_	
12-7	1093-1097	noch	positive[12]	_	
12-8	1098-1104	einmal	positive[12]	_	
12-9	1105-1106	"	positive[12]	Musik[30]	
12-10	1106-1111	Peggy	positive[12]	Musik[30]	
12-11	1112-1115	Sue	positive[12]	Musik[30]	
12-12	1115-1116	"	positive[12]	Musik[30]	
12-13	1116-1117	,	positive[12]	Musik[30]	
12-14	1118-1120	du	positive[12]	_	
12-15	1121-1125	bist	positive[12]	_	
12-16	1126-1130	froh	positive[12]	_	
12-17	1130-1131	,	positive[12]	_	
12-18	1132-1136	dass	positive[12]	_	
12-19	1137-1139	er	positive[12]	_	
12-20	1140-1144	auch	positive[12]	_	
12-21	1145-1147	da	positive[12]	_	
12-22	1148-1151	ist	positive[12]	_	
12-23	1152-1155	und	positive[12]	_	
12-24	1156-1164	zusammen	positive[12]	_	
12-25	1165-1168	mit	positive[12]	_	
12-26	1169-1175	deiner	positive[12]	Liebe/Partnerschaft[31]	
12-27	1176-1181	neuen	positive[12]	Liebe/Partnerschaft[31]	
12-28	1182-1190	Freundin	positive[12]	Liebe/Partnerschaft[31]	
12-29	1191-1198	Marylin	positive[12]	Liebe/Partnerschaft[31]	
12-30	1199-1204	hörst	positive[12]	_	
12-31	1205-1207	du	positive[12]	_	
12-32	1208-1211	ihm	positive[12]	_	
12-33	1212-1214	zu	positive[12]	_	
12-34	1214-1215	.	positive[12]	_	

#Text=Brian Jones und Janis Joplin auf dem Nebelpodium und bald gehörst auch du zu ihrem Stammpublikum.
13-1	1216-1221	Brian	positive[13]	Musik[32]	
13-2	1222-1227	Jones	positive[13]	Musik[32]	
13-3	1228-1231	und	positive[13]	_	
13-4	1232-1237	Janis	positive[13]	Musik[33]	
13-5	1238-1244	Joplin	positive[13]	Musik[33]	
13-6	1245-1248	auf	positive[13]	_	
13-7	1249-1252	dem	positive[13]	_	
13-8	1253-1264	Nebelpodium	positive[13]	Musik	
13-9	1265-1268	und	positive[13]	_	
13-10	1269-1273	bald	positive[13]	_	
13-11	1274-1281	gehörst	positive[13]	_	
13-12	1282-1286	auch	positive[13]	_	
13-13	1287-1289	du	positive[13]	_	
13-14	1290-1292	zu	positive[13]	_	
13-15	1293-1298	ihrem	positive[13]	_	
13-16	1299-1312	Stammpublikum	positive[13]	Musik	
13-17	1312-1313	.	positive[13]	_	
