#FORMAT=WebAnno TSV 3.2
#T_SP=webanno.custom.Sentiment|Polarity
#T_SP=webanno.custom.Topic|Topics


#Text=Ich steh' ja so auf Disco von Freudenstadt bis San Francisco, ja.
1-1	0-3	Ich	positive[1]	_	
1-2	4-8	steh	positive[1]	_	
1-3	8-9	'	positive[1]	_	
1-4	10-12	ja	positive[1]	_	
1-5	13-15	so	positive[1]	_	
1-6	16-19	auf	positive[1]	_	
1-7	20-25	Disco	positive[1]	Musik	
1-8	26-29	von	positive[1]	_	
1-9	30-42	Freudenstadt	positive[1]	_	
1-10	43-46	bis	positive[1]	_	
1-11	47-50	San	positive[1]	_	
1-12	51-60	Francisco	positive[1]	_	
1-13	60-61	,	positive[1]	_	
1-14	62-64	ja	positive[1]	_	
1-15	64-65	.	positive[1]	_	

#Text=Er steht ja so auf Disco von Freudenstadt bis San Francisco.
2-1	66-68	Er	positive[2]	_	
2-2	69-74	steht	positive[2]	_	
2-3	75-77	ja	positive[2]	_	
2-4	78-80	so	positive[2]	_	
2-5	81-84	auf	positive[2]	_	
2-6	85-90	Disco	positive[2]	Musik	
2-7	91-94	von	positive[2]	_	
2-8	95-107	Freudenstadt	positive[2]	_	
2-9	108-111	bis	positive[2]	_	
2-10	112-115	San	positive[2]	_	
2-11	116-125	Francisco	positive[2]	_	
2-12	125-126	.	positive[2]	_	

#Text=Samstag mittag, kleine Probe vor dem Spiegel, nehm' ich die locker-lose Bundfaltenhose oder die aus Satin, ganz eng?
3-1	131-138	Samstag	neutral[3]	_	
3-2	139-145	mittag	neutral[3]	_	
3-3	145-146	,	neutral[3]	_	
3-4	147-153	kleine	neutral[3]	_	
3-5	154-159	Probe	neutral[3]	_	
3-6	160-163	vor	neutral[3]	_	
3-7	164-167	dem	neutral[3]	_	
3-8	168-175	Spiegel	neutral[3]	_	
3-9	175-176	,	neutral[3]	_	
3-10	177-181	nehm	neutral[3]	_	
3-11	181-182	'	neutral[3]	_	
3-12	183-186	ich	neutral[3]	_	
3-13	187-190	die	neutral[3]	_	
3-14	191-202	locker-lose	neutral[3]	_	
3-15	203-217	Bundfaltenhose	neutral[3]	_	
3-16	218-222	oder	neutral[3]	_	
3-17	223-226	die	neutral[3]	_	
3-18	227-230	aus	neutral[3]	_	
3-19	231-236	Satin	neutral[3]	_	
3-20	236-237	,	neutral[3]	_	
3-21	238-242	ganz	neutral[3]	_	
3-22	243-246	eng	neutral[3]	_	
3-23	246-247	?	neutral[3]	_	

#Text=Und dann drapier' ich mir die schnelle D-d-dauerwelle die von Doktor Bügel und dann fehlt mir nur noch der Ibiza-Glitzer-Teint.
4-1	248-251	Und	neutral[4]	_	
4-2	252-256	dann	neutral[4]	_	
4-3	257-264	drapier	neutral[4]	_	
4-4	264-265	'	neutral[4]	_	
4-5	266-269	ich	neutral[4]	_	
4-6	270-273	mir	neutral[4]	_	
4-7	274-277	die	neutral[4]	_	
4-8	278-286	schnelle	neutral[4]	_	
4-9	287-301	D-d-dauerwelle	neutral[4]	_	
4-10	302-305	die	neutral[4]	_	
4-11	306-309	von	neutral[4]	_	
4-12	310-316	Doktor	neutral[4]	_	
4-13	317-322	Bügel	neutral[4]	_	
4-14	323-326	und	neutral[4]	_	
4-15	327-331	dann	neutral[4]	_	
4-16	332-337	fehlt	neutral[4]	_	
4-17	338-341	mir	neutral[4]	_	
4-18	342-345	nur	neutral[4]	_	
4-19	346-350	noch	neutral[4]	_	
4-20	351-354	der	neutral[4]	_	
4-21	355-374	Ibiza-Glitzer-Teint	neutral[4]	_	
4-22	374-375	.	neutral[4]	_	

#Text=Oh, das find' ich so gut, ich steh' ja so auf Disco von Rammelsloh bis San Francisco, yeah.
5-1	376-378	Oh	positive[5]	_	
5-2	378-379	,	positive[5]	_	
5-3	380-383	das	positive[5]	_	
5-4	384-388	find	positive[5]	Persönliches/Emotionen[23]	
5-5	388-389	'	positive[5]	Persönliches/Emotionen[23]	
5-6	390-393	ich	positive[5]	Persönliches/Emotionen[23]	
5-7	394-396	so	positive[5]	Persönliches/Emotionen[23]	
5-8	397-400	gut	positive[5]	Persönliches/Emotionen[23]	
5-9	400-401	,	positive[5]	_	
5-10	402-405	ich	positive[5]	_	
5-11	406-410	steh	positive[5]	_	
5-12	410-411	'	positive[5]	_	
5-13	412-414	ja	positive[5]	_	
5-14	415-417	so	positive[5]	_	
5-15	418-421	auf	positive[5]	_	
5-16	422-427	Disco	positive[5]	Musik	
5-17	428-431	von	positive[5]	_	
5-18	432-442	Rammelsloh	positive[5]	_	
5-19	443-446	bis	positive[5]	_	
5-20	447-450	San	positive[5]	_	
5-21	451-460	Francisco	positive[5]	_	
5-22	460-461	,	positive[5]	_	
5-23	462-466	yeah	positive[5]	_	
5-24	466-467	.	positive[5]	_	

#Text=So wie ich ausseh', gibt's natürlich keine Probleme.
6-1	472-474	So	positive[6]	_	
6-2	475-478	wie	positive[6]	_	
6-3	479-482	ich	positive[6]	_	
6-4	483-489	ausseh	positive[6]	_	
6-5	489-490	'	positive[6]	_	
6-6	490-491	,	positive[6]	_	
6-7	492-498	gibt's	positive[6]	_	
6-8	499-508	natürlich	positive[6]	_	
6-9	509-514	keine	positive[6]	Persönliches/Emotionen[24]	
6-10	515-523	Probleme	positive[6]	Persönliches/Emotionen[24]	
6-11	523-524	.	positive[6]	_	

#Text=Natürlich nicht!
7-1	525-534	Natürlich	neutral[7]	_	
7-2	535-540	nicht	neutral[7]	_	
7-3	540-541	!	neutral[7]	_	

#Text=Der Controlleur sagt: "Sir, bitte treten Sie ein."
8-1	542-545	Der	neutral[8]	_	
8-2	546-557	Controlleur	neutral[8]	_	
8-3	558-562	sagt	neutral[8]	_	
8-4	562-563	:	neutral[8]	_	
8-5	564-565	"	neutral[8]	_	
8-6	565-568	Sir	neutral[8]	_	
8-7	568-569	,	neutral[8]	_	
8-8	570-575	bitte	neutral[8]	_	
8-9	576-582	treten	neutral[8]	_	
8-10	583-586	Sie	neutral[8]	_	
8-11	587-590	ein	neutral[8]	_	
8-12	590-591	.	neutral[8]	_	
8-13	591-592	"	neutral[8]	_	

#Text=Ich geh' lässig an die Bar, wo ich einen Drink zu mir nehme, 'ne Schale Sekto de la Schmekto, es muss vom Feinsten sein.
9-1	593-596	Ich	neutral[9]	_	
9-2	597-600	geh	neutral[9]	Persönliches/Emotionen[25]	
9-3	600-601	'	neutral[9]	Persönliches/Emotionen[25]	
9-4	602-608	lässig	neutral[9]	Persönliches/Emotionen[25]	
9-5	609-611	an	neutral[9]	_	
9-6	612-615	die	neutral[9]	_	
9-7	616-619	Bar	neutral[9]	Gesundheit/Drogen	
9-8	619-620	,	neutral[9]	_	
9-9	621-623	wo	neutral[9]	_	
9-10	624-627	ich	neutral[9]	_	
9-11	628-633	einen	neutral[9]	_	
9-12	634-639	Drink	neutral[9]	Gesundheit/Drogen[26]	
9-13	640-642	zu	neutral[9]	Gesundheit/Drogen[26]	
9-14	643-646	mir	neutral[9]	Gesundheit/Drogen[26]	
9-15	647-652	nehme	neutral[9]	Gesundheit/Drogen[26]	
9-16	652-653	,	neutral[9]	_	
9-17	654-655	'	neutral[9]	_	
9-18	655-657	ne	neutral[9]	_	
9-19	658-664	Schale	neutral[9]	_	
9-20	665-670	Sekto	neutral[9]	Gesundheit/Drogen[27]	
9-21	671-673	de	neutral[9]	Gesundheit/Drogen[27]	
9-22	674-676	la	neutral[9]	Gesundheit/Drogen[27]	
9-23	677-685	Schmekto	neutral[9]	Gesundheit/Drogen[27]	
9-24	685-686	,	neutral[9]	_	
9-25	687-689	es	neutral[9]	_	
9-26	690-694	muss	neutral[9]	_	
9-27	695-698	vom	neutral[9]	_	
9-28	699-707	Feinsten	neutral[9]	_	
9-29	708-712	sein	neutral[9]	_	
9-30	712-713	.	neutral[9]	_	

#Text=Und dann steh' ich da und das Laserlicht beamt in mein Edelgesicht, ich mag mich selber gern seh'n, stundenlang vor der Chromwand steh'n, und dann tanz' ich, soweit die Plateaus mich tragen.
10-1	714-717	Und	positive[10]	_	
10-2	718-722	dann	positive[10]	_	
10-3	723-727	steh	positive[10]	_	
10-4	727-728	'	positive[10]	_	
10-5	729-732	ich	positive[10]	_	
10-6	733-735	da	positive[10]	_	
10-7	736-739	und	positive[10]	_	
10-8	740-743	das	positive[10]	_	
10-9	744-754	Laserlicht	positive[10]	_	
10-10	755-760	beamt	positive[10]	_	
10-11	761-763	in	positive[10]	_	
10-12	764-768	mein	positive[10]	Persönliches/Emotionen[28]	
10-13	769-780	Edelgesicht	positive[10]	Persönliches/Emotionen[28]	
10-14	780-781	,	positive[10]	_	
10-15	782-785	ich	positive[10]	_	
10-16	786-789	mag	positive[10]	Persönliches/Emotionen[29]	
10-17	790-794	mich	positive[10]	Persönliches/Emotionen[29]	
10-18	795-801	selber	positive[10]	Persönliches/Emotionen[29]	
10-19	802-806	gern	positive[10]	Persönliches/Emotionen[29]	
10-20	807-812	seh'n	positive[10]	Persönliches/Emotionen[29]	
10-21	812-813	,	positive[10]	_	
10-22	814-825	stundenlang	positive[10]	_	
10-23	826-829	vor	positive[10]	_	
10-24	830-833	der	positive[10]	_	
10-25	834-843	Chromwand	positive[10]	_	
10-26	844-850	steh'n	positive[10]	_	
10-27	850-851	,	positive[10]	_	
10-28	852-855	und	positive[10]	_	
10-29	856-860	dann	positive[10]	_	
10-30	861-865	tanz	positive[10]	_	
10-31	865-866	'	positive[10]	_	
10-32	867-870	ich	positive[10]	_	
10-33	870-871	,	positive[10]	_	
10-34	872-878	soweit	positive[10]	_	
10-35	879-882	die	positive[10]	_	
10-36	883-891	Plateaus	positive[10]	_	
10-37	892-896	mich	positive[10]	_	
10-38	897-903	tragen	positive[10]	_	
10-39	903-904	.	positive[10]	_	

#Text=Ich bin 'ne ganz heiße Nummer, da gibt es absolut keine Fragen, no.
11-1	905-908	Ich	positive[11]	_	
11-2	909-912	bin	positive[11]	Persönliches/Emotionen[30]	
11-3	913-914	'	positive[11]	Persönliches/Emotionen[30]	
11-4	914-916	ne	positive[11]	Persönliches/Emotionen[30]	
11-5	917-921	ganz	positive[11]	Persönliches/Emotionen[30]	
11-6	922-927	heiße	positive[11]	Persönliches/Emotionen[30]	
11-7	928-934	Nummer	positive[11]	Persönliches/Emotionen[30]	
11-8	934-935	,	positive[11]	_	
11-9	936-938	da	positive[11]	_	
11-10	939-943	gibt	positive[11]	_	
11-11	944-946	es	positive[11]	_	
11-12	947-954	absolut	positive[11]	_	
11-13	955-960	keine	positive[11]	_	
11-14	961-967	Fragen	positive[11]	_	
11-15	967-968	,	positive[11]	_	
11-16	969-971	no	positive[11]	_	
11-17	971-972	.	positive[11]	_	

#Text=Er steht ja so auf Disco von Ramelsloh bis San Francisco.
12-1	973-975	Er	positive[12]	_	
12-2	976-981	steht	positive[12]	_	
12-3	982-984	ja	positive[12]	_	
12-4	985-987	so	positive[12]	_	
12-5	988-991	auf	positive[12]	_	
12-6	992-997	Disco	positive[12]	Musik	
12-7	998-1001	von	positive[12]	_	
12-8	1002-1011	Ramelsloh	positive[12]	_	
12-9	1012-1015	bis	positive[12]	_	
12-10	1016-1019	San	positive[12]	_	
12-11	1020-1029	Francisco	positive[12]	_	
12-12	1029-1030	.	positive[12]	_	

#Text=Und plötzlich seh' ich diese gestrapste Katze, lecker schwarz gelackt und darunter splitterzwitterfasernackt.
13-1	1035-1038	Und	positive[13]	_	
13-2	1039-1048	plötzlich	positive[13]	_	
13-3	1049-1052	seh	positive[13]	_	
13-4	1052-1053	'	positive[13]	_	
13-5	1054-1057	ich	positive[13]	_	
13-6	1058-1063	diese	positive[13]	_	
13-7	1064-1074	gestrapste	positive[13]	_	
13-8	1075-1080	Katze	positive[13]	_	
13-9	1080-1081	,	positive[13]	_	
13-10	1082-1088	lecker	positive[13]	_	
13-11	1089-1096	schwarz	positive[13]	_	
13-12	1097-1104	gelackt	positive[13]	_	
13-13	1105-1108	und	positive[13]	_	
13-14	1109-1117	darunter	positive[13]	_	
13-15	1118-1143	splitterzwitterfasernackt	positive[13]	Liebe/Partnerschaft	
13-16	1143-1144	.	positive[13]	_	

#Text=Ich sag': "Ich hätte dich heute so gern auf meiner Matratze."
14-1	1145-1148	Ich	neutral[14]	_	
14-2	1149-1152	sag	neutral[14]	_	
14-3	1152-1153	'	neutral[14]	_	
14-4	1153-1154	:	neutral[14]	_	
14-5	1155-1156	"	neutral[14]	_	
14-6	1156-1159	Ich	neutral[14]	_	
14-7	1160-1165	hätte	neutral[14]	_	
14-8	1166-1170	dich	neutral[14]	_	
14-9	1171-1176	heute	neutral[14]	_	
14-10	1177-1179	so	neutral[14]	Liebe/Partnerschaft[31]	
14-11	1180-1184	gern	neutral[14]	Liebe/Partnerschaft[31]	
14-12	1185-1188	auf	neutral[14]	Liebe/Partnerschaft[31]	
14-13	1189-1195	meiner	neutral[14]	Liebe/Partnerschaft[31]	
14-14	1196-1204	Matratze	neutral[14]	Liebe/Partnerschaft[31]	
14-15	1204-1205	.	neutral[14]	_	
14-16	1205-1206	"	neutral[14]	_	

#Text=Sie sagt: "Kennst du noch den alten Song im 4/4 Takt: Onanie Onana?"
15-1	1207-1210	Sie	neutral[15]	_	
15-2	1211-1215	sagt	neutral[15]	_	
15-3	1215-1216	:	neutral[15]	_	
15-4	1217-1218	"	neutral[15]	_	
15-5	1218-1224	Kennst	neutral[15]	_	
15-6	1225-1227	du	neutral[15]	_	
15-7	1228-1232	noch	neutral[15]	_	
15-8	1233-1236	den	neutral[15]	_	
15-9	1237-1242	alten	neutral[15]	_	
15-10	1243-1247	Song	neutral[15]	_	
15-11	1248-1250	im	neutral[15]	_	
15-12	1251-1252	4	neutral[15]	_	
15-13	1252-1253	/	neutral[15]	_	
15-14	1253-1254	4	neutral[15]	_	
15-15	1255-1259	Takt	neutral[15]	_	
15-16	1259-1260	:	neutral[15]	_	
15-17	1261-1267	Onanie	neutral[15]	Liebe/Partnerschaft[32]	
15-18	1268-1273	Onana	neutral[15]	Liebe/Partnerschaft[32]	
15-19	1273-1274	?	neutral[15]	_	
15-20	1274-1275	"	neutral[15]	_	

#Text=Life goes on, yeah  
#Text= 
#Text=Und nachts um vier im Morgengrauen geh' ich nach Haus und wieder nix mit Frauen.
16-1	1276-1280	Life	negative[16]	_	
16-2	1281-1285	goes	negative[16]	_	
16-3	1286-1288	on	negative[16]	_	
16-4	1288-1289	,	negative[16]	_	
16-5	1290-1294	yeah	negative[16]	_	
16-6	1299-1302	Und	negative[16]	_	
16-7	1303-1309	nachts	negative[16]	_	
16-8	1310-1312	um	negative[16]	_	
16-9	1313-1317	vier	negative[16]	_	
16-10	1318-1320	im	negative[16]	_	
16-11	1321-1333	Morgengrauen	negative[16]	_	
16-12	1334-1337	geh	negative[16]	_	
16-13	1337-1338	'	negative[16]	_	
16-14	1339-1342	ich	negative[16]	_	
16-15	1343-1347	nach	negative[16]	_	
16-16	1348-1352	Haus	negative[16]	_	
16-17	1353-1356	und	negative[16]	_	
16-18	1357-1363	wieder	negative[16]	Liebe/Partnerschaft[33]	
16-19	1364-1367	nix	negative[16]	Liebe/Partnerschaft[33]	
16-20	1368-1371	mit	negative[16]	Liebe/Partnerschaft[33]	
16-21	1372-1378	Frauen	negative[16]	Liebe/Partnerschaft[33]	
16-22	1378-1379	.	negative[16]	_	

#Text=Aber trotzdem war's mal wieder ganz schön, doch nächsten Samstag klappt’s bestimmt, dann reiß' ich mir so'n Glitzerkind.
17-1	1380-1384	Aber	positive[17]	_	
17-2	1385-1393	trotzdem	positive[17]	_	
17-3	1394-1399	war's	positive[17]	_	
17-4	1400-1403	mal	positive[17]	Persönliches/Emotionen[34]	
17-5	1404-1410	wieder	positive[17]	Persönliches/Emotionen[34]	
17-6	1411-1415	ganz	positive[17]	Persönliches/Emotionen[34]	
17-7	1416-1421	schön	positive[17]	Persönliches/Emotionen[34]	
17-8	1421-1422	,	positive[17]	_	
17-9	1423-1427	doch	positive[17]	_	
17-10	1428-1436	nächsten	positive[17]	_	
17-11	1437-1444	Samstag	positive[17]	_	
17-12	1445-1451	klappt	positive[17]	_	
17-13	1451-1452	’	positive[17]	_	
17-14	1452-1453	s	positive[17]	_	
17-15	1454-1462	bestimmt	positive[17]	_	
17-16	1462-1463	,	positive[17]	_	
17-17	1464-1468	dann	positive[17]	Liebe/Partnerschaft[35]	
17-18	1469-1473	reiß	positive[17]	Liebe/Partnerschaft[35]	
17-19	1473-1474	'	positive[17]	Liebe/Partnerschaft[35]	
17-20	1475-1478	ich	positive[17]	Liebe/Partnerschaft[35]	
17-21	1479-1482	mir	positive[17]	Liebe/Partnerschaft[35]	
17-22	1483-1487	so'n	positive[17]	Liebe/Partnerschaft[35]	
17-23	1488-1499	Glitzerkind	positive[17]	Liebe/Partnerschaft[35]	
17-24	1499-1500	.	positive[17]	_	

#Text=Ich krieg' ja jetzt schon 'nen Hammer und dann heb' ich wieder ab auf Fräulein Donna Summer.
18-1	1501-1504	Ich	positive[18]	_	
18-2	1505-1510	krieg	positive[18]	_	
18-3	1510-1511	'	positive[18]	_	
18-4	1512-1514	ja	positive[18]	_	
18-5	1515-1520	jetzt	positive[18]	_	
18-6	1521-1526	schon	positive[18]	_	
18-7	1527-1528	'	positive[18]	_	
18-8	1528-1531	nen	positive[18]	_	
18-9	1532-1538	Hammer	positive[18]	_	
18-10	1539-1542	und	positive[18]	_	
18-11	1543-1547	dann	positive[18]	_	
18-12	1548-1551	heb	positive[18]	Persönliches/Emotionen[36]	
18-13	1551-1552	'	positive[18]	Persönliches/Emotionen[36]	
18-14	1553-1556	ich	positive[18]	Persönliches/Emotionen[36]	
18-15	1557-1563	wieder	positive[18]	Persönliches/Emotionen[36]	
18-16	1564-1566	ab	positive[18]	Persönliches/Emotionen[36]	
18-17	1567-1570	auf	positive[18]	_	
18-18	1571-1579	Fräulein	positive[18]	Musik[37]	
18-19	1580-1585	Donna	positive[18]	Musik[37]	
18-20	1586-1592	Summer	positive[18]	Musik[37]	
18-21	1592-1593	.	positive[18]	_	

#Text=Ich bin ein Fan von Boney M. und von Amanda.
19-1	1598-1601	Ich	positive[19]	_	
19-2	1602-1605	bin	positive[19]	_	
19-3	1606-1609	ein	positive[19]	_	
19-4	1610-1613	Fan	positive[19]	_	
19-5	1614-1617	von	positive[19]	_	
19-6	1618-1623	Boney	positive[19]	Musik[38]	
19-7	1624-1625	M	positive[19]	Musik[38]	
19-8	1625-1626	.	positive[19]	Musik[38]	
19-9	1627-1630	und	positive[19]	_	
19-10	1631-1634	von	positive[19]	_	
19-11	1635-1641	Amanda	positive[19]	Musik	
19-12	1641-1642	.	positive[19]	_	

#Text=Vielleicht haben Sie auch mal 'nen Mann da!
20-1	1643-1653	Vielleicht	neutral[20]	_	
20-2	1654-1659	haben	neutral[20]	_	
20-3	1660-1663	Sie	neutral[20]	_	
20-4	1664-1668	auch	neutral[20]	_	
20-5	1669-1672	mal	neutral[20]	_	
20-6	1673-1674	'	neutral[20]	_	
20-7	1674-1677	nen	neutral[20]	_	
20-8	1678-1682	Mann	neutral[20]	_	
20-9	1683-1685	da	neutral[20]	_	
20-10	1685-1686	!	neutral[20]	_	

#Text=Amanda Lear, ich bin so wild wie ein Tier.
21-1	1687-1693	Amanda	positive[21]	Musik[39]	
21-2	1694-1698	Lear	positive[21]	Musik[39]	
21-3	1698-1699	,	positive[21]	_	
21-4	1700-1703	ich	positive[21]	_	
21-5	1704-1707	bin	positive[21]	_	
21-6	1708-1710	so	positive[21]	_	
21-7	1711-1715	wild	positive[21]	Persönliches/Emotionen[40]	
21-8	1716-1719	wie	positive[21]	Persönliches/Emotionen[40]	
21-9	1720-1723	ein	positive[21]	Persönliches/Emotionen[40]	
21-10	1724-1728	Tier	positive[21]	Persönliches/Emotionen[40]	
21-11	1728-1729	.	positive[21]	_	

#Text=Oh yeah, ich steh' ja so auf Disco, (das halt' ich überhaupt nicht aus, wie toll das alles ist unglaublich... das fetzt, das ätzt.)
22-1	1730-1732	Oh	positive[22]	_	
22-2	1733-1737	yeah	positive[22]	_	
22-3	1737-1738	,	positive[22]	_	
22-4	1739-1742	ich	positive[22]	_	
22-5	1743-1747	steh	positive[22]	_	
22-6	1747-1748	'	positive[22]	_	
22-7	1749-1751	ja	positive[22]	_	
22-8	1752-1754	so	positive[22]	_	
22-9	1755-1758	auf	positive[22]	_	
22-10	1759-1764	Disco	positive[22]	_	
22-11	1764-1765	,	positive[22]	_	
22-12	1766-1767	(	positive[22]	_	
22-13	1767-1770	das	positive[22]	_	
22-14	1771-1775	halt	positive[22]	_	
22-15	1775-1776	'	positive[22]	_	
22-16	1777-1780	ich	positive[22]	_	
22-17	1781-1790	überhaupt	positive[22]	_	
22-18	1791-1796	nicht	positive[22]	_	
22-19	1797-1800	aus	positive[22]	_	
22-20	1800-1801	,	positive[22]	_	
22-21	1802-1805	wie	positive[22]	_	
22-22	1806-1810	toll	positive[22]	_	
22-23	1811-1814	das	positive[22]	_	
22-24	1815-1820	alles	positive[22]	_	
22-25	1821-1824	ist	positive[22]	_	
22-26	1825-1836	unglaublich	positive[22]	_	
22-27	1836-1837	.	positive[22]	_	
22-28	1837-1838	.	positive[22]	_	
22-29	1838-1839	.	positive[22]	_	
22-30	1840-1843	das	positive[22]	_	
22-31	1844-1849	fetzt	positive[22]	_	
22-32	1849-1850	,	positive[22]	_	
22-33	1851-1854	das	positive[22]	_	
22-34	1855-1859	ätzt	positive[22]	_	
22-35	1859-1860	.	positive[22]	_	
22-36	1860-1861	)	positive[22]	_	
