#FORMAT=WebAnno TSV 3.2
#T_SP=webanno.custom.Sentiment|Polarity
#T_SP=webanno.custom.Topic|Topics


#Text=Und wieder stehst du da, nur du siehst 'n bisschen anders aus.
1-1	0-3	Und	neutral[1]	_	
1-2	4-10	wieder	neutral[1]	_	
1-3	11-17	stehst	neutral[1]	_	
1-4	18-20	du	neutral[1]	_	
1-5	21-23	da	neutral[1]	_	
1-6	23-24	,	neutral[1]	_	
1-7	25-28	nur	neutral[1]	_	
1-8	29-31	du	neutral[1]	_	
1-9	32-38	siehst	neutral[1]	_	
1-10	39-40	'	neutral[1]	_	
1-11	40-41	n	neutral[1]	_	
1-12	42-50	bisschen	neutral[1]	_	
1-13	51-57	anders	neutral[1]	_	
1-14	58-61	aus	neutral[1]	_	
1-15	61-62	.	neutral[1]	_	

#Text=Und du trägst 'nen anderen Namen, aber sonst läuft es auf das gleiche raus.
2-1	63-66	Und	neutral[2]	_	
2-2	67-69	du	neutral[2]	_	
2-3	70-76	trägst	neutral[2]	_	
2-4	77-78	'	neutral[2]	_	
2-5	78-81	nen	neutral[2]	_	
2-6	82-89	anderen	neutral[2]	_	
2-7	90-95	Namen	neutral[2]	_	
2-8	95-96	,	neutral[2]	_	
2-9	97-101	aber	neutral[2]	_	
2-10	102-107	sonst	neutral[2]	_	
2-11	108-113	läuft	neutral[2]	_	
2-12	114-116	es	neutral[2]	_	
2-13	117-120	auf	neutral[2]	_	
2-14	121-124	das	neutral[2]	_	
2-15	125-132	gleiche	neutral[2]	_	
2-16	133-137	raus	neutral[2]	_	
2-17	137-138	.	neutral[2]	_	

#Text=Die Story bleibt dieselbe, nur die Gesichter ändern sich, und jetzt bist du gekommen, und ich finde dich ganz wahnsinnig.
3-1	139-142	Die	positive[3]	_	
3-2	143-148	Story	positive[3]	_	
3-3	149-155	bleibt	positive[3]	_	
3-4	156-164	dieselbe	positive[3]	_	
3-5	164-165	,	positive[3]	_	
3-6	166-169	nur	positive[3]	_	
3-7	170-173	die	positive[3]	_	
3-8	174-183	Gesichter	positive[3]	_	
3-9	184-190	ändern	positive[3]	_	
3-10	191-195	sich	positive[3]	_	
3-11	195-196	,	positive[3]	_	
3-12	197-200	und	positive[3]	_	
3-13	201-206	jetzt	positive[3]	_	
3-14	207-211	bist	positive[3]	_	
3-15	212-214	du	positive[3]	_	
3-16	215-223	gekommen	positive[3]	_	
3-17	223-224	,	positive[3]	_	
3-18	225-228	und	positive[3]	_	
3-19	229-232	ich	positive[3]	_	
3-20	233-238	finde	positive[3]	Liebe/Partnerschaft[16]	
3-21	239-243	dich	positive[3]	Liebe/Partnerschaft[16]	
3-22	244-248	ganz	positive[3]	Liebe/Partnerschaft[16]	
3-23	249-259	wahnsinnig	positive[3]	Liebe/Partnerschaft[16]	
3-24	259-260	.	positive[3]	_	

#Text=Du versprichst mir den Himmel auf Erden, doch ich weiß, es wird die Hölle werden.
4-1	265-267	Du	negative[4]	_	
4-2	268-279	versprichst	negative[4]	_	
4-3	280-283	mir	negative[4]	_	
4-4	284-287	den	negative[4]	_	
4-5	288-294	Himmel	negative[4]	_	
4-6	295-298	auf	negative[4]	_	
4-7	299-304	Erden	negative[4]	_	
4-8	304-305	,	negative[4]	_	
4-9	306-310	doch	negative[4]	_	
4-10	311-314	ich	negative[4]	_	
4-11	315-319	weiß	negative[4]	_	
4-12	319-320	,	negative[4]	_	
4-13	321-323	es	negative[4]	_	
4-14	324-328	wird	negative[4]	Persönliches/Emotionen[17]	
4-15	329-332	die	negative[4]	Persönliches/Emotionen[17]	
4-16	333-338	Hölle	negative[4]	Persönliches/Emotionen[17]	
4-17	339-345	werden	negative[4]	Persönliches/Emotionen[17]	
4-18	345-346	.	negative[4]	_	

#Text=Ich hasse dich jetzt schon - hasse - hasse dich.
5-1	351-354	Ich	negative[5]	Persönliches/Emotionen[18]	
5-2	355-360	hasse	negative[5]	Persönliches/Emotionen[18]	
5-3	361-365	dich	negative[5]	Persönliches/Emotionen[18]	
5-4	366-371	jetzt	negative[5]	_	
5-5	372-377	schon	negative[5]	_	
5-6	378-379	-	negative[5]	_	
5-7	380-385	hasse	negative[5]	_	
5-8	386-387	-	negative[5]	_	
5-9	388-393	hasse	negative[5]	Persönliches/Emotionen[19]	
5-10	394-398	dich	negative[5]	Persönliches/Emotionen[19]	
5-11	398-399	.	negative[5]	_	

#Text=Ey, wie du mich so anguckst, spüre ich deine Magie.
6-1	404-406	Ey	neutral[6]	_	
6-2	406-407	,	neutral[6]	_	
6-3	408-411	wie	neutral[6]	_	
6-4	412-414	du	neutral[6]	_	
6-5	415-419	mich	neutral[6]	_	
6-6	420-422	so	neutral[6]	_	
6-7	423-431	anguckst	neutral[6]	_	
6-8	431-432	,	neutral[6]	_	
6-9	433-438	spüre	neutral[6]	_	
6-10	439-442	ich	neutral[6]	_	
6-11	443-448	deine	neutral[6]	Liebe/Partnerschaft[20]	
6-12	449-454	Magie	neutral[6]	Liebe/Partnerschaft[20]	
6-13	454-455	.	neutral[6]	_	

#Text=Du sagst, auf uns gibt es hundert Jahre Garantie.
7-1	456-458	Du	positive[7]	_	
7-2	459-464	sagst	positive[7]	_	
7-3	464-465	,	positive[7]	_	
7-4	466-469	auf	positive[7]	_	
7-5	470-473	uns	positive[7]	_	
7-6	474-478	gibt	positive[7]	_	
7-7	479-481	es	positive[7]	_	
7-8	482-489	hundert	positive[7]	_	
7-9	490-495	Jahre	positive[7]	_	
7-10	496-504	Garantie	positive[7]	_	
7-11	504-505	.	positive[7]	_	

#Text=Du sagst, mit uns, das wird ganz anders und viel besser und ich blinder Liebesaffe renn' wieder voll ins Messer.
8-1	506-508	Du	negative[8]	_	
8-2	509-514	sagst	negative[8]	_	
8-3	514-515	,	negative[8]	_	
8-4	516-519	mit	negative[8]	_	
8-5	520-523	uns	negative[8]	_	
8-6	523-524	,	negative[8]	_	
8-7	525-528	das	negative[8]	_	
8-8	529-533	wird	negative[8]	_	
8-9	534-538	ganz	negative[8]	_	
8-10	539-545	anders	negative[8]	_	
8-11	546-549	und	negative[8]	_	
8-12	550-554	viel	negative[8]	_	
8-13	555-561	besser	negative[8]	_	
8-14	562-565	und	negative[8]	_	
8-15	566-569	ich	negative[8]	_	
8-16	570-577	blinder	negative[8]	Liebe/Partnerschaft[21]	
8-17	578-588	Liebesaffe	negative[8]	Liebe/Partnerschaft[21]	
8-18	589-593	renn	negative[8]	_	
8-19	593-594	'	negative[8]	_	
8-20	595-601	wieder	negative[8]	_	
8-21	602-606	voll	negative[8]	_	
8-22	607-610	ins	negative[8]	_	
8-23	611-617	Messer	negative[8]	_	
8-24	617-618	.	negative[8]	_	

#Text=Du versprichst mir den Himmel auf Erden, doch ich weiß, es wird die Hölle werden.
9-1	623-625	Du	negative[9]	_	
9-2	626-637	versprichst	negative[9]	_	
9-3	638-641	mir	negative[9]	_	
9-4	642-645	den	negative[9]	_	
9-5	646-652	Himmel	negative[9]	_	
9-6	653-656	auf	negative[9]	_	
9-7	657-662	Erden	negative[9]	_	
9-8	662-663	,	negative[9]	_	
9-9	664-668	doch	negative[9]	_	
9-10	669-672	ich	negative[9]	_	
9-11	673-677	weiß	negative[9]	_	
9-12	677-678	,	negative[9]	_	
9-13	679-681	es	negative[9]	_	
9-14	682-686	wird	negative[9]	Persönliches/Emotionen[22]	
9-15	687-690	die	negative[9]	Persönliches/Emotionen[22]	
9-16	691-696	Hölle	negative[9]	Persönliches/Emotionen[22]	
9-17	697-703	werden	negative[9]	Persönliches/Emotionen[22]	
9-18	703-704	.	negative[9]	_	

#Text=Ich hasse dich jetzt schon - hasse - hasse dich.
10-1	709-712	Ich	negative[10]	Persönliches/Emotionen[23]	
10-2	713-718	hasse	negative[10]	Persönliches/Emotionen[23]	
10-3	719-723	dich	negative[10]	Persönliches/Emotionen[23]	
10-4	724-729	jetzt	negative[10]	_	
10-5	730-735	schon	negative[10]	_	
10-6	736-737	-	negative[10]	_	
10-7	738-743	hasse	negative[10]	_	
10-8	744-745	-	negative[10]	_	
10-9	746-751	hasse	negative[10]	Persönliches/Emotionen[24]	
10-10	752-756	dich	negative[10]	Persönliches/Emotionen[24]	
10-11	756-757	.	negative[10]	_	

#Text=Irgendwann tust du mir so weh, ich möcht' für immer bleiben, doch dann sagst du: Geh!
11-1	762-772	Irgendwann	negative[11]	Persönliches/Emotionen[25]	
11-2	773-777	tust	negative[11]	Persönliches/Emotionen[25]	
11-3	778-780	du	negative[11]	Persönliches/Emotionen[25]	
11-4	781-784	mir	negative[11]	Persönliches/Emotionen[25]	
11-5	785-787	so	negative[11]	Persönliches/Emotionen[25]	
11-6	788-791	weh	negative[11]	Persönliches/Emotionen[25]	
11-7	791-792	,	negative[11]	_	
11-8	793-796	ich	negative[11]	_	
11-9	797-802	möcht	negative[11]	_	
11-10	802-803	'	negative[11]	_	
11-11	804-807	für	negative[11]	Liebe/Partnerschaft[26]	
11-12	808-813	immer	negative[11]	Liebe/Partnerschaft[26]	
11-13	814-821	bleiben	negative[11]	Liebe/Partnerschaft[26]	
11-14	821-822	,	negative[11]	_	
11-15	823-827	doch	negative[11]	_	
11-16	828-832	dann	negative[11]	_	
11-17	833-838	sagst	negative[11]	_	
11-18	839-841	du	negative[11]	_	
11-19	841-842	:	negative[11]	_	
11-20	843-846	Geh	negative[11]	_	
11-21	846-847	!	negative[11]	_	

#Text=Ich kann dir jetzt schon prophezeien, erst werden wir lachen und dann werden wir weinen.
12-1	848-851	Ich	negative[12]	_	
12-2	852-856	kann	negative[12]	_	
12-3	857-860	dir	negative[12]	_	
12-4	861-866	jetzt	negative[12]	_	
12-5	867-872	schon	negative[12]	_	
12-6	873-884	prophezeien	negative[12]	_	
12-7	884-885	,	negative[12]	_	
12-8	886-890	erst	negative[12]	_	
12-9	891-897	werden	negative[12]	_	
12-10	898-901	wir	negative[12]	_	
12-11	902-908	lachen	negative[12]	Persönliches/Emotionen	
12-12	909-912	und	negative[12]	_	
12-13	913-917	dann	negative[12]	_	
12-14	918-924	werden	negative[12]	_	
12-15	925-928	wir	negative[12]	_	
12-16	929-935	weinen	negative[12]	Persönliches/Emotionen	
12-17	935-936	.	negative[12]	_	

#Text=Darum hasse ich dich jetzt schon.
13-1	937-942	Darum	negative[13]	_	
13-2	943-948	hasse	negative[13]	Persönliches/Emotionen	
13-3	949-952	ich	negative[13]	_	
13-4	953-957	dich	negative[13]	_	
13-5	958-963	jetzt	negative[13]	_	
13-6	964-969	schon	negative[13]	_	
13-7	969-970	.	negative[13]	_	

#Text=Und die Zeiten werden himmlisch und die Zeiten werden brutal.
14-1	975-978	Und	negative[14]	_	
14-2	979-982	die	negative[14]	_	
14-3	983-989	Zeiten	negative[14]	_	
14-4	990-996	werden	negative[14]	_	
14-5	997-1006	himmlisch	negative[14]	Persönliches/Emotionen	
14-6	1007-1010	und	negative[14]	_	
14-7	1011-1014	die	negative[14]	_	
14-8	1015-1021	Zeiten	negative[14]	_	
14-9	1022-1028	werden	negative[14]	_	
14-10	1029-1035	brutal	negative[14]	Persönliches/Emotionen	
14-11	1035-1036	.	negative[14]	_	

#Text=Welche Liebe hält schon ewig, dann stirbt man wieder mal.
15-1	1037-1043	Welche	negative[15]	_	
15-2	1044-1049	Liebe	negative[15]	Liebe/Partnerschaft	
15-3	1050-1054	hält	negative[15]	_	
15-4	1055-1060	schon	negative[15]	_	
15-5	1061-1065	ewig	negative[15]	_	
15-6	1065-1066	,	negative[15]	_	
15-7	1067-1071	dann	negative[15]	_	
15-8	1072-1078	stirbt	negative[15]	_	
15-9	1079-1082	man	negative[15]	_	
15-10	1083-1089	wieder	negative[15]	_	
15-11	1090-1093	mal	negative[15]	_	
15-12	1093-1094	.	negative[15]	_	
