#FORMAT=WebAnno TSV 3.2
#T_SP=webanno.custom.Sentiment|Polarity
#T_SP=webanno.custom.Topic|Topics


#Text=Hallo Mädchen, hör mal zu , morgen früh so gegen vier , komm' ich, um dich abzuholen , warte an der Hintertür , schreib noch einen Abschiedsbrief , kleb' ihn an den Küchenschrank:  Liebe Eltern, 1000 Dank  doch eure Welt, die macht mich krank.
1-1	0-5	Hallo	neutral[1]	_	
1-2	6-13	Mädchen	neutral[1]	_	
1-3	13-14	,	neutral[1]	_	
1-4	15-18	hör	neutral[1]	_	
1-5	19-22	mal	neutral[1]	_	
1-6	23-25	zu	neutral[1]	_	
1-7	26-27	,	neutral[1]	_	
1-8	28-34	morgen	neutral[1]	_	
1-9	35-39	früh	neutral[1]	_	
1-10	40-42	so	neutral[1]	_	
1-11	43-48	gegen	neutral[1]	_	
1-12	49-53	vier	neutral[1]	_	
1-13	54-55	,	neutral[1]	_	
1-14	56-60	komm	neutral[1]	_	
1-15	60-61	'	neutral[1]	_	
1-16	62-65	ich	neutral[1]	_	
1-17	65-66	,	neutral[1]	_	
1-18	67-69	um	neutral[1]	_	
1-19	70-74	dich	neutral[1]	_	
1-20	75-84	abzuholen	neutral[1]	_	
1-21	85-86	,	neutral[1]	_	
1-22	87-92	warte	neutral[1]	_	
1-23	93-95	an	neutral[1]	_	
1-24	96-99	der	neutral[1]	_	
1-25	100-109	Hintertür	neutral[1]	_	
1-26	110-111	,	neutral[1]	_	
1-27	112-119	schreib	neutral[1]	_	
1-28	120-124	noch	neutral[1]	_	
1-29	125-130	einen	neutral[1]	_	
1-30	131-145	Abschiedsbrief	neutral[1]	_	
1-31	146-147	,	neutral[1]	_	
1-32	148-152	kleb	neutral[1]	_	
1-33	152-153	'	neutral[1]	_	
1-34	154-157	ihn	neutral[1]	_	
1-35	158-160	an	neutral[1]	_	
1-36	161-164	den	neutral[1]	_	
1-37	165-178	Küchenschrank	neutral[1]	_	
1-38	178-179	:	_	_	
1-39	181-186	Liebe	negative[2]	_	
1-40	187-193	Eltern	negative[2]	Liebe/Partnerschaft	
1-41	193-194	,	negative[2]	_	
1-42	195-199	1000	negative[2]	_	
1-43	200-204	Dank	negative[2]	_	
1-44	206-210	doch	negative[2]	_	
1-45	211-215	eure	negative[2]	_	
1-46	216-220	Welt	negative[2]	_	
1-47	220-221	,	negative[2]	_	
1-48	222-225	die	negative[2]	_	
1-49	226-231	macht	negative[2]	Persönliches/Emotionen[13]	
1-50	232-236	mich	negative[2]	Persönliches/Emotionen[13]	
1-51	237-242	krank	negative[2]	Persönliches/Emotionen[13]	
1-52	242-243	.	_	_	

#Text=Wir fahren durch die leeren Straßen , weit raus auf die Autobahn  und wo die zu Ende ist, fängt unser Horizont an!
2-1	248-251	Wir	positive[3]	_	
2-2	252-258	fahren	positive[3]	_	
2-3	259-264	durch	positive[3]	_	
2-4	265-268	die	positive[3]	_	
2-5	269-275	leeren	positive[3]	_	
2-6	276-283	Straßen	positive[3]	_	
2-7	284-285	,	positive[3]	_	
2-8	286-290	weit	positive[3]	_	
2-9	291-295	raus	positive[3]	_	
2-10	296-299	auf	positive[3]	_	
2-11	300-303	die	positive[3]	_	
2-12	304-312	Autobahn	positive[3]	_	
2-13	314-317	und	positive[3]	_	
2-14	318-320	wo	positive[3]	_	
2-15	321-324	die	positive[3]	_	
2-16	325-327	zu	positive[3]	_	
2-17	328-332	Ende	positive[3]	_	
2-18	333-336	ist	positive[3]	_	
2-19	336-337	,	positive[3]	_	
2-20	338-343	fängt	positive[3]	_	
2-21	344-349	unser	positive[3]	_	
2-22	350-358	Horizont	positive[3]	_	
2-23	359-361	an	positive[3]	_	
2-24	361-362	!	_	_	

#Text=Und dann werden sie uns suchen , doch sie finden uns nie  und die Spießer fluchen:  Das ist Anarchie!
3-1	364-367	Und	neutral[4]	_	
3-2	368-372	dann	neutral[4]	_	
3-3	373-379	werden	neutral[4]	_	
3-4	380-383	sie	neutral[4]	_	
3-5	384-387	uns	neutral[4]	_	
3-6	388-394	suchen	neutral[4]	_	
3-7	395-396	,	neutral[4]	_	
3-8	397-401	doch	neutral[4]	_	
3-9	402-405	sie	neutral[4]	_	
3-10	406-412	finden	neutral[4]	_	
3-11	413-416	uns	neutral[4]	_	
3-12	417-420	nie	neutral[4]	_	
3-13	422-425	und	_	_	
3-14	426-429	die	negative[5]	_	
3-15	430-437	Spießer	negative[5]	Politik/Soziales/Missstände	
3-16	438-445	fluchen	negative[5]	_	
3-17	445-446	:	negative[5]	_	
3-18	448-451	Das	negative[5]	_	
3-19	452-455	ist	negative[5]	_	
3-20	456-464	Anarchie	negative[5]	Politik/Soziales/Missstände	
3-21	464-465	!	_	_	

#Text=Born to be wild Born to be wild, yeah.
4-1	470-474	Born	_	_	
4-2	475-477	to	_	_	
4-3	478-480	be	_	_	
4-4	481-485	wild	_	_	
4-5	486-490	Born	_	_	
4-6	491-493	to	_	_	
4-7	494-496	be	_	_	
4-8	497-501	wild	_	_	
4-9	501-502	,	_	_	
4-10	503-507	yeah	_	_	
4-11	507-508	.	_	_	

#Text=Sieh dir doch die Typen an , Baby, ich hab's kapiert , Moskau, Bonn und Pentagon , sie labern rum und nix passiert . soll'n sie doch ihre Paläste schließen  und alle Waffen ins Weltall schießen , doch sie klopfen nur falsche Sprüche  und machen den Planeten kaputt.
5-1	513-517	Sieh	negative[6]	_	
5-2	518-521	dir	negative[6]	_	
5-3	522-526	doch	negative[6]	_	
5-4	527-530	die	negative[6]	_	
5-5	531-536	Typen	negative[6]	_	
5-6	537-539	an	negative[6]	_	
5-7	540-541	,	negative[6]	_	
5-8	542-546	Baby	negative[6]	_	
5-9	546-547	,	negative[6]	_	
5-10	548-551	ich	negative[6]	_	
5-11	552-557	hab's	negative[6]	_	
5-12	558-565	kapiert	negative[6]	_	
5-13	566-567	,	negative[6]	_	
5-14	568-574	Moskau	negative[6]	_	
5-15	574-575	,	negative[6]	_	
5-16	576-580	Bonn	negative[6]	_	
5-17	581-584	und	negative[6]	_	
5-18	585-593	Pentagon	negative[6]	_	
5-19	594-595	,	negative[6]	_	
5-20	596-599	sie	negative[6]	Politik/Soziales/Missstände[14]	
5-21	600-606	labern	negative[6]	Politik/Soziales/Missstände[14]	
5-22	607-610	rum	negative[6]	Politik/Soziales/Missstände[14]	
5-23	611-614	und	negative[6]	Politik/Soziales/Missstände[14]	
5-24	615-618	nix	negative[6]	Politik/Soziales/Missstände[14]	
5-25	619-627	passiert	negative[6]	Politik/Soziales/Missstände[14]	
5-26	628-629	.	_	_	
5-27	630-636	soll'n	negative[7]	_	
5-28	637-640	sie	negative[7]	_	
5-29	641-645	doch	negative[7]	_	
5-30	646-650	ihre	negative[7]	_	
5-31	651-658	Paläste	negative[7]	Politik/Soziales/Missstände	
5-32	659-668	schließen	negative[7]	_	
5-33	670-673	und	negative[7]	_	
5-34	674-678	alle	negative[7]	_	
5-35	679-685	Waffen	negative[7]	Politik/Soziales/Missstände	
5-36	686-689	ins	negative[7]	_	
5-37	690-697	Weltall	negative[7]	_	
5-38	698-706	schießen	negative[7]	_	
5-39	707-708	,	_	_	
5-40	709-713	doch	negative[8]	_	
5-41	714-717	sie	negative[8]	_	
5-42	718-725	klopfen	negative[8]	_	
5-43	726-729	nur	negative[8]	_	
5-44	730-737	falsche	negative[8]	_	
5-45	738-745	Sprüche	negative[8]	_	
5-46	747-750	und	negative[8]	_	
5-47	751-757	machen	negative[8]	Politik/Soziales/Missstände[15]	
5-48	758-761	den	negative[8]	Politik/Soziales/Missstände[15]	
5-49	762-770	Planeten	negative[8]	Politik/Soziales/Missstände[15]	
5-50	771-777	kaputt	negative[8]	Politik/Soziales/Missstände[15]	
5-51	777-778	.	_	_	

#Text=Doch wir, wir sind ganz schön viele  und wir werden immer mehr  und zu unserem Sieg  brauchen wir keinen Krieg, no!
6-1	783-787	Doch	positive[9]	_	
6-2	788-791	wir	positive[9]	_	
6-3	791-792	,	positive[9]	_	
6-4	793-796	wir	positive[9]	_	
6-5	797-801	sind	positive[9]	_	
6-6	802-806	ganz	positive[9]	_	
6-7	807-812	schön	positive[9]	_	
6-8	813-818	viele	positive[9]	_	
6-9	820-823	und	positive[9]	_	
6-10	824-827	wir	positive[9]	_	
6-11	828-834	werden	positive[9]	_	
6-12	835-840	immer	positive[9]	_	
6-13	841-845	mehr	positive[9]	_	
6-14	847-850	und	positive[9]	_	
6-15	851-853	zu	positive[9]	_	
6-16	854-861	unserem	positive[9]	_	
6-17	862-866	Sieg	positive[9]	_	
6-18	868-876	brauchen	positive[9]	_	
6-19	877-880	wir	positive[9]	_	
6-20	881-887	keinen	positive[9]	_	
6-21	888-893	Krieg	positive[9]	Politik/Soziales/Missstände	
6-22	893-894	,	_	_	
6-23	895-897	no	_	_	
6-24	897-898	!	_	_	

#Text=Born to be wild Born to be wild, yeah.
7-1	903-907	Born	_	_	
7-2	908-910	to	_	_	
7-3	911-913	be	_	_	
7-4	914-918	wild	_	_	
7-5	919-923	Born	_	_	
7-6	924-926	to	_	_	
7-7	927-929	be	_	_	
7-8	930-934	wild	_	_	
7-9	934-935	,	_	_	
7-10	936-940	yeah	_	_	
7-11	940-941	.	_	_	

#Text=Wir heizen durch die leeren Straßen , weit raus auf die Autobahn , wo die zu Ende ist, fängt unser Horizont an!
8-1	946-949	Wir	positive[10]	_	
8-2	950-956	heizen	positive[10]	_	
8-3	957-962	durch	positive[10]	_	
8-4	963-966	die	positive[10]	_	
8-5	967-973	leeren	positive[10]	_	
8-6	974-981	Straßen	positive[10]	_	
8-7	982-983	,	positive[10]	_	
8-8	984-988	weit	positive[10]	_	
8-9	989-993	raus	positive[10]	_	
8-10	994-997	auf	positive[10]	_	
8-11	998-1001	die	positive[10]	_	
8-12	1002-1010	Autobahn	positive[10]	_	
8-13	1011-1012	,	positive[10]	_	
8-14	1013-1015	wo	positive[10]	_	
8-15	1016-1019	die	positive[10]	_	
8-16	1020-1022	zu	positive[10]	_	
8-17	1023-1027	Ende	positive[10]	_	
8-18	1028-1031	ist	positive[10]	_	
8-19	1031-1032	,	positive[10]	_	
8-20	1033-1038	fängt	positive[10]	_	
8-21	1039-1044	unser	positive[10]	_	
8-22	1045-1053	Horizont	positive[10]	_	
8-23	1054-1056	an	positive[10]	_	
8-24	1056-1057	!	_	_	

#Text=Born to be wild Born to be wild, yeah.
9-1	1062-1066	Born	_	_	
9-2	1067-1069	to	_	_	
9-3	1070-1072	be	_	_	
9-4	1073-1077	wild	_	_	
9-5	1078-1082	Born	_	_	
9-6	1083-1085	to	_	_	
9-7	1086-1088	be	_	_	
9-8	1089-1093	wild	_	_	
9-9	1093-1094	,	_	_	
9-10	1095-1099	yeah	_	_	
9-11	1099-1100	.	_	_	

#Text=Und die Spießer werden fluchen , weil du für sie bist:  Affe, Sympathisant und Kommunist  und die Spießer werden fluchen , weil du für sie bist:  Anarchist, Asozialer, Radikaler und Kriminaler.
10-1	1105-1108	Und	negative[11]	_	
10-2	1109-1112	die	negative[11]	_	
10-3	1113-1120	Spießer	negative[11]	Politik/Soziales/Missstände	
10-4	1121-1127	werden	negative[11]	_	
10-5	1128-1135	fluchen	negative[11]	_	
10-6	1136-1137	,	negative[11]	_	
10-7	1138-1142	weil	negative[11]	_	
10-8	1143-1145	du	negative[11]	_	
10-9	1146-1149	für	negative[11]	_	
10-10	1150-1153	sie	negative[11]	_	
10-11	1154-1158	bist	negative[11]	_	
10-12	1158-1159	:	negative[11]	_	
10-13	1161-1165	Affe	negative[11]	_	
10-14	1165-1166	,	negative[11]	_	
10-15	1167-1179	Sympathisant	negative[11]	_	
10-16	1180-1183	und	negative[11]	_	
10-17	1184-1193	Kommunist	negative[11]	Politik/Soziales/Missstände	
10-18	1195-1198	und	_	_	
10-19	1199-1202	die	negative[12]	_	
10-20	1203-1210	Spießer	negative[12]	Politik/Soziales/Missstände	
10-21	1211-1217	werden	negative[12]	_	
10-22	1218-1225	fluchen	negative[12]	_	
10-23	1226-1227	,	negative[12]	_	
10-24	1228-1232	weil	negative[12]	_	
10-25	1233-1235	du	negative[12]	_	
10-26	1236-1239	für	negative[12]	_	
10-27	1240-1243	sie	negative[12]	_	
10-28	1244-1248	bist	negative[12]	_	
10-29	1248-1249	:	negative[12]	_	
10-30	1251-1260	Anarchist	negative[12]	Politik/Soziales/Missstände	
10-31	1260-1261	,	negative[12]	_	
10-32	1262-1271	Asozialer	negative[12]	Politik/Soziales/Missstände	
10-33	1271-1272	,	negative[12]	_	
10-34	1273-1282	Radikaler	negative[12]	Politik/Soziales/Missstände	
10-35	1283-1286	und	negative[12]	_	
10-36	1287-1297	Kriminaler	negative[12]	Politik/Soziales/Missstände	
10-37	1297-1298	.	_	_	

#Text=Born to be wild Born to be wild, yeah.
11-1	1303-1307	Born	_	_	
11-2	1308-1310	to	_	_	
11-3	1311-1313	be	_	_	
11-4	1314-1318	wild	_	_	
11-5	1319-1323	Born	_	_	
11-6	1324-1326	to	_	_	
11-7	1327-1329	be	_	_	
11-8	1330-1334	wild	_	_	
11-9	1334-1335	,	_	_	
11-10	1336-1340	yeah	_	_	
11-11	1340-1341	.	_	_	
