#FORMAT=WebAnno TSV 3.2
#T_SP=webanno.custom.Sentiment|Polarity
#T_SP=webanno.custom.Topic|Topics


#Text=Die Gedanken, sie rotieren wie ein wildgewordenes Karussell und ich weiß nicht, wie ich's anhalt' und draußen wird es schon wieder hell.
1-1	0-3	Die	negative[1]	_	
1-2	4-12	Gedanken	negative[1]	Persönliches/Emotionen[15]	
1-3	12-13	,	negative[1]	Persönliches/Emotionen[15]	
1-4	14-17	sie	negative[1]	Persönliches/Emotionen[15]	
1-5	18-26	rotieren	negative[1]	Persönliches/Emotionen[15]	
1-6	27-30	wie	negative[1]	Persönliches/Emotionen[15]	
1-7	31-34	ein	negative[1]	Persönliches/Emotionen[15]	
1-8	35-49	wildgewordenes	negative[1]	Persönliches/Emotionen[15]	
1-9	50-59	Karussell	negative[1]	Persönliches/Emotionen[15]	
1-10	60-63	und	negative[1]	_	
1-11	64-67	ich	negative[1]	_	
1-12	68-72	weiß	negative[1]	_	
1-13	73-78	nicht	negative[1]	_	
1-14	78-79	,	negative[1]	_	
1-15	80-83	wie	negative[1]	_	
1-16	84-89	ich's	negative[1]	_	
1-17	90-96	anhalt	negative[1]	_	
1-18	96-97	'	negative[1]	_	
1-19	98-101	und	negative[1]	_	
1-20	102-109	draußen	negative[1]	_	
1-21	110-114	wird	negative[1]	_	
1-22	115-117	es	negative[1]	_	
1-23	118-123	schon	negative[1]	_	
1-24	124-130	wieder	negative[1]	_	
1-25	131-135	hell	negative[1]	_	
1-26	135-136	.	negative[1]	_	

#Text=Die Gefühle und mein Magen fahr'n mit mir Achterbahn und das ist jetzt der letzte Whisky, den ich runterspül', und jetzt gehe ich zu dir, weißt du, wie ich mich fühl'?
2-1	137-140	Die	neutral[2]	_	
2-2	141-148	Gefühle	neutral[2]	Persönliches/Emotionen[16]	
2-3	149-152	und	neutral[2]	Persönliches/Emotionen[16]	
2-4	153-157	mein	neutral[2]	Persönliches/Emotionen[16]	
2-5	158-163	Magen	neutral[2]	Persönliches/Emotionen[16]	
2-6	164-170	fahr'n	neutral[2]	Persönliches/Emotionen[16]	
2-7	171-174	mit	neutral[2]	Persönliches/Emotionen[16]	
2-8	175-178	mir	neutral[2]	Persönliches/Emotionen[16]	
2-9	179-189	Achterbahn	neutral[2]	Persönliches/Emotionen[16]	
2-10	190-193	und	neutral[2]	_	
2-11	194-197	das	neutral[2]	_	
2-12	198-201	ist	neutral[2]	_	
2-13	202-207	jetzt	neutral[2]	_	
2-14	208-211	der	neutral[2]	_	
2-15	212-218	letzte	neutral[2]	_	
2-16	219-225	Whisky	neutral[2]	Gesundheit/Drogen	
2-17	225-226	,	neutral[2]	_	
2-18	227-230	den	neutral[2]	_	
2-19	231-234	ich	neutral[2]	_	
2-20	235-245	runterspül	neutral[2]	_	
2-21	245-246	'	neutral[2]	_	
2-22	246-247	,	neutral[2]	_	
2-23	248-251	und	neutral[2]	_	
2-24	252-257	jetzt	neutral[2]	_	
2-25	258-262	gehe	neutral[2]	_	
2-26	263-266	ich	neutral[2]	_	
2-27	267-269	zu	neutral[2]	_	
2-28	270-273	dir	neutral[2]	_	
2-29	273-274	,	neutral[2]	_	
2-30	275-280	weißt	neutral[2]	_	
2-31	281-283	du	neutral[2]	_	
2-32	283-284	,	neutral[2]	_	
2-33	285-288	wie	neutral[2]	_	
2-34	289-292	ich	neutral[2]	_	
2-35	293-297	mich	neutral[2]	_	
2-36	298-302	fühl	neutral[2]	_	
2-37	302-303	'	neutral[2]	_	
2-38	303-304	?	neutral[2]	_	

#Text=Wie 'ne Kugel - wie 'ne Kugel in deinem Colt, ich raste aus, schieß' mich voll in dein Herz rein oder schieß' mich weit aus deinem Leben raus.
3-1	309-312	Wie	neutral[3]	_	
3-2	313-314	'	neutral[3]	_	
3-3	314-316	ne	neutral[3]	_	
3-4	317-322	Kugel	neutral[3]	_	
3-5	323-324	-	neutral[3]	_	
3-6	325-328	wie	neutral[3]	_	
3-7	329-330	'	neutral[3]	_	
3-8	330-332	ne	neutral[3]	_	
3-9	333-338	Kugel	neutral[3]	Liebe/Partnerschaft[17]	
3-10	339-341	in	neutral[3]	Liebe/Partnerschaft[17]	
3-11	342-348	deinem	neutral[3]	Liebe/Partnerschaft[17]	
3-12	349-353	Colt	neutral[3]	Liebe/Partnerschaft[17]	
3-13	353-354	,	neutral[3]	_	
3-14	355-358	ich	neutral[3]	_	
3-15	359-364	raste	neutral[3]	Persönliches/Emotionen[18]	
3-16	365-368	aus	neutral[3]	Persönliches/Emotionen[18]	
3-17	368-369	,	neutral[3]	_	
3-18	370-376	schieß	neutral[3]	_	
3-19	376-377	'	neutral[3]	_	
3-20	378-382	mich	neutral[3]	_	
3-21	383-387	voll	neutral[3]	Liebe/Partnerschaft[19]	
3-22	388-390	in	neutral[3]	Liebe/Partnerschaft[19]	
3-23	391-395	dein	neutral[3]	Liebe/Partnerschaft[19]	
3-24	396-400	Herz	neutral[3]	Liebe/Partnerschaft[19]	
3-25	401-405	rein	neutral[3]	_	
3-26	406-410	oder	neutral[3]	_	
3-27	411-417	schieß	neutral[3]	_	
3-28	417-418	'	neutral[3]	_	
3-29	419-423	mich	neutral[3]	_	
3-30	424-428	weit	neutral[3]	_	
3-31	429-432	aus	neutral[3]	_	
3-32	433-439	deinem	neutral[3]	_	
3-33	440-445	Leben	neutral[3]	_	
3-34	446-450	raus	neutral[3]	_	
3-35	450-451	.	neutral[3]	_	

#Text=Ich muss jetzt wissen, was los ist und nach dem Schuss gibt's keine Fragen mehr und ich weiß, dass ich zu dir gehör'.
4-1	452-455	Ich	positive[4]	_	
4-2	456-460	muss	positive[4]	_	
4-3	461-466	jetzt	positive[4]	_	
4-4	467-473	wissen	positive[4]	_	
4-5	473-474	,	positive[4]	_	
4-6	475-478	was	positive[4]	_	
4-7	479-482	los	positive[4]	_	
4-8	483-486	ist	positive[4]	_	
4-9	487-490	und	positive[4]	_	
4-10	491-495	nach	positive[4]	_	
4-11	496-499	dem	positive[4]	_	
4-12	500-506	Schuss	positive[4]	_	
4-13	507-513	gibt's	positive[4]	_	
4-14	514-519	keine	positive[4]	_	
4-15	520-526	Fragen	positive[4]	_	
4-16	527-531	mehr	positive[4]	_	
4-17	532-535	und	positive[4]	_	
4-18	536-539	ich	positive[4]	_	
4-19	540-544	weiß	positive[4]	_	
4-20	544-545	,	positive[4]	_	
4-21	546-550	dass	positive[4]	_	
4-22	551-554	ich	positive[4]	_	
4-23	555-557	zu	positive[4]	Liebe/Partnerschaft[20]	
4-24	558-561	dir	positive[4]	Liebe/Partnerschaft[20]	
4-25	562-567	gehör	positive[4]	Liebe/Partnerschaft[20]	
4-26	567-568	'	positive[4]	_	
4-27	568-569	.	positive[4]	_	

#Text=Oder wenn du mich nicht willst, ist es besser, dass du meine Hoffnung killst.
5-1	570-574	Oder	negative[5]	_	
5-2	575-579	wenn	negative[5]	_	
5-3	580-582	du	negative[5]	_	
5-4	583-587	mich	negative[5]	_	
5-5	588-593	nicht	negative[5]	_	
5-6	594-600	willst	negative[5]	_	
5-7	600-601	,	negative[5]	_	
5-8	602-605	ist	negative[5]	_	
5-9	606-608	es	negative[5]	_	
5-10	609-615	besser	negative[5]	_	
5-11	615-616	,	negative[5]	_	
5-12	617-621	dass	negative[5]	_	
5-13	622-624	du	negative[5]	_	
5-14	625-630	meine	negative[5]	Persönliches/Emotionen[21]	
5-15	631-639	Hoffnung	negative[5]	Persönliches/Emotionen[21]	
5-16	640-646	killst	negative[5]	Persönliches/Emotionen[21]	
5-17	646-647	.	negative[5]	_	

#Text=Es war noch nie meine Art zu warten.
6-1	652-654	Es	neutral[6]	_	
6-2	655-658	war	neutral[6]	_	
6-3	659-663	noch	neutral[6]	_	
6-4	664-667	nie	neutral[6]	_	
6-5	668-673	meine	neutral[6]	_	
6-6	674-677	Art	neutral[6]	_	
6-7	678-680	zu	neutral[6]	_	
6-8	681-687	warten	neutral[6]	_	
6-9	687-688	.	neutral[6]	_	

#Text=Wenn ich was will - lass starten, lass machen.
7-1	689-693	Wenn	neutral[7]	_	
7-2	694-697	ich	neutral[7]	_	
7-3	698-701	was	neutral[7]	_	
7-4	702-706	will	neutral[7]	_	
7-5	707-708	-	neutral[7]	_	
7-6	709-713	lass	neutral[7]	_	
7-7	714-721	starten	neutral[7]	_	
7-8	721-722	,	neutral[7]	_	
7-9	723-727	lass	neutral[7]	_	
7-10	728-734	machen	neutral[7]	_	
7-11	734-735	.	neutral[7]	_	

#Text=Ich war schon immer ein zu schneller Junge für langsame, laue Sachen und nun steh' ich vor dir und die Sonne geht auf - Mensch, bin ich verliebt.
8-1	736-739	Ich	positive[8]	_	
8-2	740-743	war	positive[8]	_	
8-3	744-749	schon	positive[8]	_	
8-4	750-755	immer	positive[8]	_	
8-5	756-759	ein	positive[8]	_	
8-6	760-762	zu	positive[8]	_	
8-7	763-772	schneller	positive[8]	_	
8-8	773-778	Junge	positive[8]	_	
8-9	779-782	für	positive[8]	_	
8-10	783-791	langsame	positive[8]	_	
8-11	791-792	,	positive[8]	_	
8-12	793-797	laue	positive[8]	_	
8-13	798-804	Sachen	positive[8]	_	
8-14	805-808	und	positive[8]	_	
8-15	809-812	nun	positive[8]	_	
8-16	813-817	steh	positive[8]	_	
8-17	817-818	'	positive[8]	_	
8-18	819-822	ich	positive[8]	_	
8-19	823-826	vor	positive[8]	_	
8-20	827-830	dir	positive[8]	_	
8-21	831-834	und	positive[8]	_	
8-22	835-838	die	positive[8]	_	
8-23	839-844	Sonne	positive[8]	_	
8-24	845-849	geht	positive[8]	_	
8-25	850-853	auf	positive[8]	_	
8-26	854-855	-	positive[8]	_	
8-27	856-862	Mensch	positive[8]	Liebe/Partnerschaft[22]	
8-28	862-863	,	positive[8]	Liebe/Partnerschaft[22]	
8-29	864-867	bin	positive[8]	Liebe/Partnerschaft[22]	
8-30	868-871	ich	positive[8]	Liebe/Partnerschaft[22]	
8-31	872-880	verliebt	positive[8]	Liebe/Partnerschaft[22]	
8-32	880-881	.	positive[8]	_	

#Text=Ich bin die Munition im Revolverlauf und wir sprengen jetzt den Kühlschrank, der dich umgibt.
9-1	882-885	Ich	positive[9]	_	
9-2	886-889	bin	positive[9]	_	
9-3	890-893	die	positive[9]	_	
9-4	894-902	Munition	positive[9]	Politik/Soziales/Missstände[23]	
9-5	903-905	im	positive[9]	Politik/Soziales/Missstände[23]	
9-6	906-918	Revolverlauf	positive[9]	Politik/Soziales/Missstände[23]	
9-7	919-922	und	positive[9]	_	
9-8	923-926	wir	positive[9]	_	
9-9	927-935	sprengen	positive[9]	Politik/Soziales/Missstände	
9-10	936-941	jetzt	positive[9]	_	
9-11	942-945	den	positive[9]	_	
9-12	946-957	Kühlschrank	positive[9]	_	
9-13	957-958	,	positive[9]	_	
9-14	959-962	der	positive[9]	_	
9-15	963-967	dich	positive[9]	_	
9-16	968-974	umgibt	positive[9]	_	
9-17	974-975	.	positive[9]	_	

#Text=Ich bin die Kugel, die Kugel in deinem Colt und raste aus, schieß' mich voll in dein Herz rein oder schieß' mich weit aus deinem Leben raus.
10-1	980-983	Ich	neutral[10]	_	
10-2	984-987	bin	neutral[10]	_	
10-3	988-991	die	neutral[10]	_	
10-4	992-997	Kugel	neutral[10]	_	
10-5	997-998	,	neutral[10]	_	
10-6	999-1002	die	neutral[10]	_	
10-7	1003-1008	Kugel	neutral[10]	_	
10-8	1009-1011	in	neutral[10]	_	
10-9	1012-1018	deinem	neutral[10]	_	
10-10	1019-1023	Colt	neutral[10]	_	
10-11	1024-1027	und	neutral[10]	_	
10-12	1028-1033	raste	neutral[10]	Persönliches/Emotionen[24]	
10-13	1034-1037	aus	neutral[10]	Persönliches/Emotionen[24]	
10-14	1037-1038	,	neutral[10]	_	
10-15	1039-1045	schieß	neutral[10]	_	
10-16	1045-1046	'	neutral[10]	_	
10-17	1047-1051	mich	neutral[10]	_	
10-18	1052-1056	voll	neutral[10]	Liebe/Partnerschaft[25]	
10-19	1057-1059	in	neutral[10]	Liebe/Partnerschaft[25]	
10-20	1060-1064	dein	neutral[10]	Liebe/Partnerschaft[25]	
10-21	1065-1069	Herz	neutral[10]	Liebe/Partnerschaft[25]	
10-22	1070-1074	rein	neutral[10]	_	
10-23	1075-1079	oder	neutral[10]	_	
10-24	1080-1086	schieß	neutral[10]	_	
10-25	1086-1087	'	neutral[10]	_	
10-26	1088-1092	mich	neutral[10]	_	
10-27	1093-1097	weit	neutral[10]	_	
10-28	1098-1101	aus	neutral[10]	_	
10-29	1102-1108	deinem	neutral[10]	_	
10-30	1109-1114	Leben	neutral[10]	_	
10-31	1115-1119	raus	neutral[10]	_	
10-32	1119-1120	.	neutral[10]	_	

#Text=Ich muss jetzt wissen, was los ist und nach dem Schuss gibt's keine Fragen mehr und ich weiß, dass ich zu dir gehör'.
11-1	1121-1124	Ich	positive[11]	_	
11-2	1125-1129	muss	positive[11]	_	
11-3	1130-1135	jetzt	positive[11]	_	
11-4	1136-1142	wissen	positive[11]	_	
11-5	1142-1143	,	positive[11]	_	
11-6	1144-1147	was	positive[11]	_	
11-7	1148-1151	los	positive[11]	_	
11-8	1152-1155	ist	positive[11]	_	
11-9	1156-1159	und	positive[11]	_	
11-10	1160-1164	nach	positive[11]	_	
11-11	1165-1168	dem	positive[11]	_	
11-12	1169-1175	Schuss	positive[11]	_	
11-13	1176-1182	gibt's	positive[11]	_	
11-14	1183-1188	keine	positive[11]	_	
11-15	1189-1195	Fragen	positive[11]	_	
11-16	1196-1200	mehr	positive[11]	_	
11-17	1201-1204	und	positive[11]	_	
11-18	1205-1208	ich	positive[11]	_	
11-19	1209-1213	weiß	positive[11]	_	
11-20	1213-1214	,	positive[11]	_	
11-21	1215-1219	dass	positive[11]	_	
11-22	1220-1223	ich	positive[11]	_	
11-23	1224-1226	zu	positive[11]	Liebe/Partnerschaft[26]	
11-24	1227-1230	dir	positive[11]	Liebe/Partnerschaft[26]	
11-25	1231-1236	gehör	positive[11]	Liebe/Partnerschaft[26]	
11-26	1236-1237	'	positive[11]	_	
11-27	1237-1238	.	positive[11]	_	

#Text=Oder wenn du mich nicht willst, ist es besser, dass du meine Hoffnung killst.
12-1	1239-1243	Oder	negative[12]	_	
12-2	1244-1248	wenn	negative[12]	_	
12-3	1249-1251	du	negative[12]	_	
12-4	1252-1256	mich	negative[12]	_	
12-5	1257-1262	nicht	negative[12]	_	
12-6	1263-1269	willst	negative[12]	_	
12-7	1269-1270	,	negative[12]	_	
12-8	1271-1274	ist	negative[12]	_	
12-9	1275-1277	es	negative[12]	_	
12-10	1278-1284	besser	negative[12]	_	
12-11	1284-1285	,	negative[12]	_	
12-12	1286-1290	dass	negative[12]	_	
12-13	1291-1293	du	negative[12]	_	
12-14	1294-1299	meine	negative[12]	Persönliches/Emotionen[27]	
12-15	1300-1308	Hoffnung	negative[12]	Persönliches/Emotionen[27]	
12-16	1309-1315	killst	negative[12]	Persönliches/Emotionen[27]	
12-17	1315-1316	.	negative[12]	_	

#Text=Babe, ich bin die Kugel in deinem Colt und halt's nicht länger aus, schieß' mich voll in dein Herz rein oder schieß' mich weit aus deinem Leben raus.
13-1	1321-1325	Babe	neutral[13]	Liebe/Partnerschaft	
13-2	1325-1326	,	neutral[13]	_	
13-3	1327-1330	ich	neutral[13]	_	
13-4	1331-1334	bin	neutral[13]	_	
13-5	1335-1338	die	neutral[13]	_	
13-6	1339-1344	Kugel	neutral[13]	_	
13-7	1345-1347	in	neutral[13]	_	
13-8	1348-1354	deinem	neutral[13]	_	
13-9	1355-1359	Colt	neutral[13]	_	
13-10	1360-1363	und	neutral[13]	_	
13-11	1364-1370	halt's	neutral[13]	_	
13-12	1371-1376	nicht	neutral[13]	_	
13-13	1377-1383	länger	neutral[13]	_	
13-14	1384-1387	aus	neutral[13]	_	
13-15	1387-1388	,	neutral[13]	_	
13-16	1389-1395	schieß	neutral[13]	_	
13-17	1395-1396	'	neutral[13]	_	
13-18	1397-1401	mich	neutral[13]	_	
13-19	1402-1406	voll	neutral[13]	Liebe/Partnerschaft[28]	
13-20	1407-1409	in	neutral[13]	Liebe/Partnerschaft[28]	
13-21	1410-1414	dein	neutral[13]	Liebe/Partnerschaft[28]	
13-22	1415-1419	Herz	neutral[13]	Liebe/Partnerschaft[28]	
13-23	1420-1424	rein	neutral[13]	_	
13-24	1425-1429	oder	neutral[13]	_	
13-25	1430-1436	schieß	neutral[13]	_	
13-26	1436-1437	'	neutral[13]	_	
13-27	1438-1442	mich	neutral[13]	_	
13-28	1443-1447	weit	neutral[13]	_	
13-29	1448-1451	aus	neutral[13]	_	
13-30	1452-1458	deinem	neutral[13]	_	
13-31	1459-1464	Leben	neutral[13]	_	
13-32	1465-1469	raus	neutral[13]	_	
13-33	1469-1470	.	neutral[13]	_	

#Text=Und dann gibt es keine Fragen, keine Fragen mehr und ich weiß, dass ich zu dir gehör'.
14-1	1471-1474	Und	positive[14]	_	
14-2	1475-1479	dann	positive[14]	_	
14-3	1480-1484	gibt	positive[14]	_	
14-4	1485-1487	es	positive[14]	_	
14-5	1488-1493	keine	positive[14]	_	
14-6	1494-1500	Fragen	positive[14]	_	
14-7	1500-1501	,	positive[14]	_	
14-8	1502-1507	keine	positive[14]	_	
14-9	1508-1514	Fragen	positive[14]	_	
14-10	1515-1519	mehr	positive[14]	_	
14-11	1520-1523	und	positive[14]	_	
14-12	1524-1527	ich	positive[14]	_	
14-13	1528-1532	weiß	positive[14]	_	
14-14	1532-1533	,	positive[14]	_	
14-15	1534-1538	dass	positive[14]	_	
14-16	1539-1542	ich	positive[14]	_	
14-17	1543-1545	zu	positive[14]	Liebe/Partnerschaft[29]	
14-18	1546-1549	dir	positive[14]	Liebe/Partnerschaft[29]	
14-19	1550-1555	gehör	positive[14]	Liebe/Partnerschaft[29]	
14-20	1555-1556	'	positive[14]	_	
14-21	1556-1557	.	positive[14]	_	
