#FORMAT=WebAnno TSV 3.2
#T_SP=webanno.custom.Sentiment|Polarity
#T_SP=webanno.custom.Topic|Topics


#Text=Und wieder steh' ich hier im Regen, Tränen im Gesicht.
1-1	0-3	Und	negative[1]	_	
1-2	4-10	wieder	negative[1]	_	
1-3	11-15	steh	negative[1]	_	
1-4	15-16	'	negative[1]	_	
1-5	17-20	ich	negative[1]	_	
1-6	21-25	hier	negative[1]	_	
1-7	26-28	im	negative[1]	_	
1-8	29-34	Regen	negative[1]	_	
1-9	34-35	,	negative[1]	_	
1-10	36-42	Tränen	negative[1]	Liebe/Partnerschaft[15]	
1-11	43-45	im	negative[1]	Liebe/Partnerschaft[15]	
1-12	46-53	Gesicht	negative[1]	Liebe/Partnerschaft[15]	
1-13	53-54	.	_	_	

#Text=Was ist schon gut am Regen?
2-1	55-58	Was	negative[2]	_	
2-2	59-62	ist	negative[2]	_	
2-3	63-68	schon	negative[2]	_	
2-4	69-72	gut	negative[2]	_	
2-5	73-75	am	negative[2]	_	
2-6	76-81	Regen	negative[2]	_	
2-7	81-82	?	negative[2]	_	

#Text=Man sieht die Tränen nicht.
3-1	83-86	Man	positive[3]	_	
3-2	87-92	sieht	positive[3]	_	
3-3	93-96	die	positive[3]	_	
3-4	97-103	Tränen	positive[3]	Liebe/Partnerschaft	
3-5	104-109	nicht	positive[3]	_	
3-6	109-110	.	positive[3]	_	

#Text=Ich muss da durch, durch die harten Zeiten, weiß noch nicht wie, aber irgendwie nach vorn.
4-1	111-114	Ich	positive[4]	_	
4-2	115-119	muss	positive[4]	Persönliches/Emotionen[16]	
4-3	120-122	da	positive[4]	Persönliches/Emotionen[16]	
4-4	123-128	durch	positive[4]	Persönliches/Emotionen[16]	
4-5	128-129	,	positive[4]	_	
4-6	130-135	durch	positive[4]	_	
4-7	136-139	die	positive[4]	_	
4-8	140-146	harten	positive[4]	Persönliches/Emotionen[17]	
4-9	147-153	Zeiten	positive[4]	Persönliches/Emotionen[17]	
4-10	153-154	,	positive[4]	_	
4-11	155-159	weiß	positive[4]	_	
4-12	160-164	noch	positive[4]	_	
4-13	165-170	nicht	positive[4]	_	
4-14	171-174	wie	positive[4]	_	
4-15	174-175	,	positive[4]	_	
4-16	176-180	aber	positive[4]	_	
4-17	181-190	irgendwie	positive[4]	_	
4-18	191-195	nach	positive[4]	_	
4-19	196-200	vorn	positive[4]	_	
4-20	200-201	.	positive[4]	_	

#Text=Mit aller Kraft, die ich nicht hab, muss ich weiter, ein Blick zurück, und ich bin verlor'n.
5-1	202-205	Mit	positive[5]	_	
5-2	206-211	aller	positive[5]	_	
5-3	212-217	Kraft	positive[5]	_	
5-4	217-218	,	positive[5]	_	
5-5	219-222	die	positive[5]	_	
5-6	223-226	ich	positive[5]	_	
5-7	227-232	nicht	positive[5]	_	
5-8	233-236	hab	positive[5]	_	
5-9	236-237	,	positive[5]	_	
5-10	238-242	muss	positive[5]	_	
5-11	243-246	ich	positive[5]	_	
5-12	247-253	weiter	positive[5]	_	
5-13	253-254	,	_	_	
5-14	255-258	ein	negative[6]	_	
5-15	259-264	Blick	negative[6]	_	
5-16	265-271	zurück	negative[6]	_	
5-17	271-272	,	negative[6]	_	
5-18	273-276	und	negative[6]	_	
5-19	277-280	ich	negative[6]	_	
5-20	281-284	bin	negative[6]	_	
5-21	285-293	verlor'n	negative[6]	_	
5-22	293-294	.	negative[6]	_	

#Text=Ich muss weg von Dir, Ich muss abhau'n hier, Ich muss weg von Dir.
6-1	299-302	Ich	negative[7]	_	
6-2	303-307	muss	negative[7]	Liebe/Partnerschaft[18]	
6-3	308-311	weg	negative[7]	Liebe/Partnerschaft[18]	
6-4	312-315	von	negative[7]	Liebe/Partnerschaft[18]	
6-5	316-319	Dir	negative[7]	Liebe/Partnerschaft[18]	
6-6	319-320	,	negative[7]	_	
6-7	321-324	Ich	negative[7]	_	
6-8	325-329	muss	negative[7]	_	
6-9	330-337	abhau'n	negative[7]	_	
6-10	338-342	hier	negative[7]	_	
6-11	342-343	,	negative[7]	_	
6-12	344-347	Ich	negative[7]	_	
6-13	348-352	muss	negative[7]	Liebe/Partnerschaft[19]	
6-14	353-356	weg	negative[7]	Liebe/Partnerschaft[19]	
6-15	357-360	von	negative[7]	Liebe/Partnerschaft[19]	
6-16	361-364	Dir	negative[7]	Liebe/Partnerschaft[19]	
6-17	364-365	.	negative[7]	_	

#Text=Und jetzt fahr' ich hier schon wieder irgendwelche Straßen lang.
7-1	370-373	Und	negative[8]	_	
7-2	374-379	jetzt	negative[8]	_	
7-3	380-384	fahr	negative[8]	_	
7-4	384-385	'	negative[8]	_	
7-5	386-389	ich	negative[8]	_	
7-6	390-394	hier	negative[8]	_	
7-7	395-400	schon	negative[8]	_	
7-8	401-407	wieder	negative[8]	_	
7-9	408-420	irgendwelche	negative[8]	_	
7-10	421-428	Straßen	negative[8]	_	
7-11	429-433	lang	negative[8]	_	
7-12	433-434	.	negative[8]	_	

#Text=Und, verdammt, da kommt's schon wieder, wie so 'n Bumerang.
8-1	435-438	Und	negative[9]	_	
8-2	438-439	,	negative[9]	_	
8-3	440-448	verdammt	negative[9]	_	
8-4	448-449	,	negative[9]	_	
8-5	450-452	da	negative[9]	_	
8-6	453-460	kommt's	negative[9]	_	
8-7	461-466	schon	negative[9]	_	
8-8	467-473	wieder	negative[9]	_	
8-9	473-474	,	negative[9]	_	
8-10	475-478	wie	negative[9]	_	
8-11	479-481	so	negative[9]	_	
8-12	482-483	'	negative[9]	_	
8-13	483-484	n	negative[9]	_	
8-14	485-493	Bumerang	negative[9]	_	
8-15	493-494	.	negative[9]	_	

#Text=Nein, ich kann nicht mit Dir leben, aber auch nicht ohne Dich.
9-1	495-499	Nein	negative[10]	_	
9-2	499-500	,	negative[10]	_	
9-3	501-504	ich	negative[10]	_	
9-4	505-509	kann	negative[10]	_	
9-5	510-515	nicht	negative[10]	_	
9-6	516-519	mit	negative[10]	_	
9-7	520-523	Dir	negative[10]	_	
9-8	524-529	leben	negative[10]	_	
9-9	529-530	,	negative[10]	_	
9-10	531-535	aber	negative[10]	_	
9-11	536-540	auch	negative[10]	_	
9-12	541-546	nicht	negative[10]	_	
9-13	547-551	ohne	negative[10]	_	
9-14	552-556	Dich	negative[10]	_	
9-15	556-557	.	negative[10]	_	

#Text=Wie oft bin ich schon geflüchtet, um dann zu dir zurückzukommen - einfach lächerlich.
10-1	558-561	Wie	negative[11]	_	
10-2	562-565	oft	negative[11]	_	
10-3	566-569	bin	negative[11]	_	
10-4	570-573	ich	negative[11]	_	
10-5	574-579	schon	negative[11]	_	
10-6	580-590	geflüchtet	negative[11]	_	
10-7	590-591	,	negative[11]	_	
10-8	592-594	um	negative[11]	_	
10-9	595-599	dann	negative[11]	_	
10-10	600-602	zu	negative[11]	_	
10-11	603-606	dir	negative[11]	_	
10-12	607-621	zurückzukommen	negative[11]	_	
10-13	622-623	-	negative[11]	_	
10-14	624-631	einfach	negative[11]	_	
10-15	632-642	lächerlich	negative[11]	_	
10-16	642-643	.	negative[11]	_	

#Text=Ich muss weg von Dir, Ich muss abhau'n hier, Ich muss weg von Dir.
11-1	648-651	Ich	negative[12]	_	
11-2	652-656	muss	negative[12]	_	
11-3	657-660	weg	negative[12]	_	
11-4	661-664	von	negative[12]	_	
11-5	665-668	Dir	negative[12]	_	
11-6	668-669	,	negative[12]	_	
11-7	670-673	Ich	negative[12]	_	
11-8	674-678	muss	negative[12]	_	
11-9	679-686	abhau'n	negative[12]	_	
11-10	687-691	hier	negative[12]	_	
11-11	691-692	,	negative[12]	_	
11-12	693-696	Ich	negative[12]	_	
11-13	697-701	muss	negative[12]	_	
11-14	702-705	weg	negative[12]	_	
11-15	706-709	von	negative[12]	_	
11-16	710-713	Dir	negative[12]	_	
11-17	713-714	.	negative[12]	_	

#Text=Und jetzt fahr' ich hier die Straße lang und wieder holst Du mich ein wie ein Bumerang.
12-1	719-722	Und	neutral[13]	_	
12-2	723-728	jetzt	neutral[13]	_	
12-3	729-733	fahr	neutral[13]	_	
12-4	733-734	'	neutral[13]	_	
12-5	735-738	ich	neutral[13]	_	
12-6	739-743	hier	neutral[13]	_	
12-7	744-747	die	neutral[13]	_	
12-8	748-754	Straße	neutral[13]	_	
12-9	755-759	lang	neutral[13]	_	
12-10	760-763	und	neutral[13]	_	
12-11	764-770	wieder	neutral[13]	_	
12-12	771-776	holst	neutral[13]	_	
12-13	777-779	Du	neutral[13]	_	
12-14	780-784	mich	neutral[13]	_	
12-15	785-788	ein	neutral[13]	_	
12-16	789-792	wie	neutral[13]	_	
12-17	793-796	ein	neutral[13]	_	
12-18	797-805	Bumerang	neutral[13]	_	
12-19	805-806	.	neutral[13]	_	

#Text=Egal, wohin ich flieh', weil ich nicht mehr kann, ich komm' doch immer wieder bei Dir an, wie so 'n Bumerang.
13-1	807-811	Egal	neutral[14]	_	
13-2	811-812	,	neutral[14]	_	
13-3	813-818	wohin	neutral[14]	_	
13-4	819-822	ich	neutral[14]	_	
13-5	823-828	flieh	neutral[14]	_	
13-6	828-829	'	neutral[14]	_	
13-7	829-830	,	neutral[14]	_	
13-8	831-835	weil	neutral[14]	_	
13-9	836-839	ich	neutral[14]	Persönliches/Emotionen[20]	
13-10	840-845	nicht	neutral[14]	Persönliches/Emotionen[20]	
13-11	846-850	mehr	neutral[14]	Persönliches/Emotionen[20]	
13-12	851-855	kann	neutral[14]	Persönliches/Emotionen[20]	
13-13	855-856	,	neutral[14]	_	
13-14	857-860	ich	neutral[14]	_	
13-15	861-865	komm	neutral[14]	_	
13-16	865-866	'	neutral[14]	_	
13-17	867-871	doch	neutral[14]	_	
13-18	872-877	immer	neutral[14]	_	
13-19	878-884	wieder	neutral[14]	_	
13-20	885-888	bei	neutral[14]	_	
13-21	889-892	Dir	neutral[14]	_	
13-22	893-895	an	neutral[14]	_	
13-23	895-896	,	neutral[14]	_	
13-24	897-900	wie	neutral[14]	_	
13-25	901-903	so	neutral[14]	_	
13-26	904-905	'	neutral[14]	_	
13-27	905-906	n	neutral[14]	_	
13-28	907-915	Bumerang	neutral[14]	_	
13-29	915-916	.	neutral[14]	_	
