#FORMAT=WebAnno TSV 3.2
#T_SP=webanno.custom.Sentiment|Polarity
#T_SP=webanno.custom.Topic|Topics


#Text=Gutes tun, Gutes tun.
1-1	0-5	Gutes	positive[1]	_	
1-2	6-9	tun	positive[1]	_	
1-3	9-10	,	positive[1]	_	
1-4	11-16	Gutes	positive[1]	_	
1-5	17-20	tun	positive[1]	_	
1-6	20-21	.	positive[1]	_	

#Text=Kondome nicht ins Klo, Keine Drogen - sowieso, Weniger fernsehen, Öfter zu Fuß gehen, Auch mal an die im Abseits denken, Gebrauchte Pornos dem Altersheim schenken,  
#Text= 
#Text=Bewusster atmen, Gesunde Sachen essen, Mit Nazis diskutieren, Und Jesus nicht vergessen, Auch mal fremden Hundekot entfernen, Den Islam näher kennenlernen.
2-1	26-33	Kondome	positive[2]	Liebe/Partnerschaft	
2-2	34-39	nicht	positive[2]	_	
2-3	40-43	ins	positive[2]	_	
2-4	44-47	Klo	positive[2]	_	
2-5	47-48	,	positive[2]	_	
2-6	49-54	Keine	positive[2]	_	
2-7	55-61	Drogen	positive[2]	Gesundheit/Drogen	
2-8	62-63	-	positive[2]	_	
2-9	64-71	sowieso	positive[2]	_	
2-10	71-72	,	positive[2]	_	
2-11	73-80	Weniger	positive[2]	Gesundheit/Drogen[16]	
2-12	81-90	fernsehen	positive[2]	Gesundheit/Drogen[16]	
2-13	90-91	,	positive[2]	_	
2-14	92-97	Öfter	positive[2]	_	
2-15	98-100	zu	positive[2]	Gesundheit/Drogen[17]	
2-16	101-104	Fuß	positive[2]	Gesundheit/Drogen[17]	
2-17	105-110	gehen	positive[2]	Gesundheit/Drogen[17]	
2-18	110-111	,	positive[2]	_	
2-19	112-116	Auch	positive[2]	_	
2-20	117-120	mal	positive[2]	_	
2-21	121-123	an	positive[2]	_	
2-22	124-127	die	positive[2]	_	
2-23	128-130	im	positive[2]	_	
2-24	131-138	Abseits	positive[2]	_	
2-25	139-145	denken	positive[2]	_	
2-26	145-146	,	positive[2]	_	
2-27	147-157	Gebrauchte	positive[2]	_	
2-28	158-164	Pornos	positive[2]	Liebe/Partnerschaft	
2-29	165-168	dem	positive[2]	_	
2-30	169-179	Altersheim	positive[2]	_	
2-31	180-188	schenken	positive[2]	_	
2-32	188-189	,	positive[2]	_	
2-33	194-203	Bewusster	positive[2]	Gesundheit/Drogen[18]	
2-34	204-209	atmen	positive[2]	Gesundheit/Drogen[18]	
2-35	209-210	,	positive[2]	_	
2-36	211-218	Gesunde	positive[2]	Gesundheit/Drogen[19]	
2-37	219-225	Sachen	positive[2]	Gesundheit/Drogen[19]	
2-38	226-231	essen	positive[2]	Gesundheit/Drogen[19]	
2-39	231-232	,	positive[2]	_	
2-40	233-236	Mit	positive[2]	_	
2-41	237-242	Nazis	positive[2]	Politik/Soziales/Missstände	
2-42	243-254	diskutieren	positive[2]	_	
2-43	254-255	,	positive[2]	_	
2-44	256-259	Und	positive[2]	_	
2-45	260-265	Jesus	positive[2]	Politik/Soziales/Missstände	
2-46	266-271	nicht	positive[2]	_	
2-47	272-281	vergessen	positive[2]	_	
2-48	281-282	,	positive[2]	_	
2-49	283-287	Auch	positive[2]	_	
2-50	288-291	mal	positive[2]	_	
2-51	292-299	fremden	positive[2]	_	
2-52	300-308	Hundekot	positive[2]	_	
2-53	309-318	entfernen	positive[2]	_	
2-54	318-319	,	positive[2]	_	
2-55	320-323	Den	positive[2]	_	
2-56	324-329	Islam	positive[2]	Politik/Soziales/Missstände	
2-57	330-335	näher	positive[2]	_	
2-58	336-348	kennenlernen	positive[2]	_	
2-59	348-349	.	positive[2]	_	

#Text=Gutes tun, Gutes tun.
3-1	354-359	Gutes	positive[3]	_	
3-2	360-363	tun	positive[3]	_	
3-3	363-364	,	positive[3]	_	
3-4	365-370	Gutes	positive[3]	_	
3-5	371-374	tun	positive[3]	_	
3-6	374-375	.	positive[3]	_	

#Text=Gutes tun ist gar nicht schwer, man kann soviel Gutes tun.
4-1	376-381	Gutes	positive[4]	_	
4-2	382-385	tun	positive[4]	_	
4-3	386-389	ist	positive[4]	_	
4-4	390-393	gar	positive[4]	_	
4-5	394-399	nicht	positive[4]	_	
4-6	400-406	schwer	positive[4]	_	
4-7	406-407	,	positive[4]	_	
4-8	408-411	man	positive[4]	_	
4-9	412-416	kann	positive[4]	_	
4-10	417-423	soviel	positive[4]	_	
4-11	424-429	Gutes	positive[4]	_	
4-12	430-433	tun	positive[4]	_	
4-13	433-434	.	positive[4]	_	

#Text=Gutes tun fällt gar nicht schwer.
5-1	435-440	Gutes	positive[5]	_	
5-2	441-444	tun	positive[5]	_	
5-3	445-450	fällt	positive[5]	_	
5-4	451-454	gar	positive[5]	_	
5-5	455-460	nicht	positive[5]	_	
5-6	461-467	schwer	positive[5]	_	
5-7	467-468	.	positive[5]	_	

#Text=Gutes tun - bitte sehr.
6-1	469-474	Gutes	positive[6]	_	
6-2	475-478	tun	positive[6]	_	
6-3	479-480	-	positive[6]	_	
6-4	481-486	bitte	positive[6]	_	
6-5	487-491	sehr	positive[6]	_	
6-6	491-492	.	positive[6]	_	

#Text=Gutes tun ist gar nicht schwer.
7-1	493-498	Gutes	positive[7]	_	
7-2	499-502	tun	positive[7]	_	
7-3	503-506	ist	positive[7]	_	
7-4	507-510	gar	positive[7]	_	
7-5	511-516	nicht	positive[7]	_	
7-6	517-523	schwer	positive[7]	_	
7-7	523-524	.	positive[7]	_	

#Text=Gutes tun - bitte sehr.
8-1	525-530	Gutes	positive[8]	_	
8-2	531-534	tun	positive[8]	_	
8-3	535-536	-	positive[8]	_	
8-4	537-542	bitte	positive[8]	_	
8-5	543-547	sehr	positive[8]	_	
8-6	547-548	.	positive[8]	_	

#Text=Keine Pitbulls mehr züchten, Nicht in Steuerparadiese flüchten, Sich öfter mal nach Kleingeld bücken, Und nicht so oft mit der Nachbarin f..lirten, Nicht bei Rot über die Straße laufen, Keinen französischen Champus, und keine japanischen Autos mehr kaufen.
9-1	553-558	Keine	positive[9]	_	
9-2	559-567	Pitbulls	positive[9]	_	
9-3	568-572	mehr	positive[9]	_	
9-4	573-580	züchten	positive[9]	_	
9-5	580-581	,	positive[9]	_	
9-6	582-587	Nicht	positive[9]	_	
9-7	588-590	in	positive[9]	_	
9-8	591-606	Steuerparadiese	positive[9]	Politik/Soziales/Missstände	
9-9	607-615	flüchten	positive[9]	Politik/Soziales/Missstände	
9-10	615-616	,	positive[9]	_	
9-11	617-621	Sich	positive[9]	_	
9-12	622-627	öfter	positive[9]	_	
9-13	628-631	mal	positive[9]	_	
9-14	632-636	nach	positive[9]	Politik/Soziales/Missstände[20]	
9-15	637-646	Kleingeld	positive[9]	Politik/Soziales/Missstände[20]	
9-16	647-653	bücken	positive[9]	Politik/Soziales/Missstände[20]	
9-17	653-654	,	positive[9]	_	
9-18	655-658	Und	positive[9]	_	
9-19	659-664	nicht	positive[9]	_	
9-20	665-667	so	positive[9]	_	
9-21	668-671	oft	positive[9]	_	
9-22	672-675	mit	positive[9]	Liebe/Partnerschaft[21]	
9-23	676-679	der	positive[9]	Liebe/Partnerschaft[21]	
9-24	680-689	Nachbarin	positive[9]	Liebe/Partnerschaft[21]	
9-25	690-691	f	positive[9]	Liebe/Partnerschaft[21]	
9-26	691-692	.	positive[9]	Liebe/Partnerschaft[21]	
9-27	692-693	.	positive[9]	Liebe/Partnerschaft[21]	
9-28	693-699	lirten	positive[9]	Liebe/Partnerschaft[21]	
9-29	699-700	,	positive[9]	_	
9-30	701-706	Nicht	positive[9]	_	
9-31	707-710	bei	positive[9]	_	
9-32	711-714	Rot	positive[9]	_	
9-33	715-719	über	positive[9]	_	
9-34	720-723	die	positive[9]	_	
9-35	724-730	Straße	positive[9]	_	
9-36	731-737	laufen	positive[9]	_	
9-37	737-738	,	positive[9]	_	
9-38	739-745	Keinen	positive[9]	_	
9-39	746-759	französischen	positive[9]	Gesundheit/Drogen[22]	
9-40	760-767	Champus	positive[9]	Gesundheit/Drogen[22]	
9-41	767-768	,	positive[9]	_	
9-42	769-772	und	positive[9]	_	
9-43	773-778	keine	positive[9]	_	
9-44	779-790	japanischen	positive[9]	Politik/Soziales/Missstände[23]	
9-45	791-796	Autos	positive[9]	Politik/Soziales/Missstände[23]	
9-46	797-801	mehr	positive[9]	_	
9-47	802-808	kaufen	positive[9]	_	
9-48	808-809	.	positive[9]	_	

#Text=Gutes tun, Gutes tun.
10-1	814-819	Gutes	positive[10]	_	
10-2	820-823	tun	positive[10]	_	
10-3	823-824	,	positive[10]	_	
10-4	825-830	Gutes	positive[10]	_	
10-5	831-834	tun	positive[10]	_	
10-6	834-835	.	positive[10]	_	

#Text=Gutes tun ist gar nicht schwer, man kann soviel Gutes tun.
11-1	836-841	Gutes	positive[11]	_	
11-2	842-845	tun	positive[11]	_	
11-3	846-849	ist	positive[11]	_	
11-4	850-853	gar	positive[11]	_	
11-5	854-859	nicht	positive[11]	_	
11-6	860-866	schwer	positive[11]	_	
11-7	866-867	,	positive[11]	_	
11-8	868-871	man	positive[11]	_	
11-9	872-876	kann	positive[11]	_	
11-10	877-883	soviel	positive[11]	_	
11-11	884-889	Gutes	positive[11]	_	
11-12	890-893	tun	positive[11]	_	
11-13	893-894	.	positive[11]	_	

#Text=Gutes tun fällt gar nicht schwer.
12-1	895-900	Gutes	positive[12]	_	
12-2	901-904	tun	positive[12]	_	
12-3	905-910	fällt	positive[12]	_	
12-4	911-914	gar	positive[12]	_	
12-5	915-920	nicht	positive[12]	_	
12-6	921-927	schwer	positive[12]	_	
12-7	927-928	.	positive[12]	_	

#Text=Gutes tun - bitte sehr.
13-1	929-934	Gutes	positive[13]	_	
13-2	935-938	tun	positive[13]	_	
13-3	939-940	-	positive[13]	_	
13-4	941-946	bitte	positive[13]	_	
13-5	947-951	sehr	positive[13]	_	
13-6	951-952	.	positive[13]	_	

#Text=Gutes tun ist gar nicht schwer.
14-1	953-958	Gutes	positive[14]	_	
14-2	959-962	tun	positive[14]	_	
14-3	963-966	ist	positive[14]	_	
14-4	967-970	gar	positive[14]	_	
14-5	971-976	nicht	positive[14]	_	
14-6	977-983	schwer	positive[14]	_	
14-7	983-984	.	positive[14]	_	

#Text=Gutes tun - bitte sehr.
15-1	985-990	Gutes	positive[15]	_	
15-2	991-994	tun	positive[15]	_	
15-3	995-996	-	positive[15]	_	
15-4	997-1002	bitte	positive[15]	_	
15-5	1003-1007	sehr	positive[15]	_	
15-6	1007-1008	.	positive[15]	_	
