#FORMAT=WebAnno TSV 3.2
#T_SP=webanno.custom.Sentiment|Polarity
#T_SP=webanno.custom.Topic|Topics


#Text=War ein kleiner Junge, wünschte mir so sehr so'n feuerrotes Auto, danach kommt gar nichts mehr.
1-1	0-3	War	neutral[1]	_	
1-2	4-7	ein	neutral[1]	_	
1-3	8-15	kleiner	neutral[1]	_	
1-4	16-21	Junge	neutral[1]	_	
1-5	21-22	,	neutral[1]	_	
1-6	23-31	wünschte	neutral[1]	_	
1-7	32-35	mir	neutral[1]	_	
1-8	36-38	so	neutral[1]	_	
1-9	39-43	sehr	neutral[1]	_	
1-10	44-48	so'n	neutral[1]	_	
1-11	49-59	feuerrotes	neutral[1]	_	
1-12	60-64	Auto	neutral[1]	_	
1-13	64-65	,	neutral[1]	_	
1-14	66-72	danach	neutral[1]	_	
1-15	73-78	kommt	neutral[1]	_	
1-16	79-82	gar	neutral[1]	_	
1-17	83-89	nichts	neutral[1]	_	
1-18	90-94	mehr	neutral[1]	_	
1-19	94-95	.	_	_	

#Text=Als das Ding dann da war, Mann, war ich verknallt, doch nach ein paar Tagen schon ließ es mich ziemlich kalt.
2-1	100-103	Als	positive[2]	_	
2-2	104-107	das	positive[2]	_	
2-3	108-112	Ding	positive[2]	_	
2-4	113-117	dann	positive[2]	_	
2-5	118-120	da	positive[2]	_	
2-6	121-124	war	positive[2]	_	
2-7	124-125	,	positive[2]	_	
2-8	126-130	Mann	positive[2]	_	
2-9	130-131	,	positive[2]	_	
2-10	132-135	war	positive[2]	_	
2-11	136-139	ich	positive[2]	_	
2-12	140-149	verknallt	positive[2]	Liebe/Partnerschaft	
2-13	149-150	,	_	_	
2-14	151-155	doch	negative[3]	_	
2-15	156-160	nach	negative[3]	_	
2-16	161-164	ein	negative[3]	_	
2-17	165-169	paar	negative[3]	_	
2-18	170-175	Tagen	negative[3]	_	
2-19	176-181	schon	negative[3]	_	
2-20	182-186	ließ	negative[3]	Persönliches/Emotionen[19]	
2-21	187-189	es	negative[3]	Persönliches/Emotionen[19]	
2-22	190-194	mich	negative[3]	Persönliches/Emotionen[19]	
2-23	195-203	ziemlich	negative[3]	Persönliches/Emotionen[19]	
2-24	204-208	kalt	negative[3]	Persönliches/Emotionen[19]	
2-25	208-209	.	negative[3]	_	

#Text=Ey, kennst du das?
3-1	214-216	Ey	neutral[4]	_	
3-2	216-217	,	neutral[4]	_	
3-3	218-224	kennst	neutral[4]	_	
3-4	225-227	du	neutral[4]	_	
3-5	228-231	das	neutral[4]	_	
3-6	231-232	?	neutral[4]	_	

#Text=Wie einmal küssen und dann sterben, weil danach nichts mehr kommen kann.
4-1	234-237	Wie	negative[5]	_	
4-2	238-244	einmal	negative[5]	_	
4-3	245-251	küssen	negative[5]	Liebe/Partnerschaft	
4-4	252-255	und	negative[5]	_	
4-5	256-260	dann	negative[5]	_	
4-6	261-268	sterben	negative[5]	_	
4-7	268-269	,	negative[5]	_	
4-8	270-274	weil	negative[5]	_	
4-9	275-281	danach	negative[5]	_	
4-10	282-288	nichts	negative[5]	_	
4-11	289-293	mehr	negative[5]	_	
4-12	294-300	kommen	negative[5]	_	
4-13	301-305	kann	negative[5]	_	
4-14	305-306	.	negative[5]	_	

#Text=Doch dann fängt schon wieder was ganz Neues an.
5-1	307-311	Doch	positive[6]	_	
5-2	312-316	dann	positive[6]	_	
5-3	317-322	fängt	positive[6]	_	
5-4	323-328	schon	positive[6]	_	
5-5	329-335	wieder	positive[6]	_	
5-6	336-339	was	positive[6]	_	
5-7	340-344	ganz	positive[6]	_	
5-8	345-350	Neues	positive[6]	_	
5-9	351-353	an	positive[6]	_	
5-10	353-354	.	positive[6]	_	

#Text=Einmal küssen und dann sterben, selbst nach der schärfsten Sensation ist noch lange nicht Schluss - nein da seh' ich schon Die nächste Wahnsinns-Dimension.
6-1	355-361	Einmal	positive[7]	_	
6-2	362-368	küssen	positive[7]	Liebe/Partnerschaft	
6-3	369-372	und	positive[7]	_	
6-4	373-377	dann	positive[7]	_	
6-5	378-385	sterben	positive[7]	_	
6-6	385-386	,	positive[7]	_	
6-7	387-393	selbst	positive[7]	_	
6-8	394-398	nach	positive[7]	_	
6-9	399-402	der	positive[7]	_	
6-10	403-413	schärfsten	positive[7]	Persönliches/Emotionen[20]	
6-11	414-423	Sensation	positive[7]	Persönliches/Emotionen[20]	
6-12	424-427	ist	positive[7]	_	
6-13	428-432	noch	positive[7]	_	
6-14	433-438	lange	positive[7]	_	
6-15	439-444	nicht	positive[7]	_	
6-16	445-452	Schluss	positive[7]	_	
6-17	453-454	-	_	_	
6-18	455-459	nein	positive[8]	_	
6-19	460-462	da	positive[8]	_	
6-20	463-466	seh	positive[8]	_	
6-21	466-467	'	positive[8]	_	
6-22	468-471	ich	positive[8]	_	
6-23	472-477	schon	positive[8]	_	
6-24	478-481	Die	positive[8]	_	
6-25	482-489	nächste	positive[8]	_	
6-26	490-509	Wahnsinns-Dimension	positive[8]	Persönliches/Emotionen	
6-27	509-510	.	positive[8]	_	

#Text=Dann die erste Liebe, Mensch, hab' ich gebrannt, ich war sooo angetörnt, nur noch im Fünfeck rumgerannt.
7-1	515-519	Dann	positive[9]	_	
7-2	520-523	die	positive[9]	_	
7-3	524-529	erste	positive[9]	Liebe/Partnerschaft[21]	
7-4	530-535	Liebe	positive[9]	Liebe/Partnerschaft[21]	
7-5	535-536	,	positive[9]	_	
7-6	537-543	Mensch	positive[9]	_	
7-7	543-544	,	positive[9]	_	
7-8	545-548	hab	positive[9]	_	
7-9	548-549	'	positive[9]	_	
7-10	550-553	ich	positive[9]	_	
7-11	554-562	gebrannt	positive[9]	_	
7-12	562-563	,	positive[9]	_	
7-13	564-567	ich	positive[9]	_	
7-14	568-571	war	positive[9]	_	
7-15	572-576	sooo	positive[9]	_	
7-16	577-586	angetörnt	positive[9]	Liebe/Partnerschaft	
7-17	586-587	,	positive[9]	_	
7-18	588-591	nur	positive[9]	_	
7-19	592-596	noch	positive[9]	_	
7-20	597-599	im	positive[9]	_	
7-21	600-607	Fünfeck	positive[9]	_	
7-22	608-618	rumgerannt	positive[9]	_	
7-23	618-619	.	positive[9]	_	

#Text=Wir hatten große Zeiten, doch dann wurd' es hart.
8-1	624-627	Wir	negative[10]	_	
8-2	628-634	hatten	negative[10]	_	
8-3	635-640	große	negative[10]	_	
8-4	641-647	Zeiten	negative[10]	_	
8-5	647-648	,	negative[10]	_	
8-6	649-653	doch	negative[10]	_	
8-7	654-658	dann	negative[10]	_	
8-8	659-663	wurd	negative[10]	_	
8-9	663-664	'	negative[10]	_	
8-10	665-667	es	negative[10]	_	
8-11	668-672	hart	negative[10]	_	
8-12	672-673	.	negative[10]	_	

#Text=Das Ende einer Liebe ist wie'n Tod, aber auch ein neuer Start.
9-1	674-677	Das	positive[11]	_	
9-2	678-682	Ende	positive[11]	_	
9-3	683-688	einer	positive[11]	_	
9-4	689-694	Liebe	positive[11]	Liebe/Partnerschaft	
9-5	695-698	ist	positive[11]	_	
9-6	699-704	wie'n	positive[11]	_	
9-7	705-708	Tod	positive[11]	_	
9-8	708-709	,	positive[11]	_	
9-9	710-714	aber	positive[11]	_	
9-10	715-719	auch	positive[11]	_	
9-11	720-723	ein	positive[11]	_	
9-12	724-729	neuer	positive[11]	_	
9-13	730-735	Start	positive[11]	_	
9-14	735-736	.	positive[11]	_	

#Text=Sie einmal küssen und dann sterben, weil danach nichts mehr kommen kann.
10-1	741-744	Sie	neutral[12]	_	
10-2	745-751	einmal	neutral[12]	_	
10-3	752-758	küssen	neutral[12]	Liebe/Partnerschaft	
10-4	759-762	und	neutral[12]	_	
10-5	763-767	dann	neutral[12]	_	
10-6	768-775	sterben	neutral[12]	_	
10-7	775-776	,	neutral[12]	_	
10-8	777-781	weil	neutral[12]	_	
10-9	782-788	danach	neutral[12]	_	
10-10	789-795	nichts	neutral[12]	_	
10-11	796-800	mehr	neutral[12]	_	
10-12	801-807	kommen	neutral[12]	_	
10-13	808-812	kann	neutral[12]	_	
10-14	812-813	.	neutral[12]	_	

#Text=Doch dann fängt schon wieder was ganz Neues an.
11-1	814-818	Doch	positive[13]	_	
11-2	819-823	dann	positive[13]	_	
11-3	824-829	fängt	positive[13]	_	
11-4	830-835	schon	positive[13]	_	
11-5	836-842	wieder	positive[13]	_	
11-6	843-846	was	positive[13]	_	
11-7	847-851	ganz	positive[13]	_	
11-8	852-857	Neues	positive[13]	_	
11-9	858-860	an	positive[13]	_	
11-10	860-861	.	positive[13]	_	

#Text=Einmal küssen und dann sterben, selbst nach der schärfsten Sensation.
12-1	866-872	Einmal	negative[14]	_	
12-2	873-879	küssen	negative[14]	Liebe/Partnerschaft	
12-3	880-883	und	negative[14]	_	
12-4	884-888	dann	negative[14]	_	
12-5	889-896	sterben	negative[14]	_	
12-6	896-897	,	negative[14]	_	
12-7	898-904	selbst	negative[14]	_	
12-8	905-909	nach	negative[14]	_	
12-9	910-913	der	negative[14]	_	
12-10	914-924	schärfsten	negative[14]	Persönliches/Emotionen[22]	
12-11	925-934	Sensation	negative[14]	Persönliches/Emotionen[22]	
12-12	934-935	.	negative[14]	_	

#Text=Ist noch lange nicht Schluss - nein da seh' ich schon die nächste Wahnsinns-Dimension.
13-1	936-939	Ist	positive[15]	_	
13-2	940-944	noch	positive[15]	_	
13-3	945-950	lange	positive[15]	_	
13-4	951-956	nicht	positive[15]	_	
13-5	957-964	Schluss	positive[15]	_	
13-6	965-966	-	positive[15]	_	
13-7	967-971	nein	positive[15]	_	
13-8	972-974	da	positive[15]	_	
13-9	975-978	seh	positive[15]	_	
13-10	978-979	'	positive[15]	_	
13-11	980-983	ich	positive[15]	_	
13-12	984-989	schon	positive[15]	_	
13-13	990-993	die	positive[15]	_	
13-14	994-1001	nächste	positive[15]	_	
13-15	1002-1021	Wahnsinns-Dimension	positive[15]	Persönliches/Emotionen	
13-16	1021-1022	.	positive[15]	_	

#Text=Und irgendwann als alter Indianer, wenn ich denk', ich hab's gecheckt und den einzig richtigen Weg entdeckt.
14-1	1027-1030	Und	neutral[16]	_	
14-2	1031-1041	irgendwann	neutral[16]	_	
14-3	1042-1045	als	neutral[16]	_	
14-4	1046-1051	alter	neutral[16]	_	
14-5	1052-1060	Indianer	neutral[16]	Politik/Soziales/Missstände	
14-6	1060-1061	,	neutral[16]	_	
14-7	1062-1066	wenn	neutral[16]	_	
14-8	1067-1070	ich	neutral[16]	_	
14-9	1071-1075	denk	neutral[16]	_	
14-10	1075-1076	'	neutral[16]	_	
14-11	1076-1077	,	neutral[16]	_	
14-12	1078-1081	ich	neutral[16]	_	
14-13	1082-1087	hab's	neutral[16]	_	
14-14	1088-1096	gecheckt	neutral[16]	Persönliches/Emotionen	
14-15	1097-1100	und	neutral[16]	_	
14-16	1101-1104	den	neutral[16]	_	
14-17	1105-1111	einzig	neutral[16]	_	
14-18	1112-1121	richtigen	neutral[16]	_	
14-19	1122-1125	Weg	neutral[16]	_	
14-20	1126-1134	entdeckt	neutral[16]	_	
14-21	1134-1135	.	neutral[16]	_	

#Text=Die Weisheit küssen und dann sterben, weil danach nichts mehr kommen kann.
15-1	1136-1139	Die	negative[17]	_	
15-2	1140-1148	Weisheit	negative[17]	_	
15-3	1149-1155	küssen	negative[17]	Liebe/Partnerschaft	
15-4	1156-1159	und	negative[17]	_	
15-5	1160-1164	dann	negative[17]	_	
15-6	1165-1172	sterben	negative[17]	_	
15-7	1172-1173	,	negative[17]	_	
15-8	1174-1178	weil	negative[17]	_	
15-9	1179-1185	danach	negative[17]	_	
15-10	1186-1192	nichts	negative[17]	_	
15-11	1193-1197	mehr	negative[17]	_	
15-12	1198-1204	kommen	negative[17]	_	
15-13	1205-1209	kann	negative[17]	_	
15-14	1209-1210	.	negative[17]	_	

#Text=Doch dann fängt schon wieder was ganz neues an.
16-1	1211-1215	Doch	positive[18]	_	
16-2	1216-1220	dann	positive[18]	_	
16-3	1221-1226	fängt	positive[18]	_	
16-4	1227-1232	schon	positive[18]	_	
16-5	1233-1239	wieder	positive[18]	_	
16-6	1240-1243	was	positive[18]	_	
16-7	1244-1248	ganz	positive[18]	_	
16-8	1249-1254	neues	positive[18]	_	
16-9	1255-1257	an	positive[18]	_	
16-10	1257-1258	.	positive[18]	_	
