#FORMAT=WebAnno TSV 3.2
#T_SP=webanno.custom.Sentiment|Polarity
#T_SP=webanno.custom.Topic|Topics


#Text=Plötzlich bin ich wieder der kleine Junge , ganz spitz auf Lakritz , für den eine Expedition zum nächsten Block  weit, wie 'ne Reise nach China ist , der kleine Robinson Crusoe  auf Entdeckungstour . meiner Mutter Hermine missfielen  die Onkel-Doktor-Spiele  und meine Schwäche für Whisky pur . ich seh' July Müller, meine erste Liebe , mein Herz knallte los , wir wollten heiraten, doch dann kam Jan von nebenan  und ich verliebte mich in Rennautos.
1-1	0-9	Plötzlich	neutral[1]	_	
1-2	10-13	bin	neutral[1]	_	
1-3	14-17	ich	neutral[1]	_	
1-4	18-24	wieder	neutral[1]	_	
1-5	25-28	der	neutral[1]	_	
1-6	29-35	kleine	neutral[1]	_	
1-7	36-41	Junge	neutral[1]	_	
1-8	42-43	,	neutral[1]	_	
1-9	44-48	ganz	neutral[1]	_	
1-10	49-54	spitz	neutral[1]	_	
1-11	55-58	auf	neutral[1]	_	
1-12	59-66	Lakritz	neutral[1]	_	
1-13	67-68	,	neutral[1]	_	
1-14	69-72	für	neutral[1]	_	
1-15	73-76	den	neutral[1]	_	
1-16	77-81	eine	neutral[1]	_	
1-17	82-92	Expedition	neutral[1]	Reisen	
1-18	93-96	zum	neutral[1]	_	
1-19	97-105	nächsten	neutral[1]	_	
1-20	106-111	Block	neutral[1]	_	
1-21	113-117	weit	neutral[1]	_	
1-22	117-118	,	neutral[1]	_	
1-23	119-122	wie	neutral[1]	_	
1-24	123-124	'	neutral[1]	_	
1-25	124-126	ne	neutral[1]	_	
1-26	127-132	Reise	neutral[1]	Reisen[22]	
1-27	133-137	nach	neutral[1]	Reisen[22]	
1-28	138-143	China	neutral[1]	Reisen[22]	
1-29	144-147	ist	neutral[1]	_	
1-30	148-149	,	neutral[1]	_	
1-31	150-153	der	neutral[1]	_	
1-32	154-160	kleine	neutral[1]	_	
1-33	161-169	Robinson	neutral[1]	Reisen[23]	
1-34	170-176	Crusoe	neutral[1]	Reisen[23]	
1-35	178-181	auf	neutral[1]	_	
1-36	182-197	Entdeckungstour	neutral[1]	Reisen	
1-37	198-199	.	_	_	
1-38	200-206	meiner	negative[2]	_	
1-39	207-213	Mutter	negative[2]	_	
1-40	214-221	Hermine	negative[2]	_	
1-41	222-232	missfielen	negative[2]	_	
1-42	234-237	die	negative[2]	_	
1-43	238-257	Onkel-Doktor-Spiele	negative[2]	Liebe/Partnerschaft	
1-44	259-262	und	negative[2]	_	
1-45	263-268	meine	negative[2]	_	
1-46	269-277	Schwäche	negative[2]	_	
1-47	278-281	für	negative[2]	_	
1-48	282-288	Whisky	negative[2]	Gesundheit/Drogen[24]	
1-49	289-292	pur	negative[2]	Gesundheit/Drogen[24]	
1-50	293-294	.	_	_	
1-51	295-298	ich	positive[3]	_	
1-52	299-302	seh	positive[3]	_	
1-53	302-303	'	positive[3]	_	
1-54	304-308	July	positive[3]	_	
1-55	309-315	Müller	positive[3]	_	
1-56	315-316	,	positive[3]	_	
1-57	317-322	meine	positive[3]	Liebe/Partnerschaft[25]	
1-58	323-328	erste	positive[3]	Liebe/Partnerschaft[25]	
1-59	329-334	Liebe	positive[3]	Liebe/Partnerschaft[25]	
1-60	335-336	,	positive[3]	_	
1-61	337-341	mein	positive[3]	Liebe/Partnerschaft[26]	
1-62	342-346	Herz	positive[3]	Liebe/Partnerschaft[26]	
1-63	347-354	knallte	positive[3]	Liebe/Partnerschaft[26]	
1-64	355-358	los	positive[3]	Liebe/Partnerschaft[26]	
1-65	359-360	,	positive[3]	_	
1-66	361-364	wir	positive[3]	_	
1-67	365-372	wollten	positive[3]	_	
1-68	373-381	heiraten	positive[3]	Liebe/Partnerschaft	
1-69	381-382	,	_	_	
1-70	383-387	doch	negative[4]	_	
1-71	388-392	dann	negative[4]	_	
1-72	393-396	kam	negative[4]	_	
1-73	397-400	Jan	negative[4]	_	
1-74	401-404	von	negative[4]	_	
1-75	405-412	nebenan	negative[4]	_	
1-76	414-417	und	negative[4]	_	
1-77	418-421	ich	negative[4]	_	
1-78	422-431	verliebte	negative[4]	Liebe/Partnerschaft	
1-79	432-436	mich	negative[4]	_	
1-80	437-439	in	negative[4]	_	
1-81	440-449	Rennautos	negative[4]	_	
1-82	449-450	.	_	_	

#Text=Da war so viel los , das Leben bestand ausschließlich aus Sensationen  und jeder Tag  brachte jede Menge phantastische Situationen .
2-1	455-457	Da	positive[5]	_	
2-2	458-461	war	positive[5]	_	
2-3	462-464	so	positive[5]	_	
2-4	465-469	viel	positive[5]	_	
2-5	470-473	los	positive[5]	_	
2-6	474-475	,	positive[5]	_	
2-7	476-479	das	positive[5]	_	
2-8	480-485	Leben	positive[5]	_	
2-9	486-493	bestand	positive[5]	_	
2-10	494-508	ausschließlich	positive[5]	_	
2-11	509-512	aus	positive[5]	_	
2-12	513-524	Sensationen	positive[5]	_	
2-13	526-529	und	positive[5]	_	
2-14	530-535	jeder	positive[5]	_	
2-15	536-539	Tag	positive[5]	_	
2-16	541-548	brachte	positive[5]	_	
2-17	549-553	jede	positive[5]	_	
2-18	554-559	Menge	positive[5]	_	
2-19	560-573	phantastische	positive[5]	_	
2-20	574-585	Situationen	positive[5]	_	
2-21	586-587	.	_	_	

#Text=Einmal sind wir losgezogen , wir suchten das Ende vom Regenbogen , da war schwer was los...
3-1	588-594	Einmal	positive[6]	_	
3-2	595-599	sind	positive[6]	_	
3-3	600-603	wir	positive[6]	_	
3-4	604-614	losgezogen	positive[6]	_	
3-5	615-616	,	positive[6]	_	
3-6	617-620	wir	positive[6]	_	
3-7	621-628	suchten	positive[6]	_	
3-8	629-632	das	positive[6]	_	
3-9	633-637	Ende	positive[6]	_	
3-10	638-641	vom	positive[6]	_	
3-11	642-652	Regenbogen	positive[6]	_	
3-12	653-654	,	positive[6]	_	
3-13	655-657	da	positive[6]	_	
3-14	658-661	war	positive[6]	_	
3-15	662-668	schwer	positive[6]	_	
3-16	669-672	was	positive[6]	_	
3-17	673-676	los	positive[6]	_	
3-18	676-677	.	_	_	
3-19	677-678	.	_	_	
3-20	678-679	.	_	_	

#Text=Und dann in der Schule hatte  keiner Bock auf Mathe , lieber ging man stolz mit 'ner Zigarette  zum Schwindeligwerden auf die Toilette .
4-1	684-687	Und	positive[7]	_	
4-2	688-692	dann	positive[7]	_	
4-3	693-695	in	positive[7]	_	
4-4	696-699	der	positive[7]	_	
4-5	700-706	Schule	positive[7]	_	
4-6	707-712	hatte	positive[7]	_	
4-7	714-720	keiner	positive[7]	_	
4-8	721-725	Bock	positive[7]	_	
4-9	726-729	auf	positive[7]	_	
4-10	730-735	Mathe	positive[7]	_	
4-11	736-737	,	positive[7]	_	
4-12	738-744	lieber	positive[7]	_	
4-13	745-749	ging	positive[7]	_	
4-14	750-753	man	positive[7]	_	
4-15	754-759	stolz	positive[7]	_	
4-16	760-763	mit	positive[7]	_	
4-17	764-765	'	positive[7]	_	
4-18	765-768	ner	positive[7]	_	
4-19	769-778	Zigarette	positive[7]	Gesundheit/Drogen	
4-20	780-783	zum	positive[7]	_	
4-21	784-801	Schwindeligwerden	positive[7]	Gesundheit/Drogen	
4-22	802-805	auf	positive[7]	_	
4-23	806-809	die	positive[7]	_	
4-24	810-818	Toilette	positive[7]	_	
4-25	819-820	.	positive[7]	_	

#Text=Gerne quälten wir auch manche Lehrer , die wurden sowieso immer unfairer , einen haben wir so fertiggemacht , der hat sein ganzes Gehalt zum Psychiater gebracht.
5-1	821-826	Gerne	negative[8]	_	
5-2	827-834	quälten	negative[8]	Politik/Soziales/Missstände	
5-3	835-838	wir	negative[8]	_	
5-4	839-843	auch	negative[8]	_	
5-5	844-850	manche	negative[8]	_	
5-6	851-857	Lehrer	negative[8]	_	
5-7	858-859	,	negative[8]	_	
5-8	860-863	die	negative[8]	_	
5-9	864-870	wurden	negative[8]	_	
5-10	871-878	sowieso	negative[8]	_	
5-11	879-884	immer	negative[8]	_	
5-12	885-893	unfairer	negative[8]	_	
5-13	894-895	,	_	_	
5-14	896-901	einen	negative[9]	_	
5-15	902-907	haben	negative[9]	_	
5-16	908-911	wir	negative[9]	_	
5-17	912-914	so	negative[9]	_	
5-18	915-928	fertiggemacht	negative[9]	_	
5-19	929-930	,	negative[9]	_	
5-20	931-934	der	negative[9]	_	
5-21	935-938	hat	negative[9]	_	
5-22	939-943	sein	negative[9]	_	
5-23	944-950	ganzes	negative[9]	_	
5-24	951-957	Gehalt	negative[9]	_	
5-25	958-961	zum	negative[9]	_	
5-26	962-972	Psychiater	negative[9]	Gesundheit/Drogen	
5-27	973-981	gebracht	negative[9]	_	
5-28	981-982	.	_	_	

#Text=Kinder: Also ich werd' später Löwenbändiger .
6-1	987-993	Kinder	neutral[10]	_	
6-2	993-994	:	neutral[10]	_	
6-3	995-999	Also	neutral[10]	_	
6-4	1000-1003	ich	neutral[10]	_	
6-5	1004-1008	werd	neutral[10]	_	
6-6	1008-1009	'	neutral[10]	_	
6-7	1010-1016	später	neutral[10]	_	
6-8	1017-1030	Löwenbändiger	neutral[10]	_	
6-9	1031-1032	.	_	_	

#Text=Ach nee, das is' viel zu gefährlich , da wird man ja gefressen , ich werd' lieber Kaugummifabrikant .
7-1	1033-1036	Ach	negative[11]	_	
7-2	1037-1040	nee	negative[11]	_	
7-3	1040-1041	,	negative[11]	_	
7-4	1042-1045	das	negative[11]	_	
7-5	1046-1048	is	negative[11]	_	
7-6	1048-1049	'	negative[11]	_	
7-7	1050-1054	viel	negative[11]	_	
7-8	1055-1057	zu	negative[11]	_	
7-9	1058-1068	gefährlich	negative[11]	_	
7-10	1069-1070	,	negative[11]	_	
7-11	1071-1073	da	negative[11]	_	
7-12	1074-1078	wird	negative[11]	_	
7-13	1079-1082	man	negative[11]	_	
7-14	1083-1085	ja	negative[11]	_	
7-15	1086-1095	gefressen	negative[11]	_	
7-16	1096-1097	,	_	_	
7-17	1098-1101	ich	neutral[12]	_	
7-18	1102-1106	werd	neutral[12]	_	
7-19	1106-1107	'	neutral[12]	_	
7-20	1108-1114	lieber	neutral[12]	_	
7-21	1115-1132	Kaugummifabrikant	neutral[12]	_	
7-22	1133-1134	.	_	_	

#Text=Ich find' das besser: Taucher .
8-1	1135-1138	Ich	neutral[13]	_	
8-2	1139-1143	find	neutral[13]	_	
8-3	1143-1144	'	neutral[13]	_	
8-4	1145-1148	das	neutral[13]	_	
8-5	1149-1155	besser	neutral[13]	_	
8-6	1155-1156	:	neutral[13]	_	
8-7	1157-1164	Taucher	neutral[13]	_	
8-8	1165-1166	.	_	_	

#Text=Ich werd' lieber Pop-Star .
9-1	1167-1170	Ich	neutral[14]	_	
9-2	1171-1175	werd	neutral[14]	_	
9-3	1175-1176	'	neutral[14]	_	
9-4	1177-1183	lieber	neutral[14]	_	
9-5	1184-1192	Pop-Star	neutral[14]	Musik	
9-6	1193-1194	.	_	_	

#Text=Das find' ich alles ganz doof, ich mach 'nen Zirkus auf .
10-1	1195-1198	Das	negative[15]	_	
10-2	1199-1203	find	negative[15]	_	
10-3	1203-1204	'	negative[15]	_	
10-4	1205-1208	ich	negative[15]	_	
10-5	1209-1214	alles	negative[15]	_	
10-6	1215-1219	ganz	negative[15]	_	
10-7	1220-1224	doof	negative[15]	_	
10-8	1224-1225	,	_	_	
10-9	1226-1229	ich	neutral[16]	_	
10-10	1230-1234	mach	neutral[16]	_	
10-11	1235-1236	'	neutral[16]	_	
10-12	1236-1239	nen	neutral[16]	_	
10-13	1240-1246	Zirkus	neutral[16]	_	
10-14	1247-1250	auf	neutral[16]	_	
10-15	1251-1252	.	_	_	

#Text=Ich werd' später Testpilot .
11-1	1253-1256	Ich	neutral[17]	_	
11-2	1257-1261	werd	neutral[17]	_	
11-3	1261-1262	'	neutral[17]	_	
11-4	1263-1269	später	neutral[17]	_	
11-5	1270-1279	Testpilot	neutral[17]	_	
11-6	1280-1281	.	_	_	

#Text=Und ich Filmstar in Hollywood.
12-1	1282-1285	Und	neutral[18]	_	
12-2	1286-1289	ich	neutral[18]	_	
12-3	1290-1298	Filmstar	neutral[18]	_	
12-4	1299-1301	in	neutral[18]	_	
12-5	1302-1311	Hollywood	neutral[18]	_	
12-6	1311-1312	.	_	_	

#Text=Letzte Woche war ein Klassentreffen, da sah ich sie wieder , die missglückten Helden, die jetzt Beamte sind , die Bonnies und Clydes von früher , jetzt als Herr und Frau Bieder . die Power von damals ist leider hin  und Fritz der Cowboy wurde nur  Manager bei der Müllabfuhr...
13-1	1317-1323	Letzte	negative[19]	_	
13-2	1324-1329	Woche	negative[19]	_	
13-3	1330-1333	war	negative[19]	_	
13-4	1334-1337	ein	negative[19]	_	
13-5	1338-1352	Klassentreffen	negative[19]	_	
13-6	1352-1353	,	negative[19]	_	
13-7	1354-1356	da	negative[19]	_	
13-8	1357-1360	sah	negative[19]	_	
13-9	1361-1364	ich	negative[19]	_	
13-10	1365-1368	sie	negative[19]	_	
13-11	1369-1375	wieder	negative[19]	_	
13-12	1376-1377	,	negative[19]	_	
13-13	1378-1381	die	negative[19]	_	
13-14	1382-1394	missglückten	negative[19]	Politik/Soziales/Missstände[27]	
13-15	1395-1401	Helden	negative[19]	Politik/Soziales/Missstände[27]	
13-16	1401-1402	,	negative[19]	_	
13-17	1403-1406	die	negative[19]	_	
13-18	1407-1412	jetzt	negative[19]	_	
13-19	1413-1419	Beamte	negative[19]	Politik/Soziales/Missstände	
13-20	1420-1424	sind	negative[19]	_	
13-21	1425-1426	,	_	_	
13-22	1427-1430	die	negative[20]	_	
13-23	1431-1438	Bonnies	negative[20]	_	
13-24	1439-1442	und	negative[20]	_	
13-25	1443-1449	Clydes	negative[20]	_	
13-26	1450-1453	von	negative[20]	_	
13-27	1454-1460	früher	negative[20]	_	
13-28	1461-1462	,	negative[20]	_	
13-29	1463-1468	jetzt	negative[20]	_	
13-30	1469-1472	als	negative[20]	_	
13-31	1473-1477	Herr	negative[20]	_	
13-32	1478-1481	und	negative[20]	_	
13-33	1482-1486	Frau	negative[20]	_	
13-34	1487-1493	Bieder	negative[20]	_	
13-35	1494-1495	.	_	_	
13-36	1496-1499	die	negative[21]	_	
13-37	1500-1505	Power	negative[21]	_	
13-38	1506-1509	von	negative[21]	_	
13-39	1510-1516	damals	negative[21]	_	
13-40	1517-1520	ist	negative[21]	_	
13-41	1521-1527	leider	negative[21]	_	
13-42	1528-1531	hin	negative[21]	_	
13-43	1533-1536	und	negative[21]	_	
13-44	1537-1542	Fritz	negative[21]	_	
13-45	1543-1546	der	negative[21]	_	
13-46	1547-1553	Cowboy	negative[21]	_	
13-47	1554-1559	wurde	negative[21]	_	
13-48	1560-1563	nur	negative[21]	_	
13-49	1565-1572	Manager	negative[21]	Politik/Soziales/Missstände	
13-50	1573-1576	bei	negative[21]	_	
13-51	1577-1580	der	negative[21]	_	
13-52	1581-1591	Müllabfuhr	negative[21]	_	
13-53	1591-1592	.	_	_	
13-54	1592-1593	.	_	_	
13-55	1593-1594	.	_	_	
