#FORMAT=WebAnno TSV 3.2
#T_SP=webanno.custom.Sentiment|Polarity
#T_SP=webanno.custom.Topic|Topics


#Text=Vielleicht ist unsere Sonne nur ein Funke heißer Glut vom Joint des großen Gottes.
1-1	0-10	Vielleicht	neutral[1]	_	
1-2	11-14	ist	neutral[1]	_	
1-3	15-21	unsere	neutral[1]	_	
1-4	22-27	Sonne	neutral[1]	_	
1-5	28-31	nur	neutral[1]	_	
1-6	32-35	ein	neutral[1]	_	
1-7	36-41	Funke	neutral[1]	_	
1-8	42-48	heißer	neutral[1]	_	
1-9	49-53	Glut	neutral[1]	_	
1-10	54-57	vom	neutral[1]	_	
1-11	58-63	Joint	neutral[1]	Gesundheit/Drogen	
1-12	64-67	des	neutral[1]	_	
1-13	68-74	großen	neutral[1]	_	
1-14	75-81	Gottes	neutral[1]	_	
1-15	81-82	.	neutral[1]	_	

#Text=Vielleicht ist die Galaxis nur ein Hauch von Haschischrauch.
2-1	83-93	Vielleicht	neutral[2]	_	
2-2	94-97	ist	neutral[2]	_	
2-3	98-101	die	neutral[2]	_	
2-4	102-109	Galaxis	neutral[2]	_	
2-5	110-113	nur	neutral[2]	_	
2-6	114-117	ein	neutral[2]	_	
2-7	118-123	Hauch	neutral[2]	_	
2-8	124-127	von	neutral[2]	_	
2-9	128-142	Haschischrauch	neutral[2]	Gesundheit/Drogen	
2-10	142-143	.	neutral[2]	_	

#Text=Die Milchstraße ist für ihn nur 'ne Linie Kokain.
3-1	144-147	Die	neutral[3]	_	
3-2	148-159	Milchstraße	neutral[3]	_	
3-3	160-163	ist	neutral[3]	_	
3-4	164-167	für	neutral[3]	_	
3-5	168-171	ihn	neutral[3]	_	
3-6	172-175	nur	neutral[3]	_	
3-7	176-177	'	neutral[3]	_	
3-8	177-179	ne	neutral[3]	Gesundheit/Drogen[19]	
3-9	180-185	Linie	neutral[3]	Gesundheit/Drogen[19]	
3-10	186-192	Kokain	neutral[3]	Gesundheit/Drogen[19]	
3-11	192-193	.	neutral[3]	_	

#Text=Wenn dann die Gedanken blitzen, sieht man die Kometen flitzen.
4-1	194-198	Wenn	neutral[4]	_	
4-2	199-203	dann	neutral[4]	_	
4-3	204-207	die	neutral[4]	_	
4-4	208-216	Gedanken	neutral[4]	Persönliches/Emotionen[20]	
4-5	217-224	blitzen	neutral[4]	Persönliches/Emotionen[20]	
4-6	224-225	,	neutral[4]	_	
4-7	226-231	sieht	neutral[4]	_	
4-8	232-235	man	neutral[4]	_	
4-9	236-239	die	neutral[4]	_	
4-10	240-247	Kometen	neutral[4]	_	
4-11	248-255	flitzen	neutral[4]	_	
4-12	255-256	.	neutral[4]	_	

#Text=Gott ist voll auf X-stasy.
5-1	261-265	Gott	neutral[5]	_	
5-2	266-269	ist	neutral[5]	_	
5-3	270-274	voll	neutral[5]	_	
5-4	275-278	auf	neutral[5]	_	
5-5	279-286	X-stasy	neutral[5]	Gesundheit/Drogen	
5-6	286-287	.	neutral[5]	_	

#Text=Gott ist auf X-stasy.
6-1	288-292	Gott	neutral[6]	_	
6-2	293-296	ist	neutral[6]	_	
6-3	297-300	auf	neutral[6]	_	
6-4	301-308	X-stasy	neutral[6]	Gesundheit/Drogen	
6-5	308-309	.	neutral[6]	_	

#Text=Gott ist X-stasy.
7-1	310-314	Gott	neutral[7]	_	
7-2	315-318	ist	neutral[7]	_	
7-3	319-326	X-stasy	neutral[7]	Gesundheit/Drogen	
7-4	326-327	.	neutral[7]	_	

#Text=Who is he and who is me?
8-1	328-331	Who	neutral[8]	_	
8-2	332-334	is	neutral[8]	_	
8-3	335-337	he	neutral[8]	_	
8-4	338-341	and	neutral[8]	_	
8-5	342-345	who	neutral[8]	_	
8-6	346-348	is	neutral[8]	_	
8-7	349-351	me	neutral[8]	_	
8-8	351-352	?	neutral[8]	_	

#Text=Und so ist seine Herrlichkeit in Ewigkeit ewig breit.
9-1	353-356	Und	neutral[9]	_	
9-2	357-359	so	neutral[9]	_	
9-3	360-363	ist	neutral[9]	_	
9-4	364-369	seine	neutral[9]	Politik/Soziales/Missstände[21]	
9-5	370-382	Herrlichkeit	neutral[9]	Politik/Soziales/Missstände[21]	
9-6	383-385	in	neutral[9]	_	
9-7	386-394	Ewigkeit	neutral[9]	_	
9-8	395-399	ewig	neutral[9]	Gesundheit/Drogen[22]	
9-9	400-405	breit	neutral[9]	Gesundheit/Drogen[22]	
9-10	405-406	.	neutral[9]	_	

#Text=Vielleicht ist unsere Sonne nur ein Funke heißer Glut vom Joint des großen Gottes.
10-1	411-421	Vielleicht	neutral[10]	_	
10-2	422-425	ist	neutral[10]	_	
10-3	426-432	unsere	neutral[10]	_	
10-4	433-438	Sonne	neutral[10]	_	
10-5	439-442	nur	neutral[10]	_	
10-6	443-446	ein	neutral[10]	_	
10-7	447-452	Funke	neutral[10]	_	
10-8	453-459	heißer	neutral[10]	_	
10-9	460-464	Glut	neutral[10]	_	
10-10	465-468	vom	neutral[10]	_	
10-11	469-474	Joint	neutral[10]	Gesundheit/Drogen	
10-12	475-478	des	neutral[10]	_	
10-13	479-485	großen	neutral[10]	_	
10-14	486-492	Gottes	neutral[10]	_	
10-15	492-493	.	neutral[10]	_	

#Text=Vielleicht ist die Galaxis nur ein Hauch von Haschischrauch.
11-1	494-504	Vielleicht	neutral[11]	_	
11-2	505-508	ist	neutral[11]	_	
11-3	509-512	die	neutral[11]	_	
11-4	513-520	Galaxis	neutral[11]	_	
11-5	521-524	nur	neutral[11]	_	
11-6	525-528	ein	neutral[11]	_	
11-7	529-534	Hauch	neutral[11]	Gesundheit/Drogen[23]	
11-8	535-538	von	neutral[11]	Gesundheit/Drogen[23]	
11-9	539-553	Haschischrauch	neutral[11]	Gesundheit/Drogen[23]	
11-10	553-554	.	neutral[11]	_	

#Text=Die Milchstraße ist für ihn nur eine Linie Kokain und die Sterne sind doch alle nur LSD-Kristalle.
12-1	555-558	Die	neutral[12]	_	
12-2	559-570	Milchstraße	neutral[12]	_	
12-3	571-574	ist	neutral[12]	_	
12-4	575-578	für	neutral[12]	_	
12-5	579-582	ihn	neutral[12]	_	
12-6	583-586	nur	neutral[12]	_	
12-7	587-591	eine	neutral[12]	Gesundheit/Drogen[24]	
12-8	592-597	Linie	neutral[12]	Gesundheit/Drogen[24]	
12-9	598-604	Kokain	neutral[12]	Gesundheit/Drogen[24]	
12-10	605-608	und	neutral[12]	_	
12-11	609-612	die	neutral[12]	_	
12-12	613-619	Sterne	neutral[12]	_	
12-13	620-624	sind	neutral[12]	_	
12-14	625-629	doch	neutral[12]	_	
12-15	630-634	alle	neutral[12]	_	
12-16	635-638	nur	neutral[12]	_	
12-17	639-652	LSD-Kristalle	neutral[12]	Gesundheit/Drogen	
12-18	652-653	.	neutral[12]	_	

#Text=Gott ist voll auf X-stasy.
13-1	658-662	Gott	neutral[13]	_	
13-2	663-666	ist	neutral[13]	_	
13-3	667-671	voll	neutral[13]	_	
13-4	672-675	auf	neutral[13]	_	
13-5	676-683	X-stasy	neutral[13]	Gesundheit/Drogen	
13-6	683-684	.	neutral[13]	_	

#Text=Gott ist auf X-stasy.
14-1	685-689	Gott	neutral[14]	_	
14-2	690-693	ist	neutral[14]	_	
14-3	694-697	auf	neutral[14]	_	
14-4	698-705	X-stasy	neutral[14]	Gesundheit/Drogen	
14-5	705-706	.	neutral[14]	_	

#Text=Gott ist X-stasy.
15-1	707-711	Gott	neutral[15]	_	
15-2	712-715	ist	neutral[15]	_	
15-3	716-723	X-stasy	neutral[15]	Gesundheit/Drogen	
15-4	723-724	.	neutral[15]	_	

#Text=Who is he and who is me?
16-1	725-728	Who	neutral[16]	_	
16-2	729-731	is	neutral[16]	_	
16-3	732-734	he	neutral[16]	_	
16-4	735-738	and	neutral[16]	_	
16-5	739-742	who	neutral[16]	_	
16-6	743-745	is	neutral[16]	_	
16-7	746-748	me	neutral[16]	_	
16-8	748-749	?	neutral[16]	_	

#Text=Und so ist seine Herrlichkeit in Ewigkeit — ewig breit.
17-1	750-753	Und	neutral[17]	_	
17-2	754-756	so	neutral[17]	_	
17-3	757-760	ist	neutral[17]	_	
17-4	761-766	seine	neutral[17]	Politik/Soziales/Missstände[25]	
17-5	767-779	Herrlichkeit	neutral[17]	Politik/Soziales/Missstände[25]	
17-6	780-782	in	neutral[17]	_	
17-7	783-791	Ewigkeit	neutral[17]	_	
17-8	792-793	—	neutral[17]	_	
17-9	794-798	ewig	neutral[17]	Gesundheit/Drogen[26]	
17-10	799-804	breit	neutral[17]	Gesundheit/Drogen[26]	
17-11	804-805	.	neutral[17]	_	

#Text=Amen.
18-1	806-810	Amen	neutral[18]	_	
18-2	810-811	.	neutral[18]	_	
