#FORMAT=WebAnno TSV 3.2
#T_SP=webanno.custom.Sentiment|Polarity
#T_SP=webanno.custom.Topic|Topics


#Text=Ich hab 'n schönen Identitätsausweis mit 'ner großen Nummer, falls ich mal vergess, wie ich heiß. so 'ne Nummer ist sehr praktisch und auch individuell, denn wenn du Schmidt heißt oder Müller zum Beispiel, verwechselt man dich schnell und viele heißen Udo oder Dave oder Karl-Heinz, ne, da heiße ich doch lieber D-471 81 61.
1-1	0-3	Ich	neutral[1]	_	
1-2	4-7	hab	neutral[1]	_	
1-3	8-9	'	neutral[1]	_	
1-4	9-10	n	neutral[1]	_	
1-5	11-18	schönen	neutral[1]	_	
1-6	19-36	Identitätsausweis	neutral[1]	Politik/Soziales/Missstände	
1-7	37-40	mit	neutral[1]	_	
1-8	41-42	'	neutral[1]	_	
1-9	42-45	ner	neutral[1]	_	
1-10	46-52	großen	neutral[1]	_	
1-11	53-59	Nummer	neutral[1]	_	
1-12	59-60	,	neutral[1]	_	
1-13	61-66	falls	neutral[1]	_	
1-14	67-70	ich	neutral[1]	_	
1-15	71-74	mal	neutral[1]	_	
1-16	75-82	vergess	neutral[1]	_	
1-17	82-83	,	neutral[1]	_	
1-18	84-87	wie	neutral[1]	_	
1-19	88-91	ich	neutral[1]	_	
1-20	92-96	heiß	neutral[1]	_	
1-21	96-97	.	_	_	
1-22	98-100	so	positive[2]	_	
1-23	101-102	'	positive[2]	_	
1-24	102-104	ne	positive[2]	_	
1-25	105-111	Nummer	positive[2]	_	
1-26	112-115	ist	positive[2]	_	
1-27	116-120	sehr	positive[2]	_	
1-28	121-130	praktisch	positive[2]	_	
1-29	131-134	und	positive[2]	_	
1-30	135-139	auch	positive[2]	_	
1-31	140-151	individuell	positive[2]	_	
1-32	151-152	,	_	_	
1-33	153-157	denn	negative[3]	_	
1-34	158-162	wenn	negative[3]	_	
1-35	163-165	du	negative[3]	_	
1-36	166-173	Schmidt	negative[3]	_	
1-37	174-179	heißt	negative[3]	_	
1-38	180-184	oder	negative[3]	_	
1-39	185-191	Müller	negative[3]	_	
1-40	192-195	zum	negative[3]	_	
1-41	196-204	Beispiel	negative[3]	_	
1-42	204-205	,	negative[3]	_	
1-43	206-217	verwechselt	negative[3]	_	
1-44	218-221	man	negative[3]	_	
1-45	222-226	dich	negative[3]	_	
1-46	227-234	schnell	negative[3]	_	
1-47	235-238	und	neutral[4]	_	
1-48	239-244	viele	neutral[4]	_	
1-49	245-251	heißen	neutral[4]	_	
1-50	252-255	Udo	neutral[4]	_	
1-51	256-260	oder	neutral[4]	_	
1-52	261-265	Dave	neutral[4]	_	
1-53	266-270	oder	neutral[4]	_	
1-54	271-281	Karl-Heinz	neutral[4]	_	
1-55	281-282	,	neutral[4]	_	
1-56	283-285	ne	neutral[4]	_	
1-57	285-286	,	neutral[4]	_	
1-58	287-289	da	neutral[4]	_	
1-59	290-295	heiße	neutral[4]	_	
1-60	296-299	ich	neutral[4]	_	
1-61	300-304	doch	neutral[4]	_	
1-62	305-311	lieber	neutral[4]	_	
1-63	312-313	D	neutral[4]	_	
1-64	313-314	-	neutral[4]	_	
1-65	314-317	471	neutral[4]	_	
1-66	318-320	81	neutral[4]	_	
1-67	321-323	61	neutral[4]	_	
1-68	323-324	.	_	_	

#Text=Ich bin viel auf Reisen, hisch und husch auf großer Fahrt, auf 'm Flughafen zum Beispiel, zück' ich meine ID-Card, der Hiwi schiebt das Ding rein und der Computer, ja was tut er, er macht ratter, ratter, ratter und da krieg' ich auch schon den Tatter, denn das Flugzeug macht schon knatter, knatter und ich sag: Die Zeit wird knapp - Doch der Röntgologe liest die ganzen Daten erst noch ab.
2-1	329-332	Ich	neutral[5]	_	
2-2	333-336	bin	neutral[5]	_	
2-3	337-341	viel	neutral[5]	Reisen[10]	
2-4	342-345	auf	neutral[5]	Reisen[10]	
2-5	346-352	Reisen	neutral[5]	Reisen[10]	
2-6	352-353	,	neutral[5]	_	
2-7	354-359	hisch	neutral[5]	_	
2-8	360-363	und	neutral[5]	_	
2-9	364-369	husch	neutral[5]	_	
2-10	370-373	auf	neutral[5]	Reisen[11]	
2-11	374-380	großer	neutral[5]	Reisen[11]	
2-12	381-386	Fahrt	neutral[5]	Reisen[11]	
2-13	386-387	,	_	_	
2-14	388-391	auf	negative[6]	_	
2-15	392-393	'	negative[6]	_	
2-16	393-394	m	negative[6]	_	
2-17	395-404	Flughafen	negative[6]	Reisen	
2-18	405-408	zum	negative[6]	_	
2-19	409-417	Beispiel	negative[6]	_	
2-20	417-418	,	negative[6]	_	
2-21	419-423	zück	negative[6]	_	
2-22	423-424	'	negative[6]	_	
2-23	425-428	ich	negative[6]	_	
2-24	429-434	meine	negative[6]	Politik/Soziales/Missstände[12]	
2-25	435-442	ID-Card	negative[6]	Politik/Soziales/Missstände[12]	
2-26	442-443	,	negative[6]	_	
2-27	444-447	der	negative[6]	_	
2-28	448-452	Hiwi	negative[6]	_	
2-29	453-460	schiebt	negative[6]	_	
2-30	461-464	das	negative[6]	_	
2-31	465-469	Ding	negative[6]	_	
2-32	470-474	rein	negative[6]	_	
2-33	475-478	und	negative[6]	_	
2-34	479-482	der	negative[6]	_	
2-35	483-491	Computer	negative[6]	_	
2-36	491-492	,	negative[6]	_	
2-37	493-495	ja	negative[6]	_	
2-38	496-499	was	negative[6]	_	
2-39	500-503	tut	negative[6]	_	
2-40	504-506	er	negative[6]	_	
2-41	506-507	,	negative[6]	_	
2-42	508-510	er	negative[6]	_	
2-43	511-516	macht	negative[6]	_	
2-44	517-523	ratter	negative[6]	_	
2-45	523-524	,	negative[6]	_	
2-46	525-531	ratter	negative[6]	_	
2-47	531-532	,	negative[6]	_	
2-48	533-539	ratter	negative[6]	_	
2-49	540-543	und	negative[6]	_	
2-50	544-546	da	negative[6]	_	
2-51	547-552	krieg	negative[6]	_	
2-52	552-553	'	negative[6]	_	
2-53	554-557	ich	negative[6]	_	
2-54	558-562	auch	negative[6]	_	
2-55	563-568	schon	negative[6]	_	
2-56	569-572	den	negative[6]	_	
2-57	573-579	Tatter	negative[6]	_	
2-58	579-580	,	negative[6]	_	
2-59	581-585	denn	negative[6]	_	
2-60	586-589	das	negative[6]	_	
2-61	590-598	Flugzeug	negative[6]	Reisen	
2-62	599-604	macht	negative[6]	_	
2-63	605-610	schon	negative[6]	_	
2-64	611-618	knatter	negative[6]	_	
2-65	618-619	,	negative[6]	_	
2-66	620-627	knatter	negative[6]	_	
2-67	628-631	und	negative[7]	_	
2-68	632-635	ich	negative[7]	_	
2-69	636-639	sag	negative[7]	_	
2-70	639-640	:	negative[7]	_	
2-71	641-644	Die	negative[7]	_	
2-72	645-649	Zeit	negative[7]	_	
2-73	650-654	wird	negative[7]	_	
2-74	655-660	knapp	negative[7]	_	
2-75	661-662	-	_	_	
2-76	663-667	Doch	neutral[8]	_	
2-77	668-671	der	neutral[8]	_	
2-78	672-682	Röntgologe	neutral[8]	Gesundheit/Drogen	
2-79	683-688	liest	neutral[8]	_	
2-80	689-692	die	neutral[8]	_	
2-81	693-699	ganzen	neutral[8]	_	
2-82	700-705	Daten	neutral[8]	_	
2-83	706-710	erst	neutral[8]	_	
2-84	711-715	noch	neutral[8]	_	
2-85	716-718	ab	neutral[8]	_	
2-86	718-719	.	_	_	

#Text=Ich sag: Bitte taken Sie's easy, man weiß doch, was da steht, daß die Republik an solchen Vögeln wie mir sowieso demnächst zugrunde geht.
3-1	720-723	Ich	negative[9]	_	
3-2	724-727	sag	negative[9]	_	
3-3	727-728	:	negative[9]	_	
3-4	729-734	Bitte	negative[9]	_	
3-5	735-740	taken	negative[9]	_	
3-6	741-746	Sie's	negative[9]	_	
3-7	747-751	easy	negative[9]	_	
3-8	751-752	,	negative[9]	_	
3-9	753-756	man	negative[9]	_	
3-10	757-761	weiß	negative[9]	_	
3-11	762-766	doch	negative[9]	_	
3-12	766-767	,	negative[9]	_	
3-13	768-771	was	negative[9]	_	
3-14	772-774	da	negative[9]	_	
3-15	775-780	steht	negative[9]	_	
3-16	780-781	,	negative[9]	_	
3-17	782-785	daß	negative[9]	_	
3-18	786-789	die	negative[9]	_	
3-19	790-798	Republik	negative[9]	Politik/Soziales/Missstände	
3-20	799-801	an	negative[9]	_	
3-21	802-809	solchen	negative[9]	_	
3-22	810-816	Vögeln	negative[9]	_	
3-23	817-820	wie	negative[9]	_	
3-24	821-824	mir	negative[9]	_	
3-25	825-832	sowieso	negative[9]	_	
3-26	833-842	demnächst	negative[9]	_	
3-27	843-851	zugrunde	negative[9]	Politik/Soziales/Missstände[13]	
3-28	852-856	geht	negative[9]	Politik/Soziales/Missstände[13]	
3-29	856-857	.	_	_	
