#FORMAT=WebAnno TSV 3.2
#T_SP=webanno.custom.Sentiment|Polarity
#T_SP=webanno.custom.Topic|Topics


#Text=Das große Schiff legt ab vom Kai , das Emigrantenschiff , Hermine...
1-1	0-3	Das	neutral[1]	_	
1-2	4-9	große	neutral[1]	Reisen[5]	
1-3	10-16	Schiff	neutral[1]	Reisen[5]	
1-4	17-21	legt	neutral[1]	_	
1-5	22-24	ab	neutral[1]	_	
1-6	25-28	vom	neutral[1]	_	
1-7	29-32	Kai	neutral[1]	Reisen	
1-8	33-34	,	neutral[1]	_	
1-9	35-38	das	neutral[1]	_	
1-10	39-55	Emigrantenschiff	neutral[1]	Reisen	
1-11	56-57	,	neutral[1]	_	
1-12	58-65	Hermine	neutral[1]	Liebe/Partnerschaft	
1-13	65-66	.	_	_	
1-14	66-67	.	_	_	
1-15	67-68	.	_	_	

#Text=Hermine ist dabei .
2-1	69-76	Hermine	negative[2]	Liebe/Partnerschaft	
2-2	77-80	ist	negative[2]	_	
2-3	81-86	dabei	negative[2]	_	
2-4	87-88	.	_	_	

#Text=Ein letzter Blick , ein letzter Blick zurück  auf ihr Land .
3-1	89-92	Ein	negative[3]	_	
3-2	93-100	letzter	negative[3]	_	
3-3	101-106	Blick	negative[3]	_	
3-4	107-108	,	negative[3]	_	
3-5	109-112	ein	negative[3]	_	
3-6	113-120	letzter	negative[3]	_	
3-7	121-126	Blick	negative[3]	_	
3-8	127-133	zurück	negative[3]	_	
3-9	135-138	auf	negative[3]	_	
3-10	139-142	ihr	negative[3]	_	
3-11	143-147	Land	negative[3]	_	
3-12	148-149	.	_	_	

#Text=Deutschland verschwindet  hinter einer Nebelwand.
4-1	150-161	Deutschland	negative[4]	Politik/Soziales/Missstände	
4-2	162-174	verschwindet	negative[4]	_	
4-3	176-182	hinter	negative[4]	_	
4-4	183-188	einer	negative[4]	_	
4-5	189-198	Nebelwand	negative[4]	_	
4-6	198-199	.	_	_	
