#FORMAT=WebAnno TSV 3.2
#T_SP=webanno.custom.Sentiment|Polarity
#T_SP=webanno.custom.Topic|Topics


#Text=In den Ruinen von Berlin fangen die Blumen wieder an zu blüh'n , ihr Indianer, Arbeiter und Bauern, komm' wir sprengen über alle Mauern.
1-1	0-2	In	positive[1]	_	
1-2	3-6	den	positive[1]	_	
1-3	7-13	Ruinen	positive[1]	Politik/Soziales/Missstände[4]	
1-4	14-17	von	positive[1]	Politik/Soziales/Missstände[4]	
1-5	18-24	Berlin	positive[1]	Politik/Soziales/Missstände[4]	
1-6	25-31	fangen	positive[1]	_	
1-7	32-35	die	positive[1]	_	
1-8	36-42	Blumen	positive[1]	_	
1-9	43-49	wieder	positive[1]	_	
1-10	50-52	an	positive[1]	_	
1-11	53-55	zu	positive[1]	_	
1-12	56-62	blüh'n	positive[1]	_	
1-13	63-64	,	positive[1]	_	
1-14	65-68	ihr	positive[1]	_	
1-15	69-77	Indianer	positive[1]	Politik/Soziales/Missstände[5]	
1-16	77-78	,	positive[1]	Politik/Soziales/Missstände[5]	
1-17	79-87	Arbeiter	positive[1]	Politik/Soziales/Missstände[5]	
1-18	88-91	und	positive[1]	Politik/Soziales/Missstände[5]	
1-19	92-98	Bauern	positive[1]	Politik/Soziales/Missstände[5]	
1-20	98-99	,	positive[1]	_	
1-21	100-104	komm	positive[1]	_	
1-22	104-105	'	positive[1]	_	
1-23	106-109	wir	positive[1]	_	
1-24	110-118	sprengen	positive[1]	Politik/Soziales/Missstände	
1-25	119-123	über	positive[1]	_	
1-26	124-128	alle	positive[1]	_	
1-27	129-135	Mauern	positive[1]	Politik/Soziales/Missstände	
1-28	135-136	.	positive[1]	_	

#Text=In den Ruinen von Berlin fangen die Blumen wieder an zu blüh'n, ein neuer Frühling, der beginnt in den Ruinen von Berlin.
2-1	141-143	In	positive[2]	_	
2-2	144-147	den	positive[2]	_	
2-3	148-154	Ruinen	positive[2]	Politik/Soziales/Missstände[6]	
2-4	155-158	von	positive[2]	Politik/Soziales/Missstände[6]	
2-5	159-165	Berlin	positive[2]	Politik/Soziales/Missstände[6]	
2-6	166-172	fangen	positive[2]	_	
2-7	173-176	die	positive[2]	_	
2-8	177-183	Blumen	positive[2]	_	
2-9	184-190	wieder	positive[2]	_	
2-10	191-193	an	positive[2]	_	
2-11	194-196	zu	positive[2]	_	
2-12	197-203	blüh'n	positive[2]	_	
2-13	203-204	,	positive[2]	_	
2-14	205-208	ein	positive[2]	_	
2-15	209-214	neuer	positive[2]	Politik/Soziales/Missstände[7]	
2-16	215-223	Frühling	positive[2]	Politik/Soziales/Missstände[7]	
2-17	223-224	,	positive[2]	_	
2-18	225-228	der	positive[2]	_	
2-19	229-236	beginnt	positive[2]	_	
2-20	237-239	in	positive[2]	_	
2-21	240-243	den	positive[2]	_	
2-22	244-250	Ruinen	positive[2]	Politik/Soziales/Missstände[8]	
2-23	251-254	von	positive[2]	Politik/Soziales/Missstände[8]	
2-24	255-261	Berlin	positive[2]	Politik/Soziales/Missstände[8]	
2-25	261-262	.	positive[2]	_	

#Text=Admidst the ruins of Berlin trees are in bloom as they have never been sometimes at night you feel in all your sorrow a perfume of a sweet tomorrow  
#Text= 
#Text=Dans le ruines de Berlin il ya des fleurs qui renaissant enfin na rujinach berlina wnow'zwejety rostky puskajut In den Ruinen.
3-1	267-274	Admidst	_	_	
3-2	275-278	the	_	_	
3-3	279-284	ruins	_	_	
3-4	285-287	of	_	_	
3-5	288-294	Berlin	_	_	
3-6	295-300	trees	_	_	
3-7	301-304	are	_	_	
3-8	305-307	in	_	_	
3-9	308-313	bloom	_	_	
3-10	314-316	as	_	_	
3-11	317-321	they	_	_	
3-12	322-326	have	_	_	
3-13	327-332	never	_	_	
3-14	333-337	been	_	_	
3-15	338-347	sometimes	_	_	
3-16	348-350	at	_	_	
3-17	351-356	night	_	_	
3-18	357-360	you	_	_	
3-19	361-365	feel	_	_	
3-20	366-368	in	_	_	
3-21	369-372	all	_	_	
3-22	373-377	your	_	_	
3-23	378-384	sorrow	_	_	
3-24	385-386	a	_	_	
3-25	387-394	perfume	_	_	
3-26	395-397	of	_	_	
3-27	398-399	a	_	_	
3-28	400-405	sweet	_	_	
3-29	406-414	tomorrow	_	_	
3-30	419-423	Dans	_	_	
3-31	424-426	le	_	_	
3-32	427-433	ruines	_	_	
3-33	434-436	de	_	_	
3-34	437-443	Berlin	_	_	
3-35	444-446	il	_	_	
3-36	447-449	ya	_	_	
3-37	450-453	des	_	_	
3-38	454-460	fleurs	_	_	
3-39	461-464	qui	_	_	
3-40	465-475	renaissant	_	_	
3-41	476-481	enfin	_	_	
3-42	482-484	na	_	_	
3-43	485-493	rujinach	_	_	
3-44	494-501	berlina	_	_	
3-45	502-514	wnow'zwejety	_	_	
3-46	515-521	rostky	_	_	
3-47	522-530	puskajut	_	_	
3-48	531-533	In	_	_	
3-49	534-537	den	_	_	
3-50	538-544	Ruinen	_	_	
3-51	544-545	.	_	_	

#Text=In den Ruinen von Berlin fangen die Blumen wieder an zu blüh'n, ihr Indianer, Arbeiter und Bauern, komm', wir springen über alle Mauern.
4-1	550-552	In	positive[3]	_	
4-2	553-556	den	positive[3]	_	
4-3	557-563	Ruinen	positive[3]	Politik/Soziales/Missstände[9]	
4-4	564-567	von	positive[3]	Politik/Soziales/Missstände[9]	
4-5	568-574	Berlin	positive[3]	Politik/Soziales/Missstände[9]	
4-6	575-581	fangen	positive[3]	_	
4-7	582-585	die	positive[3]	_	
4-8	586-592	Blumen	positive[3]	_	
4-9	593-599	wieder	positive[3]	_	
4-10	600-602	an	positive[3]	_	
4-11	603-605	zu	positive[3]	_	
4-12	606-612	blüh'n	positive[3]	_	
4-13	612-613	,	positive[3]	_	
4-14	614-617	ihr	positive[3]	_	
4-15	618-626	Indianer	positive[3]	Politik/Soziales/Missstände[10]	
4-16	626-627	,	positive[3]	Politik/Soziales/Missstände[10]	
4-17	628-636	Arbeiter	positive[3]	Politik/Soziales/Missstände[10]	
4-18	637-640	und	positive[3]	Politik/Soziales/Missstände[10]	
4-19	641-647	Bauern	positive[3]	Politik/Soziales/Missstände[10]	
4-20	647-648	,	positive[3]	_	
4-21	649-653	komm	positive[3]	_	
4-22	653-654	'	positive[3]	_	
4-23	654-655	,	positive[3]	_	
4-24	656-659	wir	positive[3]	_	
4-25	660-668	springen	positive[3]	Politik/Soziales/Missstände[11]	
4-26	669-673	über	positive[3]	Politik/Soziales/Missstände[11]	
4-27	674-678	alle	positive[3]	Politik/Soziales/Missstände[11]	
4-28	679-685	Mauern	positive[3]	Politik/Soziales/Missstände[11]	
4-29	685-686	.	positive[3]	_	

#Text=That's when you realize at last they won't return the phantoms of the past a brandnew spring is to begin out of the ruins of Berlin
5-1	691-697	That's	_	_	
5-2	698-702	when	_	_	
5-3	703-706	you	_	_	
5-4	707-714	realize	_	_	
5-5	715-717	at	_	_	
5-6	718-722	last	_	_	
5-7	723-727	they	_	_	
5-8	728-733	won't	_	_	
5-9	734-740	return	_	_	
5-10	741-744	the	_	_	
5-11	745-753	phantoms	_	_	
5-12	754-756	of	_	_	
5-13	757-760	the	_	_	
5-14	761-765	past	_	_	
5-15	766-767	a	_	_	
5-16	768-776	brandnew	_	_	
5-17	777-783	spring	_	_	
5-18	784-786	is	_	_	
5-19	787-789	to	_	_	
5-20	790-795	begin	_	_	
5-21	796-799	out	_	_	
5-22	800-802	of	_	_	
5-23	803-806	the	_	_	
5-24	807-812	ruins	_	_	
5-25	813-815	of	_	_	
5-26	816-822	Berlin	_	_	
