#FORMAT=WebAnno TSV 3.2
#T_SP=webanno.custom.Sentiment|Polarity
#T_SP=webanno.custom.Topic|Topics


#Text=Einmal um die ganze Welt  und die Taschen voller Geld, dass man keine Liebe und kein Glück versäumt.
1-1	0-6	Einmal	neutral[1]	_	
1-2	7-9	um	neutral[1]	Reisen[8]	
1-3	10-13	die	neutral[1]	Reisen[8]	
1-4	14-19	ganze	neutral[1]	Reisen[8]	
1-5	20-24	Welt	neutral[1]	Reisen[8]	
1-6	26-29	und	neutral[1]	_	
1-7	30-33	die	neutral[1]	_	
1-8	34-41	Taschen	neutral[1]	Politik/Soziales/Missstände[9]	
1-9	42-48	voller	neutral[1]	Politik/Soziales/Missstände[9]	
1-10	49-53	Geld	neutral[1]	Politik/Soziales/Missstände[9]	
1-11	53-54	,	neutral[1]	_	
1-12	55-59	dass	neutral[1]	_	
1-13	60-63	man	neutral[1]	_	
1-14	64-69	keine	neutral[1]	_	
1-15	70-75	Liebe	neutral[1]	Liebe/Partnerschaft	
1-16	76-79	und	neutral[1]	_	
1-17	80-84	kein	neutral[1]	_	
1-18	85-90	Glück	neutral[1]	Persönliches/Emotionen	
1-19	91-99	versäumt	neutral[1]	_	
1-20	99-100	.	neutral[1]	_	

#Text=Viele fremde Länder seh'n, auf dem Mond spazieren geh'n, davon hab ich schon als kleines Kind geträumt.
2-1	101-106	Viele	positive[2]	Reisen[10]	
2-2	107-113	fremde	positive[2]	Reisen[10]	
2-3	114-120	Länder	positive[2]	Reisen[10]	
2-4	121-126	seh'n	positive[2]	_	
2-5	126-127	,	positive[2]	_	
2-6	128-131	auf	positive[2]	_	
2-7	132-135	dem	positive[2]	_	
2-8	136-140	Mond	positive[2]	Reisen	
2-9	141-150	spazieren	positive[2]	_	
2-10	151-156	geh'n	positive[2]	_	
2-11	156-157	,	positive[2]	_	
2-12	158-163	davon	positive[2]	_	
2-13	164-167	hab	positive[2]	_	
2-14	168-171	ich	positive[2]	_	
2-15	172-177	schon	positive[2]	_	
2-16	178-181	als	positive[2]	_	
2-17	182-189	kleines	positive[2]	_	
2-18	190-194	Kind	positive[2]	_	
2-19	195-203	geträumt	positive[2]	_	
2-20	203-204	.	positive[2]	_	

#Text=Wenn man nur als Kind schon wüsste, was man tun und lassen müsste, wär' das Leben leicht.
3-1	209-213	Wenn	neutral[3]	_	
3-2	214-217	man	neutral[3]	_	
3-3	218-221	nur	neutral[3]	_	
3-4	222-225	als	neutral[3]	_	
3-5	226-230	Kind	neutral[3]	_	
3-6	231-236	schon	neutral[3]	_	
3-7	237-243	wüsste	neutral[3]	_	
3-8	243-244	,	neutral[3]	_	
3-9	245-248	was	neutral[3]	_	
3-10	249-252	man	neutral[3]	_	
3-11	253-256	tun	neutral[3]	_	
3-12	257-260	und	neutral[3]	_	
3-13	261-267	lassen	neutral[3]	_	
3-14	268-274	müsste	neutral[3]	_	
3-15	274-275	,	neutral[3]	_	
3-16	276-279	wär	neutral[3]	_	
3-17	279-280	'	neutral[3]	_	
3-18	281-284	das	neutral[3]	_	
3-19	285-290	Leben	neutral[3]	_	
3-20	291-297	leicht	neutral[3]	_	
3-21	297-298	.	neutral[3]	_	

#Text=Ob man alle weiten Ziele und das schönste der Gefühle  irgendwann erreicht.
4-1	299-301	Ob	neutral[4]	_	
4-2	302-305	man	neutral[4]	_	
4-3	306-310	alle	neutral[4]	_	
4-4	311-317	weiten	neutral[4]	_	
4-5	318-323	Ziele	neutral[4]	_	
4-6	324-327	und	neutral[4]	_	
4-7	328-331	das	neutral[4]	_	
4-8	332-340	schönste	neutral[4]	Persönliches/Emotionen[11]	
4-9	341-344	der	neutral[4]	Persönliches/Emotionen[11]	
4-10	345-352	Gefühle	neutral[4]	Persönliches/Emotionen[11]	
4-11	354-364	irgendwann	neutral[4]	_	
4-12	365-373	erreicht	neutral[4]	_	
4-13	373-374	.	neutral[4]	_	

#Text=Von den vielen Illusionen, die in uns'ren Herzen wohnen, bleiben nur ein paar und werden wie ein Wunder  eines Tages dann mitunter wahr.
5-1	379-382	Von	positive[5]	_	
5-2	383-386	den	positive[5]	_	
5-3	387-393	vielen	positive[5]	_	
5-4	394-404	Illusionen	positive[5]	_	
5-5	404-405	,	positive[5]	_	
5-6	406-409	die	positive[5]	_	
5-7	410-412	in	positive[5]	_	
5-8	413-420	uns'ren	positive[5]	_	
5-9	421-427	Herzen	positive[5]	_	
5-10	428-434	wohnen	positive[5]	_	
5-11	434-435	,	positive[5]	_	
5-12	436-443	bleiben	positive[5]	_	
5-13	444-447	nur	positive[5]	_	
5-14	448-451	ein	positive[5]	_	
5-15	452-456	paar	positive[5]	_	
5-16	457-460	und	positive[5]	_	
5-17	461-467	werden	positive[5]	_	
5-18	468-471	wie	positive[5]	_	
5-19	472-475	ein	positive[5]	_	
5-20	476-482	Wunder	positive[5]	_	
5-21	484-489	eines	positive[5]	_	
5-22	490-495	Tages	positive[5]	_	
5-23	496-500	dann	positive[5]	_	
5-24	501-509	mitunter	positive[5]	_	
5-25	510-514	wahr	positive[5]	_	
5-26	514-515	.	positive[5]	_	

#Text=Einmal um die ganze Welt  und die Taschen voller Geld, dass man keine Liebe und kein Glück versäumt.
6-1	520-526	Einmal	neutral[6]	_	
6-2	527-529	um	neutral[6]	Reisen[12]	
6-3	530-533	die	neutral[6]	Reisen[12]	
6-4	534-539	ganze	neutral[6]	Reisen[12]	
6-5	540-544	Welt	neutral[6]	Reisen[12]	
6-6	546-549	und	neutral[6]	_	
6-7	550-553	die	neutral[6]	_	
6-8	554-561	Taschen	neutral[6]	Politik/Soziales/Missstände[13]	
6-9	562-568	voller	neutral[6]	Politik/Soziales/Missstände[13]	
6-10	569-573	Geld	neutral[6]	Politik/Soziales/Missstände[13]	
6-11	573-574	,	neutral[6]	_	
6-12	575-579	dass	neutral[6]	_	
6-13	580-583	man	neutral[6]	_	
6-14	584-589	keine	neutral[6]	_	
6-15	590-595	Liebe	neutral[6]	Liebe/Partnerschaft	
6-16	596-599	und	neutral[6]	_	
6-17	600-604	kein	neutral[6]	_	
6-18	605-610	Glück	neutral[6]	Persönliches/Emotionen	
6-19	611-619	versäumt	neutral[6]	_	
6-20	619-620	.	neutral[6]	_	

#Text=Viele fremde Länder seh'n, auf dem Mond spazieren geh'n, davon hab ich schon als kleines Kind geträumt.
7-1	621-626	Viele	positive[7]	Reisen[14]	
7-2	627-633	fremde	positive[7]	Reisen[14]	
7-3	634-640	Länder	positive[7]	Reisen[14]	
7-4	641-646	seh'n	positive[7]	_	
7-5	646-647	,	positive[7]	_	
7-6	648-651	auf	positive[7]	_	
7-7	652-655	dem	positive[7]	_	
7-8	656-660	Mond	positive[7]	Reisen	
7-9	661-670	spazieren	positive[7]	_	
7-10	671-676	geh'n	positive[7]	_	
7-11	676-677	,	positive[7]	_	
7-12	678-683	davon	positive[7]	_	
7-13	684-687	hab	positive[7]	_	
7-14	688-691	ich	positive[7]	_	
7-15	692-697	schon	positive[7]	_	
7-16	698-701	als	positive[7]	_	
7-17	702-709	kleines	positive[7]	_	
7-18	710-714	Kind	positive[7]	_	
7-19	715-723	geträumt	positive[7]	_	
7-20	723-724	.	positive[7]	_	
