#FORMAT=WebAnno TSV 3.2
#T_SP=webanno.custom.Sentiment|Polarity
#T_SP=webanno.custom.Topic|Topics


#Text=Was macht 'n richtigen Rockstar aus?
1-1	0-3	Was	neutral[1]	_	
1-2	4-9	macht	neutral[1]	_	
1-3	10-11	'	neutral[1]	_	
1-4	11-12	n	neutral[1]	_	
1-5	13-22	richtigen	neutral[1]	_	
1-6	23-31	Rockstar	neutral[1]	Musik	
1-7	32-35	aus	neutral[1]	_	
1-8	35-36	?	neutral[1]	_	

#Text=schmeißt den Fernseher aus'm Fenster raus, nimmt reichlich Drogen, so wie Keith Richard und dann zur Blutwäsche, zehnmal im Jahr. wohnt nicht im Haus, sondern im Hotel, da finden ihn die Ladies schnell. dann läuft das ab so wie gewöhnlich, den Kundendienst, den macht der Chef hier noch persönlich.
2-1	37-45	schmeißt	neutral[2]	_	
2-2	46-49	den	neutral[2]	_	
2-3	50-59	Fernseher	neutral[2]	_	
2-4	60-65	aus'm	neutral[2]	_	
2-5	66-73	Fenster	neutral[2]	_	
2-6	74-78	raus	neutral[2]	_	
2-7	78-79	,	neutral[2]	_	
2-8	80-85	nimmt	neutral[2]	_	
2-9	86-95	reichlich	neutral[2]	_	
2-10	96-102	Drogen	neutral[2]	Gesundheit/Drogen	
2-11	102-103	,	neutral[2]	_	
2-12	104-106	so	neutral[2]	_	
2-13	107-110	wie	neutral[2]	_	
2-14	111-116	Keith	neutral[2]	_	
2-15	117-124	Richard	neutral[2]	_	
2-16	125-128	und	neutral[2]	_	
2-17	129-133	dann	neutral[2]	_	
2-18	134-137	zur	neutral[2]	_	
2-19	138-148	Blutwäsche	neutral[2]	Gesundheit/Drogen	
2-20	148-149	,	neutral[2]	_	
2-21	150-157	zehnmal	neutral[2]	_	
2-22	158-160	im	neutral[2]	_	
2-23	161-165	Jahr	neutral[2]	_	
2-24	165-166	.	_	_	
2-25	167-172	wohnt	neutral[3]	_	
2-26	173-178	nicht	neutral[3]	_	
2-27	179-181	im	neutral[3]	_	
2-28	182-186	Haus	neutral[3]	_	
2-29	186-187	,	neutral[3]	_	
2-30	188-195	sondern	neutral[3]	_	
2-31	196-198	im	neutral[3]	_	
2-32	199-204	Hotel	neutral[3]	_	
2-33	204-205	,	neutral[3]	_	
2-34	206-208	da	neutral[3]	_	
2-35	209-215	finden	neutral[3]	_	
2-36	216-219	ihn	neutral[3]	_	
2-37	220-223	die	neutral[3]	Liebe/Partnerschaft[22]	
2-38	224-230	Ladies	neutral[3]	Liebe/Partnerschaft[22]	
2-39	231-238	schnell	neutral[3]	_	
2-40	238-239	.	_	_	
2-41	240-244	dann	neutral[4]	_	
2-42	245-250	läuft	neutral[4]	_	
2-43	251-254	das	neutral[4]	_	
2-44	255-257	ab	neutral[4]	_	
2-45	258-260	so	neutral[4]	_	
2-46	261-264	wie	neutral[4]	_	
2-47	265-275	gewöhnlich	neutral[4]	_	
2-48	275-276	,	neutral[4]	_	
2-49	277-280	den	neutral[4]	_	
2-50	281-293	Kundendienst	neutral[4]	_	
2-51	293-294	,	neutral[4]	_	
2-52	295-298	den	neutral[4]	_	
2-53	299-304	macht	neutral[4]	_	
2-54	305-308	der	neutral[4]	_	
2-55	309-313	Chef	neutral[4]	_	
2-56	314-318	hier	neutral[4]	_	
2-57	319-323	noch	neutral[4]	_	
2-58	324-334	persönlich	neutral[4]	_	
2-59	334-335	.	_	_	

#Text=Ja, wenn es auch manchmal t-t-tierisch hart ist, wenn sonst keiner, sonst k-k-keiner hier am Start ist, nützt ja alles nix.
3-1	340-342	Ja	negative[5]	_	
3-2	342-343	,	negative[5]	_	
3-3	344-348	wenn	negative[5]	_	
3-4	349-351	es	negative[5]	_	
3-5	352-356	auch	negative[5]	_	
3-6	357-365	manchmal	negative[5]	_	
3-7	366-378	t-t-tierisch	negative[5]	Persönliches/Emotionen[23]	
3-8	379-383	hart	negative[5]	Persönliches/Emotionen[23]	
3-9	384-387	ist	negative[5]	_	
3-10	387-388	,	negative[5]	_	
3-11	389-393	wenn	negative[5]	_	
3-12	394-399	sonst	negative[5]	_	
3-13	400-406	keiner	negative[5]	_	
3-14	406-407	,	negative[5]	_	
3-15	408-413	sonst	negative[5]	_	
3-16	414-424	k-k-keiner	negative[5]	_	
3-17	425-429	hier	negative[5]	_	
3-18	430-432	am	negative[5]	_	
3-19	433-438	Start	negative[5]	_	
3-20	439-442	ist	negative[5]	_	
3-21	442-443	,	negative[5]	_	
3-22	444-449	nützt	negative[5]	_	
3-23	450-452	ja	negative[5]	_	
3-24	453-458	alles	negative[5]	_	
3-25	459-462	nix	negative[5]	_	
3-26	462-463	.	_	_	

#Text=Einer muss den Job ja machen, bitte keine halben Sachen. einer lässt es richtig krachen, einer muss den Job ja machen.
4-1	468-473	Einer	negative[6]	_	
4-2	474-478	muss	negative[6]	_	
4-3	479-482	den	negative[6]	_	
4-4	483-486	Job	negative[6]	_	
4-5	487-489	ja	negative[6]	_	
4-6	490-496	machen	negative[6]	_	
4-7	496-497	,	negative[6]	_	
4-8	498-503	bitte	negative[6]	_	
4-9	504-509	keine	negative[6]	_	
4-10	510-516	halben	negative[6]	_	
4-11	517-523	Sachen	negative[6]	_	
4-12	523-524	.	_	_	
4-13	525-530	einer	negative[7]	_	
4-14	531-536	lässt	negative[7]	_	
4-15	537-539	es	negative[7]	_	
4-16	540-547	richtig	negative[7]	_	
4-17	548-555	krachen	negative[7]	_	
4-18	555-556	,	negative[7]	_	
4-19	557-562	einer	negative[7]	_	
4-20	563-567	muss	negative[7]	_	
4-21	568-571	den	negative[7]	_	
4-22	572-575	Job	negative[7]	_	
4-23	576-578	ja	negative[7]	_	
4-24	579-585	machen	negative[7]	_	
4-25	585-586	.	_	_	

#Text=Der frühe Vogel kann ihn mal. muss lange schlafen, Schönheit ist sein Kapital. mittags um eins schleicht er an die Bar, Whisky gurgeln macht die Stimme klar, gut bedröhnt fährt er mit der Corvette,  mal kurz zum Stadion, die Show wird fett, Sex and Drugs and Rock'n'Roll, der VEB-Sänger, der Edelproll.
5-1	591-594	Der	negative[8]	_	
5-2	595-600	frühe	negative[8]	_	
5-3	601-606	Vogel	negative[8]	_	
5-4	607-611	kann	negative[8]	_	
5-5	612-615	ihn	negative[8]	_	
5-6	616-619	mal	negative[8]	_	
5-7	619-620	.	_	_	
5-8	621-625	muss	neutral[9]	_	
5-9	626-631	lange	neutral[9]	_	
5-10	632-640	schlafen	neutral[9]	_	
5-11	640-641	,	neutral[9]	_	
5-12	642-651	Schönheit	neutral[9]	_	
5-13	652-655	ist	neutral[9]	_	
5-14	656-660	sein	neutral[9]	_	
5-15	661-668	Kapital	neutral[9]	_	
5-16	668-669	.	_	_	
5-17	670-677	mittags	positive[10]	_	
5-18	678-680	um	positive[10]	_	
5-19	681-685	eins	positive[10]	_	
5-20	686-695	schleicht	positive[10]	_	
5-21	696-698	er	positive[10]	_	
5-22	699-701	an	positive[10]	_	
5-23	702-705	die	positive[10]	_	
5-24	706-709	Bar	positive[10]	Gesundheit/Drogen	
5-25	709-710	,	positive[10]	_	
5-26	711-717	Whisky	positive[10]	Gesundheit/Drogen	
5-27	718-725	gurgeln	positive[10]	_	
5-28	726-731	macht	positive[10]	_	
5-29	732-735	die	positive[10]	_	
5-30	736-742	Stimme	positive[10]	_	
5-31	743-747	klar	positive[10]	_	
5-32	747-748	,	positive[10]	_	
5-33	749-752	gut	positive[10]	_	
5-34	753-761	bedröhnt	positive[10]	Gesundheit/Drogen	
5-35	762-767	fährt	positive[10]	_	
5-36	768-770	er	positive[10]	_	
5-37	771-774	mit	positive[10]	_	
5-38	775-778	der	positive[10]	_	
5-39	779-787	Corvette	positive[10]	_	
5-40	787-788	,	positive[10]	_	
5-41	790-793	mal	positive[10]	_	
5-42	794-798	kurz	positive[10]	_	
5-43	799-802	zum	positive[10]	_	
5-44	803-810	Stadion	positive[10]	Musik	
5-45	810-811	,	positive[10]	_	
5-46	812-815	die	positive[10]	_	
5-47	816-820	Show	positive[10]	Musik	
5-48	821-825	wird	positive[10]	_	
5-49	826-830	fett	positive[10]	_	
5-50	830-831	,	positive[10]	_	
5-51	832-835	Sex	positive[10]	Liebe/Partnerschaft	
5-52	836-839	and	positive[10]	_	
5-53	840-845	Drugs	positive[10]	Gesundheit/Drogen	
5-54	846-849	and	positive[10]	_	
5-55	850-861	Rock'n'Roll	positive[10]	Musik	
5-56	861-862	,	positive[10]	_	
5-57	863-866	der	positive[10]	_	
5-58	867-877	VEB-Sänger	positive[10]	Politik/Soziales/Missstände	
5-59	877-878	,	positive[10]	_	
5-60	879-882	der	positive[10]	_	
5-61	883-892	Edelproll	positive[10]	Politik/Soziales/Missstände	
5-62	892-893	.	_	_	

#Text=Wenn kein anderer da ist, stellt sich hier die Frage, muss er wirklich noch mal ran auf seine alten Tage, nützt ja alles nix.
6-1	898-902	Wenn	negative[11]	_	
6-2	903-907	kein	negative[11]	_	
6-3	908-915	anderer	negative[11]	_	
6-4	916-918	da	negative[11]	_	
6-5	919-922	ist	negative[11]	_	
6-6	922-923	,	negative[11]	_	
6-7	924-930	stellt	negative[11]	_	
6-8	931-935	sich	negative[11]	_	
6-9	936-940	hier	negative[11]	_	
6-10	941-944	die	negative[11]	_	
6-11	945-950	Frage	negative[11]	_	
6-12	950-951	,	negative[11]	_	
6-13	952-956	muss	negative[11]	_	
6-14	957-959	er	negative[11]	_	
6-15	960-968	wirklich	negative[11]	_	
6-16	969-973	noch	negative[11]	_	
6-17	974-977	mal	negative[11]	_	
6-18	978-981	ran	negative[11]	_	
6-19	982-985	auf	negative[11]	_	
6-20	986-991	seine	negative[11]	_	
6-21	992-997	alten	negative[11]	_	
6-22	998-1002	Tage	negative[11]	_	
6-23	1002-1003	,	negative[11]	_	
6-24	1004-1009	nützt	negative[11]	_	
6-25	1010-1012	ja	negative[11]	_	
6-26	1013-1018	alles	negative[11]	_	
6-27	1019-1022	nix	negative[11]	_	
6-28	1022-1023	.	_	_	

#Text=Einer muss den Job ja machen, bitte keine halben Sachen. einer lässt es richtig krachen, einer muss den Job ja machen, einer muss den Job ja machen, bitte keine halben Sachen, einer lässt es richtig krachen, einer muss den Job ja machen.  
#Text= 
#Text=20 Jahre Suff und weg, dann war er ready für sein Comeback. trainierte sich die Plauze weg  und wurde schnell wie Emil Zatopek.
7-1	1028-1033	Einer	negative[12]	_	
7-2	1034-1038	muss	negative[12]	_	
7-3	1039-1042	den	negative[12]	_	
7-4	1043-1046	Job	negative[12]	_	
7-5	1047-1049	ja	negative[12]	_	
7-6	1050-1056	machen	negative[12]	_	
7-7	1056-1057	,	negative[12]	_	
7-8	1058-1063	bitte	negative[12]	_	
7-9	1064-1069	keine	negative[12]	_	
7-10	1070-1076	halben	negative[12]	_	
7-11	1077-1083	Sachen	negative[12]	_	
7-12	1083-1084	.	_	_	
7-13	1085-1090	einer	negative[13]	_	
7-14	1091-1096	lässt	negative[13]	_	
7-15	1097-1099	es	negative[13]	_	
7-16	1100-1107	richtig	negative[13]	_	
7-17	1108-1115	krachen	negative[13]	_	
7-18	1115-1116	,	negative[13]	_	
7-19	1117-1122	einer	negative[13]	_	
7-20	1123-1127	muss	negative[13]	_	
7-21	1128-1131	den	negative[13]	_	
7-22	1132-1135	Job	negative[13]	_	
7-23	1136-1138	ja	negative[13]	_	
7-24	1139-1145	machen	negative[13]	_	
7-25	1145-1146	,	negative[13]	_	
7-26	1147-1152	einer	negative[13]	_	
7-27	1153-1157	muss	negative[13]	_	
7-28	1158-1161	den	negative[13]	_	
7-29	1162-1165	Job	negative[13]	_	
7-30	1166-1168	ja	negative[13]	_	
7-31	1169-1175	machen	negative[13]	_	
7-32	1175-1176	,	negative[13]	_	
7-33	1177-1182	bitte	negative[13]	_	
7-34	1183-1188	keine	negative[13]	_	
7-35	1189-1195	halben	negative[13]	_	
7-36	1196-1202	Sachen	negative[13]	_	
7-37	1202-1203	,	negative[13]	_	
7-38	1204-1209	einer	negative[13]	_	
7-39	1210-1215	lässt	negative[13]	_	
7-40	1216-1218	es	negative[13]	_	
7-41	1219-1226	richtig	negative[13]	_	
7-42	1227-1234	krachen	negative[13]	_	
7-43	1234-1235	,	negative[13]	_	
7-44	1236-1241	einer	negative[13]	_	
7-45	1242-1246	muss	negative[13]	_	
7-46	1247-1250	den	negative[13]	_	
7-47	1251-1254	Job	negative[13]	_	
7-48	1255-1257	ja	negative[13]	_	
7-49	1258-1264	machen	negative[13]	_	
7-50	1264-1265	.	_	_	
7-51	1270-1272	20	neutral[14]	_	
7-52	1273-1278	Jahre	neutral[14]	_	
7-53	1279-1283	Suff	neutral[14]	Gesundheit/Drogen	
7-54	1284-1287	und	neutral[14]	_	
7-55	1288-1291	weg	neutral[14]	_	
7-56	1291-1292	,	neutral[14]	_	
7-57	1293-1297	dann	neutral[14]	_	
7-58	1298-1301	war	neutral[14]	_	
7-59	1302-1304	er	neutral[14]	_	
7-60	1305-1310	ready	neutral[14]	_	
7-61	1311-1314	für	neutral[14]	_	
7-62	1315-1319	sein	neutral[14]	_	
7-63	1320-1328	Comeback	neutral[14]	Musik	
7-64	1328-1329	.	_	_	
7-65	1330-1340	trainierte	neutral[15]	_	
7-66	1341-1345	sich	neutral[15]	_	
7-67	1346-1349	die	neutral[15]	_	
7-68	1350-1356	Plauze	neutral[15]	Gesundheit/Drogen	
7-69	1357-1360	weg	neutral[15]	_	
7-70	1362-1365	und	neutral[15]	_	
7-71	1366-1371	wurde	neutral[15]	_	
7-72	1372-1379	schnell	neutral[15]	_	
7-73	1380-1383	wie	neutral[15]	_	
7-74	1384-1388	Emil	neutral[15]	_	
7-75	1389-1396	Zatopek	neutral[15]	_	
7-76	1396-1397	.	neutral[15]	_	

#Text=Zog er easy den Joker aus der Tasche  und wurd zum Phönix aus der Flasche.
8-1	1398-1401	Zog	neutral[16]	_	
8-2	1402-1404	er	neutral[16]	_	
8-3	1405-1409	easy	neutral[16]	_	
8-4	1410-1413	den	neutral[16]	_	
8-5	1414-1419	Joker	neutral[16]	_	
8-6	1420-1423	aus	neutral[16]	_	
8-7	1424-1427	der	neutral[16]	_	
8-8	1428-1434	Tasche	neutral[16]	_	
8-9	1436-1439	und	neutral[16]	_	
8-10	1440-1444	wurd	neutral[16]	_	
8-11	1445-1448	zum	neutral[16]	_	
8-12	1449-1455	Phönix	neutral[16]	_	
8-13	1456-1459	aus	neutral[16]	_	
8-14	1460-1463	der	neutral[16]	_	
8-15	1464-1471	Flasche	neutral[16]	_	
8-16	1471-1472	.	neutral[16]	_	

#Text=Einer muss den Job ja machen, bitte keine halben Sachen. einer lässt es richtig krachen, einer muss den Job ja machen, wenn es auch manchmal t-t-tierisch hart ist, wenn sonst keiner, sonst k-k-keiner hier am Start ist, nützt ja alles nix.
9-1	1477-1482	Einer	negative[17]	_	
9-2	1483-1487	muss	negative[17]	_	
9-3	1488-1491	den	negative[17]	_	
9-4	1492-1495	Job	negative[17]	_	
9-5	1496-1498	ja	negative[17]	_	
9-6	1499-1505	machen	negative[17]	_	
9-7	1505-1506	,	negative[17]	_	
9-8	1507-1512	bitte	negative[17]	_	
9-9	1513-1518	keine	negative[17]	_	
9-10	1519-1525	halben	negative[17]	_	
9-11	1526-1532	Sachen	negative[17]	_	
9-12	1532-1533	.	_	_	
9-13	1534-1539	einer	negative[18]	_	
9-14	1540-1545	lässt	negative[18]	_	
9-15	1546-1548	es	negative[18]	_	
9-16	1549-1556	richtig	negative[18]	_	
9-17	1557-1564	krachen	negative[18]	_	
9-18	1564-1565	,	negative[18]	_	
9-19	1566-1571	einer	negative[18]	_	
9-20	1572-1576	muss	negative[18]	_	
9-21	1577-1580	den	negative[18]	_	
9-22	1581-1584	Job	negative[18]	_	
9-23	1585-1587	ja	negative[18]	_	
9-24	1588-1594	machen	negative[18]	_	
9-25	1594-1595	,	negative[18]	_	
9-26	1596-1600	wenn	negative[18]	_	
9-27	1601-1603	es	negative[18]	_	
9-28	1604-1608	auch	negative[18]	_	
9-29	1609-1617	manchmal	negative[18]	_	
9-30	1618-1630	t-t-tierisch	negative[18]	Persönliches/Emotionen[24]	
9-31	1631-1635	hart	negative[18]	Persönliches/Emotionen[24]	
9-32	1636-1639	ist	negative[18]	_	
9-33	1639-1640	,	negative[18]	_	
9-34	1641-1645	wenn	negative[18]	_	
9-35	1646-1651	sonst	negative[18]	_	
9-36	1652-1658	keiner	negative[18]	_	
9-37	1658-1659	,	negative[18]	_	
9-38	1660-1665	sonst	negative[18]	_	
9-39	1666-1676	k-k-keiner	negative[18]	_	
9-40	1677-1681	hier	negative[18]	_	
9-41	1682-1684	am	negative[18]	_	
9-42	1685-1690	Start	negative[18]	_	
9-43	1691-1694	ist	negative[18]	_	
9-44	1694-1695	,	negative[18]	_	
9-45	1696-1701	nützt	negative[18]	_	
9-46	1702-1704	ja	negative[18]	_	
9-47	1705-1710	alles	negative[18]	_	
9-48	1711-1714	nix	negative[18]	_	
9-49	1714-1715	.	negative[18]	_	

#Text=Einer muss den Job ja machen, bitte keine halben Sachen. einer lässt es richtig krachen, einer muss den Job ja machen.
10-1	1720-1725	Einer	negative[19]	_	
10-2	1726-1730	muss	negative[19]	_	
10-3	1731-1734	den	negative[19]	_	
10-4	1735-1738	Job	negative[19]	_	
10-5	1739-1741	ja	negative[19]	_	
10-6	1742-1748	machen	negative[19]	_	
10-7	1748-1749	,	negative[19]	_	
10-8	1750-1755	bitte	negative[19]	_	
10-9	1756-1761	keine	negative[19]	_	
10-10	1762-1768	halben	negative[19]	_	
10-11	1769-1775	Sachen	negative[19]	_	
10-12	1775-1776	.	_	_	
10-13	1777-1782	einer	negative[20]	_	
10-14	1783-1788	lässt	negative[20]	_	
10-15	1789-1791	es	negative[20]	_	
10-16	1792-1799	richtig	negative[20]	_	
10-17	1800-1807	krachen	negative[20]	_	
10-18	1807-1808	,	negative[20]	_	
10-19	1809-1814	einer	negative[20]	_	
10-20	1815-1819	muss	negative[20]	_	
10-21	1820-1823	den	negative[20]	_	
10-22	1824-1827	Job	negative[20]	_	
10-23	1828-1830	ja	negative[20]	_	
10-24	1831-1837	machen	negative[20]	_	
10-25	1837-1838	.	_	_	

#Text=Einer muss den Job ja machen.
11-1	1843-1848	Einer	negative[21]	_	
11-2	1849-1853	muss	negative[21]	_	
11-3	1854-1857	den	negative[21]	_	
11-4	1858-1861	Job	negative[21]	_	
11-5	1862-1864	ja	negative[21]	_	
11-6	1865-1871	machen	negative[21]	_	
11-7	1871-1872	.	negative[21]	_	
