#FORMAT=WebAnno TSV 3.2
#T_SP=webanno.custom.Sentiment|Polarity
#T_SP=webanno.custom.Topic|Topics


#Text=Im Hotel Pazific wohnt ein Mann - sehr chic.
1-1	0-2	Im	neutral[1]	_	
1-2	3-8	Hotel	neutral[1]	_	
1-3	9-16	Pazific	neutral[1]	_	
1-4	17-22	wohnt	neutral[1]	_	
1-5	23-26	ein	neutral[1]	_	
1-6	27-31	Mann	neutral[1]	_	
1-7	32-33	-	neutral[1]	_	
1-8	34-38	sehr	neutral[1]	Persönliches/Emotionen[17]	
1-9	39-43	chic	neutral[1]	Persönliches/Emotionen[17]	
1-10	43-44	.	_	_	

#Text=Sehr charmant, mit Grandesse dirigiert er sein Business.
2-1	45-49	Sehr	positive[2]	Persönliches/Emotionen[18]	
2-2	50-58	charmant	positive[2]	Persönliches/Emotionen[18]	
2-3	58-59	,	positive[2]	_	
2-4	60-63	mit	positive[2]	_	
2-5	64-73	Grandesse	positive[2]	_	
2-6	74-83	dirigiert	positive[2]	_	
2-7	84-86	er	positive[2]	_	
2-8	87-91	sein	positive[2]	_	
2-9	92-100	Business	positive[2]	Politik/Soziales/Missstände	
2-10	100-101	.	_	_	

#Text=Eine Ehre ihn zu kennen, Namen wollen wir nicht nennen.
3-1	102-106	Eine	neutral[3]	_	
3-2	107-111	Ehre	neutral[3]	_	
3-3	112-115	ihn	neutral[3]	_	
3-4	116-118	zu	neutral[3]	_	
3-5	119-125	kennen	neutral[3]	_	
3-6	125-126	,	neutral[3]	_	
3-7	127-132	Namen	neutral[3]	_	
3-8	133-139	wollen	neutral[3]	_	
3-9	140-143	wir	neutral[3]	_	
3-10	144-149	nicht	neutral[3]	_	
3-11	150-156	nennen	neutral[3]	_	
3-12	156-157	.	_	_	

#Text=Nicht zu unterscheiden von 'nem besseren Herrn, wenn da nicht diese abgrundtiefen Nächte wär'n.
4-1	158-163	Nicht	negative[4]	_	
4-2	164-166	zu	negative[4]	_	
4-3	167-180	unterscheiden	negative[4]	_	
4-4	181-184	von	negative[4]	_	
4-5	185-186	'	negative[4]	_	
4-6	186-189	nem	negative[4]	_	
4-7	190-198	besseren	negative[4]	_	
4-8	199-204	Herrn	negative[4]	_	
4-9	204-205	,	negative[4]	_	
4-10	206-210	wenn	negative[4]	_	
4-11	211-213	da	negative[4]	_	
4-12	214-219	nicht	negative[4]	_	
4-13	220-225	diese	negative[4]	_	
4-14	226-239	abgrundtiefen	negative[4]	_	
4-15	240-246	Nächte	negative[4]	_	
4-16	247-252	wär'n	negative[4]	_	
4-17	252-253	.	_	_	

#Text=Dann liegt er wach, vom Heimweh gequält, denn etwas fehlt ...
5-1	258-262	Dann	negative[5]	_	
5-2	263-268	liegt	negative[5]	_	
5-3	269-271	er	negative[5]	_	
5-4	272-276	wach	negative[5]	_	
5-5	276-277	,	negative[5]	_	
5-6	278-281	vom	negative[5]	_	
5-7	282-289	Heimweh	negative[5]	Persönliches/Emotionen	
5-8	290-297	gequält	negative[5]	_	
5-9	297-298	,	negative[5]	_	
5-10	299-303	denn	negative[5]	_	
5-11	304-309	etwas	negative[5]	_	
5-12	310-315	fehlt	negative[5]	_	
5-13	316-317	.	_	_	
5-14	317-318	.	_	_	
5-15	318-319	.	_	_	

#Text=Ja mitunter, ja mitunter, muss die Ratte wieder in den Gulli runter, ja zuweilen, ja zuweilen, muss sie sich wieder in den Untergrund abseilen.
6-1	324-326	Ja	negative[6]	_	
6-2	327-335	mitunter	negative[6]	_	
6-3	335-336	,	negative[6]	_	
6-4	337-339	ja	negative[6]	_	
6-5	340-348	mitunter	negative[6]	_	
6-6	348-349	,	negative[6]	_	
6-7	350-354	muss	negative[6]	_	
6-8	355-358	die	negative[6]	_	
6-9	359-364	Ratte	negative[6]	_	
6-10	365-371	wieder	negative[6]	_	
6-11	372-374	in	negative[6]	_	
6-12	375-378	den	negative[6]	_	
6-13	379-384	Gulli	negative[6]	_	
6-14	385-391	runter	negative[6]	_	
6-15	391-392	,	negative[6]	_	
6-16	393-395	ja	negative[6]	_	
6-17	396-404	zuweilen	negative[6]	_	
6-18	404-405	,	negative[6]	_	
6-19	406-408	ja	negative[6]	_	
6-20	409-417	zuweilen	negative[6]	_	
6-21	417-418	,	negative[6]	_	
6-22	419-423	muss	negative[6]	_	
6-23	424-427	sie	negative[6]	_	
6-24	428-432	sich	negative[6]	_	
6-25	433-439	wieder	negative[6]	_	
6-26	440-442	in	negative[6]	_	
6-27	443-446	den	negative[6]	_	
6-28	447-457	Untergrund	negative[6]	_	
6-29	458-466	abseilen	negative[6]	_	
6-30	466-467	.	_	_	

#Text=Dem Abgrund in die Augen schauen, dem Wahnsinn einmal blind vertrauen.
7-1	468-471	Dem	neutral[7]	_	
7-2	472-479	Abgrund	neutral[7]	_	
7-3	480-482	in	neutral[7]	_	
7-4	483-486	die	neutral[7]	_	
7-5	487-492	Augen	neutral[7]	_	
7-6	493-500	schauen	neutral[7]	_	
7-7	500-501	,	neutral[7]	_	
7-8	502-505	dem	neutral[7]	_	
7-9	506-514	Wahnsinn	neutral[7]	_	
7-10	515-521	einmal	neutral[7]	_	
7-11	522-527	blind	neutral[7]	_	
7-12	528-537	vertrauen	neutral[7]	_	
7-13	537-538	.	_	_	

#Text=Und das alles rattenbreit und das nicht nur zur Weihnachtszeit, wie Dr.
8-1	539-542	Und	negative[8]	_	
8-2	543-546	das	negative[8]	_	
8-3	547-552	alles	negative[8]	_	
8-4	553-564	rattenbreit	negative[8]	Gesundheit/Drogen	
8-5	565-568	und	negative[8]	_	
8-6	569-572	das	negative[8]	_	
8-7	573-578	nicht	negative[8]	_	
8-8	579-582	nur	negative[8]	_	
8-9	583-586	zur	negative[8]	_	
8-10	587-601	Weihnachtszeit	negative[8]	Politik/Soziales/Missstände	
8-11	601-602	,	_	_	
8-12	603-606	wie	_	_	
8-13	607-609	Dr	_	_	
8-14	609-610	.	_	_	

#Text=Jekill und Mr.
9-1	611-617	Jekill	_	_	
9-2	618-621	und	_	_	
9-3	622-624	Mr	_	_	
9-4	624-625	.	_	_	

#Text=Hyde !
10-1	626-630	Hyde	_	_	
10-2	631-632	!	_	_	

#Text=Doch dann erscheint im Morgenlicht, wieder sein anderes Gesicht und Mr.
11-1	637-641	Doch	neutral[9]	_	
11-2	642-646	dann	neutral[9]	_	
11-3	647-656	erscheint	neutral[9]	_	
11-4	657-659	im	neutral[9]	_	
11-5	660-671	Morgenlicht	neutral[9]	_	
11-6	671-672	,	neutral[9]	_	
11-7	673-679	wieder	neutral[9]	_	
11-8	680-684	sein	neutral[9]	_	
11-9	685-692	anderes	neutral[9]	_	
11-10	693-700	Gesicht	neutral[9]	_	
11-11	701-704	und	_	_	
11-12	705-707	Mr	_	_	
11-13	707-708	.	_	_	

#Text=Hyde - den gab's gar nicht.
12-1	709-713	Hyde	neutral[10]	_	
12-2	714-715	-	neutral[10]	_	
12-3	716-719	den	neutral[10]	_	
12-4	720-725	gab's	neutral[10]	_	
12-5	726-729	gar	neutral[10]	_	
12-6	730-735	nicht	neutral[10]	_	
12-7	735-736	.	_	_	

#Text=Im Hotel Pacific wohnt ein Mann - sehr chic, Nadelstreifen - sehr elegant, hält er die Fäden in der Hand.
13-1	741-743	Im	positive[11]	_	
13-2	744-749	Hotel	positive[11]	_	
13-3	750-757	Pacific	positive[11]	_	
13-4	758-763	wohnt	positive[11]	_	
13-5	764-767	ein	positive[11]	_	
13-6	768-772	Mann	positive[11]	_	
13-7	773-774	-	positive[11]	_	
13-8	775-779	sehr	positive[11]	Persönliches/Emotionen[19]	
13-9	780-784	chic	positive[11]	Persönliches/Emotionen[19]	
13-10	784-785	,	positive[11]	_	
13-11	786-799	Nadelstreifen	positive[11]	_	
13-12	800-801	-	positive[11]	_	
13-13	802-806	sehr	positive[11]	Persönliches/Emotionen[20]	
13-14	807-814	elegant	positive[11]	Persönliches/Emotionen[20]	
13-15	814-815	,	positive[11]	_	
13-16	816-820	hält	positive[11]	_	
13-17	821-823	er	positive[11]	_	
13-18	824-827	die	positive[11]	_	
13-19	828-833	Fäden	positive[11]	_	
13-20	834-836	in	positive[11]	_	
13-21	837-840	der	positive[11]	_	
13-22	841-845	Hand	positive[11]	_	
13-23	845-846	.	_	_	

#Text=Ist alles gemanaged und der Abend ist da, geht er zu Goffredo an die Bar.
14-1	847-850	Ist	neutral[12]	_	
14-2	851-856	alles	neutral[12]	_	
14-3	857-866	gemanaged	neutral[12]	_	
14-4	867-870	und	neutral[12]	_	
14-5	871-874	der	neutral[12]	_	
14-6	875-880	Abend	neutral[12]	_	
14-7	881-884	ist	neutral[12]	_	
14-8	885-887	da	neutral[12]	_	
14-9	887-888	,	neutral[12]	_	
14-10	889-893	geht	neutral[12]	_	
14-11	894-896	er	neutral[12]	_	
14-12	897-899	zu	neutral[12]	_	
14-13	900-908	Goffredo	neutral[12]	_	
14-14	909-911	an	neutral[12]	_	
14-15	912-915	die	neutral[12]	_	
14-16	916-919	Bar	neutral[12]	Gesundheit/Drogen	
14-17	919-920	.	_	_	

#Text=Er hebt galant das Glas und spricht: Ein wirklich feiner Herr verleugnet seine Herkunft nicht.
15-1	921-923	Er	neutral[13]	_	
15-2	924-928	hebt	neutral[13]	_	
15-3	929-935	galant	neutral[13]	_	
15-4	936-939	das	neutral[13]	_	
15-5	940-944	Glas	neutral[13]	_	
15-6	945-948	und	neutral[13]	_	
15-7	949-956	spricht	neutral[13]	_	
15-8	956-957	:	neutral[13]	_	
15-9	958-961	Ein	neutral[13]	_	
15-10	962-970	wirklich	neutral[13]	_	
15-11	971-977	feiner	neutral[13]	_	
15-12	978-982	Herr	neutral[13]	_	
15-13	983-993	verleugnet	neutral[13]	_	
15-14	994-999	seine	neutral[13]	_	
15-15	1000-1008	Herkunft	neutral[13]	Politik/Soziales/Missstände	
15-16	1009-1014	nicht	neutral[13]	_	
15-17	1014-1015	.	_	_	

#Text=Also mix' mir den Drink, den Zaubersaft, der das Gute will und das Böse schafft.
16-1	1020-1024	Also	neutral[14]	_	
16-2	1025-1028	mix	neutral[14]	_	
16-3	1028-1029	'	neutral[14]	_	
16-4	1030-1033	mir	neutral[14]	_	
16-5	1034-1037	den	neutral[14]	_	
16-6	1038-1043	Drink	neutral[14]	Gesundheit/Drogen	
16-7	1043-1044	,	neutral[14]	_	
16-8	1045-1048	den	neutral[14]	_	
16-9	1049-1059	Zaubersaft	neutral[14]	_	
16-10	1059-1060	,	neutral[14]	_	
16-11	1061-1064	der	neutral[14]	_	
16-12	1065-1068	das	neutral[14]	_	
16-13	1069-1073	Gute	neutral[14]	_	
16-14	1074-1078	will	neutral[14]	_	
16-15	1079-1082	und	neutral[14]	_	
16-16	1083-1086	das	neutral[14]	_	
16-17	1087-1091	Böse	neutral[14]	_	
16-18	1092-1099	schafft	neutral[14]	_	
16-19	1099-1100	.	_	_	

#Text=Ja mitunter, ja mitunter ...
17-1	1105-1107	Ja	neutral[15]	_	
17-2	1108-1116	mitunter	neutral[15]	_	
17-3	1116-1117	,	neutral[15]	_	
17-4	1118-1120	ja	neutral[15]	_	
17-5	1121-1129	mitunter	neutral[15]	_	
17-6	1130-1131	.	_	_	
17-7	1131-1132	.	_	_	
17-8	1132-1133	.	_	_	

#Text=Durch Katakomben zieht er dann, lässt sich treiben vom süßen Wahn, Dr.
18-1	1138-1143	Durch	neutral[16]	_	
18-2	1144-1154	Katakomben	neutral[16]	_	
18-3	1155-1160	zieht	neutral[16]	_	
18-4	1161-1163	er	neutral[16]	_	
18-5	1164-1168	dann	neutral[16]	_	
18-6	1168-1169	,	neutral[16]	_	
18-7	1170-1175	lässt	neutral[16]	_	
18-8	1176-1180	sich	neutral[16]	_	
18-9	1181-1188	treiben	neutral[16]	_	
18-10	1189-1192	vom	neutral[16]	_	
18-11	1193-1198	süßen	neutral[16]	_	
18-12	1199-1203	Wahn	neutral[16]	_	
18-13	1203-1204	,	_	_	
18-14	1205-1207	Dr	_	_	
18-15	1207-1208	.	_	_	

#Text=Jekill und Mr.
19-1	1209-1215	Jekill	_	_	
19-2	1216-1219	und	_	_	
19-3	1220-1222	Mr	_	_	
19-4	1222-1223	.	_	_	

#Text=Heyde.
20-1	1224-1229	Heyde	_	_	
20-2	1229-1230	.	_	_	
