#FORMAT=WebAnno TSV 3.2
#T_SP=webanno.custom.Sentiment|Polarity
#T_SP=webanno.custom.Topic|Topics


#Text=In sieben Tagen schuf Gott die Welt, doch sieben Tage sind echt zu knapp.
1-1	0-2	In	negative[1]	_	
1-2	3-9	sieben	negative[1]	_	
1-3	10-15	Tagen	negative[1]	_	
1-4	16-21	schuf	negative[1]	Politik/Soziales/Missstände[29]	
1-5	22-26	Gott	negative[1]	Politik/Soziales/Missstände[29]	
1-6	27-30	die	negative[1]	Politik/Soziales/Missstände[29]	
1-7	31-35	Welt	negative[1]	Politik/Soziales/Missstände[29]	
1-8	35-36	,	negative[1]	_	
1-9	37-41	doch	negative[1]	_	
1-10	42-48	sieben	negative[1]	_	
1-11	49-53	Tage	negative[1]	_	
1-12	54-58	sind	negative[1]	_	
1-13	59-63	echt	negative[1]	_	
1-14	64-66	zu	negative[1]	_	
1-15	67-72	knapp	negative[1]	_	
1-16	72-73	.	negative[1]	_	

#Text=Am achten Tag fand er das auch, schmiss sie ins Klo - und zog ab.
2-1	74-76	Am	negative[2]	_	
2-2	77-83	achten	negative[2]	_	
2-3	84-87	Tag	negative[2]	_	
2-4	88-92	fand	negative[2]	_	
2-5	93-95	er	negative[2]	_	
2-6	96-99	das	negative[2]	_	
2-7	100-104	auch	negative[2]	_	
2-8	104-105	,	negative[2]	_	
2-9	106-113	schmiss	negative[2]	_	
2-10	114-117	sie	negative[2]	_	
2-11	118-121	ins	negative[2]	_	
2-12	122-125	Klo	negative[2]	_	
2-13	126-127	-	negative[2]	_	
2-14	128-131	und	negative[2]	_	
2-15	132-135	zog	negative[2]	_	
2-16	136-138	ab	negative[2]	_	
2-17	138-139	.	negative[2]	_	

#Text=Er setzt sich wieder auf seinen Thron und lässt uns hier hängen in der Kanalisation.
3-1	140-142	Er	negative[3]	_	
3-2	143-148	setzt	negative[3]	_	
3-3	149-153	sich	negative[3]	_	
3-4	154-160	wieder	negative[3]	_	
3-5	161-164	auf	negative[3]	_	
3-6	165-171	seinen	negative[3]	_	
3-7	172-177	Thron	negative[3]	Politik/Soziales/Missstände	
3-8	178-181	und	negative[3]	_	
3-9	182-187	lässt	negative[3]	_	
3-10	188-191	uns	negative[3]	_	
3-11	192-196	hier	negative[3]	_	
3-12	197-203	hängen	negative[3]	_	
3-13	204-206	in	negative[3]	Politik/Soziales/Missstände[30]	
3-14	207-210	der	negative[3]	Politik/Soziales/Missstände[30]	
3-15	211-223	Kanalisation	negative[3]	Politik/Soziales/Missstände[30]	
3-16	223-224	.	negative[3]	_	

#Text=Wir müssen's ausbaden, oh Herr, die einen weniger, die anderen mehr.
4-1	225-228	Wir	negative[4]	_	
4-2	229-237	müssen's	negative[4]	_	
4-3	238-246	ausbaden	negative[4]	_	
4-4	246-247	,	negative[4]	_	
4-5	248-250	oh	negative[4]	_	
4-6	251-255	Herr	negative[4]	_	
4-7	255-256	,	negative[4]	_	
4-8	257-260	die	negative[4]	_	
4-9	261-266	einen	negative[4]	_	
4-10	267-274	weniger	negative[4]	_	
4-11	274-275	,	negative[4]	_	
4-12	276-279	die	negative[4]	_	
4-13	280-287	anderen	negative[4]	_	
4-14	288-292	mehr	negative[4]	_	
4-15	292-293	.	negative[4]	_	

#Text=Nun sind wir schon seit Abel und Kain hier in der Grütze rumgekrochen.
5-1	294-297	Nun	negative[5]	_	
5-2	298-302	sind	negative[5]	_	
5-3	303-306	wir	negative[5]	_	
5-4	307-312	schon	negative[5]	_	
5-5	313-317	seit	negative[5]	_	
5-6	318-322	Abel	negative[5]	Politik/Soziales/Missstände[31]	
5-7	323-326	und	negative[5]	Politik/Soziales/Missstände[31]	
5-8	327-331	Kain	negative[5]	Politik/Soziales/Missstände[31]	
5-9	332-336	hier	negative[5]	_	
5-10	337-339	in	negative[5]	_	
5-11	340-343	der	negative[5]	_	
5-12	344-350	Grütze	negative[5]	_	
5-13	351-363	rumgekrochen	negative[5]	_	
5-14	363-364	.	negative[5]	_	

#Text=Nun fängt - ja muss das denn wirklich sein?
6-1	365-368	Nun	negative[6]	_	
6-2	369-374	fängt	negative[6]	_	
6-3	375-376	-	negative[6]	_	
6-4	377-379	ja	negative[6]	_	
6-5	380-384	muss	negative[6]	_	
6-6	385-388	das	negative[6]	_	
6-7	389-393	denn	negative[6]	_	
6-8	394-402	wirklich	negative[6]	_	
6-9	403-407	sein	negative[6]	_	
6-10	407-408	?	negative[6]	_	

#Text=- die ganze Scheiße auch noch an zu kochen.
7-1	409-410	-	_	_	
7-2	411-414	die	negative[7]	_	
7-3	415-420	ganze	negative[7]	_	
7-4	421-428	Scheiße	negative[7]	_	
7-5	429-433	auch	negative[7]	_	
7-6	434-438	noch	negative[7]	_	
7-7	439-441	an	negative[7]	_	
7-8	442-444	zu	negative[7]	_	
7-9	445-451	kochen	negative[7]	_	
7-10	451-452	.	negative[7]	_	

#Text=Bedrohlich brodelt hier ein See, unheimlich bruzzelt dort ein AKW.
8-1	453-463	Bedrohlich	negative[8]	Persönliches/Emotionen	
8-2	464-471	brodelt	negative[8]	_	
8-3	472-476	hier	negative[8]	_	
8-4	477-480	ein	negative[8]	_	
8-5	481-484	See	negative[8]	_	
8-6	484-485	,	negative[8]	_	
8-7	486-496	unheimlich	negative[8]	_	
8-8	497-505	bruzzelt	negative[8]	_	
8-9	506-510	dort	negative[8]	_	
8-10	511-514	ein	negative[8]	_	
8-11	515-518	AKW	negative[8]	Politik/Soziales/Missstände	
8-12	518-519	.	negative[8]	_	

#Text=Die Angst war lange nicht so groß, die Raketen stehn auf: Achtung, fertig, los!
9-1	520-523	Die	negative[9]	_	
9-2	524-529	Angst	negative[9]	Persönliches/Emotionen	
9-3	530-533	war	negative[9]	_	
9-4	534-539	lange	negative[9]	_	
9-5	540-545	nicht	negative[9]	_	
9-6	546-548	so	negative[9]	_	
9-7	549-553	groß	negative[9]	_	
9-8	553-554	,	negative[9]	_	
9-9	555-558	die	negative[9]	_	
9-10	559-566	Raketen	negative[9]	Politik/Soziales/Missstände	
9-11	567-572	stehn	negative[9]	_	
9-12	573-576	auf	negative[9]	_	
9-13	576-577	:	negative[9]	_	
9-14	578-585	Achtung	negative[9]	_	
9-15	585-586	,	negative[9]	_	
9-16	587-593	fertig	negative[9]	_	
9-17	593-594	,	negative[9]	_	
9-18	595-598	los	negative[9]	_	
9-19	598-599	!	negative[9]	_	

#Text=Willkommen zum Grande Finale, die Erde geht unter, erfahren wir soeben, der Eintritt ist ohne Bezahle.
10-1	604-614	Willkommen	negative[10]	_	
10-2	615-618	zum	negative[10]	_	
10-3	619-625	Grande	negative[10]	_	
10-4	626-632	Finale	negative[10]	_	
10-5	632-633	,	negative[10]	_	
10-6	634-637	die	negative[10]	Politik/Soziales/Missstände[32]	
10-7	638-642	Erde	negative[10]	Politik/Soziales/Missstände[32]	
10-8	643-647	geht	negative[10]	Politik/Soziales/Missstände[32]	
10-9	648-653	unter	negative[10]	Politik/Soziales/Missstände[32]	
10-10	653-654	,	negative[10]	_	
10-11	655-663	erfahren	negative[10]	_	
10-12	664-667	wir	negative[10]	_	
10-13	668-674	soeben	negative[10]	_	
10-14	674-675	,	negative[10]	_	
10-15	676-679	der	negative[10]	_	
10-16	680-688	Eintritt	negative[10]	_	
10-17	689-692	ist	negative[10]	_	
10-18	693-697	ohne	negative[10]	_	
10-19	698-705	Bezahle	negative[10]	_	
10-20	705-706	.	negative[10]	_	

#Text=Sie zahlen hier bloß mit Ihrem Leben.
11-1	707-710	Sie	neutral[11]	_	
11-2	711-717	zahlen	neutral[11]	_	
11-3	718-722	hier	neutral[11]	_	
11-4	723-727	bloß	neutral[11]	_	
11-5	728-731	mit	neutral[11]	_	
11-6	732-737	Ihrem	neutral[11]	_	
11-7	738-743	Leben	neutral[11]	_	
11-8	743-744	.	neutral[11]	_	

#Text=Der Globus ist 'ne große Bühne und auch Sie werden hier als Statist engagiert.
12-1	745-748	Der	neutral[12]	_	
12-2	749-755	Globus	neutral[12]	_	
12-3	756-759	ist	neutral[12]	_	
12-4	760-761	'	neutral[12]	_	
12-5	761-763	ne	neutral[12]	Musik[33]	
12-6	764-769	große	neutral[12]	Musik[33]	
12-7	770-775	Bühne	neutral[12]	Musik[33]	
12-8	776-779	und	neutral[12]	_	
12-9	780-784	auch	neutral[12]	_	
12-10	785-788	Sie	neutral[12]	_	
12-11	789-795	werden	neutral[12]	_	
12-12	796-800	hier	neutral[12]	_	
12-13	801-804	als	neutral[12]	_	
12-14	805-812	Statist	neutral[12]	_	
12-15	813-822	engagiert	neutral[12]	_	
12-16	822-823	.	neutral[12]	_	

#Text=Es wird so inszeniert, dass jeder krepiert und die Puppen tanzen.
13-1	824-826	Es	neutral[13]	_	
13-2	827-831	wird	neutral[13]	_	
13-3	832-834	so	neutral[13]	_	
13-4	835-845	inszeniert	neutral[13]	_	
13-5	845-846	,	neutral[13]	_	
13-6	847-851	dass	neutral[13]	_	
13-7	852-857	jeder	neutral[13]	_	
13-8	858-866	krepiert	neutral[13]	_	
13-9	867-870	und	neutral[13]	_	
13-10	871-874	die	neutral[13]	_	
13-11	875-881	Puppen	neutral[13]	_	
13-12	882-888	tanzen	neutral[13]	_	
13-13	888-889	.	neutral[13]	_	

#Text=Kein Horror in Sodom und Gomorrha immer lustig und vergnügt, bis der Arsch im Sarge liegt.
14-1	894-898	Kein	negative[14]	_	
14-2	899-905	Horror	negative[14]	_	
14-3	906-908	in	negative[14]	_	
14-4	909-914	Sodom	negative[14]	Politik/Soziales/Missstände[34]	
14-5	915-918	und	negative[14]	Politik/Soziales/Missstände[34]	
14-6	919-927	Gomorrha	negative[14]	Politik/Soziales/Missstände[34]	
14-7	928-933	immer	negative[14]	_	
14-8	934-940	lustig	negative[14]	Persönliches/Emotionen[35]	
14-9	941-944	und	negative[14]	Persönliches/Emotionen[35]	
14-10	945-953	vergnügt	negative[14]	Persönliches/Emotionen[35]	
14-11	953-954	,	negative[14]	_	
14-12	955-958	bis	negative[14]	_	
14-13	959-962	der	negative[14]	_	
14-14	963-968	Arsch	negative[14]	_	
14-15	969-971	im	negative[14]	_	
14-16	972-977	Sarge	negative[14]	_	
14-17	978-983	liegt	negative[14]	_	
14-18	983-984	.	negative[14]	_	

#Text=Immer lustig und vergnügt, bis der Arsch im Sarge liegt.
15-1	985-990	Immer	negative[15]	_	
15-2	991-997	lustig	negative[15]	Persönliches/Emotionen[36]	
15-3	998-1001	und	negative[15]	Persönliches/Emotionen[36]	
15-4	1002-1010	vergnügt	negative[15]	Persönliches/Emotionen[36]	
15-5	1010-1011	,	negative[15]	_	
15-6	1012-1015	bis	negative[15]	_	
15-7	1016-1019	der	negative[15]	_	
15-8	1020-1025	Arsch	negative[15]	_	
15-9	1026-1028	im	negative[15]	_	
15-10	1029-1034	Sarge	negative[15]	_	
15-11	1035-1040	liegt	negative[15]	_	
15-12	1040-1041	.	negative[15]	_	

#Text=Am Tage, als der Reagan kam und die Vulkantanzschule übernahm, rechtsherum im Rückwärtsschritt tanzt man jetzt den Apocalypso, und alle taumeln mit.
16-1	1046-1048	Am	neutral[16]	_	
16-2	1049-1053	Tage	neutral[16]	_	
16-3	1053-1054	,	neutral[16]	_	
16-4	1055-1058	als	neutral[16]	_	
16-5	1059-1062	der	neutral[16]	_	
16-6	1063-1069	Reagan	neutral[16]	Politik/Soziales/Missstände	
16-7	1070-1073	kam	neutral[16]	_	
16-8	1074-1077	und	neutral[16]	_	
16-9	1078-1081	die	neutral[16]	_	
16-10	1082-1098	Vulkantanzschule	neutral[16]	_	
16-11	1099-1107	übernahm	neutral[16]	_	
16-12	1107-1108	,	neutral[16]	_	
16-13	1109-1120	rechtsherum	neutral[16]	_	
16-14	1121-1123	im	neutral[16]	_	
16-15	1124-1140	Rückwärtsschritt	neutral[16]	_	
16-16	1141-1146	tanzt	neutral[16]	_	
16-17	1147-1150	man	neutral[16]	_	
16-18	1151-1156	jetzt	neutral[16]	_	
16-19	1157-1160	den	neutral[16]	_	
16-20	1161-1171	Apocalypso	neutral[16]	Politik/Soziales/Missstände	
16-21	1171-1172	,	neutral[16]	_	
16-22	1173-1176	und	neutral[16]	_	
16-23	1177-1181	alle	neutral[16]	_	
16-24	1182-1189	taumeln	neutral[16]	_	
16-25	1190-1193	mit	neutral[16]	_	
16-26	1193-1194	.	neutral[16]	_	

#Text=Willkommen zum Grande Finale am 30.
17-1	1199-1209	Willkommen	neutral[17]	_	
17-2	1210-1213	zum	neutral[17]	_	
17-3	1214-1220	Grande	neutral[17]	_	
17-4	1221-1227	Finale	neutral[17]	_	
17-5	1228-1230	am	neutral[17]	_	
17-6	1231-1233	30	neutral[17]	_	
17-7	1233-1234	.	neutral[17]	_	

#Text=Mai ist alles vorbei und die Rüstungsindustriellen sind in Bombenstimmung auf den Seychellen.
18-1	1235-1238	Mai	neutral[18]	_	
18-2	1239-1242	ist	neutral[18]	_	
18-3	1243-1248	alles	neutral[18]	_	
18-4	1249-1255	vorbei	neutral[18]	_	
18-5	1256-1259	und	neutral[18]	_	
18-6	1260-1263	die	neutral[18]	_	
18-7	1264-1285	Rüstungsindustriellen	neutral[18]	Politik/Soziales/Missstände	
18-8	1286-1290	sind	neutral[18]	_	
18-9	1291-1293	in	neutral[18]	_	
18-10	1294-1308	Bombenstimmung	neutral[18]	Politik/Soziales/Missstände	
18-11	1309-1312	auf	neutral[18]	_	
18-12	1313-1316	den	neutral[18]	_	
18-13	1317-1327	Seychellen	neutral[18]	_	
18-14	1327-1328	.	neutral[18]	_	

#Text=In Moskau saufen sie viel Wodka, bis sie behämmert sind, und sie wetzen die Sichel.
19-1	1329-1331	In	neutral[19]	Politik/Soziales/Missstände[37]	
19-2	1332-1338	Moskau	neutral[19]	Politik/Soziales/Missstände[37]	
19-3	1339-1345	saufen	neutral[19]	Gesundheit/Drogen	
19-4	1346-1349	sie	neutral[19]	_	
19-5	1350-1354	viel	neutral[19]	_	
19-6	1355-1360	Wodka	neutral[19]	Gesundheit/Drogen	
19-7	1360-1361	,	neutral[19]	_	
19-8	1362-1365	bis	neutral[19]	_	
19-9	1366-1369	sie	neutral[19]	_	
19-10	1370-1379	behämmert	neutral[19]	Gesundheit/Drogen	
19-11	1380-1384	sind	neutral[19]	_	
19-12	1384-1385	,	neutral[19]	_	
19-13	1386-1389	und	neutral[19]	_	
19-14	1390-1393	sie	neutral[19]	_	
19-15	1394-1400	wetzen	neutral[19]	Politik/Soziales/Missstände[38]	
19-16	1401-1404	die	neutral[19]	Politik/Soziales/Missstände[38]	
19-17	1405-1411	Sichel	neutral[19]	Politik/Soziales/Missstände[38]	
19-18	1411-1412	.	neutral[19]	_	

#Text=Es wird so inszeniert, dass jeder krepiert und zuerst der Deutsche Michel.
20-1	1413-1415	Es	negative[20]	_	
20-2	1416-1420	wird	negative[20]	_	
20-3	1421-1423	so	negative[20]	_	
20-4	1424-1434	inszeniert	negative[20]	_	
20-5	1434-1435	,	negative[20]	_	
20-6	1436-1440	dass	negative[20]	_	
20-7	1441-1446	jeder	negative[20]	_	
20-8	1447-1455	krepiert	negative[20]	_	
20-9	1456-1459	und	negative[20]	_	
20-10	1460-1466	zuerst	negative[20]	_	
20-11	1467-1470	der	negative[20]	Politik/Soziales/Missstände[39]	
20-12	1471-1479	Deutsche	negative[20]	Politik/Soziales/Missstände[39]	
20-13	1480-1486	Michel	negative[20]	Politik/Soziales/Missstände[39]	
20-14	1486-1487	.	negative[20]	_	

#Text=Kein Horror in Sodom und Gomorrha, immer lustig und vergnügt, bis der Arsch im Sarge liegt.
21-1	1492-1496	Kein	negative[21]	_	
21-2	1497-1503	Horror	negative[21]	_	
21-3	1504-1506	in	negative[21]	_	
21-4	1507-1512	Sodom	negative[21]	Politik/Soziales/Missstände[40]	
21-5	1513-1516	und	negative[21]	Politik/Soziales/Missstände[40]	
21-6	1517-1525	Gomorrha	negative[21]	Politik/Soziales/Missstände[40]	
21-7	1525-1526	,	negative[21]	_	
21-8	1527-1532	immer	negative[21]	_	
21-9	1533-1539	lustig	negative[21]	Persönliches/Emotionen[41]	
21-10	1540-1543	und	negative[21]	Persönliches/Emotionen[41]	
21-11	1544-1552	vergnügt	negative[21]	Persönliches/Emotionen[41]	
21-12	1552-1553	,	negative[21]	_	
21-13	1554-1557	bis	negative[21]	_	
21-14	1558-1561	der	negative[21]	_	
21-15	1562-1567	Arsch	negative[21]	_	
21-16	1568-1570	im	negative[21]	_	
21-17	1571-1576	Sarge	negative[21]	_	
21-18	1577-1582	liegt	negative[21]	_	
21-19	1582-1583	.	negative[21]	_	

#Text=Wie schön der Neutronenbomber fliegt, bis der Arsch im Sarge liegt.
22-1	1584-1587	Wie	negative[22]	_	
22-2	1588-1593	schön	negative[22]	_	
22-3	1594-1597	der	negative[22]	_	
22-4	1598-1613	Neutronenbomber	negative[22]	Politik/Soziales/Missstände	
22-5	1614-1620	fliegt	negative[22]	_	
22-6	1620-1621	,	negative[22]	_	
22-7	1622-1625	bis	negative[22]	_	
22-8	1626-1629	der	negative[22]	_	
22-9	1630-1635	Arsch	negative[22]	_	
22-10	1636-1638	im	negative[22]	_	
22-11	1639-1644	Sarge	negative[22]	_	
22-12	1645-1650	liegt	negative[22]	_	
22-13	1650-1651	.	negative[22]	_	

#Text=Wie aromatisch Giftgas riecht, bis der Arsch im Sarge liegt.
23-1	1652-1655	Wie	negative[23]	_	
23-2	1656-1666	aromatisch	negative[23]	Politik/Soziales/Missstände[42]	
23-3	1667-1674	Giftgas	negative[23]	Politik/Soziales/Missstände[42]	
23-4	1675-1681	riecht	negative[23]	_	
23-5	1681-1682	,	negative[23]	_	
23-6	1683-1686	bis	negative[23]	_	
23-7	1687-1690	der	negative[23]	_	
23-8	1691-1696	Arsch	negative[23]	_	
23-9	1697-1699	im	negative[23]	_	
23-10	1700-1705	Sarge	negative[23]	_	
23-11	1706-1711	liegt	negative[23]	_	
23-12	1711-1712	.	negative[23]	_	

#Text=Es gibt 'ne Zeitung, die niemals lügt, bis der Arsch im Sarge liegt.
24-1	1713-1715	Es	negative[24]	_	
24-2	1716-1720	gibt	negative[24]	_	
24-3	1721-1722	'	negative[24]	_	
24-4	1722-1724	ne	negative[24]	_	
24-5	1725-1732	Zeitung	negative[24]	_	
24-6	1732-1733	,	negative[24]	_	
24-7	1734-1737	die	negative[24]	_	
24-8	1738-1745	niemals	negative[24]	Persönliches/Emotionen[43]	
24-9	1746-1750	lügt	negative[24]	Persönliches/Emotionen[43]	
24-10	1750-1751	,	negative[24]	_	
24-11	1752-1755	bis	negative[24]	_	
24-12	1756-1759	der	negative[24]	_	
24-13	1760-1765	Arsch	negative[24]	_	
24-14	1766-1768	im	negative[24]	_	
24-15	1769-1774	Sarge	negative[24]	_	
24-16	1775-1780	liegt	negative[24]	_	
24-17	1780-1781	.	negative[24]	_	

#Text=In Bohrleben sich ein Bohrer verbiegt, bis der Arsch im Sarge liegt.
25-1	1782-1784	In	negative[25]	Politik/Soziales/Missstände[44]	
25-2	1785-1794	Bohrleben	negative[25]	Politik/Soziales/Missstände[44]	
25-3	1795-1799	sich	negative[25]	_	
25-4	1800-1803	ein	negative[25]	_	
25-5	1804-1810	Bohrer	negative[25]	_	
25-6	1811-1819	verbiegt	negative[25]	_	
25-7	1819-1820	,	negative[25]	_	
25-8	1821-1824	bis	negative[25]	_	
25-9	1825-1828	der	negative[25]	_	
25-10	1829-1834	Arsch	negative[25]	_	
25-11	1835-1837	im	negative[25]	_	
25-12	1838-1843	Sarge	negative[25]	_	
25-13	1844-1849	liegt	negative[25]	_	
25-14	1849-1850	.	negative[25]	_	

#Text=Ein Ölscheich einen Goldrausch kriegt, bis der Arsch im Sarge liegt.
26-1	1851-1854	Ein	negative[26]	_	
26-2	1855-1864	Ölscheich	negative[26]	Politik/Soziales/Missstände	
26-3	1865-1870	einen	negative[26]	_	
26-4	1871-1881	Goldrausch	negative[26]	Politik/Soziales/Missstände	
26-5	1882-1888	kriegt	negative[26]	_	
26-6	1888-1889	,	negative[26]	_	
26-7	1890-1893	bis	negative[26]	_	
26-8	1894-1897	der	negative[26]	_	
26-9	1898-1903	Arsch	negative[26]	_	
26-10	1904-1906	im	negative[26]	_	
26-11	1907-1912	Sarge	negative[26]	_	
26-12	1913-1918	liegt	negative[26]	_	
26-13	1918-1919	.	negative[26]	_	

#Text=Der Krisenstab sich im Bunker verkriecht, bis der Arsch im Sarge liegt.
27-1	1920-1923	Der	negative[27]	_	
27-2	1924-1934	Krisenstab	negative[27]	Politik/Soziales/Missstände	
27-3	1935-1939	sich	negative[27]	_	
27-4	1940-1942	im	negative[27]	_	
27-5	1943-1949	Bunker	negative[27]	Politik/Soziales/Missstände	
27-6	1950-1960	verkriecht	negative[27]	_	
27-7	1960-1961	,	negative[27]	_	
27-8	1962-1965	bis	negative[27]	_	
27-9	1966-1969	der	negative[27]	_	
27-10	1970-1975	Arsch	negative[27]	_	
27-11	1976-1978	im	negative[27]	_	
27-12	1979-1984	Sarge	negative[27]	_	
27-13	1985-1990	liegt	negative[27]	_	
27-14	1990-1991	.	negative[27]	_	

#Text=Und der Pfaffe, wie immer, seinen Segen gibt, bis der Arsch im Sarge liegt.
28-1	1992-1995	Und	negative[28]	_	
28-2	1996-1999	der	negative[28]	_	
28-3	2000-2006	Pfaffe	negative[28]	Politik/Soziales/Missstände	
28-4	2006-2007	,	negative[28]	_	
28-5	2008-2011	wie	negative[28]	_	
28-6	2012-2017	immer	negative[28]	_	
28-7	2017-2018	,	negative[28]	_	
28-8	2019-2025	seinen	negative[28]	_	
28-9	2026-2031	Segen	negative[28]	_	
28-10	2032-2036	gibt	negative[28]	_	
28-11	2036-2037	,	negative[28]	_	
28-12	2038-2041	bis	negative[28]	_	
28-13	2042-2045	der	negative[28]	_	
28-14	2046-2051	Arsch	negative[28]	_	
28-15	2052-2054	im	negative[28]	_	
28-16	2055-2060	Sarge	negative[28]	_	
28-17	2061-2066	liegt	negative[28]	_	
28-18	2066-2067	.	negative[28]	_	
