#FORMAT=WebAnno TSV 3.2
#T_SP=webanno.custom.Sentiment|Polarity
#T_SP=webanno.custom.Topic|Topics


#Text=Geht sie wirklich mit ihm?
1-1	0-4	Geht	negative[1]	_	
1-2	5-8	sie	negative[1]	_	
1-3	9-17	wirklich	negative[1]	_	
1-4	18-21	mit	negative[1]	_	
1-5	22-25	ihm	negative[1]	_	
1-6	25-26	?	negative[1]	_	

#Text=Frag sie doch - da ist sie!
2-1	27-31	Frag	neutral[2]	_	
2-2	32-35	sie	neutral[2]	_	
2-3	36-40	doch	neutral[2]	_	
2-4	41-42	-	neutral[2]	_	
2-5	43-45	da	neutral[2]	_	
2-6	46-49	ist	neutral[2]	_	
2-7	50-53	sie	neutral[2]	_	
2-8	53-54	!	neutral[2]	_	

#Text=Betty, ist das ein Ring von Jimmy, den du da am Finger trägst?
3-1	55-60	Betty	neutral[3]	_	
3-2	60-61	,	neutral[3]	_	
3-3	62-65	ist	neutral[3]	_	
3-4	66-69	das	neutral[3]	_	
3-5	70-73	ein	neutral[3]	_	
3-6	74-78	Ring	neutral[3]	_	
3-7	79-82	von	neutral[3]	_	
3-8	83-88	Jimmy	neutral[3]	_	
3-9	88-89	,	neutral[3]	_	
3-10	90-93	den	neutral[3]	_	
3-11	94-96	du	neutral[3]	_	
3-12	97-99	da	neutral[3]	_	
3-13	100-102	am	neutral[3]	_	
3-14	103-109	Finger	neutral[3]	_	
3-15	110-116	trägst	neutral[3]	_	
3-16	116-117	?	neutral[3]	_	

#Text=Hm - mit ihm auf dem Motorrad, das muss wahnsinnig sein.
4-1	118-120	Hm	positive[4]	_	
4-2	121-122	-	positive[4]	_	
4-3	123-126	mit	positive[4]	_	
4-4	127-130	ihm	positive[4]	_	
4-5	131-134	auf	positive[4]	_	
4-6	135-138	dem	positive[4]	_	
4-7	139-147	Motorrad	positive[4]	_	
4-8	147-148	,	positive[4]	_	
4-9	149-152	das	positive[4]	_	
4-10	153-157	muss	positive[4]	_	
4-11	158-168	wahnsinnig	positive[4]	Persönliches/Emotionen[21]	
4-12	169-173	sein	positive[4]	Persönliches/Emotionen[21]	
4-13	173-174	.	positive[4]	_	

#Text=Holt er dich heute von der Schule ab?
5-1	175-179	Holt	neutral[5]	_	
5-2	180-182	er	neutral[5]	_	
5-3	183-187	dich	neutral[5]	_	
5-4	188-193	heute	neutral[5]	_	
5-5	194-197	von	neutral[5]	_	
5-6	198-201	der	neutral[5]	_	
5-7	202-208	Schule	neutral[5]	_	
5-8	209-211	ab	neutral[5]	_	
5-9	211-212	?	neutral[5]	_	

#Text=Wo hast du ihn eigentlich kennengelernt?
6-1	213-215	Wo	neutral[6]	_	
6-2	216-220	hast	neutral[6]	_	
6-3	221-223	du	neutral[6]	_	
6-4	224-227	ihn	neutral[6]	_	
6-5	228-238	eigentlich	neutral[6]	_	
6-6	239-252	kennengelernt	neutral[6]	Liebe/Partnerschaft	
6-7	252-253	?	neutral[6]	_	

#Text=Ich traf ihn vor dem Supermarkt, er drehte sich um, kam auf mich zu und sagte: Hey Baby, ich bin der Boss von der Gang.
7-1	258-261	Ich	neutral[7]	_	
7-2	262-266	traf	neutral[7]	_	
7-3	267-270	ihn	neutral[7]	_	
7-4	271-274	vor	neutral[7]	_	
7-5	275-278	dem	neutral[7]	_	
7-6	279-289	Supermarkt	neutral[7]	_	
7-7	289-290	,	neutral[7]	_	
7-8	291-293	er	neutral[7]	_	
7-9	294-300	drehte	neutral[7]	_	
7-10	301-305	sich	neutral[7]	_	
7-11	306-308	um	neutral[7]	_	
7-12	308-309	,	neutral[7]	_	
7-13	310-313	kam	neutral[7]	_	
7-14	314-317	auf	neutral[7]	_	
7-15	318-322	mich	neutral[7]	_	
7-16	323-325	zu	neutral[7]	_	
7-17	326-329	und	neutral[7]	_	
7-18	330-335	sagte	neutral[7]	_	
7-19	335-336	:	neutral[7]	_	
7-20	337-340	Hey	neutral[7]	_	
7-21	341-345	Baby	neutral[7]	Liebe/Partnerschaft	
7-22	345-346	,	neutral[7]	_	
7-23	347-350	ich	neutral[7]	_	
7-24	351-354	bin	neutral[7]	_	
7-25	355-358	der	neutral[7]	_	
7-26	359-363	Boss	neutral[7]	Politik/Soziales/Missstände[22]	
7-27	364-367	von	neutral[7]	Politik/Soziales/Missstände[22]	
7-28	368-371	der	neutral[7]	Politik/Soziales/Missstände[22]	
7-29	372-376	Gang	neutral[7]	Politik/Soziales/Missstände[22]	
7-30	376-377	.	neutral[7]	_	

#Text=Zu Hause wollte das keiner sehen, mit Jungs aus diesem Teil der Stadt kann man nicht gehen, er wäre ein ganz gemeiner Rockertyp, doch ich hatte ihn so lieb, meine große Liebe - der Boss von der Gang.
8-1	382-384	Zu	negative[8]	_	
8-2	385-390	Hause	negative[8]	_	
8-3	391-397	wollte	negative[8]	_	
8-4	398-401	das	negative[8]	_	
8-5	402-408	keiner	negative[8]	_	
8-6	409-414	sehen	negative[8]	_	
8-7	414-415	,	_	_	
8-8	416-419	mit	negative[9]	_	
8-9	420-425	Jungs	negative[9]	_	
8-10	426-429	aus	negative[9]	_	
8-11	430-436	diesem	negative[9]	_	
8-12	437-441	Teil	negative[9]	_	
8-13	442-445	der	negative[9]	_	
8-14	446-451	Stadt	negative[9]	_	
8-15	452-456	kann	negative[9]	_	
8-16	457-460	man	negative[9]	_	
8-17	461-466	nicht	negative[9]	_	
8-18	467-472	gehen	negative[9]	_	
8-19	472-473	,	_	_	
8-20	474-476	er	negative[10]	_	
8-21	477-481	wäre	negative[10]	_	
8-22	482-485	ein	negative[10]	_	
8-23	486-490	ganz	negative[10]	_	
8-24	491-499	gemeiner	negative[10]	Politik/Soziales/Missstände[23]	
8-25	500-509	Rockertyp	negative[10]	Politik/Soziales/Missstände[23]	
8-26	509-510	,	_	_	
8-27	511-515	doch	positive[11]	_	
8-28	516-519	ich	positive[11]	Liebe/Partnerschaft[24]	
8-29	520-525	hatte	positive[11]	Liebe/Partnerschaft[24]	
8-30	526-529	ihn	positive[11]	Liebe/Partnerschaft[24]	
8-31	530-532	so	positive[11]	Liebe/Partnerschaft[24]	
8-32	533-537	lieb	positive[11]	Liebe/Partnerschaft[24]	
8-33	537-538	,	positive[11]	_	
8-34	539-544	meine	positive[11]	Liebe/Partnerschaft[25]	
8-35	545-550	große	positive[11]	Liebe/Partnerschaft[25]	
8-36	551-556	Liebe	positive[11]	Liebe/Partnerschaft[25]	
8-37	557-558	-	positive[11]	_	
8-38	559-562	der	positive[11]	_	
8-39	563-567	Boss	positive[11]	Politik/Soziales/Missstände[26]	
8-40	568-571	von	positive[11]	Politik/Soziales/Missstände[26]	
8-41	572-575	der	positive[11]	Politik/Soziales/Missstände[26]	
8-42	576-580	Gang	positive[11]	Politik/Soziales/Missstände[26]	
8-43	580-581	.	positive[11]	_	

#Text=Mein Daddy war sauer: Mach Schluss mit Jim!
9-1	586-590	Mein	negative[12]	_	
9-2	591-596	Daddy	negative[12]	_	
9-3	597-600	war	negative[12]	_	
9-4	601-606	sauer	negative[12]	_	
9-5	606-607	:	negative[12]	_	
9-6	608-612	Mach	negative[12]	_	
9-7	613-620	Schluss	negative[12]	_	
9-8	621-624	mit	negative[12]	_	
9-9	625-628	Jim	negative[12]	_	
9-10	628-629	!	_	_	

#Text=doch Jimmy sagte: Alles, was ich brauch, bist du.
10-1	630-634	doch	positive[13]	_	
10-2	635-640	Jimmy	positive[13]	_	
10-3	641-646	sagte	positive[13]	_	
10-4	646-647	:	positive[13]	_	
10-5	648-653	Alles	positive[13]	Liebe/Partnerschaft[27]	
10-6	653-654	,	positive[13]	Liebe/Partnerschaft[27]	
10-7	655-658	was	positive[13]	Liebe/Partnerschaft[27]	
10-8	659-662	ich	positive[13]	Liebe/Partnerschaft[27]	
10-9	663-669	brauch	positive[13]	Liebe/Partnerschaft[27]	
10-10	669-670	,	positive[13]	Liebe/Partnerschaft[27]	
10-11	671-675	bist	positive[13]	Liebe/Partnerschaft[27]	
10-12	676-678	du	positive[13]	Liebe/Partnerschaft[27]	
10-13	678-679	.	_	_	

#Text=Ich schluchzte: Lass mich in Ruh', verzeih' - das tat weh, mein Boss von der Gang.
11-1	680-683	Ich	negative[14]	_	
11-2	684-694	schluchzte	negative[14]	_	
11-3	694-695	:	negative[14]	_	
11-4	696-700	Lass	negative[14]	_	
11-5	701-705	mich	negative[14]	_	
11-6	706-708	in	negative[14]	_	
11-7	709-712	Ruh	negative[14]	_	
11-8	712-713	'	negative[14]	_	
11-9	713-714	,	negative[14]	_	
11-10	715-722	verzeih	negative[14]	_	
11-11	722-723	'	negative[14]	_	
11-12	724-725	-	negative[14]	_	
11-13	726-729	das	negative[14]	_	
11-14	730-733	tat	negative[14]	_	
11-15	734-737	weh	negative[14]	_	
11-16	737-738	,	negative[14]	_	
11-17	739-743	mein	negative[14]	_	
11-18	744-748	Boss	negative[14]	_	
11-19	749-752	von	negative[14]	_	
11-20	753-756	der	negative[14]	_	
11-21	757-761	Gang	negative[14]	_	
11-22	761-762	.	_	_	

#Text=Er war so zärtlich, vergiss mich nicht, er stieg aufs Motorrad.
12-1	767-769	Er	positive[15]	_	
12-2	770-773	war	positive[15]	_	
12-3	774-776	so	positive[15]	_	
12-4	777-785	zärtlich	positive[15]	_	
12-5	785-786	,	positive[15]	_	
12-6	787-794	vergiss	positive[15]	Liebe/Partnerschaft[28]	
12-7	795-799	mich	positive[15]	Liebe/Partnerschaft[28]	
12-8	800-805	nicht	positive[15]	Liebe/Partnerschaft[28]	
12-9	805-806	,	positive[15]	_	
12-10	807-809	er	positive[15]	_	
12-11	810-815	stieg	positive[15]	_	
12-12	816-820	aufs	positive[15]	_	
12-13	821-829	Motorrad	positive[15]	_	
12-14	829-830	.	_	_	

#Text=Tränen im Gesicht, es regnete in dieser Nacht, ich flüsterte noch: Pass auf dich auf, Jim - gib acht.
13-1	831-837	Tränen	neutral[16]	Persönliches/Emotionen	
13-2	838-840	im	neutral[16]	_	
13-3	841-848	Gesicht	neutral[16]	_	
13-4	848-849	,	neutral[16]	_	
13-5	850-852	es	neutral[16]	_	
13-6	853-860	regnete	neutral[16]	_	
13-7	861-863	in	neutral[16]	_	
13-8	864-870	dieser	neutral[16]	_	
13-9	871-876	Nacht	neutral[16]	_	
13-10	876-877	,	neutral[16]	_	
13-11	878-881	ich	neutral[16]	_	
13-12	882-891	flüsterte	neutral[16]	_	
13-13	892-896	noch	neutral[16]	_	
13-14	896-897	:	neutral[16]	_	
13-15	898-902	Pass	neutral[16]	_	
13-16	903-906	auf	neutral[16]	_	
13-17	907-911	dich	neutral[16]	_	
13-18	912-915	auf	neutral[16]	_	
13-19	915-916	,	neutral[16]	_	
13-20	917-920	Jim	neutral[16]	_	
13-21	921-922	-	neutral[16]	_	
13-22	923-926	gib	neutral[16]	_	
13-23	927-931	acht	neutral[16]	_	
13-24	931-932	.	_	_	

#Text=No, no, no.
14-1	937-939	No	neutral[17]	_	
14-2	939-940	,	neutral[17]	_	
14-3	941-943	no	neutral[17]	_	
14-4	943-944	,	neutral[17]	_	
14-5	945-947	no	neutral[17]	_	
14-6	947-948	.	_	_	

#Text=Ich war so hilflos, was war geschehen, warum müssen solche Träume vergehen?
15-1	953-956	Ich	negative[18]	Persönliches/Emotionen[29]	
15-2	957-960	war	negative[18]	Persönliches/Emotionen[29]	
15-3	961-963	so	negative[18]	Persönliches/Emotionen[29]	
15-4	964-971	hilflos	negative[18]	Persönliches/Emotionen[29]	
15-5	971-972	,	negative[18]	_	
15-6	973-976	was	negative[18]	_	
15-7	977-980	war	negative[18]	_	
15-8	981-990	geschehen	negative[18]	_	
15-9	990-991	,	negative[18]	_	
15-10	992-997	warum	negative[18]	_	
15-11	998-1004	müssen	negative[18]	_	
15-12	1005-1011	solche	negative[18]	_	
15-13	1012-1018	Träume	negative[18]	Persönliches/Emotionen[30]	
15-14	1019-1027	vergehen	negative[18]	Persönliches/Emotionen[30]	
15-15	1027-1028	?	negative[18]	_	

#Text=Sie alle starrten mich an, ich schrie: das habt Ihr getan!
16-1	1029-1032	Sie	negative[19]	_	
16-2	1033-1037	alle	negative[19]	_	
16-3	1038-1046	starrten	negative[19]	_	
16-4	1047-1051	mich	negative[19]	_	
16-5	1052-1054	an	negative[19]	_	
16-6	1054-1055	,	negative[19]	_	
16-7	1056-1059	ich	negative[19]	_	
16-8	1060-1066	schrie	negative[19]	_	
16-9	1066-1067	:	negative[19]	_	
16-10	1068-1071	das	negative[19]	_	
16-11	1072-1076	habt	negative[19]	_	
16-12	1077-1080	Ihr	negative[19]	_	
16-13	1081-1086	getan	negative[19]	_	
16-14	1086-1087	!	_	_	

#Text=Niemals vergess' ich den Boss von der Gang.
17-1	1092-1099	Niemals	positive[20]	_	
17-2	1100-1107	vergess	positive[20]	_	
17-3	1107-1108	'	positive[20]	_	
17-4	1109-1112	ich	positive[20]	_	
17-5	1113-1116	den	positive[20]	_	
17-6	1117-1121	Boss	positive[20]	Politik/Soziales/Missstände[31]	
17-7	1122-1125	von	positive[20]	Politik/Soziales/Missstände[31]	
17-8	1126-1129	der	positive[20]	Politik/Soziales/Missstände[31]	
17-9	1130-1134	Gang	positive[20]	Politik/Soziales/Missstände[31]	
17-10	1134-1135	.	_	_	
