#FORMAT=WebAnno TSV 3.2
#T_SP=webanno.custom.Sentiment|Polarity
#T_SP=webanno.custom.Topic|Topics


#Text=Die kleinen grünen Männchen aus dem All, sie kamen an mit Überschallknall, kurz hinter'm Mars sind sie abgebogen und direkt auf die Erde zugeflogen.
1-1	0-3	Die	neutral[1]	_	
1-2	4-11	kleinen	neutral[1]	_	
1-3	12-18	grünen	neutral[1]	_	
1-4	19-27	Männchen	neutral[1]	_	
1-5	28-31	aus	neutral[1]	_	
1-6	32-35	dem	neutral[1]	_	
1-7	36-39	All	neutral[1]	_	
1-8	39-40	,	neutral[1]	_	
1-9	41-44	sie	neutral[1]	_	
1-10	45-50	kamen	neutral[1]	_	
1-11	51-53	an	neutral[1]	_	
1-12	54-57	mit	neutral[1]	_	
1-13	58-73	Überschallknall	neutral[1]	_	
1-14	73-74	,	neutral[1]	_	
1-15	75-79	kurz	neutral[1]	_	
1-16	80-88	hinter'm	neutral[1]	_	
1-17	89-93	Mars	neutral[1]	_	
1-18	94-98	sind	neutral[1]	_	
1-19	99-102	sie	neutral[1]	_	
1-20	103-112	abgebogen	neutral[1]	_	
1-21	113-116	und	neutral[1]	_	
1-22	117-123	direkt	neutral[1]	_	
1-23	124-127	auf	neutral[1]	Reisen[20]	
1-24	128-131	die	neutral[1]	Reisen[20]	
1-25	132-136	Erde	neutral[1]	Reisen[20]	
1-26	137-147	zugeflogen	neutral[1]	Reisen[20]	
1-27	147-148	.	_	_	

#Text=Sie landeten mit Getöse und Gekrache mitten auf dem Kiez bei der Davidswache, sie ließen ihr UFO einfach steh'n, um erstmal einen trinken zu geh'n, denn sie hatten gehört schon vor langer Zeit, auf der Erde gibt es Drinks die machen ganz schön breit. in der Kneipe fuhr'n sie gerade ihre Schnorchel aus, da brüllte so ein Idiot: Aliens raus!
2-1	149-152	Sie	neutral[2]	_	
2-2	153-161	landeten	neutral[2]	_	
2-3	162-165	mit	neutral[2]	_	
2-4	166-172	Getöse	neutral[2]	_	
2-5	173-176	und	neutral[2]	_	
2-6	177-185	Gekrache	neutral[2]	_	
2-7	186-192	mitten	neutral[2]	_	
2-8	193-196	auf	neutral[2]	_	
2-9	197-200	dem	neutral[2]	_	
2-10	201-205	Kiez	neutral[2]	Reisen[21]	
2-11	206-209	bei	neutral[2]	Reisen[21]	
2-12	210-213	der	neutral[2]	Reisen[21]	
2-13	214-225	Davidswache	neutral[2]	Reisen[21]	
2-14	225-226	,	_	_	
2-15	227-230	sie	positive[3]	_	
2-16	231-237	ließen	positive[3]	_	
2-17	238-241	ihr	positive[3]	_	
2-18	242-245	UFO	positive[3]	_	
2-19	246-253	einfach	positive[3]	_	
2-20	254-260	steh'n	positive[3]	_	
2-21	260-261	,	positive[3]	_	
2-22	262-264	um	positive[3]	_	
2-23	265-272	erstmal	positive[3]	_	
2-24	273-278	einen	positive[3]	_	
2-25	279-286	trinken	positive[3]	_	
2-26	287-289	zu	positive[3]	_	
2-27	290-295	geh'n	positive[3]	_	
2-28	295-296	,	positive[3]	_	
2-29	297-301	denn	positive[3]	_	
2-30	302-305	sie	positive[3]	_	
2-31	306-312	hatten	positive[3]	_	
2-32	313-319	gehört	positive[3]	_	
2-33	320-325	schon	positive[3]	_	
2-34	326-329	vor	positive[3]	_	
2-35	330-336	langer	positive[3]	_	
2-36	337-341	Zeit	positive[3]	_	
2-37	341-342	,	positive[3]	_	
2-38	343-346	auf	positive[3]	_	
2-39	347-350	der	positive[3]	_	
2-40	351-355	Erde	positive[3]	_	
2-41	356-360	gibt	positive[3]	_	
2-42	361-363	es	positive[3]	_	
2-43	364-370	Drinks	positive[3]	Gesundheit/Drogen	
2-44	371-374	die	positive[3]	_	
2-45	375-381	machen	positive[3]	_	
2-46	382-386	ganz	positive[3]	Gesundheit/Drogen[22]	
2-47	387-392	schön	positive[3]	Gesundheit/Drogen[22]	
2-48	393-398	breit	positive[3]	Gesundheit/Drogen[22]	
2-49	398-399	.	_	_	
2-50	400-402	in	negative[4]	_	
2-51	403-406	der	negative[4]	_	
2-52	407-413	Kneipe	negative[4]	Gesundheit/Drogen	
2-53	414-420	fuhr'n	negative[4]	_	
2-54	421-424	sie	negative[4]	_	
2-55	425-431	gerade	negative[4]	_	
2-56	432-436	ihre	negative[4]	_	
2-57	437-447	Schnorchel	negative[4]	_	
2-58	448-451	aus	negative[4]	_	
2-59	451-452	,	negative[4]	_	
2-60	453-455	da	negative[4]	_	
2-61	456-463	brüllte	negative[4]	_	
2-62	464-466	so	negative[4]	_	
2-63	467-470	ein	negative[4]	_	
2-64	471-476	Idiot	negative[4]	_	
2-65	476-477	:	negative[4]	_	
2-66	478-484	Aliens	negative[4]	Politik/Soziales/Missstände[23]	
2-67	485-489	raus	negative[4]	Politik/Soziales/Missstände[23]	
2-68	489-490	!	negative[4]	Politik/Soziales/Missstände[23]	

#Text=Auf dem blauen Planet ist ja wohl alles zu spät.
3-1	495-498	Auf	negative[5]	_	
3-2	499-502	dem	negative[5]	_	
3-3	503-509	blauen	negative[5]	Politik/Soziales/Missstände[24]	
3-4	510-516	Planet	negative[5]	Politik/Soziales/Missstände[24]	
3-5	517-520	ist	negative[5]	_	
3-6	521-523	ja	negative[5]	_	
3-7	524-528	wohl	negative[5]	_	
3-8	529-534	alles	negative[5]	_	
3-9	535-537	zu	negative[5]	_	
3-10	538-542	spät	negative[5]	_	
3-11	542-543	.	_	_	

#Text=Ihr seid ja wohl völlig abgedreht, warum müsst Ihr so sein , so fies und gemein, dann steigen wir lieber wieder in unser Ufo ein.
4-1	544-547	Ihr	negative[6]	_	
4-2	548-552	seid	negative[6]	_	
4-3	553-555	ja	negative[6]	_	
4-4	556-560	wohl	negative[6]	_	
4-5	561-567	völlig	negative[6]	_	
4-6	568-577	abgedreht	negative[6]	_	
4-7	577-578	,	negative[6]	_	
4-8	579-584	warum	negative[6]	_	
4-9	585-590	müsst	negative[6]	_	
4-10	591-594	Ihr	negative[6]	_	
4-11	595-597	so	negative[6]	_	
4-12	598-602	sein	negative[6]	_	
4-13	603-604	,	negative[6]	_	
4-14	605-607	so	negative[6]	_	
4-15	608-612	fies	negative[6]	_	
4-16	613-616	und	negative[6]	_	
4-17	617-623	gemein	negative[6]	_	
4-18	623-624	,	negative[6]	_	
4-19	625-629	dann	negative[6]	_	
4-20	630-637	steigen	negative[6]	_	
4-21	638-641	wir	negative[6]	_	
4-22	642-648	lieber	negative[6]	_	
4-23	649-655	wieder	negative[6]	_	
4-24	656-658	in	negative[6]	_	
4-25	659-664	unser	negative[6]	_	
4-26	665-668	Ufo	negative[6]	_	
4-27	669-672	ein	negative[6]	_	
4-28	672-673	.	_	_	

#Text=Aber erst nochmal checken: Sexualität, wollten kurz entdecken wie das geht, die Antenne hol sie raus, Aggregator schalt ihn ein, doch wohin damit, wo muss man damit rein?
5-1	678-682	Aber	neutral[7]	_	
5-2	683-687	erst	neutral[7]	_	
5-3	688-695	nochmal	neutral[7]	_	
5-4	696-703	checken	neutral[7]	_	
5-5	703-704	:	neutral[7]	_	
5-6	705-715	Sexualität	neutral[7]	Liebe/Partnerschaft	
5-7	715-716	,	neutral[7]	_	
5-8	717-724	wollten	neutral[7]	_	
5-9	725-729	kurz	neutral[7]	_	
5-10	730-739	entdecken	neutral[7]	_	
5-11	740-743	wie	neutral[7]	_	
5-12	744-747	das	neutral[7]	_	
5-13	748-752	geht	neutral[7]	_	
5-14	752-753	,	neutral[7]	_	
5-15	754-757	die	neutral[7]	_	
5-16	758-765	Antenne	neutral[7]	_	
5-17	766-769	hol	neutral[7]	_	
5-18	770-773	sie	neutral[7]	_	
5-19	774-778	raus	neutral[7]	_	
5-20	778-779	,	neutral[7]	_	
5-21	780-790	Aggregator	neutral[7]	_	
5-22	791-797	schalt	neutral[7]	_	
5-23	798-801	ihn	neutral[7]	_	
5-24	802-805	ein	neutral[7]	_	
5-25	805-806	,	neutral[7]	_	
5-26	807-811	doch	neutral[7]	_	
5-27	812-817	wohin	neutral[7]	_	
5-28	818-823	damit	neutral[7]	_	
5-29	823-824	,	neutral[7]	_	
5-30	825-827	wo	neutral[7]	_	
5-31	828-832	muss	neutral[7]	_	
5-32	833-836	man	neutral[7]	_	
5-33	837-842	damit	neutral[7]	_	
5-34	843-847	rein	neutral[7]	_	
5-35	847-848	?	neutral[7]	_	

#Text=Nicht in die Nase und nicht in das Ohr - sie sagten: "Ey, ey führ' uns das mal vor!
6-1	849-854	Nicht	neutral[8]	_	
6-2	855-857	in	neutral[8]	_	
6-3	858-861	die	neutral[8]	_	
6-4	862-866	Nase	neutral[8]	_	
6-5	867-870	und	neutral[8]	_	
6-6	871-876	nicht	neutral[8]	_	
6-7	877-879	in	neutral[8]	_	
6-8	880-883	das	neutral[8]	_	
6-9	884-887	Ohr	neutral[8]	_	
6-10	888-889	-	neutral[8]	_	
6-11	890-893	sie	neutral[8]	_	
6-12	894-900	sagten	neutral[8]	_	
6-13	900-901	:	neutral[8]	_	
6-14	902-903	"	neutral[8]	_	
6-15	903-905	Ey	neutral[8]	_	
6-16	905-906	,	neutral[8]	_	
6-17	907-909	ey	neutral[8]	_	
6-18	910-914	führ	neutral[8]	_	
6-19	914-915	'	neutral[8]	_	
6-20	916-919	uns	neutral[8]	_	
6-21	920-923	das	neutral[8]	_	
6-22	924-927	mal	neutral[8]	_	
6-23	928-931	vor	neutral[8]	_	
6-24	931-932	!	neutral[8]	_	

#Text=Hier sind tausend Mark" - doch die Dame spricht: "Ich bin deutschnational - mit'm Alien doch nich'!"
7-1	933-937	Hier	neutral[9]	_	
7-2	938-942	sind	neutral[9]	_	
7-3	943-950	tausend	neutral[9]	_	
7-4	951-955	Mark	neutral[9]	_	
7-5	955-956	"	neutral[9]	_	
7-6	957-958	-	neutral[9]	_	
7-7	959-963	doch	negative[10]	_	
7-8	964-967	die	negative[10]	_	
7-9	968-972	Dame	negative[10]	_	
7-10	973-980	spricht	negative[10]	_	
7-11	980-981	:	negative[10]	_	
7-12	982-983	"	negative[10]	_	
7-13	983-986	Ich	negative[10]	_	
7-14	987-990	bin	negative[10]	_	
7-15	991-1006	deutschnational	negative[10]	Politik/Soziales/Missstände	
7-16	1007-1008	-	negative[10]	_	
7-17	1009-1014	mit'm	negative[10]	_	
7-18	1015-1020	Alien	negative[10]	_	
7-19	1021-1025	doch	negative[10]	_	
7-20	1026-1030	nich	negative[10]	_	
7-21	1030-1031	'	negative[10]	_	
7-22	1031-1032	!	negative[10]	_	
7-23	1032-1033	"	negative[10]	_	

#Text=Auf dem blauen Planet ist ja wohl alles zu spät.
8-1	1038-1041	Auf	negative[11]	_	
8-2	1042-1045	dem	negative[11]	_	
8-3	1046-1052	blauen	negative[11]	Politik/Soziales/Missstände[25]	
8-4	1053-1059	Planet	negative[11]	Politik/Soziales/Missstände[25]	
8-5	1060-1063	ist	negative[11]	_	
8-6	1064-1066	ja	negative[11]	_	
8-7	1067-1071	wohl	negative[11]	_	
8-8	1072-1077	alles	negative[11]	_	
8-9	1078-1080	zu	negative[11]	_	
8-10	1081-1085	spät	negative[11]	_	
8-11	1085-1086	.	_	_	

#Text=Ihr seid ja wohl völlig abgedreht, warum müsst Ihr so sein , so fies und gemein, dann steigen wir lieber wieder in unser Ufo ein.
9-1	1087-1090	Ihr	negative[12]	_	
9-2	1091-1095	seid	negative[12]	_	
9-3	1096-1098	ja	negative[12]	_	
9-4	1099-1103	wohl	negative[12]	_	
9-5	1104-1110	völlig	negative[12]	_	
9-6	1111-1120	abgedreht	negative[12]	_	
9-7	1120-1121	,	negative[12]	_	
9-8	1122-1127	warum	negative[12]	_	
9-9	1128-1133	müsst	negative[12]	_	
9-10	1134-1137	Ihr	negative[12]	_	
9-11	1138-1140	so	negative[12]	_	
9-12	1141-1145	sein	negative[12]	_	
9-13	1146-1147	,	negative[12]	_	
9-14	1148-1150	so	negative[12]	_	
9-15	1151-1155	fies	negative[12]	_	
9-16	1156-1159	und	negative[12]	_	
9-17	1160-1166	gemein	negative[12]	_	
9-18	1166-1167	,	negative[12]	_	
9-19	1168-1172	dann	negative[12]	_	
9-20	1173-1180	steigen	negative[12]	_	
9-21	1181-1184	wir	negative[12]	_	
9-22	1185-1191	lieber	negative[12]	_	
9-23	1192-1198	wieder	negative[12]	_	
9-24	1199-1201	in	negative[12]	_	
9-25	1202-1207	unser	negative[12]	_	
9-26	1208-1211	Ufo	negative[12]	_	
9-27	1212-1215	ein	negative[12]	_	
9-28	1215-1216	.	negative[12]	_	

#Text=Die kleinen grünen Männchen wurden depressiv, alles was sie machten, ging irgendwie schief, da sahen sie plötzlich - jetzt wird alles gut -  andre grünen Männchen mit 'nem grünen Hut, sie sagten "Ey Kollegen, ay ay ay!"
10-1	1221-1224	Die	negative[13]	_	
10-2	1225-1232	kleinen	negative[13]	_	
10-3	1233-1239	grünen	negative[13]	_	
10-4	1240-1248	Männchen	negative[13]	_	
10-5	1249-1255	wurden	negative[13]	_	
10-6	1256-1265	depressiv	negative[13]	Persönliches/Emotionen	
10-7	1265-1266	,	negative[13]	_	
10-8	1267-1272	alles	negative[13]	_	
10-9	1273-1276	was	negative[13]	_	
10-10	1277-1280	sie	negative[13]	_	
10-11	1281-1288	machten	negative[13]	_	
10-12	1288-1289	,	negative[13]	_	
10-13	1290-1294	ging	negative[13]	_	
10-14	1295-1304	irgendwie	negative[13]	_	
10-15	1305-1311	schief	negative[13]	_	
10-16	1311-1312	,	_	_	
10-17	1313-1315	da	positive[14]	_	
10-18	1316-1321	sahen	positive[14]	_	
10-19	1322-1325	sie	positive[14]	_	
10-20	1326-1335	plötzlich	positive[14]	_	
10-21	1336-1337	-	positive[14]	_	
10-22	1338-1343	jetzt	positive[14]	_	
10-23	1344-1348	wird	positive[14]	_	
10-24	1349-1354	alles	positive[14]	_	
10-25	1355-1358	gut	positive[14]	_	
10-26	1359-1360	-	positive[14]	_	
10-27	1362-1367	andre	positive[14]	_	
10-28	1368-1374	grünen	positive[14]	_	
10-29	1375-1383	Männchen	positive[14]	_	
10-30	1384-1387	mit	positive[14]	_	
10-31	1388-1389	'	positive[14]	_	
10-32	1389-1392	nem	positive[14]	_	
10-33	1393-1399	grünen	positive[14]	_	
10-34	1400-1403	Hut	positive[14]	_	
10-35	1403-1404	,	_	_	
10-36	1405-1408	sie	neutral[15]	_	
10-37	1409-1415	sagten	neutral[15]	_	
10-38	1416-1417	"	neutral[15]	_	
10-39	1417-1419	Ey	neutral[15]	_	
10-40	1420-1428	Kollegen	neutral[15]	_	
10-41	1428-1429	,	neutral[15]	_	
10-42	1430-1432	ay	neutral[15]	_	
10-43	1433-1435	ay	neutral[15]	_	
10-44	1436-1438	ay	neutral[15]	_	
10-45	1438-1439	!	neutral[15]	_	
10-46	1439-1440	"	neutral[15]	_	

#Text="Ey ey - von wegen: Polizei!"
11-1	1441-1442	"	neutral[16]	_	
11-2	1442-1444	Ey	neutral[16]	_	
11-3	1445-1447	ey	neutral[16]	_	
11-4	1448-1449	-	neutral[16]	_	
11-5	1450-1453	von	neutral[16]	_	
11-6	1454-1459	wegen	neutral[16]	_	
11-7	1459-1460	:	neutral[16]	_	
11-8	1461-1468	Polizei	neutral[16]	Politik/Soziales/Missstände	
11-9	1468-1469	!	neutral[16]	_	
11-10	1469-1470	"	neutral[16]	_	

#Text=In der Rasterfahndung Personalien gerafft und dann weg mit Euch Aliens in Abschiebehaft!
12-1	1471-1473	In	negative[17]	_	
12-2	1474-1477	der	negative[17]	_	
12-3	1478-1492	Rasterfahndung	negative[17]	Politik/Soziales/Missstände	
12-4	1493-1504	Personalien	negative[17]	Politik/Soziales/Missstände	
12-5	1505-1512	gerafft	negative[17]	_	
12-6	1513-1516	und	negative[17]	_	
12-7	1517-1521	dann	negative[17]	_	
12-8	1522-1525	weg	negative[17]	_	
12-9	1526-1529	mit	negative[17]	_	
12-10	1530-1534	Euch	negative[17]	_	
12-11	1535-1541	Aliens	negative[17]	_	
12-12	1542-1544	in	negative[17]	_	
12-13	1545-1558	Abschiebehaft	negative[17]	Politik/Soziales/Missstände	
12-14	1558-1559	!	negative[17]	_	

#Text=Auf dem blauen Planet ist ja wohl alles zu spät.
13-1	1564-1567	Auf	negative[18]	_	
13-2	1568-1571	dem	negative[18]	_	
13-3	1572-1578	blauen	negative[18]	Politik/Soziales/Missstände[26]	
13-4	1579-1585	Planet	negative[18]	Politik/Soziales/Missstände[26]	
13-5	1586-1589	ist	negative[18]	_	
13-6	1590-1592	ja	negative[18]	_	
13-7	1593-1597	wohl	negative[18]	_	
13-8	1598-1603	alles	negative[18]	_	
13-9	1604-1606	zu	negative[18]	_	
13-10	1607-1611	spät	negative[18]	_	
13-11	1611-1612	.	negative[18]	_	

#Text=Ihr seid ja wohl völlig abgedreht, warum müsst Ihr so sein , so fies und gemein, dann steigen wir lieber wieder in unser Ufo ein.
14-1	1613-1616	Ihr	negative[19]	_	
14-2	1617-1621	seid	negative[19]	_	
14-3	1622-1624	ja	negative[19]	_	
14-4	1625-1629	wohl	negative[19]	_	
14-5	1630-1636	völlig	negative[19]	_	
14-6	1637-1646	abgedreht	negative[19]	_	
14-7	1646-1647	,	negative[19]	_	
14-8	1648-1653	warum	negative[19]	_	
14-9	1654-1659	müsst	negative[19]	_	
14-10	1660-1663	Ihr	negative[19]	_	
14-11	1664-1666	so	negative[19]	_	
14-12	1667-1671	sein	negative[19]	_	
14-13	1672-1673	,	negative[19]	_	
14-14	1674-1676	so	negative[19]	_	
14-15	1677-1681	fies	negative[19]	_	
14-16	1682-1685	und	negative[19]	_	
14-17	1686-1692	gemein	negative[19]	_	
14-18	1692-1693	,	negative[19]	_	
14-19	1694-1698	dann	negative[19]	_	
14-20	1699-1706	steigen	negative[19]	_	
14-21	1707-1710	wir	negative[19]	_	
14-22	1711-1717	lieber	negative[19]	_	
14-23	1718-1724	wieder	negative[19]	_	
14-24	1725-1727	in	negative[19]	_	
14-25	1728-1733	unser	negative[19]	_	
14-26	1734-1737	Ufo	negative[19]	_	
14-27	1738-1741	ein	negative[19]	_	
14-28	1741-1742	.	_	_	
