#FORMAT=WebAnno TSV 3.2
#T_SP=webanno.custom.Sentiment|Polarity
#T_SP=webanno.custom.Topic|Topics


#Text=Nach dem Auftritt geh' ich in die Garderobe raus aus dem Frack, ich schmink' mich ab und dann zieh' ich die Jeans wieder an.
1-1	0-4	Nach	neutral[1]	_	
1-2	5-8	dem	neutral[1]	_	
1-3	9-17	Auftritt	neutral[1]	Musik	
1-4	18-21	geh	neutral[1]	_	
1-5	21-22	'	neutral[1]	_	
1-6	23-26	ich	neutral[1]	_	
1-7	27-29	in	neutral[1]	_	
1-8	30-33	die	neutral[1]	_	
1-9	34-43	Garderobe	neutral[1]	_	
1-10	44-48	raus	neutral[1]	_	
1-11	49-52	aus	neutral[1]	_	
1-12	53-56	dem	neutral[1]	_	
1-13	57-62	Frack	neutral[1]	_	
1-14	62-63	,	neutral[1]	_	
1-15	64-67	ich	neutral[1]	_	
1-16	68-75	schmink	neutral[1]	_	
1-17	75-76	'	neutral[1]	_	
1-18	77-81	mich	neutral[1]	_	
1-19	82-84	ab	neutral[1]	_	
1-20	85-88	und	neutral[1]	_	
1-21	89-93	dann	neutral[1]	_	
1-22	94-98	zieh	neutral[1]	_	
1-23	98-99	'	neutral[1]	_	
1-24	100-103	ich	neutral[1]	_	
1-25	104-107	die	neutral[1]	_	
1-26	108-113	Jeans	neutral[1]	_	
1-27	114-120	wieder	neutral[1]	_	
1-28	121-123	an	neutral[1]	_	
1-29	123-124	.	neutral[1]	_	

#Text=Ich denk', das is 'n guter Job, jeden Abend hundertfünfzig Mark das ist schon sehr stark, dafür kann man schon mal auf die Bühne gehen und als Glitzerknabe im Rampenlicht stehen.
2-1	125-128	Ich	positive[2]	_	
2-2	129-133	denk	positive[2]	_	
2-3	133-134	'	positive[2]	_	
2-4	134-135	,	positive[2]	_	
2-5	136-139	das	positive[2]	_	
2-6	140-142	is	positive[2]	_	
2-7	143-144	'	positive[2]	_	
2-8	144-145	n	positive[2]	_	
2-9	146-151	guter	positive[2]	_	
2-10	152-155	Job	positive[2]	_	
2-11	155-156	,	positive[2]	_	
2-12	157-162	jeden	positive[2]	_	
2-13	163-168	Abend	positive[2]	_	
2-14	169-183	hundertfünfzig	positive[2]	Politik/Soziales/Missstände[3]	
2-15	184-188	Mark	positive[2]	Politik/Soziales/Missstände[3]	
2-16	189-192	das	positive[2]	_	
2-17	193-196	ist	positive[2]	_	
2-18	197-202	schon	positive[2]	_	
2-19	203-207	sehr	positive[2]	_	
2-20	208-213	stark	positive[2]	_	
2-21	213-214	,	positive[2]	_	
2-22	215-220	dafür	positive[2]	_	
2-23	221-225	kann	positive[2]	_	
2-24	226-229	man	positive[2]	_	
2-25	230-235	schon	positive[2]	_	
2-26	236-239	mal	positive[2]	_	
2-27	240-243	auf	positive[2]	_	
2-28	244-247	die	positive[2]	_	
2-29	248-253	Bühne	positive[2]	Musik	
2-30	254-259	gehen	positive[2]	_	
2-31	260-263	und	positive[2]	_	
2-32	264-267	als	positive[2]	_	
2-33	268-280	Glitzerknabe	positive[2]	Musik[4]	
2-34	281-283	im	positive[2]	Musik[4]	
2-35	284-295	Rampenlicht	positive[2]	Musik[4]	
2-36	296-302	stehen	positive[2]	_	
2-37	302-303	.	positive[2]	_	
