#FORMAT=WebAnno TSV 3.2
#T_SP=webanno.custom.Sentiment|Polarity
#T_SP=webanno.custom.Topic|Topics


#Text=Bodo Ballermann spielte beim  Rambo-Zambo Kickerverein , er flitzt über'n Platz, schnell wie ein Tiger  und er war der Schrecken der Bundesliga.
1-1	0-4	Bodo	positive[1]	_	
1-2	5-15	Ballermann	positive[1]	_	
1-3	16-23	spielte	positive[1]	_	
1-4	24-28	beim	positive[1]	_	
1-5	30-41	Rambo-Zambo	positive[1]	_	
1-6	42-54	Kickerverein	positive[1]	_	
1-7	55-56	,	positive[1]	_	
1-8	57-59	er	positive[1]	_	
1-9	60-66	flitzt	positive[1]	_	
1-10	67-73	über'n	positive[1]	_	
1-11	74-79	Platz	positive[1]	_	
1-12	79-80	,	positive[1]	_	
1-13	81-88	schnell	positive[1]	Persönliches/Emotionen[15]	
1-14	89-92	wie	positive[1]	Persönliches/Emotionen[15]	
1-15	93-96	ein	positive[1]	Persönliches/Emotionen[15]	
1-16	97-102	Tiger	positive[1]	Persönliches/Emotionen[15]	
1-17	104-107	und	positive[1]	_	
1-18	108-110	er	positive[1]	_	
1-19	111-114	war	positive[1]	_	
1-20	115-118	der	positive[1]	_	
1-21	119-128	Schrecken	positive[1]	Persönliches/Emotionen[16]	
1-22	129-132	der	positive[1]	Persönliches/Emotionen[16]	
1-23	133-143	Bundesliga	positive[1]	Persönliches/Emotionen[16]	
1-24	143-144	.	_	_	

#Text=Sah man 'n Fleck, meistens war's 'n blauer  am Schienenbein von Fränzchen Beckenbauer  oder hielt sich ein Torwart verzweifelt den Magen,  hatte Bodo wieder zugeschlagen!
2-1	149-152	Sah	neutral[2]	_	
2-2	153-156	man	neutral[2]	_	
2-3	157-158	'	neutral[2]	_	
2-4	158-159	n	neutral[2]	_	
2-5	160-165	Fleck	neutral[2]	_	
2-6	165-166	,	neutral[2]	_	
2-7	167-175	meistens	neutral[2]	_	
2-8	176-181	war's	neutral[2]	_	
2-9	182-183	'	neutral[2]	_	
2-10	183-184	n	neutral[2]	_	
2-11	185-191	blauer	neutral[2]	_	
2-12	193-195	am	neutral[2]	_	
2-13	196-208	Schienenbein	neutral[2]	_	
2-14	209-212	von	neutral[2]	_	
2-15	213-222	Fränzchen	neutral[2]	Politik/Soziales/Missstände[17]	
2-16	223-234	Beckenbauer	neutral[2]	Politik/Soziales/Missstände[17]	
2-17	236-240	oder	neutral[2]	_	
2-18	241-246	hielt	neutral[2]	_	
2-19	247-251	sich	neutral[2]	_	
2-20	252-255	ein	neutral[2]	_	
2-21	256-263	Torwart	neutral[2]	_	
2-22	264-275	verzweifelt	neutral[2]	_	
2-23	276-279	den	neutral[2]	_	
2-24	280-285	Magen	neutral[2]	_	
2-25	285-286	,	neutral[2]	_	
2-26	288-293	hatte	neutral[2]	_	
2-27	294-298	Bodo	neutral[2]	_	
2-28	299-305	wieder	neutral[2]	_	
2-29	306-318	zugeschlagen	neutral[2]	_	
2-30	318-319	!	_	_	

#Text=Hau rein is' Tango , tu ihn rein is' Cha-Cha-Cha , 10000 Leute brüll'n im Chor:  Wir wollen das Granatentor!
3-1	324-327	Hau	positive[3]	_	
3-2	328-332	rein	positive[3]	_	
3-3	333-335	is	positive[3]	_	
3-4	335-336	'	positive[3]	_	
3-5	337-342	Tango	positive[3]	_	
3-6	343-344	,	positive[3]	_	
3-7	345-347	tu	positive[3]	_	
3-8	348-351	ihn	positive[3]	_	
3-9	352-356	rein	positive[3]	_	
3-10	357-359	is	positive[3]	_	
3-11	359-360	'	positive[3]	_	
3-12	361-372	Cha-Cha-Cha	positive[3]	_	
3-13	373-374	,	_	_	
3-14	375-380	10000	positive[4]	_	
3-15	381-386	Leute	positive[4]	_	
3-16	387-394	brüll'n	positive[4]	_	
3-17	395-397	im	positive[4]	_	
3-18	398-402	Chor	positive[4]	_	
3-19	402-403	:	positive[4]	_	
3-20	405-408	Wir	positive[4]	_	
3-21	409-415	wollen	positive[4]	_	
3-22	416-419	das	positive[4]	_	
3-23	420-431	Granatentor	positive[4]	_	
3-24	431-432	!	_	_	

#Text=Der Torwart greift vergeblich  nach dem riskanten Ball , doch er knallt bloß mit dem Kopf an die Latte , weil Bodo gut getäuschet hatte.
4-1	434-437	Der	negative[5]	_	
4-2	438-445	Torwart	negative[5]	_	
4-3	446-452	greift	negative[5]	_	
4-4	453-463	vergeblich	negative[5]	_	
4-5	465-469	nach	negative[5]	_	
4-6	470-473	dem	negative[5]	_	
4-7	474-483	riskanten	negative[5]	_	
4-8	484-488	Ball	negative[5]	_	
4-9	489-490	,	negative[5]	_	
4-10	491-495	doch	negative[5]	_	
4-11	496-498	er	negative[5]	_	
4-12	499-505	knallt	negative[5]	_	
4-13	506-510	bloß	negative[5]	_	
4-14	511-514	mit	negative[5]	_	
4-15	515-518	dem	negative[5]	_	
4-16	519-523	Kopf	negative[5]	Gesundheit/Drogen[18]	
4-17	524-526	an	negative[5]	Gesundheit/Drogen[18]	
4-18	527-530	die	negative[5]	Gesundheit/Drogen[18]	
4-19	531-536	Latte	negative[5]	Gesundheit/Drogen[18]	
4-20	537-538	,	_	_	
4-21	539-543	weil	positive[6]	_	
4-22	544-548	Bodo	positive[6]	_	
4-23	549-552	gut	positive[6]	_	
4-24	553-563	getäuschet	positive[6]	_	
4-25	564-569	hatte	positive[6]	_	
4-26	569-570	.	_	_	

#Text=Weil Bodo nicht nur gut war im Spiel, sondern den Frauen auch besonders gefiel , hat er dann reichlich mit den Groupies gepennt  und viel gesoffen, so entfiel das Happy End .
5-1	575-579	Weil	negative[7]	_	
5-2	580-584	Bodo	negative[7]	_	
5-3	585-590	nicht	negative[7]	_	
5-4	591-594	nur	negative[7]	_	
5-5	595-598	gut	negative[7]	_	
5-6	599-602	war	negative[7]	_	
5-7	603-605	im	negative[7]	_	
5-8	606-611	Spiel	negative[7]	_	
5-9	611-612	,	negative[7]	_	
5-10	613-620	sondern	negative[7]	_	
5-11	621-624	den	negative[7]	_	
5-12	625-631	Frauen	negative[7]	_	
5-13	632-636	auch	negative[7]	_	
5-14	637-646	besonders	negative[7]	_	
5-15	647-653	gefiel	negative[7]	_	
5-16	654-655	,	negative[7]	_	
5-17	656-659	hat	negative[7]	_	
5-18	660-662	er	negative[7]	_	
5-19	663-667	dann	negative[7]	_	
5-20	668-677	reichlich	negative[7]	_	
5-21	678-681	mit	negative[7]	_	
5-22	682-685	den	negative[7]	_	
5-23	686-694	Groupies	negative[7]	Liebe/Partnerschaft	
5-24	695-702	gepennt	negative[7]	_	
5-25	704-707	und	negative[7]	_	
5-26	708-712	viel	negative[7]	_	
5-27	713-721	gesoffen	negative[7]	Gesundheit/Drogen	
5-28	721-722	,	negative[7]	_	
5-29	723-725	so	negative[7]	_	
5-30	726-733	entfiel	negative[7]	_	
5-31	734-737	das	negative[7]	_	
5-32	738-743	Happy	negative[7]	_	
5-33	744-747	End	negative[7]	_	
5-34	748-749	.	_	_	

#Text=Als dann die Damen ihm seinen Samen nahmen , als er dann jede Nacht in irgend 'ner Eros-Bar war , verlor er schnell die Kondition  und dann im Fußballstadion , war er bald so abgeschlafft , wie ein versoffener Clochard.
6-1	750-753	Als	negative[8]	_	
6-2	754-758	dann	negative[8]	_	
6-3	759-762	die	negative[8]	_	
6-4	763-768	Damen	negative[8]	_	
6-5	769-772	ihm	negative[8]	_	
6-6	773-779	seinen	negative[8]	_	
6-7	780-785	Samen	negative[8]	Liebe/Partnerschaft	
6-8	786-792	nahmen	negative[8]	_	
6-9	793-794	,	_	_	
6-10	795-798	als	negative[9]	_	
6-11	799-801	er	negative[9]	_	
6-12	802-806	dann	negative[9]	_	
6-13	807-811	jede	negative[9]	_	
6-14	812-817	Nacht	negative[9]	_	
6-15	818-820	in	negative[9]	_	
6-16	821-827	irgend	negative[9]	_	
6-17	828-829	'	negative[9]	_	
6-18	829-832	ner	negative[9]	_	
6-19	833-841	Eros-Bar	negative[9]	_	
6-20	842-845	war	negative[9]	_	
6-21	846-847	,	negative[9]	_	
6-22	848-854	verlor	negative[9]	_	
6-23	855-857	er	negative[9]	_	
6-24	858-865	schnell	negative[9]	_	
6-25	866-869	die	negative[9]	_	
6-26	870-879	Kondition	negative[9]	Gesundheit/Drogen	
6-27	881-884	und	_	_	
6-28	885-889	dann	negative[10]	_	
6-29	890-892	im	negative[10]	_	
6-30	893-907	Fußballstadion	negative[10]	_	
6-31	908-909	,	negative[10]	_	
6-32	910-913	war	negative[10]	_	
6-33	914-916	er	negative[10]	_	
6-34	917-921	bald	negative[10]	_	
6-35	922-924	so	negative[10]	_	
6-36	925-937	abgeschlafft	negative[10]	Persönliches/Emotionen	
6-37	938-939	,	negative[10]	_	
6-38	940-943	wie	negative[10]	_	
6-39	944-947	ein	negative[10]	_	
6-40	948-959	versoffener	negative[10]	Gesundheit/Drogen[19]	
6-41	960-968	Clochard	negative[10]	Gesundheit/Drogen[19]	
6-42	968-969	.	_	_	

#Text=Hau rein is' Tango , tu ihn rein is' Cha-Cha-Cha , 10000 Leute brüll'n im Chor:  Nun baller doch endlich mal wieder 'n Tor!
7-1	974-977	Hau	positive[11]	_	
7-2	978-982	rein	positive[11]	_	
7-3	983-985	is	positive[11]	_	
7-4	985-986	'	positive[11]	_	
7-5	987-992	Tango	positive[11]	_	
7-6	993-994	,	positive[11]	_	
7-7	995-997	tu	positive[11]	_	
7-8	998-1001	ihn	positive[11]	_	
7-9	1002-1006	rein	positive[11]	_	
7-10	1007-1009	is	positive[11]	_	
7-11	1009-1010	'	positive[11]	_	
7-12	1011-1022	Cha-Cha-Cha	positive[11]	_	
7-13	1023-1024	,	_	_	
7-14	1025-1030	10000	positive[12]	_	
7-15	1031-1036	Leute	positive[12]	_	
7-16	1037-1044	brüll'n	positive[12]	_	
7-17	1045-1047	im	positive[12]	_	
7-18	1048-1052	Chor	positive[12]	_	
7-19	1052-1053	:	positive[12]	_	
7-20	1055-1058	Nun	positive[12]	_	
7-21	1059-1065	baller	positive[12]	_	
7-22	1066-1070	doch	positive[12]	_	
7-23	1071-1078	endlich	positive[12]	_	
7-24	1079-1082	mal	positive[12]	_	
7-25	1083-1089	wieder	positive[12]	_	
7-26	1090-1091	'	positive[12]	_	
7-27	1091-1092	n	positive[12]	_	
7-28	1093-1096	Tor	positive[12]	_	
7-29	1096-1097	!	_	_	

#Text=Doch Bodo trifft den Ball nicht mehr , dafür des Schiedsrichters Maul .
8-1	1099-1103	Doch	negative[13]	_	
8-2	1104-1108	Bodo	negative[13]	_	
8-3	1109-1115	trifft	negative[13]	_	
8-4	1116-1119	den	negative[13]	_	
8-5	1120-1124	Ball	negative[13]	_	
8-6	1125-1130	nicht	negative[13]	_	
8-7	1131-1135	mehr	negative[13]	_	
8-8	1136-1137	,	negative[13]	_	
8-9	1138-1143	dafür	negative[13]	_	
8-10	1144-1147	des	negative[13]	_	
8-11	1148-1163	Schiedsrichters	negative[13]	_	
8-12	1164-1168	Maul	negative[13]	Politik/Soziales/Missstände	
8-13	1169-1170	.	_	_	

#Text=Und der zieht die rote Karte und nuschelt ohne Zähne:  Herr Ballermann, das war ihr letztes Foul!
9-1	1171-1174	Und	negative[14]	_	
9-2	1175-1178	der	negative[14]	_	
9-3	1179-1184	zieht	negative[14]	_	
9-4	1185-1188	die	negative[14]	_	
9-5	1189-1193	rote	negative[14]	_	
9-6	1194-1199	Karte	negative[14]	_	
9-7	1200-1203	und	negative[14]	_	
9-8	1204-1212	nuschelt	negative[14]	_	
9-9	1213-1217	ohne	negative[14]	_	
9-10	1218-1223	Zähne	negative[14]	_	
9-11	1223-1224	:	negative[14]	_	
9-12	1226-1230	Herr	negative[14]	_	
9-13	1231-1241	Ballermann	negative[14]	_	
9-14	1241-1242	,	negative[14]	_	
9-15	1243-1246	das	negative[14]	_	
9-16	1247-1250	war	negative[14]	_	
9-17	1251-1254	ihr	negative[14]	_	
9-18	1255-1262	letztes	negative[14]	_	
9-19	1263-1267	Foul	negative[14]	_	
9-20	1267-1268	!	_	_	
