#FORMAT=WebAnno TSV 3.2
#T_SP=webanno.custom.Sentiment|Polarity
#T_SP=webanno.custom.Topic|Topics


#Text=Bar Italia in Belfast voll mit alten Boxerfans, schwarz-weiß Videos, Titelkämpfe, Blut und Schweiß, die großen Champs von früher, deren Namen keiner mehr weiß.
1-1	0-3	Bar	negative[1]	Gesundheit/Drogen[10]	
1-2	4-10	Italia	negative[1]	Gesundheit/Drogen[10]	
1-3	11-13	in	negative[1]	Reisen[11]	
1-4	14-21	Belfast	negative[1]	Reisen[11]	
1-5	22-26	voll	negative[1]	_	
1-6	27-30	mit	negative[1]	_	
1-7	31-36	alten	negative[1]	_	
1-8	37-46	Boxerfans	negative[1]	_	
1-9	46-47	,	negative[1]	_	
1-10	48-60	schwarz-weiß	negative[1]	_	
1-11	61-67	Videos	negative[1]	_	
1-12	67-68	,	negative[1]	_	
1-13	69-80	Titelkämpfe	negative[1]	Politik/Soziales/Missstände	
1-14	80-81	,	negative[1]	_	
1-15	82-86	Blut	negative[1]	Politik/Soziales/Missstände[12]	
1-16	87-90	und	negative[1]	Politik/Soziales/Missstände[12]	
1-17	91-98	Schweiß	negative[1]	Politik/Soziales/Missstände[12]	
1-18	98-99	,	negative[1]	_	
1-19	100-103	die	negative[1]	_	
1-20	104-110	großen	negative[1]	Politik/Soziales/Missstände[13]	
1-21	111-117	Champs	negative[1]	Politik/Soziales/Missstände[13]	
1-22	118-121	von	negative[1]	Politik/Soziales/Missstände[13]	
1-23	122-128	früher	negative[1]	Politik/Soziales/Missstände[13]	
1-24	128-129	,	negative[1]	_	
1-25	130-135	deren	negative[1]	_	
1-26	136-141	Namen	negative[1]	_	
1-27	142-148	keiner	negative[1]	_	
1-28	149-153	mehr	negative[1]	_	
1-29	154-158	weiß	negative[1]	_	
1-30	158-159	.	negative[1]	_	

#Text=Plötzlich Schüsse in der Nacht, Strassenfighter draußen an der Tür.
2-1	164-173	Plötzlich	negative[2]	_	
2-2	174-181	Schüsse	negative[2]	Politik/Soziales/Missstände[14]	
2-3	182-184	in	negative[2]	Politik/Soziales/Missstände[14]	
2-4	185-188	der	negative[2]	Politik/Soziales/Missstände[14]	
2-5	189-194	Nacht	negative[2]	Politik/Soziales/Missstände[14]	
2-6	194-195	,	negative[2]	_	
2-7	196-211	Strassenfighter	negative[2]	Politik/Soziales/Missstände	
2-8	212-219	draußen	negative[2]	_	
2-9	220-222	an	negative[2]	_	
2-10	223-226	der	negative[2]	_	
2-11	227-230	Tür	negative[2]	_	
2-12	230-231	.	negative[2]	_	

#Text=Johnny Boxer steht auf und schreit sie nieder: "Wenn ihr schon glaubt, dass ihr Krieg braucht dann überlasst das Fighten mir."
3-1	232-238	Johnny	negative[3]	_	
3-2	239-244	Boxer	negative[3]	_	
3-3	245-250	steht	negative[3]	_	
3-4	251-254	auf	negative[3]	_	
3-5	255-258	und	negative[3]	_	
3-6	259-266	schreit	negative[3]	_	
3-7	267-270	sie	negative[3]	_	
3-8	271-277	nieder	negative[3]	_	
3-9	277-278	:	negative[3]	_	
3-10	279-280	"	negative[3]	_	
3-11	280-284	Wenn	negative[3]	_	
3-12	285-288	ihr	negative[3]	_	
3-13	289-294	schon	negative[3]	_	
3-14	295-301	glaubt	negative[3]	_	
3-15	301-302	,	negative[3]	_	
3-16	303-307	dass	negative[3]	_	
3-17	308-311	ihr	negative[3]	_	
3-18	312-317	Krieg	negative[3]	Politik/Soziales/Missstände	
3-19	318-325	braucht	negative[3]	_	
3-20	326-330	dann	negative[3]	_	
3-21	331-340	überlasst	negative[3]	_	
3-22	341-344	das	negative[3]	_	
3-23	345-352	Fighten	negative[3]	Politik/Soziales/Missstände	
3-24	353-356	mir	negative[3]	_	
3-25	356-357	.	negative[3]	_	
3-26	357-358	"	negative[3]	_	

#Text=Oh Johnny, wieder steigst du in den Ring, dein Kampf ist hart und einsam, doch du musst siegen.
4-1	363-365	Oh	neutral[4]	_	
4-2	366-372	Johnny	neutral[4]	_	
4-3	372-373	,	neutral[4]	_	
4-4	374-380	wieder	neutral[4]	_	
4-5	381-388	steigst	neutral[4]	_	
4-6	389-391	du	neutral[4]	_	
4-7	392-394	in	neutral[4]	_	
4-8	395-398	den	neutral[4]	_	
4-9	399-403	Ring	neutral[4]	_	
4-10	403-404	,	neutral[4]	_	
4-11	405-409	dein	neutral[4]	_	
4-12	410-415	Kampf	neutral[4]	Politik/Soziales/Missstände[15]	
4-13	416-419	ist	neutral[4]	Politik/Soziales/Missstände[15]	
4-14	420-424	hart	neutral[4]	Politik/Soziales/Missstände[15]	
4-15	425-428	und	neutral[4]	Politik/Soziales/Missstände[15]	
4-16	429-435	einsam	neutral[4]	Politik/Soziales/Missstände[15]	
4-17	435-436	,	neutral[4]	_	
4-18	437-441	doch	neutral[4]	_	
4-19	442-444	du	neutral[4]	_	
4-20	445-450	musst	neutral[4]	Persönliches/Emotionen[16]	
4-21	451-457	siegen	neutral[4]	Persönliches/Emotionen[16]	
4-22	457-458	.	neutral[4]	_	

#Text=Oh Johnny, du bleibst mein Boxerking und ich hoff', dass sie dich niemals unterkriegen, Oh Johnny.
5-1	459-461	Oh	positive[5]	_	
5-2	462-468	Johnny	positive[5]	_	
5-3	468-469	,	positive[5]	_	
5-4	470-472	du	positive[5]	_	
5-5	473-480	bleibst	positive[5]	_	
5-6	481-485	mein	positive[5]	Persönliches/Emotionen[17]	
5-7	486-495	Boxerking	positive[5]	Persönliches/Emotionen[17]	
5-8	496-499	und	positive[5]	_	
5-9	500-503	ich	positive[5]	_	
5-10	504-508	hoff	positive[5]	_	
5-11	508-509	'	positive[5]	_	
5-12	509-510	,	positive[5]	_	
5-13	511-515	dass	positive[5]	_	
5-14	516-519	sie	positive[5]	_	
5-15	520-524	dich	positive[5]	_	
5-16	525-532	niemals	positive[5]	Persönliches/Emotionen[18]	
5-17	533-545	unterkriegen	positive[5]	Persönliches/Emotionen[18]	
5-18	545-546	,	positive[5]	_	
5-19	547-549	Oh	positive[5]	_	
5-20	550-556	Johnny	positive[5]	_	
5-21	556-557	.	positive[5]	_	

#Text=Johnnys Frau sagt: "Lass' es sein, du kannst die Welt nicht ändern, nicht du allein."
6-1	562-569	Johnnys	negative[6]	_	
6-2	570-574	Frau	negative[6]	_	
6-3	575-579	sagt	negative[6]	_	
6-4	579-580	:	negative[6]	_	
6-5	581-582	"	negative[6]	_	
6-6	582-586	Lass	negative[6]	_	
6-7	586-587	'	negative[6]	_	
6-8	588-590	es	negative[6]	_	
6-9	591-595	sein	negative[6]	_	
6-10	595-596	,	negative[6]	_	
6-11	597-599	du	negative[6]	_	
6-12	600-606	kannst	negative[6]	Politik/Soziales/Missstände[19]	
6-13	607-610	die	negative[6]	Politik/Soziales/Missstände[19]	
6-14	611-615	Welt	negative[6]	Politik/Soziales/Missstände[19]	
6-15	616-621	nicht	negative[6]	Politik/Soziales/Missstände[19]	
6-16	622-628	ändern	negative[6]	Politik/Soziales/Missstände[19]	
6-17	628-629	,	negative[6]	_	
6-18	630-635	nicht	negative[6]	_	
6-19	636-638	du	negative[6]	_	
6-20	639-645	allein	negative[6]	_	
6-21	645-646	.	negative[6]	_	
6-22	646-647	"	negative[6]	_	

#Text=Doch Johnny will 'ne Welt für seinen Sohn, da soll das einzige Schlachtfeld der Boxring sein.
7-1	648-652	Doch	positive[7]	_	
7-2	653-659	Johnny	positive[7]	_	
7-3	660-664	will	positive[7]	_	
7-4	665-666	'	positive[7]	Liebe/Partnerschaft[20]	
7-5	666-668	ne	positive[7]	Liebe/Partnerschaft[20]	
7-6	669-673	Welt	positive[7]	Liebe/Partnerschaft[20]	
7-7	674-677	für	positive[7]	Liebe/Partnerschaft[20]	
7-8	678-684	seinen	positive[7]	Liebe/Partnerschaft[20]	
7-9	685-689	Sohn	positive[7]	Liebe/Partnerschaft[20]	
7-10	689-690	,	positive[7]	_	
7-11	691-693	da	positive[7]	_	
7-12	694-698	soll	positive[7]	_	
7-13	699-702	das	positive[7]	_	
7-14	703-710	einzige	positive[7]	_	
7-15	711-723	Schlachtfeld	positive[7]	Politik/Soziales/Missstände	
7-16	724-727	der	positive[7]	_	
7-17	728-735	Boxring	positive[7]	_	
7-18	736-740	sein	positive[7]	_	
7-19	740-741	.	positive[7]	_	

#Text=Oh Johnny, wieder steigst du in den Ring, dein Kampf ist hart und einsam, doch du musst siegen, Oh Johnny, du bleibst mein Boxerking und niemals dürfen sie dich unterkriegen, Oh Johnny.
8-1	746-748	Oh	positive[8]	_	
8-2	749-755	Johnny	positive[8]	_	
8-3	755-756	,	positive[8]	_	
8-4	757-763	wieder	positive[8]	_	
8-5	764-771	steigst	positive[8]	_	
8-6	772-774	du	positive[8]	_	
8-7	775-777	in	positive[8]	_	
8-8	778-781	den	positive[8]	_	
8-9	782-786	Ring	positive[8]	_	
8-10	786-787	,	positive[8]	_	
8-11	788-792	dein	positive[8]	_	
8-12	793-798	Kampf	positive[8]	Politik/Soziales/Missstände[21]	
8-13	799-802	ist	positive[8]	Politik/Soziales/Missstände[21]	
8-14	803-807	hart	positive[8]	Politik/Soziales/Missstände[21]	
8-15	808-811	und	positive[8]	Politik/Soziales/Missstände[21]	
8-16	812-818	einsam	positive[8]	Politik/Soziales/Missstände[21]	
8-17	818-819	,	positive[8]	_	
8-18	820-824	doch	positive[8]	_	
8-19	825-827	du	positive[8]	_	
8-20	828-833	musst	positive[8]	Persönliches/Emotionen[22]	
8-21	834-840	siegen	positive[8]	Persönliches/Emotionen[22]	
8-22	840-841	,	positive[8]	_	
8-23	842-844	Oh	positive[8]	_	
8-24	845-851	Johnny	positive[8]	_	
8-25	851-852	,	positive[8]	_	
8-26	853-855	du	positive[8]	_	
8-27	856-863	bleibst	positive[8]	_	
8-28	864-868	mein	positive[8]	Persönliches/Emotionen[23]	
8-29	869-878	Boxerking	positive[8]	Persönliches/Emotionen[23]	
8-30	879-882	und	positive[8]	_	
8-31	883-890	niemals	positive[8]	_	
8-32	891-897	dürfen	positive[8]	_	
8-33	898-901	sie	positive[8]	_	
8-34	902-906	dich	positive[8]	_	
8-35	907-919	unterkriegen	positive[8]	Persönliches/Emotionen	
8-36	919-920	,	positive[8]	_	
8-37	921-923	Oh	positive[8]	_	
8-38	924-930	Johnny	positive[8]	_	
8-39	930-931	.	positive[8]	_	

#Text=Widmung: Für Barry McGuigan, dem irischen Box-Champion
9-1	936-943	Widmung	neutral[9]	_	
9-2	943-944	:	neutral[9]	_	
9-3	945-948	Für	neutral[9]	_	
9-4	949-954	Barry	neutral[9]	_	
9-5	955-963	McGuigan	neutral[9]	_	
9-6	963-964	,	neutral[9]	_	
9-7	965-968	dem	neutral[9]	_	
9-8	969-977	irischen	neutral[9]	_	
9-9	978-990	Box-Champion	neutral[9]	_	
