#FORMAT=WebAnno TSV 3.2
#T_SP=webanno.custom.Sentiment|Polarity
#T_SP=webanno.custom.Topic|Topics


#Text=Ich hab' noch einen Koffer in Berlin.
1-1	0-3	Ich	neutral[1]	_	
1-2	4-7	hab	neutral[1]	_	
1-3	7-8	'	neutral[1]	_	
1-4	9-13	noch	neutral[1]	_	
1-5	14-19	einen	neutral[1]	_	
1-6	20-26	Koffer	neutral[1]	Reisen	
1-7	27-29	in	neutral[1]	_	
1-8	30-36	Berlin	neutral[1]	_	
1-9	36-37	.	neutral[1]	_	

#Text=Wunderschön ist's in Paris auf der Rue Madleen.
2-1	42-53	Wunderschön	positive[2]	_	
2-2	54-59	ist's	positive[2]	_	
2-3	60-62	in	positive[2]	Reisen[12]	
2-4	63-68	Paris	positive[2]	Reisen[12]	
2-5	69-72	auf	positive[2]	Reisen[12]	
2-6	73-76	der	positive[2]	Reisen[12]	
2-7	77-80	Rue	positive[2]	Reisen[12]	
2-8	81-88	Madleen	positive[2]	Reisen[12]	
2-9	88-89	.	positive[2]	_	

#Text=Schön ist es, im Mai in Rom durch die Stadt zu gehen.
3-1	90-95	Schön	positive[3]	_	
3-2	96-99	ist	positive[3]	_	
3-3	100-102	es	positive[3]	_	
3-4	102-103	,	positive[3]	_	
3-5	104-106	im	positive[3]	Reisen[13]	
3-6	107-110	Mai	positive[3]	Reisen[13]	
3-7	111-113	in	positive[3]	Reisen[13]	
3-8	114-117	Rom	positive[3]	Reisen[13]	
3-9	118-123	durch	positive[3]	_	
3-10	124-127	die	positive[3]	_	
3-11	128-133	Stadt	positive[3]	_	
3-12	134-136	zu	positive[3]	_	
3-13	137-142	gehen	positive[3]	_	
3-14	142-143	.	positive[3]	_	

#Text=Oder eine Sommernacht still beim Wein in Wien.
4-1	144-148	Oder	positive[4]	_	
4-2	149-153	eine	positive[4]	_	
4-3	154-165	Sommernacht	positive[4]	_	
4-4	166-171	still	positive[4]	_	
4-5	172-176	beim	positive[4]	Reisen[14]	
4-6	177-181	Wein	positive[4]	Reisen[14]|Gesundheit/Drogen[15]	
4-7	182-184	in	positive[4]	Reisen[14]	
4-8	185-189	Wien	positive[4]	Reisen[14]	
4-9	189-190	.	positive[4]	_	

#Text=Doch ich denk, wenn ihr auch lacht, heute noch an Berlin.
5-1	191-195	Doch	neutral[5]	_	
5-2	196-199	ich	neutral[5]	_	
5-3	200-204	denk	neutral[5]	_	
5-4	204-205	,	neutral[5]	_	
5-5	206-210	wenn	neutral[5]	_	
5-6	211-214	ihr	neutral[5]	_	
5-7	215-219	auch	neutral[5]	_	
5-8	220-225	lacht	neutral[5]	_	
5-9	225-226	,	neutral[5]	_	
5-10	227-232	heute	neutral[5]	_	
5-11	233-237	noch	neutral[5]	_	
5-12	238-240	an	neutral[5]	_	
5-13	241-247	Berlin	neutral[5]	Politik/Soziales/Missstände	
5-14	247-248	.	neutral[5]	_	

#Text=Ich hab noch einen Koffer in Berlin, deswegen muss ich da nächstens wieder hin.
6-1	253-256	Ich	neutral[6]	_	
6-2	257-260	hab	neutral[6]	_	
6-3	261-265	noch	neutral[6]	_	
6-4	266-271	einen	neutral[6]	_	
6-5	272-278	Koffer	neutral[6]	Reisen[16]	
6-6	279-281	in	neutral[6]	Reisen[16]	
6-7	282-288	Berlin	neutral[6]	Reisen[16]	
6-8	288-289	,	neutral[6]	_	
6-9	290-298	deswegen	neutral[6]	_	
6-10	299-303	muss	neutral[6]	_	
6-11	304-307	ich	neutral[6]	_	
6-12	308-310	da	neutral[6]	_	
6-13	311-320	nächstens	neutral[6]	Reisen[17]	
6-14	321-327	wieder	neutral[6]	Reisen[17]	
6-15	328-331	hin	neutral[6]	Reisen[17]	
6-16	331-332	.	neutral[6]	_	

#Text=Die Seligkeiten vergangener Zeiten, sie sind alle immer noch in diesem kleinen Koffer drin.
7-1	333-336	Die	positive[7]	_	
7-2	337-348	Seligkeiten	positive[7]	Persönliches/Emotionen[18]	
7-3	349-360	vergangener	positive[7]	Persönliches/Emotionen[18]	
7-4	361-367	Zeiten	positive[7]	Persönliches/Emotionen[18]	
7-5	367-368	,	positive[7]	_	
7-6	369-372	sie	positive[7]	_	
7-7	373-377	sind	positive[7]	_	
7-8	378-382	alle	positive[7]	_	
7-9	383-388	immer	positive[7]	_	
7-10	389-393	noch	positive[7]	_	
7-11	394-396	in	positive[7]	_	
7-12	397-403	diesem	positive[7]	_	
7-13	404-411	kleinen	positive[7]	_	
7-14	412-418	Koffer	positive[7]	Reisen	
7-15	419-423	drin	positive[7]	_	
7-16	423-424	.	positive[7]	_	

#Text=Ich hab noch einen Koffer in Berlin, das bleibt auch so und das hat seinen Sinn, auf diese Weise lohnt sich die Reise und wenn ich Sehnsucht hab', dann fahr' ich wieder hin.
8-1	429-432	Ich	neutral[8]	_	
8-2	433-436	hab	neutral[8]	_	
8-3	437-441	noch	neutral[8]	_	
8-4	442-447	einen	neutral[8]	_	
8-5	448-454	Koffer	neutral[8]	Reisen	
8-6	455-457	in	neutral[8]	_	
8-7	458-464	Berlin	neutral[8]	_	
8-8	464-465	,	neutral[8]	_	
8-9	466-469	das	neutral[8]	_	
8-10	470-476	bleibt	neutral[8]	_	
8-11	477-481	auch	neutral[8]	_	
8-12	482-484	so	neutral[8]	_	
8-13	485-488	und	neutral[8]	_	
8-14	489-492	das	neutral[8]	_	
8-15	493-496	hat	neutral[8]	_	
8-16	497-503	seinen	neutral[8]	_	
8-17	504-508	Sinn	neutral[8]	Persönliches/Emotionen	
8-18	508-509	,	neutral[8]	_	
8-19	510-513	auf	neutral[8]	_	
8-20	514-519	diese	neutral[8]	_	
8-21	520-525	Weise	neutral[8]	_	
8-22	526-531	lohnt	neutral[8]	_	
8-23	532-536	sich	neutral[8]	_	
8-24	537-540	die	neutral[8]	_	
8-25	541-546	Reise	neutral[8]	Reisen	
8-26	547-550	und	neutral[8]	_	
8-27	551-555	wenn	neutral[8]	_	
8-28	556-559	ich	neutral[8]	_	
8-29	560-569	Sehnsucht	neutral[8]	Persönliches/Emotionen	
8-30	570-573	hab	neutral[8]	_	
8-31	573-574	'	neutral[8]	_	
8-32	574-575	,	neutral[8]	_	
8-33	576-580	dann	neutral[8]	_	
8-34	581-585	fahr	neutral[8]	Reisen[19]	
8-35	585-586	'	neutral[8]	Reisen[19]	
8-36	587-590	ich	neutral[8]	Reisen[19]	
8-37	591-597	wieder	neutral[8]	Reisen[19]	
8-38	598-601	hin	neutral[8]	Reisen[19]	
8-39	601-602	.	neutral[8]	_	

#Text=Ich hab noch einen Koffer in Berlin.
9-1	607-610	Ich	neutral[9]	_	
9-2	611-614	hab	neutral[9]	_	
9-3	615-619	noch	neutral[9]	_	
9-4	620-625	einen	neutral[9]	_	
9-5	626-632	Koffer	neutral[9]	Reisen	
9-6	633-635	in	neutral[9]	_	
9-7	636-642	Berlin	neutral[9]	_	
9-8	642-643	.	neutral[9]	_	

#Text=Ich hab noch einen Koffer in Berlin, deswegen muss ich da nächstens wieder hin, die Seligkeiten vergangener Zeiten, sie sind alle immer noch in diesem kleinen Koffer drin.
10-1	648-651	Ich	positive[10]	_	
10-2	652-655	hab	positive[10]	_	
10-3	656-660	noch	positive[10]	_	
10-4	661-666	einen	positive[10]	_	
10-5	667-673	Koffer	positive[10]	Reisen	
10-6	674-676	in	positive[10]	_	
10-7	677-683	Berlin	positive[10]	_	
10-8	683-684	,	positive[10]	_	
10-9	685-693	deswegen	positive[10]	_	
10-10	694-698	muss	positive[10]	_	
10-11	699-702	ich	positive[10]	_	
10-12	703-705	da	positive[10]	_	
10-13	706-715	nächstens	positive[10]	Reisen[20]	
10-14	716-722	wieder	positive[10]	Reisen[20]	
10-15	723-726	hin	positive[10]	Reisen[20]	
10-16	726-727	,	positive[10]	_	
10-17	728-731	die	positive[10]	_	
10-18	732-743	Seligkeiten	positive[10]	Persönliches/Emotionen[21]	
10-19	744-755	vergangener	positive[10]	Persönliches/Emotionen[21]	
10-20	756-762	Zeiten	positive[10]	Persönliches/Emotionen[21]	
10-21	762-763	,	positive[10]	_	
10-22	764-767	sie	positive[10]	_	
10-23	768-772	sind	positive[10]	_	
10-24	773-777	alle	positive[10]	_	
10-25	778-783	immer	positive[10]	_	
10-26	784-788	noch	positive[10]	_	
10-27	789-791	in	positive[10]	_	
10-28	792-798	diesem	positive[10]	_	
10-29	799-806	kleinen	positive[10]	_	
10-30	807-813	Koffer	positive[10]	Reisen	
10-31	814-818	drin	positive[10]	_	
10-32	818-819	.	positive[10]	_	

#Text=Ich hab noch einen Koffer in Berlin.
11-1	824-827	Ich	neutral[11]	_	
11-2	828-831	hab	neutral[11]	_	
11-3	832-836	noch	neutral[11]	_	
11-4	837-842	einen	neutral[11]	_	
11-5	843-849	Koffer	neutral[11]	Reisen	
11-6	850-852	in	neutral[11]	_	
11-7	853-859	Berlin	neutral[11]	_	
11-8	859-860	.	neutral[11]	_	
