#FORMAT=WebAnno TSV 3.2
#T_SP=webanno.custom.Sentiment|Polarity
#T_SP=webanno.custom.Topic|Topics


#Text=Was ist das bloß für ein beschissenes Land, in dem schon morgens um sieben die Sonne aufgeht.
1-1	0-3	Was	negative[1]	_	
1-2	4-7	ist	negative[1]	_	
1-3	8-11	das	negative[1]	_	
1-4	12-16	bloß	negative[1]	_	
1-5	17-20	für	negative[1]	_	
1-6	21-24	ein	negative[1]	_	
1-7	25-37	beschissenes	negative[1]	Politik/Soziales/Missstände[16]	
1-8	38-42	Land	negative[1]	Politik/Soziales/Missstände[16]	
1-9	42-43	,	negative[1]	_	
1-10	44-46	in	negative[1]	_	
1-11	47-50	dem	negative[1]	_	
1-12	51-56	schon	negative[1]	_	
1-13	57-64	morgens	negative[1]	_	
1-14	65-67	um	negative[1]	_	
1-15	68-74	sieben	negative[1]	_	
1-16	75-78	die	negative[1]	_	
1-17	79-84	Sonne	negative[1]	_	
1-18	85-92	aufgeht	negative[1]	_	
1-19	92-93	.	negative[1]	_	

#Text=Er schmeißt den Wecker an die Wand und flucht vor sich hin, während er langsam aufsteht.
2-1	94-96	Er	negative[2]	_	
2-2	97-105	schmeißt	negative[2]	_	
2-3	106-109	den	negative[2]	_	
2-4	110-116	Wecker	negative[2]	_	
2-5	117-119	an	negative[2]	_	
2-6	120-123	die	negative[2]	_	
2-7	124-128	Wand	negative[2]	_	
2-8	129-132	und	negative[2]	_	
2-9	133-139	flucht	negative[2]	Persönliches/Emotionen[17]	
2-10	140-143	vor	negative[2]	Persönliches/Emotionen[17]	
2-11	144-148	sich	negative[2]	Persönliches/Emotionen[17]	
2-12	149-152	hin	negative[2]	Persönliches/Emotionen[17]	
2-13	152-153	,	negative[2]	_	
2-14	154-161	während	negative[2]	_	
2-15	162-164	er	negative[2]	_	
2-16	165-172	langsam	negative[2]	_	
2-17	173-181	aufsteht	negative[2]	_	
2-18	181-182	.	negative[2]	_	

#Text=Raus auf die Straße - kalt und grau, Zombies und Bestien, wohin man sieht, dann auf Maloche, der Chef ist 'ne Sau, da nützt doch nur noch, dass man das Messer zieht.
3-1	183-187	Raus	negative[3]	_	
3-2	188-191	auf	negative[3]	_	
3-3	192-195	die	negative[3]	_	
3-4	196-202	Straße	negative[3]	_	
3-5	203-204	-	negative[3]	_	
3-6	205-209	kalt	negative[3]	Politik/Soziales/Missstände[18]	
3-7	210-213	und	negative[3]	Politik/Soziales/Missstände[18]	
3-8	214-218	grau	negative[3]	Politik/Soziales/Missstände[18]	
3-9	218-219	,	negative[3]	_	
3-10	220-227	Zombies	negative[3]	Politik/Soziales/Missstände[19]	
3-11	228-231	und	negative[3]	Politik/Soziales/Missstände[19]	
3-12	232-239	Bestien	negative[3]	Politik/Soziales/Missstände[19]	
3-13	239-240	,	negative[3]	_	
3-14	241-246	wohin	negative[3]	_	
3-15	247-250	man	negative[3]	_	
3-16	251-256	sieht	negative[3]	_	
3-17	256-257	,	negative[3]	_	
3-18	258-262	dann	negative[3]	_	
3-19	263-266	auf	negative[3]	_	
3-20	267-274	Maloche	negative[3]	Politik/Soziales/Missstände	
3-21	274-275	,	negative[3]	_	
3-22	276-279	der	negative[3]	_	
3-23	280-284	Chef	negative[3]	Politik/Soziales/Missstände[20]	
3-24	285-288	ist	negative[3]	Politik/Soziales/Missstände[20]	
3-25	289-290	'	negative[3]	Politik/Soziales/Missstände[20]	
3-26	290-292	ne	negative[3]	Politik/Soziales/Missstände[20]	
3-27	293-296	Sau	negative[3]	Politik/Soziales/Missstände[20]	
3-28	296-297	,	negative[3]	_	
3-29	298-300	da	negative[3]	_	
3-30	301-306	nützt	negative[3]	_	
3-31	307-311	doch	negative[3]	_	
3-32	312-315	nur	negative[3]	_	
3-33	316-320	noch	negative[3]	_	
3-34	320-321	,	negative[3]	_	
3-35	322-326	dass	negative[3]	_	
3-36	327-330	man	negative[3]	_	
3-37	331-334	das	negative[3]	_	
3-38	335-341	Messer	negative[3]	_	
3-39	342-347	zieht	negative[3]	_	
3-40	347-348	.	negative[3]	_	

#Text=Was ist das bloß für ein beschissenes Land, in dem dann abends um sieben in der Tagesschau Millionen ohne Job - völlig abgebrannt und der Minister sagt: "Sorry, ich weiß auch nicht genau."
4-1	353-356	Was	negative[4]	_	
4-2	357-360	ist	negative[4]	_	
4-3	361-364	das	negative[4]	_	
4-4	365-369	bloß	negative[4]	_	
4-5	370-373	für	negative[4]	_	
4-6	374-377	ein	negative[4]	_	
4-7	378-390	beschissenes	negative[4]	Politik/Soziales/Missstände[21]	
4-8	391-395	Land	negative[4]	Politik/Soziales/Missstände[21]	
4-9	395-396	,	negative[4]	_	
4-10	397-399	in	negative[4]	_	
4-11	400-403	dem	negative[4]	_	
4-12	404-408	dann	negative[4]	_	
4-13	409-415	abends	negative[4]	_	
4-14	416-418	um	negative[4]	_	
4-15	419-425	sieben	negative[4]	_	
4-16	426-428	in	negative[4]	_	
4-17	429-432	der	negative[4]	_	
4-18	433-443	Tagesschau	negative[4]	_	
4-19	444-453	Millionen	negative[4]	Politik/Soziales/Missstände[22]	
4-20	454-458	ohne	negative[4]	Politik/Soziales/Missstände[22]	
4-21	459-462	Job	negative[4]	Politik/Soziales/Missstände[22]	
4-22	463-464	-	negative[4]	_	
4-23	465-471	völlig	negative[4]	Politik/Soziales/Missstände[23]	
4-24	472-482	abgebrannt	negative[4]	Politik/Soziales/Missstände[23]	
4-25	483-486	und	negative[4]	_	
4-26	487-490	der	negative[4]	_	
4-27	491-499	Minister	negative[4]	Politik/Soziales/Missstände	
4-28	500-504	sagt	negative[4]	_	
4-29	504-505	:	negative[4]	_	
4-30	506-507	"	negative[4]	_	
4-31	507-512	Sorry	negative[4]	_	
4-32	512-513	,	negative[4]	_	
4-33	514-517	ich	negative[4]	_	
4-34	518-522	weiß	negative[4]	_	
4-35	523-527	auch	negative[4]	_	
4-36	528-533	nicht	negative[4]	_	
4-37	534-539	genau	negative[4]	_	
4-38	539-540	.	negative[4]	_	
4-39	540-541	"	negative[4]	_	

#Text=Raus auf die Straße - rein in die Kneipe, wie wird sich am besten abreagiert, 'n paar Schnaps im Schädel und dann ab ins Kino, da, wo abgerechnet wird.
5-1	542-546	Raus	negative[5]	_	
5-2	547-550	auf	negative[5]	_	
5-3	551-554	die	negative[5]	_	
5-4	555-561	Straße	negative[5]	_	
5-5	562-563	-	negative[5]	_	
5-6	564-568	rein	negative[5]	_	
5-7	569-571	in	negative[5]	_	
5-8	572-575	die	negative[5]	_	
5-9	576-582	Kneipe	negative[5]	Gesundheit/Drogen	
5-10	582-583	,	negative[5]	_	
5-11	584-587	wie	negative[5]	_	
5-12	588-592	wird	negative[5]	_	
5-13	593-597	sich	negative[5]	_	
5-14	598-600	am	negative[5]	_	
5-15	601-607	besten	negative[5]	_	
5-16	608-618	abreagiert	negative[5]	Persönliches/Emotionen	
5-17	618-619	,	negative[5]	_	
5-18	620-621	'	negative[5]	_	
5-19	621-622	n	negative[5]	_	
5-20	623-627	paar	negative[5]	_	
5-21	628-635	Schnaps	negative[5]	Gesundheit/Drogen	
5-22	636-638	im	negative[5]	_	
5-23	639-646	Schädel	negative[5]	_	
5-24	647-650	und	negative[5]	_	
5-25	651-655	dann	negative[5]	_	
5-26	656-658	ab	negative[5]	_	
5-27	659-662	ins	negative[5]	_	
5-28	663-667	Kino	negative[5]	_	
5-29	667-668	,	negative[5]	_	
5-30	669-671	da	negative[5]	_	
5-31	671-672	,	negative[5]	_	
5-32	673-675	wo	negative[5]	_	
5-33	676-687	abgerechnet	negative[5]	Politik/Soziales/Missstände	
5-34	688-692	wird	negative[5]	_	
5-35	692-693	.	negative[5]	_	

#Text=Ein Mann wird zum Vollstrecker, ein Mann wird zum Zerfetzer, ein Mann spannt jeden Muskel an und tötet mit, so gut er kann.
6-1	698-701	Ein	negative[6]	_	
6-2	702-706	Mann	negative[6]	_	
6-3	707-711	wird	negative[6]	_	
6-4	712-715	zum	negative[6]	_	
6-5	716-728	Vollstrecker	negative[6]	Politik/Soziales/Missstände	
6-6	728-729	,	negative[6]	_	
6-7	730-733	ein	negative[6]	_	
6-8	734-738	Mann	negative[6]	_	
6-9	739-743	wird	negative[6]	_	
6-10	744-747	zum	negative[6]	_	
6-11	748-757	Zerfetzer	negative[6]	Politik/Soziales/Missstände	
6-12	757-758	,	negative[6]	_	
6-13	759-762	ein	negative[6]	_	
6-14	763-767	Mann	negative[6]	_	
6-15	768-774	spannt	negative[6]	_	
6-16	775-780	jeden	negative[6]	_	
6-17	781-787	Muskel	negative[6]	_	
6-18	788-790	an	negative[6]	_	
6-19	791-794	und	negative[6]	_	
6-20	795-800	tötet	negative[6]	Politik/Soziales/Missstände	
6-21	801-804	mit	negative[6]	_	
6-22	804-805	,	negative[6]	_	
6-23	806-808	so	negative[6]	_	
6-24	809-812	gut	negative[6]	_	
6-25	813-815	er	negative[6]	_	
6-26	816-820	kann	negative[6]	_	
6-27	820-821	.	negative[6]	_	

#Text=Ein Mann, er wird zum Rächer, ein Mann wird zum Verbrecher und dann gehen die Lampen an - und was dann?
7-1	822-825	Ein	negative[7]	_	
7-2	826-830	Mann	negative[7]	_	
7-3	830-831	,	negative[7]	_	
7-4	832-834	er	negative[7]	_	
7-5	835-839	wird	negative[7]	_	
7-6	840-843	zum	negative[7]	_	
7-7	844-850	Rächer	negative[7]	Politik/Soziales/Missstände	
7-8	850-851	,	negative[7]	_	
7-9	852-855	ein	negative[7]	_	
7-10	856-860	Mann	negative[7]	_	
7-11	861-865	wird	negative[7]	_	
7-12	866-869	zum	negative[7]	_	
7-13	870-880	Verbrecher	negative[7]	Politik/Soziales/Missstände	
7-14	881-884	und	negative[7]	_	
7-15	885-889	dann	negative[7]	_	
7-16	890-895	gehen	negative[7]	_	
7-17	896-899	die	negative[7]	_	
7-18	900-906	Lampen	negative[7]	_	
7-19	907-909	an	negative[7]	_	
7-20	910-911	-	negative[7]	_	
7-21	912-915	und	negative[7]	_	
7-22	916-919	was	negative[7]	_	
7-23	920-924	dann	negative[7]	_	
7-24	924-925	?	negative[7]	_	

#Text=Schade, schade, schade, dass man im Killer-Kino nicht wohnen kann.
8-1	926-932	Schade	negative[8]	_	
8-2	932-933	,	negative[8]	_	
8-3	934-940	schade	negative[8]	_	
8-4	940-941	,	negative[8]	_	
8-5	942-948	schade	negative[8]	_	
8-6	948-949	,	negative[8]	_	
8-7	950-954	dass	negative[8]	_	
8-8	955-958	man	negative[8]	_	
8-9	959-961	im	negative[8]	_	
8-10	962-973	Killer-Kino	negative[8]	Politik/Soziales/Missstände	
8-11	974-979	nicht	negative[8]	_	
8-12	980-986	wohnen	negative[8]	_	
8-13	987-991	kann	negative[8]	_	
8-14	991-992	.	negative[8]	_	

#Text=Müsst' immer auf sein, dürft' niemals schließen, wo lassen sie schlachten, wo lassen sie schießen?
9-1	993-998	Müsst	negative[9]	_	
9-2	998-999	'	negative[9]	_	
9-3	1000-1005	immer	negative[9]	_	
9-4	1006-1009	auf	negative[9]	_	
9-5	1010-1014	sein	negative[9]	_	
9-6	1014-1015	,	negative[9]	_	
9-7	1016-1021	dürft	negative[9]	_	
9-8	1021-1022	'	negative[9]	_	
9-9	1023-1030	niemals	negative[9]	_	
9-10	1031-1040	schließen	negative[9]	_	
9-11	1040-1041	,	negative[9]	_	
9-12	1042-1044	wo	negative[9]	_	
9-13	1045-1051	lassen	negative[9]	_	
9-14	1052-1055	sie	negative[9]	_	
9-15	1056-1066	schlachten	negative[9]	Politik/Soziales/Missstände	
9-16	1066-1067	,	negative[9]	_	
9-17	1068-1070	wo	negative[9]	_	
9-18	1071-1077	lassen	negative[9]	_	
9-19	1078-1081	sie	negative[9]	_	
9-20	1082-1090	schießen	negative[9]	Politik/Soziales/Missstände	
9-21	1090-1091	?	negative[9]	_	

#Text=Ein Mann wird zum Vollstrecker, ein Mann wird zum Zerfetzer, ein Mann spannt jeden Muskel an und tötet mit, so gut er kann.
10-1	1096-1099	Ein	negative[10]	_	
10-2	1100-1104	Mann	negative[10]	_	
10-3	1105-1109	wird	negative[10]	_	
10-4	1110-1113	zum	negative[10]	_	
10-5	1114-1126	Vollstrecker	negative[10]	Politik/Soziales/Missstände	
10-6	1126-1127	,	negative[10]	_	
10-7	1128-1131	ein	negative[10]	_	
10-8	1132-1136	Mann	negative[10]	_	
10-9	1137-1141	wird	negative[10]	_	
10-10	1142-1145	zum	negative[10]	_	
10-11	1146-1155	Zerfetzer	negative[10]	Politik/Soziales/Missstände	
10-12	1155-1156	,	negative[10]	_	
10-13	1157-1160	ein	negative[10]	_	
10-14	1161-1165	Mann	negative[10]	_	
10-15	1166-1172	spannt	negative[10]	_	
10-16	1173-1178	jeden	negative[10]	_	
10-17	1179-1185	Muskel	negative[10]	_	
10-18	1186-1188	an	negative[10]	_	
10-19	1189-1192	und	negative[10]	_	
10-20	1193-1198	tötet	negative[10]	Politik/Soziales/Missstände	
10-21	1199-1202	mit	negative[10]	_	
10-22	1202-1203	,	negative[10]	_	
10-23	1204-1206	so	negative[10]	_	
10-24	1207-1210	gut	negative[10]	_	
10-25	1211-1213	er	negative[10]	_	
10-26	1214-1218	kann	negative[10]	_	
10-27	1218-1219	.	negative[10]	_	

#Text=Ein Mann, er wird zum Rächer, ein Mann wird zum Verbrecher und dann gehen die Lampen an und was dann?
11-1	1220-1223	Ein	negative[11]	_	
11-2	1224-1228	Mann	negative[11]	_	
11-3	1228-1229	,	negative[11]	_	
11-4	1230-1232	er	negative[11]	_	
11-5	1233-1237	wird	negative[11]	_	
11-6	1238-1241	zum	negative[11]	_	
11-7	1242-1248	Rächer	negative[11]	_	
11-8	1248-1249	,	negative[11]	_	
11-9	1250-1253	ein	negative[11]	_	
11-10	1254-1258	Mann	negative[11]	_	
11-11	1259-1263	wird	negative[11]	_	
11-12	1264-1267	zum	negative[11]	_	
11-13	1268-1278	Verbrecher	negative[11]	_	
11-14	1279-1282	und	negative[11]	_	
11-15	1283-1287	dann	negative[11]	_	
11-16	1288-1293	gehen	negative[11]	_	
11-17	1294-1297	die	negative[11]	_	
11-18	1298-1304	Lampen	negative[11]	_	
11-19	1305-1307	an	negative[11]	_	
11-20	1308-1311	und	negative[11]	_	
11-21	1312-1315	was	negative[11]	_	
11-22	1316-1320	dann	negative[11]	_	
11-23	1320-1321	?	negative[11]	_	

#Text=Karato, Brutalo, Mad Max, Alien, Zombies, Action, Werwolf, Killer-Kommando mit den Männern, diesen harten, wenn Krieg so geil ist wie im Kino, lass doch endlich starten.
12-1	1326-1332	Karato	neutral[12]	_	
12-2	1332-1333	,	neutral[12]	_	
12-3	1334-1341	Brutalo	neutral[12]	_	
12-4	1341-1342	,	neutral[12]	_	
12-5	1343-1346	Mad	neutral[12]	_	
12-6	1347-1350	Max	neutral[12]	_	
12-7	1350-1351	,	neutral[12]	_	
12-8	1352-1357	Alien	neutral[12]	_	
12-9	1357-1358	,	neutral[12]	_	
12-10	1359-1366	Zombies	neutral[12]	_	
12-11	1366-1367	,	neutral[12]	_	
12-12	1368-1374	Action	neutral[12]	_	
12-13	1374-1375	,	neutral[12]	_	
12-14	1376-1383	Werwolf	neutral[12]	_	
12-15	1383-1384	,	neutral[12]	_	
12-16	1385-1400	Killer-Kommando	neutral[12]	_	
12-17	1401-1404	mit	neutral[12]	_	
12-18	1405-1408	den	neutral[12]	_	
12-19	1409-1416	Männern	neutral[12]	_	
12-20	1416-1417	,	neutral[12]	_	
12-21	1418-1424	diesen	neutral[12]	_	
12-22	1425-1431	harten	neutral[12]	_	
12-23	1431-1432	,	neutral[12]	_	
12-24	1433-1437	wenn	neutral[12]	_	
12-25	1438-1443	Krieg	neutral[12]	Politik/Soziales/Missstände	
12-26	1444-1446	so	neutral[12]	_	
12-27	1447-1451	geil	neutral[12]	_	
12-28	1452-1455	ist	neutral[12]	_	
12-29	1456-1459	wie	neutral[12]	_	
12-30	1460-1462	im	neutral[12]	_	
12-31	1463-1467	Kino	neutral[12]	_	
12-32	1467-1468	,	neutral[12]	_	
12-33	1469-1473	lass	neutral[12]	_	
12-34	1474-1478	doch	neutral[12]	_	
12-35	1479-1486	endlich	neutral[12]	_	
12-36	1487-1494	starten	neutral[12]	_	
12-37	1494-1495	.	_	_	

#Text=Ein Mann wird zum Vollstrecker, ein Mann wird zum Zerfetzer, ein Mann spannt jeden Muskel an und tötet mit, so gut er kann.
13-1	1500-1503	Ein	negative[13]	_	
13-2	1504-1508	Mann	negative[13]	_	
13-3	1509-1513	wird	negative[13]	_	
13-4	1514-1517	zum	negative[13]	_	
13-5	1518-1530	Vollstrecker	negative[13]	Politik/Soziales/Missstände	
13-6	1530-1531	,	negative[13]	_	
13-7	1532-1535	ein	negative[13]	_	
13-8	1536-1540	Mann	negative[13]	_	
13-9	1541-1545	wird	negative[13]	_	
13-10	1546-1549	zum	negative[13]	_	
13-11	1550-1559	Zerfetzer	negative[13]	Politik/Soziales/Missstände	
13-12	1559-1560	,	negative[13]	_	
13-13	1561-1564	ein	negative[13]	_	
13-14	1565-1569	Mann	negative[13]	_	
13-15	1570-1576	spannt	negative[13]	_	
13-16	1577-1582	jeden	negative[13]	_	
13-17	1583-1589	Muskel	negative[13]	_	
13-18	1590-1592	an	negative[13]	_	
13-19	1593-1596	und	negative[13]	_	
13-20	1597-1602	tötet	negative[13]	Politik/Soziales/Missstände	
13-21	1603-1606	mit	negative[13]	_	
13-22	1606-1607	,	negative[13]	_	
13-23	1608-1610	so	negative[13]	_	
13-24	1611-1614	gut	negative[13]	_	
13-25	1615-1617	er	negative[13]	_	
13-26	1618-1622	kann	negative[13]	_	
13-27	1622-1623	.	negative[13]	_	

#Text=Ein Mann, er wird zum Rächer, ein Mann wird zum Verbrecher und dann gehen die Lampen an.
14-1	1624-1627	Ein	negative[14]	_	
14-2	1628-1632	Mann	negative[14]	_	
14-3	1632-1633	,	negative[14]	_	
14-4	1634-1636	er	negative[14]	_	
14-5	1637-1641	wird	negative[14]	_	
14-6	1642-1645	zum	negative[14]	_	
14-7	1646-1652	Rächer	negative[14]	Politik/Soziales/Missstände	
14-8	1652-1653	,	negative[14]	_	
14-9	1654-1657	ein	negative[14]	_	
14-10	1658-1662	Mann	negative[14]	_	
14-11	1663-1667	wird	negative[14]	_	
14-12	1668-1671	zum	negative[14]	_	
14-13	1672-1682	Verbrecher	negative[14]	Politik/Soziales/Missstände	
14-14	1683-1686	und	negative[14]	_	
14-15	1687-1691	dann	negative[14]	_	
14-16	1692-1697	gehen	negative[14]	_	
14-17	1698-1701	die	negative[14]	_	
14-18	1702-1708	Lampen	negative[14]	_	
14-19	1709-1711	an	negative[14]	_	
14-20	1711-1712	.	negative[14]	_	

#Text=Die Lampen gehen an und was dann?
15-1	1713-1716	Die	negative[15]	_	
15-2	1717-1723	Lampen	negative[15]	_	
15-3	1724-1729	gehen	negative[15]	_	
15-4	1730-1732	an	negative[15]	_	
15-5	1733-1736	und	negative[15]	_	
15-6	1737-1740	was	negative[15]	_	
15-7	1741-1745	dann	negative[15]	_	
15-8	1745-1746	?	negative[15]	_	
