#FORMAT=WebAnno TSV 3.2
#T_SP=webanno.custom.Sentiment|Polarity
#T_SP=webanno.custom.Topic|Topics


#Text=Seit vielen hundert Jahren gibt's ein Wesen, das heißt Schmidt, hält immer schön die Schnauze und macht alles mit.
1-1	0-4	Seit	positive[1]	_	
1-2	5-11	vielen	positive[1]	_	
1-3	12-19	hundert	positive[1]	_	
1-4	20-26	Jahren	positive[1]	_	
1-5	27-33	gibt's	positive[1]	_	
1-6	34-37	ein	positive[1]	_	
1-7	38-43	Wesen	positive[1]	_	
1-8	43-44	,	positive[1]	_	
1-9	45-48	das	positive[1]	_	
1-10	49-54	heißt	positive[1]	_	
1-11	55-62	Schmidt	positive[1]	_	
1-12	62-63	,	positive[1]	_	
1-13	64-68	hält	positive[1]	_	
1-14	69-74	immer	positive[1]	_	
1-15	75-80	schön	positive[1]	_	
1-16	81-84	die	positive[1]	_	
1-17	85-93	Schnauze	positive[1]	_	
1-18	94-97	und	positive[1]	_	
1-19	98-103	macht	positive[1]	_	
1-20	104-109	alles	positive[1]	_	
1-21	110-113	mit	positive[1]	_	
1-22	113-114	.	positive[1]	_	

#Text=Ganz egal, worum es geht, es wird ständig mitmarschiert.
2-1	115-119	Ganz	neutral[2]	_	
2-2	120-124	egal	neutral[2]	_	
2-3	124-125	,	neutral[2]	_	
2-4	126-131	worum	neutral[2]	_	
2-5	132-134	es	neutral[2]	_	
2-6	135-139	geht	neutral[2]	_	
2-7	139-140	,	neutral[2]	_	
2-8	141-143	es	neutral[2]	_	
2-9	144-148	wird	neutral[2]	_	
2-10	149-156	ständig	neutral[2]	_	
2-11	157-170	mitmarschiert	neutral[2]	Politik/Soziales/Missstände	
2-12	170-171	.	neutral[2]	_	

#Text=Woher der Wind auch weht, wenn er bloß den Anschluss nicht verliert.
3-1	172-177	Woher	neutral[3]	_	
3-2	178-181	der	neutral[3]	_	
3-3	182-186	Wind	neutral[3]	_	
3-4	187-191	auch	neutral[3]	_	
3-5	192-196	weht	neutral[3]	_	
3-6	196-197	,	neutral[3]	_	
3-7	198-202	wenn	neutral[3]	_	
3-8	203-205	er	neutral[3]	_	
3-9	206-210	bloß	neutral[3]	_	
3-10	211-214	den	neutral[3]	_	
3-11	215-224	Anschluss	neutral[3]	_	
3-12	225-230	nicht	neutral[3]	_	
3-13	231-239	verliert	neutral[3]	_	
3-14	239-240	.	neutral[3]	_	

#Text=Bei jeder Mode ist er immer stramm dabei vom ersten Tanztee-Tango bis zum letzten Disco-Schrei.
4-1	241-244	Bei	neutral[4]	_	
4-2	245-250	jeder	neutral[4]	_	
4-3	251-255	Mode	neutral[4]	_	
4-4	256-259	ist	neutral[4]	_	
4-5	260-262	er	neutral[4]	_	
4-6	263-268	immer	neutral[4]	_	
4-7	269-275	stramm	neutral[4]	Persönliches/Emotionen[15]	
4-8	276-281	dabei	neutral[4]	Persönliches/Emotionen[15]	
4-9	282-285	vom	neutral[4]	_	
4-10	286-292	ersten	neutral[4]	_	
4-11	293-306	Tanztee-Tango	neutral[4]	Musik	
4-12	307-310	bis	neutral[4]	_	
4-13	311-314	zum	neutral[4]	_	
4-14	315-322	letzten	neutral[4]	_	
4-15	323-335	Disco-Schrei	neutral[4]	Musik	
4-16	335-336	.	neutral[4]	_	

#Text=Guten Tag, ich heiße Schmidt und ich mache alles mit.
5-1	341-346	Guten	positive[5]	_	
5-2	347-350	Tag	positive[5]	_	
5-3	350-351	,	positive[5]	_	
5-4	352-355	ich	positive[5]	_	
5-5	356-361	heiße	positive[5]	_	
5-6	362-369	Schmidt	positive[5]	_	
5-7	370-373	und	positive[5]	_	
5-8	374-377	ich	positive[5]	_	
5-9	378-383	mache	positive[5]	_	
5-10	384-389	alles	positive[5]	_	
5-11	390-393	mit	positive[5]	_	
5-12	393-394	.	positive[5]	_	

#Text=Guten Tag, ich heiße Schmidt, ich mache alles mit.
6-1	395-400	Guten	positive[6]	_	
6-2	401-404	Tag	positive[6]	_	
6-3	404-405	,	positive[6]	_	
6-4	406-409	ich	positive[6]	_	
6-5	410-415	heiße	positive[6]	_	
6-6	416-423	Schmidt	positive[6]	_	
6-7	423-424	,	positive[6]	_	
6-8	425-428	ich	positive[6]	_	
6-9	429-434	mache	positive[6]	_	
6-10	435-440	alles	positive[6]	_	
6-11	441-444	mit	positive[6]	_	
6-12	444-445	.	positive[6]	_	

#Text=Der 'Große Bruder' nimmt dich lächelnd an seine starke Hand, er dreht dir Fassaden an und klaut dir den Verstand.
7-1	450-453	Der	neutral[7]	_	
7-2	454-455	'	neutral[7]	_	
7-3	455-460	Große	neutral[7]	_	
7-4	461-467	Bruder	neutral[7]	_	
7-5	467-468	'	neutral[7]	_	
7-6	469-474	nimmt	neutral[7]	_	
7-7	475-479	dich	neutral[7]	_	
7-8	480-488	lächelnd	neutral[7]	Persönliches/Emotionen	
7-9	489-491	an	neutral[7]	_	
7-10	492-497	seine	neutral[7]	_	
7-11	498-504	starke	neutral[7]	_	
7-12	505-509	Hand	neutral[7]	_	
7-13	509-510	,	neutral[7]	_	
7-14	511-513	er	neutral[7]	_	
7-15	514-519	dreht	neutral[7]	_	
7-16	520-523	dir	neutral[7]	_	
7-17	524-532	Fassaden	neutral[7]	_	
7-18	533-535	an	neutral[7]	_	
7-19	536-539	und	neutral[7]	_	
7-20	540-545	klaut	neutral[7]	Persönliches/Emotionen[16]	
7-21	546-549	dir	neutral[7]	Persönliches/Emotionen[16]	
7-22	550-553	den	neutral[7]	Persönliches/Emotionen[16]	
7-23	554-562	Verstand	neutral[7]	Persönliches/Emotionen[16]	
7-24	562-563	.	neutral[7]	_	

#Text="Hätten Sie gern ein weißes Jäckchen im Travolta-Stil?
8-1	564-565	"	neutral[8]	_	
8-2	565-571	Hätten	neutral[8]	_	
8-3	572-575	Sie	neutral[8]	_	
8-4	576-580	gern	neutral[8]	_	
8-5	581-584	ein	neutral[8]	_	
8-6	585-591	weißes	neutral[8]	_	
8-7	592-600	Jäckchen	neutral[8]	_	
8-8	601-603	im	neutral[8]	_	
8-9	604-617	Travolta-Stil	neutral[8]	Politik/Soziales/Missstände	
8-10	617-618	?	neutral[8]	_	

#Text=Oder 'ne goldene Sicherheitsnadel mit Revolutionsappeal?"
9-1	619-623	Oder	neutral[9]	_	
9-2	624-625	'	neutral[9]	_	
9-3	625-627	ne	neutral[9]	_	
9-4	628-635	goldene	neutral[9]	_	
9-5	636-652	Sicherheitsnadel	neutral[9]	_	
9-6	653-656	mit	neutral[9]	_	
9-7	657-674	Revolutionsappeal	neutral[9]	Politik/Soziales/Missstände	
9-8	674-675	?	neutral[9]	_	
9-9	675-676	"	neutral[9]	_	

#Text=Guten Tag, ich heiße Schmidt und ich mache alles mit.
10-1	681-686	Guten	positive[10]	_	
10-2	687-690	Tag	positive[10]	_	
10-3	690-691	,	positive[10]	_	
10-4	692-695	ich	positive[10]	_	
10-5	696-701	heiße	positive[10]	_	
10-6	702-709	Schmidt	positive[10]	_	
10-7	710-713	und	positive[10]	_	
10-8	714-717	ich	positive[10]	_	
10-9	718-723	mache	positive[10]	_	
10-10	724-729	alles	positive[10]	_	
10-11	730-733	mit	positive[10]	_	
10-12	733-734	.	positive[10]	_	

#Text=Guten Tag, ich heiße Schmidt, ich mache alles mit.
11-1	735-740	Guten	positive[11]	_	
11-2	741-744	Tag	positive[11]	_	
11-3	744-745	,	positive[11]	_	
11-4	746-749	ich	positive[11]	_	
11-5	750-755	heiße	positive[11]	_	
11-6	756-763	Schmidt	positive[11]	_	
11-7	763-764	,	positive[11]	_	
11-8	765-768	ich	positive[11]	_	
11-9	769-774	mache	positive[11]	_	
11-10	775-780	alles	positive[11]	_	
11-11	781-784	mit	positive[11]	_	
11-12	784-785	.	positive[11]	_	

#Text=Guten Tag, ich heiße Schmidt und ich mache alles mit.
12-1	786-791	Guten	positive[12]	_	
12-2	792-795	Tag	positive[12]	_	
12-3	795-796	,	positive[12]	_	
12-4	797-800	ich	positive[12]	_	
12-5	801-806	heiße	positive[12]	_	
12-6	807-814	Schmidt	positive[12]	_	
12-7	815-818	und	positive[12]	_	
12-8	819-822	ich	positive[12]	_	
12-9	823-828	mache	positive[12]	_	
12-10	829-834	alles	positive[12]	_	
12-11	835-838	mit	positive[12]	_	
12-12	838-839	.	positive[12]	_	

#Text=Guten Tag, ich heiße Schmidt, ich mache alles mit.
13-1	840-845	Guten	positive[13]	_	
13-2	846-849	Tag	positive[13]	_	
13-3	849-850	,	positive[13]	_	
13-4	851-854	ich	positive[13]	_	
13-5	855-860	heiße	positive[13]	_	
13-6	861-868	Schmidt	positive[13]	_	
13-7	868-869	,	positive[13]	_	
13-8	870-873	ich	positive[13]	_	
13-9	874-879	mache	positive[13]	_	
13-10	880-885	alles	positive[13]	_	
13-11	886-889	mit	positive[13]	_	
13-12	889-890	.	positive[13]	_	

#Text=Jawoll!
14-1	891-897	Jawoll	neutral[14]	_	
14-2	897-898	!	neutral[14]	_	
