#FORMAT=WebAnno TSV 3.2
#T_SP=webanno.custom.Sentiment|Polarity
#T_SP=webanno.custom.Topic|Topics


#Text=Mein Freund Herm, der war ein Steward  auf der Queen Elizabeth.
1-1	0-4	Mein	neutral[1]	Liebe/Partnerschaft[10]	
1-2	5-11	Freund	neutral[1]	Liebe/Partnerschaft[10]	
1-3	12-16	Herm	neutral[1]	Liebe/Partnerschaft[10]	
1-4	16-17	,	neutral[1]	_	
1-5	18-21	der	neutral[1]	_	
1-6	22-25	war	neutral[1]	_	
1-7	26-29	ein	neutral[1]	_	
1-8	30-37	Steward	neutral[1]	Reisen[11]	
1-9	39-42	auf	neutral[1]	Reisen[11]	
1-10	43-46	der	neutral[1]	Reisen[11]	
1-11	47-52	Queen	neutral[1]	Reisen[11]	
1-12	53-62	Elizabeth	neutral[1]	Reisen[11]	
1-13	62-63	.	neutral[1]	_	

#Text=Ich hab' noch immer so'n Foto, lässig an der Reeling, weiße Uniform mit'm Silbertablett.
2-1	64-67	Ich	neutral[2]	_	
2-2	68-71	hab	neutral[2]	_	
2-3	71-72	'	neutral[2]	_	
2-4	73-77	noch	neutral[2]	_	
2-5	78-83	immer	neutral[2]	_	
2-6	84-88	so'n	neutral[2]	_	
2-7	89-93	Foto	neutral[2]	_	
2-8	93-94	,	neutral[2]	_	
2-9	95-101	lässig	neutral[2]	Persönliches/Emotionen	
2-10	102-104	an	neutral[2]	_	
2-11	105-108	der	neutral[2]	_	
2-12	109-116	Reeling	neutral[2]	Reisen	
2-13	116-117	,	neutral[2]	_	
2-14	118-123	weiße	neutral[2]	_	
2-15	124-131	Uniform	neutral[2]	_	
2-16	132-137	mit'm	neutral[2]	_	
2-17	138-151	Silbertablett	neutral[2]	_	
2-18	151-152	.	neutral[2]	_	

#Text=Um kam er einmal im Jahr nach Hause nach Gronau, in unsere kleine Heimatstadt, erzählte er von den sieben Meeren  und von wüsten Puffs und vom Saufen-bis-der-Arzt-kommt.
3-1	157-159	Um	neutral[3]	_	
3-2	160-163	kam	neutral[3]	_	
3-3	164-166	er	neutral[3]	_	
3-4	167-173	einmal	neutral[3]	_	
3-5	174-176	im	neutral[3]	_	
3-6	177-181	Jahr	neutral[3]	_	
3-7	182-186	nach	neutral[3]	Reisen[12]	
3-8	187-192	Hause	neutral[3]	Reisen[12]	
3-9	193-197	nach	neutral[3]	Reisen[12]	
3-10	198-204	Gronau	neutral[3]	Reisen[12]	
3-11	204-205	,	neutral[3]	_	
3-12	206-208	in	neutral[3]	_	
3-13	209-215	unsere	neutral[3]	_	
3-14	216-222	kleine	neutral[3]	_	
3-15	223-234	Heimatstadt	neutral[3]	_	
3-16	234-235	,	neutral[3]	_	
3-17	236-244	erzählte	neutral[3]	_	
3-18	245-247	er	neutral[3]	_	
3-19	248-251	von	neutral[3]	_	
3-20	252-255	den	neutral[3]	_	
3-21	256-262	sieben	neutral[3]	Reisen[13]	
3-22	263-269	Meeren	neutral[3]	Reisen[13]	
3-23	271-274	und	neutral[3]	_	
3-24	275-278	von	neutral[3]	_	
3-25	279-285	wüsten	neutral[3]	Liebe/Partnerschaft[14]	
3-26	286-291	Puffs	neutral[3]	Liebe/Partnerschaft[14]	
3-27	292-295	und	neutral[3]	_	
3-28	296-299	vom	neutral[3]	_	
3-29	300-325	Saufen-bis-der-Arzt-kommt	neutral[3]	Gesundheit/Drogen	
3-30	325-326	.	neutral[3]	_	

#Text=Ja, er kannte sich aus - volle Fahrt voraus.
4-1	327-329	Ja	positive[4]	_	
4-2	329-330	,	positive[4]	_	
4-3	331-333	er	positive[4]	_	
4-4	334-340	kannte	positive[4]	_	
4-5	341-345	sich	positive[4]	_	
4-6	346-349	aus	positive[4]	_	
4-7	350-351	-	positive[4]	_	
4-8	352-357	volle	positive[4]	Reisen[15]	
4-9	358-363	Fahrt	positive[4]	Reisen[15]	
4-10	364-370	voraus	positive[4]	Reisen[15]	
4-11	370-371	.	positive[4]	_	

#Text=Er war immer 'n bisschen älter, ein Pionier, mir immer 'n Schritt voraus, weiße Schiffe, goldene Strände.
5-1	376-378	Er	positive[5]	_	
5-2	379-382	war	positive[5]	_	
5-3	383-388	immer	positive[5]	_	
5-4	389-390	'	positive[5]	_	
5-5	390-391	n	positive[5]	_	
5-6	392-400	bisschen	positive[5]	_	
5-7	401-406	älter	positive[5]	_	
5-8	406-407	,	positive[5]	_	
5-9	408-411	ein	positive[5]	_	
5-10	412-419	Pionier	positive[5]	_	
5-11	419-420	,	positive[5]	_	
5-12	421-424	mir	positive[5]	_	
5-13	425-430	immer	positive[5]	_	
5-14	431-432	'	positive[5]	_	
5-15	432-433	n	positive[5]	_	
5-16	434-441	Schritt	positive[5]	_	
5-17	442-448	voraus	positive[5]	_	
5-18	448-449	,	positive[5]	_	
5-19	450-455	weiße	positive[5]	Reisen[16]	
5-20	456-463	Schiffe	positive[5]	Reisen[16]	
5-21	463-464	,	positive[5]	_	
5-22	465-472	goldene	positive[5]	Reisen[17]	
5-23	473-480	Strände	positive[5]	Reisen[17]	
5-24	480-481	.	positive[5]	_	

#Text=Herm, wo bist du jetzt - wo bist du jetzt?
6-1	482-486	Herm	negative[6]	_	
6-2	486-487	,	negative[6]	_	
6-3	488-490	wo	negative[6]	_	
6-4	491-495	bist	negative[6]	_	
6-5	496-498	du	negative[6]	_	
6-6	499-504	jetzt	negative[6]	_	
6-7	505-506	-	negative[6]	_	
6-8	507-509	wo	negative[6]	_	
6-9	510-514	bist	negative[6]	_	
6-10	515-517	du	negative[6]	_	
6-11	518-523	jetzt	negative[6]	_	
6-12	523-524	?	negative[6]	_	

#Text=Zu Haus?
7-1	525-527	Zu	positive[7]	_	
7-2	528-532	Haus	positive[7]	_	
7-3	532-533	?	positive[7]	_	

#Text=Die Straßen haben keine Namen und die Hotels, sie haben kein Telefon und ich will noch mal mit dir losziehen.
8-1	538-541	Die	negative[8]	_	
8-2	542-549	Straßen	negative[8]	_	
8-3	550-555	haben	negative[8]	_	
8-4	556-561	keine	negative[8]	_	
8-5	562-567	Namen	negative[8]	_	
8-6	568-571	und	negative[8]	_	
8-7	572-575	die	negative[8]	_	
8-8	576-582	Hotels	negative[8]	Reisen	
8-9	582-583	,	negative[8]	_	
8-10	584-587	sie	negative[8]	_	
8-11	588-593	haben	negative[8]	_	
8-12	594-598	kein	negative[8]	_	
8-13	599-606	Telefon	negative[8]	_	
8-14	607-610	und	negative[8]	_	
8-15	611-614	ich	negative[8]	_	
8-16	615-619	will	negative[8]	_	
8-17	620-624	noch	negative[8]	_	
8-18	625-628	mal	negative[8]	_	
8-19	629-632	mit	negative[8]	_	
8-20	633-636	dir	negative[8]	_	
8-21	637-646	losziehen	negative[8]	_	
8-22	646-647	.	negative[8]	_	

#Text=Das letzte Glas ist leer, der letzte Song gesungen und allein heb' ich die Buddel: Auf dich, du Höllensohn.
9-1	648-651	Das	positive[9]	Gesundheit/Drogen[18]	
9-2	652-658	letzte	positive[9]	Gesundheit/Drogen[18]	
9-3	659-663	Glas	positive[9]	Gesundheit/Drogen[18]	
9-4	664-667	ist	positive[9]	_	
9-5	668-672	leer	positive[9]	_	
9-6	672-673	,	positive[9]	_	
9-7	674-677	der	positive[9]	Musik[19]	
9-8	678-684	letzte	positive[9]	Musik[19]	
9-9	685-689	Song	positive[9]	Musik[19]	
9-10	690-698	gesungen	positive[9]	Musik[19]	
9-11	699-702	und	positive[9]	_	
9-12	703-709	allein	positive[9]	_	
9-13	710-713	heb	positive[9]	_	
9-14	713-714	'	positive[9]	_	
9-15	715-718	ich	positive[9]	_	
9-16	719-722	die	positive[9]	_	
9-17	723-729	Buddel	positive[9]	_	
9-18	729-730	:	positive[9]	_	
9-19	731-734	Auf	positive[9]	_	
9-20	735-739	dich	positive[9]	_	
9-21	739-740	,	positive[9]	_	
9-22	741-743	du	positive[9]	_	
9-23	744-754	Höllensohn	positive[9]	_	
9-24	754-755	.	positive[9]	_	
