#FORMAT=WebAnno TSV 3.2
#T_SP=webanno.custom.Sentiment|Polarity
#T_SP=webanno.custom.Topic|Topics


#Text=Nun steh' ich wieder an der Autobahn  und halt den Daumen in den Wind , es wurde Zeit, mal wieder loszufahren , ich hoff', es hält bald einer an.
1-1	0-3	Nun	neutral[1]	_	
1-2	4-8	steh	neutral[1]	_	
1-3	8-9	'	neutral[1]	_	
1-4	10-13	ich	neutral[1]	_	
1-5	14-20	wieder	neutral[1]	_	
1-6	21-23	an	neutral[1]	_	
1-7	24-27	der	neutral[1]	_	
1-8	28-36	Autobahn	neutral[1]	Reisen	
1-9	38-41	und	neutral[1]	_	
1-10	42-46	halt	neutral[1]	_	
1-11	47-50	den	neutral[1]	_	
1-12	51-57	Daumen	neutral[1]	_	
1-13	58-60	in	neutral[1]	_	
1-14	61-64	den	neutral[1]	_	
1-15	65-69	Wind	neutral[1]	_	
1-16	70-71	,	_	_	
1-17	72-74	es	neutral[2]	_	
1-18	75-80	wurde	neutral[2]	_	
1-19	81-85	Zeit	neutral[2]	_	
1-20	85-86	,	neutral[2]	_	
1-21	87-90	mal	neutral[2]	_	
1-22	91-97	wieder	neutral[2]	_	
1-23	98-109	loszufahren	neutral[2]	Reisen	
1-24	110-111	,	neutral[2]	_	
1-25	112-115	ich	neutral[2]	_	
1-26	116-120	hoff	neutral[2]	_	
1-27	120-121	'	neutral[2]	_	
1-28	121-122	,	neutral[2]	_	
1-29	123-125	es	neutral[2]	_	
1-30	126-130	hält	neutral[2]	_	
1-31	131-135	bald	neutral[2]	_	
1-32	136-141	einer	neutral[2]	_	
1-33	142-144	an	neutral[2]	_	
1-34	144-145	.	_	_	

#Text=Nun steh' ich hier und sing' ganz andere Lieder, ich weiß noch nicht, wohin es geht , ja, die Straße hat mich wieder , für Betty und mich ist es zu spät.
2-1	150-153	Nun	neutral[3]	_	
2-2	154-158	steh	neutral[3]	_	
2-3	158-159	'	neutral[3]	_	
2-4	160-163	ich	neutral[3]	_	
2-5	164-168	hier	neutral[3]	_	
2-6	169-172	und	neutral[3]	_	
2-7	173-177	sing	neutral[3]	_	
2-8	177-178	'	neutral[3]	_	
2-9	179-183	ganz	neutral[3]	_	
2-10	184-190	andere	neutral[3]	_	
2-11	191-197	Lieder	neutral[3]	_	
2-12	197-198	,	neutral[3]	_	
2-13	199-202	ich	neutral[3]	_	
2-14	203-207	weiß	neutral[3]	_	
2-15	208-212	noch	neutral[3]	_	
2-16	213-218	nicht	neutral[3]	_	
2-17	218-219	,	neutral[3]	_	
2-18	220-225	wohin	neutral[3]	_	
2-19	226-228	es	neutral[3]	_	
2-20	229-233	geht	neutral[3]	_	
2-21	234-235	,	_	_	
2-22	236-238	ja	positive[4]	_	
2-23	238-239	,	positive[4]	_	
2-24	240-243	die	positive[4]	_	
2-25	244-250	Straße	positive[4]	_	
2-26	251-254	hat	positive[4]	_	
2-27	255-259	mich	positive[4]	_	
2-28	260-266	wieder	positive[4]	_	
2-29	267-268	,	_	_	
2-30	269-272	für	negative[5]	_	
2-31	273-278	Betty	negative[5]	_	
2-32	279-282	und	negative[5]	_	
2-33	283-287	mich	negative[5]	_	
2-34	288-291	ist	negative[5]	_	
2-35	292-294	es	negative[5]	_	
2-36	295-297	zu	negative[5]	_	
2-37	298-302	spät	negative[5]	_	
2-38	302-303	.	_	_	

#Text=Betty ist ein gutes Mädchen , ich weiß noch, wie das damals war , sie sagte: Schmeiß den Schlafsack weg  und bleib bei mir , ich biete dir ein festes Bett dafür.
3-1	308-313	Betty	positive[6]	_	
3-2	314-317	ist	positive[6]	_	
3-3	318-321	ein	positive[6]	Liebe/Partnerschaft[23]	
3-4	322-327	gutes	positive[6]	Liebe/Partnerschaft[23]	
3-5	328-335	Mädchen	positive[6]	Liebe/Partnerschaft[23]	
3-6	336-337	,	_	_	
3-7	338-341	ich	neutral[7]	_	
3-8	342-346	weiß	neutral[7]	_	
3-9	347-351	noch	neutral[7]	_	
3-10	351-352	,	neutral[7]	_	
3-11	353-356	wie	neutral[7]	_	
3-12	357-360	das	neutral[7]	_	
3-13	361-367	damals	neutral[7]	_	
3-14	368-371	war	neutral[7]	_	
3-15	372-373	,	_	_	
3-16	374-377	sie	positive[8]	_	
3-17	378-383	sagte	positive[8]	_	
3-18	383-384	:	positive[8]	_	
3-19	385-392	Schmeiß	positive[8]	_	
3-20	393-396	den	positive[8]	_	
3-21	397-407	Schlafsack	positive[8]	_	
3-22	408-411	weg	positive[8]	_	
3-23	413-416	und	positive[8]	_	
3-24	417-422	bleib	positive[8]	_	
3-25	423-426	bei	positive[8]	_	
3-26	427-430	mir	positive[8]	_	
3-27	431-432	,	positive[8]	_	
3-28	433-436	ich	positive[8]	_	
3-29	437-442	biete	positive[8]	_	
3-30	443-446	dir	positive[8]	_	
3-31	447-450	ein	positive[8]	_	
3-32	451-457	festes	positive[8]	_	
3-33	458-462	Bett	positive[8]	_	
3-34	463-468	dafür	positive[8]	_	
3-35	468-469	.	_	_	

#Text=Ich hab's versucht mit ihr  und es war ja auch ganz schön .
4-1	474-477	Ich	positive[9]	_	
4-2	478-483	hab's	positive[9]	_	
4-3	484-492	versucht	positive[9]	_	
4-4	493-496	mit	positive[9]	_	
4-5	497-500	ihr	positive[9]	_	
4-6	502-505	und	positive[9]	_	
4-7	506-508	es	positive[9]	_	
4-8	509-512	war	positive[9]	_	
4-9	513-515	ja	positive[9]	_	
4-10	516-520	auch	positive[9]	_	
4-11	521-525	ganz	positive[9]	_	
4-12	526-531	schön	positive[9]	_	
4-13	532-533	.	positive[9]	_	

#Text=Frühstück im Bett und viele nette Sachen, doch irgendwie auf die Dauer  fand ich's denn doch nicht mehr so schön, mit mir ist das leider nicht zu machen.
5-1	534-543	Frühstück	positive[10]	Liebe/Partnerschaft[24]	
5-2	544-546	im	positive[10]	Liebe/Partnerschaft[24]	
5-3	547-551	Bett	positive[10]	Liebe/Partnerschaft[24]	
5-4	552-555	und	positive[10]	_	
5-5	556-561	viele	positive[10]	_	
5-6	562-567	nette	positive[10]	_	
5-7	568-574	Sachen	positive[10]	_	
5-8	574-575	,	_	_	
5-9	576-580	doch	negative[11]	_	
5-10	581-590	irgendwie	negative[11]	_	
5-11	591-594	auf	negative[11]	_	
5-12	595-598	die	negative[11]	_	
5-13	599-604	Dauer	negative[11]	_	
5-14	606-610	fand	negative[11]	_	
5-15	611-616	ich's	negative[11]	_	
5-16	617-621	denn	negative[11]	_	
5-17	622-626	doch	negative[11]	_	
5-18	627-632	nicht	negative[11]	_	
5-19	633-637	mehr	negative[11]	_	
5-20	638-640	so	negative[11]	_	
5-21	641-646	schön	negative[11]	_	
5-22	646-647	,	negative[11]	_	
5-23	648-651	mit	negative[11]	_	
5-24	652-655	mir	negative[11]	_	
5-25	656-659	ist	negative[11]	_	
5-26	660-663	das	negative[11]	_	
5-27	664-670	leider	negative[11]	_	
5-28	671-676	nicht	negative[11]	_	
5-29	677-679	zu	negative[11]	_	
5-30	680-686	machen	negative[11]	_	
5-31	686-687	.	_	_	

#Text=Und jedesmal, wenn ich am Ortsausgang stand , tat mein Tramperherz so weh  und ich wußte, daß ich sie verlassen mußte  und heut ist es soweit und ich geh'.
6-1	692-695	Und	negative[12]	_	
6-2	696-704	jedesmal	negative[12]	_	
6-3	704-705	,	negative[12]	_	
6-4	706-710	wenn	negative[12]	_	
6-5	711-714	ich	negative[12]	_	
6-6	715-717	am	negative[12]	_	
6-7	718-729	Ortsausgang	negative[12]	Reisen	
6-8	730-735	stand	negative[12]	_	
6-9	736-737	,	negative[12]	_	
6-10	738-741	tat	negative[12]	_	
6-11	742-746	mein	negative[12]	_	
6-12	747-758	Tramperherz	negative[12]	Reisen	
6-13	759-761	so	negative[12]	_	
6-14	762-765	weh	negative[12]	_	
6-15	767-770	und	negative[12]	_	
6-16	771-774	ich	negative[12]	_	
6-17	775-780	wußte	negative[12]	_	
6-18	780-781	,	negative[12]	_	
6-19	782-785	daß	negative[12]	_	
6-20	786-789	ich	negative[12]	Liebe/Partnerschaft[25]	
6-21	790-793	sie	negative[12]	Liebe/Partnerschaft[25]	
6-22	794-803	verlassen	negative[12]	Liebe/Partnerschaft[25]	
6-23	804-809	mußte	negative[12]	Liebe/Partnerschaft[25]	
6-24	811-814	und	negative[12]	_	
6-25	815-819	heut	negative[12]	_	
6-26	820-823	ist	negative[12]	_	
6-27	824-826	es	negative[12]	_	
6-28	827-833	soweit	negative[12]	_	
6-29	834-837	und	negative[12]	_	
6-30	838-841	ich	negative[12]	_	
6-31	842-845	geh	negative[12]	_	
6-32	845-846	'	_	_	
6-33	846-847	.	_	_	

#Text=Da steh' ich also an der Autobahn , wann nimmt mich endlich einer mit , wann kommt denn hier mal ein Typ vorbei , der auf seine Bremse tritt.
7-1	852-854	Da	neutral[13]	_	
7-2	855-859	steh	neutral[13]	_	
7-3	859-860	'	neutral[13]	_	
7-4	861-864	ich	neutral[13]	_	
7-5	865-869	also	neutral[13]	_	
7-6	870-872	an	neutral[13]	_	
7-7	873-876	der	neutral[13]	_	
7-8	877-885	Autobahn	neutral[13]	Reisen	
7-9	886-887	,	_	_	
7-10	888-892	wann	positive[14]	_	
7-11	893-898	nimmt	positive[14]	_	
7-12	899-903	mich	positive[14]	_	
7-13	904-911	endlich	positive[14]	_	
7-14	912-917	einer	positive[14]	_	
7-15	918-921	mit	positive[14]	_	
7-16	922-923	,	positive[14]	_	
7-17	924-928	wann	positive[14]	_	
7-18	929-934	kommt	positive[14]	_	
7-19	935-939	denn	positive[14]	_	
7-20	940-944	hier	positive[14]	_	
7-21	945-948	mal	positive[14]	_	
7-22	949-952	ein	positive[14]	_	
7-23	953-956	Typ	positive[14]	_	
7-24	957-963	vorbei	positive[14]	_	
7-25	964-965	,	positive[14]	_	
7-26	966-969	der	positive[14]	_	
7-27	970-973	auf	positive[14]	_	
7-28	974-979	seine	positive[14]	_	
7-29	980-986	Bremse	positive[14]	_	
7-30	987-992	tritt	positive[14]	_	
7-31	992-993	.	_	_	

#Text=Vielleicht kommt einer, der zum Nordpol fährt  oder auch nur zur nächsten Stadt , ich steige einfach ein, mal sehn, wohin man kommt , auf jeden Fall, die Gegend hier, die hab' ich satt.
8-1	998-1008	Vielleicht	positive[15]	_	
8-2	1009-1014	kommt	positive[15]	_	
8-3	1015-1020	einer	positive[15]	_	
8-4	1020-1021	,	positive[15]	_	
8-5	1022-1025	der	positive[15]	_	
8-6	1026-1029	zum	positive[15]	_	
8-7	1030-1037	Nordpol	positive[15]	Reisen	
8-8	1038-1043	fährt	positive[15]	_	
8-9	1045-1049	oder	positive[15]	_	
8-10	1050-1054	auch	positive[15]	_	
8-11	1055-1058	nur	positive[15]	_	
8-12	1059-1062	zur	positive[15]	Reisen[26]	
8-13	1063-1071	nächsten	positive[15]	Reisen[26]	
8-14	1072-1077	Stadt	positive[15]	Reisen[26]	
8-15	1078-1079	,	_	_	
8-16	1080-1083	ich	negative[16]	_	
8-17	1084-1090	steige	negative[16]	_	
8-18	1091-1098	einfach	negative[16]	_	
8-19	1099-1102	ein	negative[16]	_	
8-20	1102-1103	,	negative[16]	_	
8-21	1104-1107	mal	negative[16]	_	
8-22	1108-1112	sehn	negative[16]	_	
8-23	1112-1113	,	negative[16]	_	
8-24	1114-1119	wohin	negative[16]	_	
8-25	1120-1123	man	negative[16]	_	
8-26	1124-1129	kommt	negative[16]	_	
8-27	1130-1131	,	negative[16]	_	
8-28	1132-1135	auf	negative[16]	_	
8-29	1136-1141	jeden	negative[16]	_	
8-30	1142-1146	Fall	negative[16]	_	
8-31	1146-1147	,	negative[16]	_	
8-32	1148-1151	die	negative[16]	_	
8-33	1152-1158	Gegend	negative[16]	_	
8-34	1159-1163	hier	negative[16]	_	
8-35	1163-1164	,	negative[16]	_	
8-36	1165-1168	die	negative[16]	_	
8-37	1169-1172	hab	negative[16]	_	
8-38	1172-1173	'	negative[16]	_	
8-39	1174-1177	ich	negative[16]	_	
8-40	1178-1182	satt	negative[16]	_	
8-41	1182-1183	.	negative[16]	_	

#Text=Ich möchte so gern mal nach Haiti  oder zum Titicacasee .
9-1	1188-1191	Ich	neutral[17]	_	
9-2	1192-1198	möchte	neutral[17]	_	
9-3	1199-1201	so	neutral[17]	_	
9-4	1202-1206	gern	neutral[17]	_	
9-5	1207-1210	mal	neutral[17]	_	
9-6	1211-1215	nach	neutral[17]	_	
9-7	1216-1221	Haiti	neutral[17]	Reisen	
9-8	1223-1227	oder	neutral[17]	_	
9-9	1228-1231	zum	neutral[17]	_	
9-10	1232-1243	Titicacasee	neutral[17]	Reisen	
9-11	1244-1245	.	_	_	

#Text=Ich würd' so gern einmal Freundschaft schließen  mit einem Eskimo im Schnee.
10-1	1246-1249	Ich	positive[18]	_	
10-2	1250-1254	würd	positive[18]	_	
10-3	1254-1255	'	positive[18]	_	
10-4	1256-1258	so	positive[18]	_	
10-5	1259-1263	gern	positive[18]	_	
10-6	1264-1270	einmal	positive[18]	_	
10-7	1271-1283	Freundschaft	positive[18]	Liebe/Partnerschaft[27]	
10-8	1284-1293	schließen	positive[18]	Liebe/Partnerschaft[27]	
10-9	1295-1298	mit	positive[18]	_	
10-10	1299-1304	einem	positive[18]	_	
10-11	1305-1311	Eskimo	positive[18]	Reisen	
10-12	1312-1314	im	positive[18]	_	
10-13	1315-1321	Schnee	positive[18]	_	
10-14	1321-1322	.	positive[18]	_	

#Text=Ich möcht' auch gerne mal nach Afrika  und mit den Urwaldnegern trommeln, ich möchte mal 'nen Medizinmann fragen:  wie viele böse Geister kann er denn wohl verjagen?
11-1	1327-1330	Ich	positive[19]	_	
11-2	1331-1336	möcht	positive[19]	_	
11-3	1336-1337	'	positive[19]	_	
11-4	1338-1342	auch	positive[19]	_	
11-5	1343-1348	gerne	positive[19]	_	
11-6	1349-1352	mal	positive[19]	_	
11-7	1353-1357	nach	positive[19]	_	
11-8	1358-1364	Afrika	positive[19]	Reisen	
11-9	1366-1369	und	positive[19]	_	
11-10	1370-1373	mit	positive[19]	_	
11-11	1374-1377	den	positive[19]	_	
11-12	1378-1390	Urwaldnegern	positive[19]	Reisen	
11-13	1391-1399	trommeln	positive[19]	_	
11-14	1399-1400	,	_	_	
11-15	1401-1404	ich	neutral[20]	_	
11-16	1405-1411	möchte	neutral[20]	_	
11-17	1412-1415	mal	neutral[20]	_	
11-18	1416-1417	'	neutral[20]	_	
11-19	1417-1420	nen	neutral[20]	_	
11-20	1421-1432	Medizinmann	neutral[20]	Reisen	
11-21	1433-1439	fragen	neutral[20]	_	
11-22	1439-1440	:	neutral[20]	_	
11-23	1442-1445	wie	neutral[20]	_	
11-24	1446-1451	viele	neutral[20]	_	
11-25	1452-1456	böse	neutral[20]	_	
11-26	1457-1464	Geister	neutral[20]	_	
11-27	1465-1469	kann	neutral[20]	_	
11-28	1470-1472	er	neutral[20]	_	
11-29	1473-1477	denn	neutral[20]	_	
11-30	1478-1482	wohl	neutral[20]	_	
11-31	1483-1491	verjagen	neutral[20]	_	
11-32	1491-1492	?	_	_	

#Text=Ich steh' noch immer an der Autobahn  und träume von der weiten Welt , vielleicht sollt' ich den Daumen etwas höher heben , denn ich will meine Träume nicht nur träumen , ich will sie auch erleben.
12-1	1497-1500	Ich	neutral[21]	_	
12-2	1501-1505	steh	neutral[21]	_	
12-3	1505-1506	'	neutral[21]	_	
12-4	1507-1511	noch	neutral[21]	_	
12-5	1512-1517	immer	neutral[21]	_	
12-6	1518-1520	an	neutral[21]	_	
12-7	1521-1524	der	neutral[21]	_	
12-8	1525-1533	Autobahn	neutral[21]	Reisen	
12-9	1535-1538	und	neutral[21]	_	
12-10	1539-1545	träume	neutral[21]	_	
12-11	1546-1549	von	neutral[21]	_	
12-12	1550-1553	der	neutral[21]	Reisen[28]	
12-13	1554-1560	weiten	neutral[21]	Reisen[28]	
12-14	1561-1565	Welt	neutral[21]	Reisen[28]	
12-15	1566-1567	,	_	_	
12-16	1568-1578	vielleicht	neutral[22]	_	
12-17	1579-1584	sollt	neutral[22]	_	
12-18	1584-1585	'	neutral[22]	_	
12-19	1586-1589	ich	neutral[22]	_	
12-20	1590-1593	den	neutral[22]	_	
12-21	1594-1600	Daumen	neutral[22]	_	
12-22	1601-1606	etwas	neutral[22]	_	
12-23	1607-1612	höher	neutral[22]	_	
12-24	1613-1618	heben	neutral[22]	_	
12-25	1619-1620	,	neutral[22]	_	
12-26	1621-1625	denn	neutral[22]	_	
12-27	1626-1629	ich	neutral[22]	_	
12-28	1630-1634	will	neutral[22]	_	
12-29	1635-1640	meine	neutral[22]	_	
12-30	1641-1647	Träume	neutral[22]	_	
12-31	1648-1653	nicht	neutral[22]	_	
12-32	1654-1657	nur	neutral[22]	_	
12-33	1658-1665	träumen	neutral[22]	_	
12-34	1666-1667	,	neutral[22]	_	
12-35	1668-1671	ich	neutral[22]	_	
12-36	1672-1676	will	neutral[22]	_	
12-37	1677-1680	sie	neutral[22]	_	
12-38	1681-1685	auch	neutral[22]	_	
12-39	1686-1693	erleben	neutral[22]	_	
12-40	1693-1694	.	_	_	
