#FORMAT=WebAnno TSV 3.2
#T_SP=webanno.custom.Sentiment|Polarity
#T_SP=webanno.custom.Topic|Topics


#Text=Die Alte zuhaus war auch nicht mehr das, was sie früher einmal war.
1-1	0-3	Die	negative[1]	Liebe/Partnerschaft[24]	
1-2	4-8	Alte	negative[1]	Liebe/Partnerschaft[24]	
1-3	9-15	zuhaus	negative[1]	_	
1-4	16-19	war	negative[1]	_	
1-5	20-24	auch	negative[1]	_	
1-6	25-30	nicht	negative[1]	_	
1-7	31-35	mehr	negative[1]	_	
1-8	36-39	das	negative[1]	_	
1-9	39-40	,	negative[1]	_	
1-10	41-44	was	negative[1]	_	
1-11	45-48	sie	negative[1]	_	
1-12	49-55	früher	negative[1]	_	
1-13	56-62	einmal	negative[1]	_	
1-14	63-66	war	negative[1]	_	
1-15	66-67	.	_	_	

#Text=Schon morgens saß sie vor der Glotze, mit Lockenwicklern im Haar.
2-1	68-73	Schon	negative[2]	_	
2-2	74-81	morgens	negative[2]	_	
2-3	82-85	saß	negative[2]	_	
2-4	86-89	sie	negative[2]	_	
2-5	90-93	vor	negative[2]	_	
2-6	94-97	der	negative[2]	_	
2-7	98-104	Glotze	negative[2]	_	
2-8	104-105	,	negative[2]	_	
2-9	106-109	mit	negative[2]	_	
2-10	110-124	Lockenwicklern	negative[2]	_	
2-11	125-127	im	negative[2]	_	
2-12	128-132	Haar	negative[2]	_	
2-13	132-133	.	_	_	

#Text=Wenn er schlapp von der Maloche nach hause kam saß sie immer noch da  und sagte: "Hier hast'n Korn, der bringt dich wieder nach vorn.
3-1	134-138	Wenn	negative[3]	_	
3-2	139-141	er	negative[3]	_	
3-3	142-149	schlapp	negative[3]	_	
3-4	150-153	von	negative[3]	_	
3-5	154-157	der	negative[3]	_	
3-6	158-165	Maloche	negative[3]	_	
3-7	166-170	nach	negative[3]	_	
3-8	171-176	hause	negative[3]	_	
3-9	177-180	kam	negative[3]	_	
3-10	181-184	saß	negative[3]	_	
3-11	185-188	sie	negative[3]	_	
3-12	189-194	immer	negative[3]	_	
3-13	195-199	noch	negative[3]	_	
3-14	200-202	da	negative[3]	_	
3-15	204-207	und	neutral[4]	_	
3-16	208-213	sagte	neutral[4]	_	
3-17	213-214	:	neutral[4]	_	
3-18	215-216	"	neutral[4]	_	
3-19	216-220	Hier	neutral[4]	_	
3-20	221-227	hast'n	neutral[4]	_	
3-21	228-232	Korn	neutral[4]	Gesundheit/Drogen	
3-22	232-233	,	neutral[4]	_	
3-23	234-237	der	neutral[4]	_	
3-24	238-244	bringt	neutral[4]	_	
3-25	245-249	dich	neutral[4]	_	
3-26	250-256	wieder	neutral[4]	_	
3-27	257-261	nach	neutral[4]	_	
3-28	262-266	vorn	neutral[4]	_	
3-29	266-267	.	_	_	

#Text=und im Fernsehen läuft der Kommissar"  
#Text= 
#Text=Er hatte die Schnauze von diesem Leben voll, er wär so gern ausgeflippt .
4-1	269-272	und	neutral[5]	_	
4-2	273-275	im	neutral[5]	_	
4-3	276-285	Fernsehen	neutral[5]	_	
4-4	286-291	läuft	neutral[5]	_	
4-5	292-295	der	neutral[5]	_	
4-6	296-305	Kommissar	neutral[5]	_	
4-7	305-306	"	_	_	
4-8	311-313	Er	negative[6]	_	
4-9	314-319	hatte	negative[6]	_	
4-10	320-323	die	negative[6]	Persönliches/Emotionen[25]	
4-11	324-332	Schnauze	negative[6]	Persönliches/Emotionen[25]	
4-12	333-336	von	negative[6]	Persönliches/Emotionen[25]	
4-13	337-343	diesem	negative[6]	Persönliches/Emotionen[25]	
4-14	344-349	Leben	negative[6]	Persönliches/Emotionen[25]	
4-15	350-354	voll	negative[6]	Persönliches/Emotionen[25]	
4-16	354-355	,	negative[6]	_	
4-17	356-358	er	negative[6]	_	
4-18	359-362	wär	negative[6]	_	
4-19	363-365	so	negative[6]	_	
4-20	366-370	gern	negative[6]	_	
4-21	371-382	ausgeflippt	negative[6]	Persönliches/Emotionen	
4-22	383-384	.	_	_	

#Text=Und mit solchen Gedanken hat er dann  nochmal an seinem Glas genippt .
5-1	385-388	Und	neutral[7]	_	
5-2	389-392	mit	neutral[7]	_	
5-3	393-400	solchen	neutral[7]	_	
5-4	401-409	Gedanken	neutral[7]	_	
5-5	410-413	hat	neutral[7]	_	
5-6	414-416	er	neutral[7]	_	
5-7	417-421	dann	neutral[7]	_	
5-8	423-430	nochmal	neutral[7]	_	
5-9	431-433	an	neutral[7]	_	
5-10	434-440	seinem	neutral[7]	_	
5-11	441-445	Glas	neutral[7]	Gesundheit/Drogen[26]	
5-12	446-453	genippt	neutral[7]	Gesundheit/Drogen[26]	
5-13	454-455	.	_	_	

#Text=Und dann schmiss er's mit Karacho voll ins TV  und schrie: "Ihr glaubt wohl ich bin nicht ganz dicht!
6-1	456-459	Und	negative[8]	_	
6-2	460-464	dann	negative[8]	_	
6-3	465-472	schmiss	negative[8]	_	
6-4	473-477	er's	negative[8]	_	
6-5	478-481	mit	negative[8]	_	
6-6	482-489	Karacho	negative[8]	_	
6-7	490-494	voll	negative[8]	_	
6-8	495-498	ins	negative[8]	_	
6-9	499-501	TV	negative[8]	_	
6-10	503-506	und	negative[8]	_	
6-11	507-513	schrie	negative[8]	_	
6-12	513-514	:	negative[8]	_	
6-13	515-516	"	negative[8]	_	
6-14	516-519	Ihr	negative[8]	_	
6-15	520-526	glaubt	negative[8]	_	
6-16	527-531	wohl	negative[8]	_	
6-17	532-535	ich	negative[8]	_	
6-18	536-539	bin	negative[8]	_	
6-19	540-545	nicht	negative[8]	Persönliches/Emotionen[27]	
6-20	546-550	ganz	negative[8]	Persönliches/Emotionen[27]	
6-21	551-556	dicht	negative[8]	Persönliches/Emotionen[27]	
6-22	556-557	!	_	_	

#Text=Jeden Abend Fusel schlucken und dann in die Röhre kucken  und dann pennen und dann wieder zur Schicht."
7-1	559-564	Jeden	negative[9]	_	
7-2	565-570	Abend	negative[9]	_	
7-3	571-576	Fusel	negative[9]	Gesundheit/Drogen[28]	
7-4	577-586	schlucken	negative[9]	Gesundheit/Drogen[28]	
7-5	587-590	und	negative[9]	_	
7-6	591-595	dann	negative[9]	_	
7-7	596-598	in	negative[9]	_	
7-8	599-602	die	negative[9]	_	
7-9	603-608	Röhre	negative[9]	_	
7-10	609-615	kucken	negative[9]	_	
7-11	617-620	und	negative[9]	_	
7-12	621-625	dann	negative[9]	_	
7-13	626-632	pennen	negative[9]	_	
7-14	633-636	und	negative[9]	_	
7-15	637-641	dann	negative[9]	_	
7-16	642-648	wieder	negative[9]	_	
7-17	649-652	zur	negative[9]	_	
7-18	653-660	Schicht	negative[9]	_	
7-19	660-661	.	_	_	
7-20	661-662	"	_	_	

#Text=Chachacha...
8-1	667-676	Chachacha	_	_	
8-2	676-677	.	_	_	
8-3	677-678	.	_	_	
8-4	678-679	.	_	_	

#Text=Hu!
9-1	680-682	Hu	_	_	
9-2	682-683	!	_	_	

#Text=Der Malocher aus 'm Ruhrgebiet  tat nun etwas, was sonst nur selten geschieht , schmiss seiner Frau das Mobiliar vor die Füße  und sagte: "Ey, jetzt ist aber Schluss meine Süße.
10-1	688-691	Der	neutral[10]	_	
10-2	692-700	Malocher	neutral[10]	_	
10-3	701-704	aus	neutral[10]	_	
10-4	705-706	'	neutral[10]	_	
10-5	706-707	m	neutral[10]	_	
10-6	708-718	Ruhrgebiet	neutral[10]	_	
10-7	720-723	tat	neutral[10]	_	
10-8	724-727	nun	neutral[10]	_	
10-9	728-733	etwas	neutral[10]	_	
10-10	733-734	,	neutral[10]	_	
10-11	735-738	was	neutral[10]	_	
10-12	739-744	sonst	neutral[10]	_	
10-13	745-748	nur	neutral[10]	_	
10-14	749-755	selten	neutral[10]	_	
10-15	756-765	geschieht	neutral[10]	_	
10-16	766-767	,	_	_	
10-17	768-775	schmiss	negative[11]	_	
10-18	776-782	seiner	negative[11]	Liebe/Partnerschaft[29]	
10-19	783-787	Frau	negative[11]	Liebe/Partnerschaft[29]	
10-20	788-791	das	negative[11]	_	
10-21	792-800	Mobiliar	negative[11]	_	
10-22	801-804	vor	negative[11]	_	
10-23	805-808	die	negative[11]	_	
10-24	809-813	Füße	negative[11]	_	
10-25	815-818	und	negative[11]	_	
10-26	819-824	sagte	negative[11]	_	
10-27	824-825	:	negative[11]	_	
10-28	826-827	"	negative[11]	_	
10-29	827-829	Ey	negative[11]	_	
10-30	829-830	,	negative[11]	_	
10-31	831-836	jetzt	negative[11]	_	
10-32	837-840	ist	negative[11]	_	
10-33	841-845	aber	negative[11]	_	
10-34	846-853	Schluss	negative[11]	_	
10-35	854-859	meine	negative[11]	Liebe/Partnerschaft[30]	
10-36	860-864	Süße	negative[11]	Liebe/Partnerschaft[30]	
10-37	864-865	.	_	_	

#Text=Und mit dem Lottogewinn, das haut ja doch nicht mehr hin.
11-1	870-873	Und	negative[12]	_	
11-2	874-877	mit	negative[12]	_	
11-3	878-881	dem	negative[12]	_	
11-4	882-893	Lottogewinn	negative[12]	_	
11-5	893-894	,	negative[12]	_	
11-6	895-898	das	negative[12]	_	
11-7	899-903	haut	negative[12]	_	
11-8	904-906	ja	negative[12]	_	
11-9	907-911	doch	negative[12]	_	
11-10	912-917	nicht	negative[12]	_	
11-11	918-922	mehr	negative[12]	_	
11-12	923-926	hin	negative[12]	_	
11-13	926-927	.	_	_	

#Text=Komm Weib mach meinen Koffer klar!
12-1	929-933	Komm	neutral[13]	_	
12-2	934-938	Weib	neutral[13]	Liebe/Partnerschaft	
12-3	939-943	mach	neutral[13]	_	
12-4	944-950	meinen	neutral[13]	_	
12-5	951-957	Koffer	neutral[13]	Reisen	
12-6	958-962	klar	neutral[13]	_	
12-7	962-963	!	_	_	

#Text=Ich hau' jetzt ab nach Paris, da ist das Leben so süß , da trink' ich Sekt im Alkazar und tanze Chachacha!"
13-1	965-968	Ich	positive[14]	_	
13-2	969-972	hau	positive[14]	_	
13-3	972-973	'	positive[14]	_	
13-4	974-979	jetzt	positive[14]	_	
13-5	980-982	ab	positive[14]	_	
13-6	983-987	nach	positive[14]	Reisen[31]	
13-7	988-993	Paris	positive[14]	Reisen[31]	
13-8	993-994	,	positive[14]	_	
13-9	995-997	da	positive[14]	_	
13-10	998-1001	ist	positive[14]	_	
13-11	1002-1005	das	positive[14]	_	
13-12	1006-1011	Leben	positive[14]	_	
13-13	1012-1014	so	positive[14]	_	
13-14	1015-1018	süß	positive[14]	_	
13-15	1019-1020	,	positive[14]	_	
13-16	1021-1023	da	positive[14]	_	
13-17	1024-1029	trink	positive[14]	_	
13-18	1029-1030	'	positive[14]	_	
13-19	1031-1034	ich	positive[14]	_	
13-20	1035-1039	Sekt	positive[14]	Gesundheit/Drogen	
13-21	1040-1042	im	positive[14]	_	
13-22	1043-1050	Alkazar	positive[14]	_	
13-23	1051-1054	und	positive[14]	_	
13-24	1055-1060	tanze	positive[14]	_	
13-25	1061-1070	Chachacha	positive[14]	_	
13-26	1070-1071	!	_	_	
13-27	1071-1072	"	_	_	

#Text=Er fuhr mit der Bahn, erster Klasse  nach Paris "Gare du Nord"  Er bestellte sich Champagner, den trank er aus der Flasche  und kam sich ganz schön super vor.
14-1	1077-1079	Er	neutral[15]	_	
14-2	1080-1084	fuhr	neutral[15]	Reisen[32]	
14-3	1085-1088	mit	neutral[15]	Reisen[32]	
14-4	1089-1092	der	neutral[15]	Reisen[32]	
14-5	1093-1097	Bahn	neutral[15]	Reisen[32]	
14-6	1097-1098	,	neutral[15]	_	
14-7	1099-1105	erster	neutral[15]	_	
14-8	1106-1112	Klasse	neutral[15]	_	
14-9	1114-1118	nach	neutral[15]	_	
14-10	1119-1124	Paris	neutral[15]	Reisen[33]	
14-11	1125-1126	"	neutral[15]	Reisen[33]	
14-12	1126-1130	Gare	neutral[15]	Reisen[33]	
14-13	1131-1133	du	neutral[15]	Reisen[33]	
14-14	1134-1138	Nord	neutral[15]	Reisen[33]	
14-15	1138-1139	"	neutral[15]	Reisen[33]	
14-16	1141-1143	Er	positive[16]	_	
14-17	1144-1153	bestellte	positive[16]	_	
14-18	1154-1158	sich	positive[16]	_	
14-19	1159-1169	Champagner	positive[16]	Gesundheit/Drogen	
14-20	1169-1170	,	positive[16]	_	
14-21	1171-1174	den	positive[16]	_	
14-22	1175-1180	trank	positive[16]	_	
14-23	1181-1183	er	positive[16]	_	
14-24	1184-1187	aus	positive[16]	_	
14-25	1188-1191	der	positive[16]	_	
14-26	1192-1199	Flasche	positive[16]	_	
14-27	1201-1204	und	positive[16]	_	
14-28	1205-1208	kam	positive[16]	_	
14-29	1209-1213	sich	positive[16]	_	
14-30	1214-1218	ganz	positive[16]	_	
14-31	1219-1224	schön	positive[16]	_	
14-32	1225-1230	super	positive[16]	_	
14-33	1231-1234	vor	positive[16]	_	
14-34	1234-1235	.	_	_	

#Text=Und als er dann da war und schon nicht mehr ganz klar war, da traf er ein charmantes Mädel .
15-1	1240-1243	Und	neutral[17]	_	
15-2	1244-1247	als	neutral[17]	_	
15-3	1248-1250	er	neutral[17]	_	
15-4	1251-1255	dann	neutral[17]	_	
15-5	1256-1258	da	neutral[17]	_	
15-6	1259-1262	war	neutral[17]	_	
15-7	1263-1266	und	neutral[17]	_	
15-8	1267-1272	schon	neutral[17]	_	
15-9	1273-1278	nicht	neutral[17]	_	
15-10	1279-1283	mehr	neutral[17]	_	
15-11	1284-1288	ganz	neutral[17]	_	
15-12	1289-1293	klar	neutral[17]	_	
15-13	1294-1297	war	neutral[17]	_	
15-14	1297-1298	,	neutral[17]	_	
15-15	1299-1301	da	neutral[17]	_	
15-16	1302-1306	traf	neutral[17]	_	
15-17	1307-1309	er	neutral[17]	_	
15-18	1310-1313	ein	neutral[17]	_	
15-19	1314-1324	charmantes	neutral[17]	_	
15-20	1325-1330	Mädel	neutral[17]	_	
15-21	1331-1332	.	_	_	

#Text=Und am nächsten Morgen war er allein im Hotel , ohne Kies und mit 'nem schweren Schädel.
16-1	1333-1336	Und	negative[18]	_	
16-2	1337-1339	am	negative[18]	_	
16-3	1340-1348	nächsten	negative[18]	_	
16-4	1349-1355	Morgen	negative[18]	_	
16-5	1356-1359	war	negative[18]	_	
16-6	1360-1362	er	negative[18]	_	
16-7	1363-1369	allein	negative[18]	_	
16-8	1370-1372	im	negative[18]	_	
16-9	1373-1378	Hotel	negative[18]	_	
16-10	1379-1380	,	negative[18]	_	
16-11	1381-1385	ohne	negative[18]	_	
16-12	1386-1390	Kies	negative[18]	_	
16-13	1391-1394	und	negative[18]	_	
16-14	1395-1398	mit	negative[18]	_	
16-15	1399-1400	'	negative[18]	_	
16-16	1400-1403	nem	negative[18]	_	
16-17	1404-1412	schweren	negative[18]	Gesundheit/Drogen[34]	
16-18	1413-1420	Schädel	negative[18]	Gesundheit/Drogen[34]	
16-19	1420-1421	.	_	_	

#Text=ahh... chachacha...
17-1	1426-1429	ahh	_	_	
17-2	1429-1430	.	_	_	
17-3	1430-1431	.	_	_	
17-4	1431-1432	.	_	_	
17-5	1433-1442	chachacha	_	_	
17-6	1442-1443	.	_	_	
17-7	1443-1444	.	_	_	
17-8	1444-1445	.	_	_	

#Text=Hu!
18-1	1446-1448	Hu	_	_	
18-2	1448-1449	!	_	_	

#Text=Der Malocher aus 'm Ruhrgebiet  tat nun etwas, was sonst nur selten geschieht , schmiss seiner Frau das Mobiliar vor die Füße  und sagt: "Ey, jetzt ist aber Schluss meine Süße.
19-1	1454-1457	Der	neutral[19]	_	
19-2	1458-1466	Malocher	neutral[19]	_	
19-3	1467-1470	aus	neutral[19]	_	
19-4	1471-1472	'	neutral[19]	_	
19-5	1472-1473	m	neutral[19]	_	
19-6	1474-1484	Ruhrgebiet	neutral[19]	_	
19-7	1486-1489	tat	neutral[19]	_	
19-8	1490-1493	nun	neutral[19]	_	
19-9	1494-1499	etwas	neutral[19]	_	
19-10	1499-1500	,	neutral[19]	_	
19-11	1501-1504	was	neutral[19]	_	
19-12	1505-1510	sonst	neutral[19]	_	
19-13	1511-1514	nur	neutral[19]	_	
19-14	1515-1521	selten	neutral[19]	_	
19-15	1522-1531	geschieht	neutral[19]	_	
19-16	1532-1533	,	_	_	
19-17	1534-1541	schmiss	neutral[20]	_	
19-18	1542-1548	seiner	neutral[20]	_	
19-19	1549-1553	Frau	neutral[20]	_	
19-20	1554-1557	das	neutral[20]	_	
19-21	1558-1566	Mobiliar	neutral[20]	_	
19-22	1567-1570	vor	neutral[20]	_	
19-23	1571-1574	die	neutral[20]	_	
19-24	1575-1579	Füße	neutral[20]	_	
19-25	1581-1584	und	_	_	
19-26	1585-1589	sagt	_	_	
19-27	1589-1590	:	_	_	
19-28	1591-1592	"	_	_	
19-29	1592-1594	Ey	negative[21]	_	
19-30	1594-1595	,	negative[21]	_	
19-31	1596-1601	jetzt	negative[21]	_	
19-32	1602-1605	ist	negative[21]	_	
19-33	1606-1610	aber	negative[21]	_	
19-34	1611-1618	Schluss	negative[21]	_	
19-35	1619-1624	meine	negative[21]	Liebe/Partnerschaft[35]	
19-36	1625-1629	Süße	negative[21]	Liebe/Partnerschaft[35]	
19-37	1629-1630	.	_	_	

#Text=Und mit dem Lottogewinn, das haut ja doch nicht mehr hin, komm Weib mach meinen Koffer klar .
20-1	1635-1638	Und	neutral[22]	_	
20-2	1639-1642	mit	neutral[22]	_	
20-3	1643-1646	dem	neutral[22]	_	
20-4	1647-1658	Lottogewinn	neutral[22]	_	
20-5	1658-1659	,	neutral[22]	_	
20-6	1660-1663	das	neutral[22]	_	
20-7	1664-1668	haut	neutral[22]	_	
20-8	1669-1671	ja	neutral[22]	_	
20-9	1672-1676	doch	neutral[22]	_	
20-10	1677-1682	nicht	neutral[22]	_	
20-11	1683-1687	mehr	neutral[22]	_	
20-12	1688-1691	hin	neutral[22]	_	
20-13	1691-1692	,	neutral[22]	_	
20-14	1693-1697	komm	neutral[22]	_	
20-15	1698-1702	Weib	neutral[22]	Liebe/Partnerschaft	
20-16	1703-1707	mach	neutral[22]	_	
20-17	1708-1714	meinen	neutral[22]	_	
20-18	1715-1721	Koffer	neutral[22]	Reisen	
20-19	1722-1726	klar	neutral[22]	_	
20-20	1727-1728	.	_	_	

#Text=Ich hau jetzt ab nach Paris, da ist das Leben so süß, da trink ich Sekt im Alkazar und tanze Chachacha, hhu!"
21-1	1729-1732	Ich	positive[23]	_	
21-2	1733-1736	hau	positive[23]	_	
21-3	1737-1742	jetzt	positive[23]	_	
21-4	1743-1745	ab	positive[23]	_	
21-5	1746-1750	nach	positive[23]	Reisen[36]	
21-6	1751-1756	Paris	positive[23]	Reisen[36]	
21-7	1756-1757	,	positive[23]	_	
21-8	1758-1760	da	positive[23]	_	
21-9	1761-1764	ist	positive[23]	_	
21-10	1765-1768	das	positive[23]	_	
21-11	1769-1774	Leben	positive[23]	_	
21-12	1775-1777	so	positive[23]	_	
21-13	1778-1781	süß	positive[23]	_	
21-14	1781-1782	,	positive[23]	_	
21-15	1783-1785	da	positive[23]	_	
21-16	1786-1791	trink	positive[23]	_	
21-17	1792-1795	ich	positive[23]	_	
21-18	1796-1800	Sekt	positive[23]	Gesundheit/Drogen	
21-19	1801-1803	im	positive[23]	_	
21-20	1804-1811	Alkazar	positive[23]	_	
21-21	1812-1815	und	positive[23]	_	
21-22	1816-1821	tanze	positive[23]	_	
21-23	1822-1831	Chachacha	positive[23]	_	
21-24	1831-1832	,	positive[23]	_	
21-25	1833-1836	hhu	positive[23]	_	
21-26	1836-1837	!	positive[23]	_	
21-27	1837-1838	"	_	_	
