#FORMAT=WebAnno TSV 3.2
#T_SP=webanno.custom.Sentiment|Polarity
#T_SP=webanno.custom.Topic|Topics


#Text=Ich brech' die Herzen der stolzesten Frau'n, weil ich so stürmisch und so leidenschaftlich bin, mir braucht nur eine ins Auge zu schau'n und schon ist sie hin.
1-1	0-3	Ich	positive[1]	Liebe/Partnerschaft[10]	
1-2	4-9	brech	positive[1]	Liebe/Partnerschaft[10]	
1-3	9-10	'	positive[1]	Liebe/Partnerschaft[10]	
1-4	11-14	die	positive[1]	Liebe/Partnerschaft[10]	
1-5	15-21	Herzen	positive[1]	Liebe/Partnerschaft[10]	
1-6	22-25	der	positive[1]	_	
1-7	26-36	stolzesten	positive[1]	_	
1-8	37-43	Frau'n	positive[1]	_	
1-9	43-44	,	positive[1]	_	
1-10	45-49	weil	positive[1]	_	
1-11	50-53	ich	positive[1]	_	
1-12	54-56	so	positive[1]	_	
1-13	57-66	stürmisch	positive[1]	Persönliches/Emotionen	
1-14	67-70	und	positive[1]	_	
1-15	71-73	so	positive[1]	_	
1-16	74-90	leidenschaftlich	positive[1]	Persönliches/Emotionen	
1-17	91-94	bin	positive[1]	_	
1-18	94-95	,	positive[1]	_	
1-19	96-99	mir	positive[1]	_	
1-20	100-107	braucht	positive[1]	_	
1-21	108-111	nur	positive[1]	_	
1-22	112-116	eine	positive[1]	_	
1-23	117-120	ins	positive[1]	_	
1-24	121-125	Auge	positive[1]	_	
1-25	126-128	zu	positive[1]	_	
1-26	129-136	schau'n	positive[1]	_	
1-27	137-140	und	positive[1]	_	
1-28	141-146	schon	positive[1]	Liebe/Partnerschaft[11]	
1-29	147-150	ist	positive[1]	Liebe/Partnerschaft[11]	
1-30	151-154	sie	positive[1]	Liebe/Partnerschaft[11]	
1-31	155-158	hin	positive[1]	Liebe/Partnerschaft[11]	
1-32	158-159	.	positive[1]	_	

#Text=Ich hab' bei Frauen so schrecklich viel Glück, das ist kein Wunder, denn mein Sternbild ist der Stier, mein Blut ist Lava, und das ist mein Trick, das liebt man an mir.
2-1	160-163	Ich	positive[2]	_	
2-2	164-167	hab	positive[2]	Liebe/Partnerschaft[12]	
2-3	167-168	'	positive[2]	Liebe/Partnerschaft[12]	
2-4	169-172	bei	positive[2]	Liebe/Partnerschaft[12]	
2-5	173-179	Frauen	positive[2]	Liebe/Partnerschaft[12]	
2-6	180-182	so	positive[2]	Liebe/Partnerschaft[12]	
2-7	183-194	schrecklich	positive[2]	Liebe/Partnerschaft[12]	
2-8	195-199	viel	positive[2]	Liebe/Partnerschaft[12]	
2-9	200-205	Glück	positive[2]	Liebe/Partnerschaft[12]	
2-10	205-206	,	positive[2]	_	
2-11	207-210	das	positive[2]	_	
2-12	211-214	ist	positive[2]	_	
2-13	215-219	kein	positive[2]	_	
2-14	220-226	Wunder	positive[2]	_	
2-15	226-227	,	positive[2]	_	
2-16	228-232	denn	positive[2]	_	
2-17	233-237	mein	positive[2]	_	
2-18	238-247	Sternbild	positive[2]	_	
2-19	248-251	ist	positive[2]	_	
2-20	252-255	der	positive[2]	_	
2-21	256-261	Stier	positive[2]	Persönliches/Emotionen	
2-22	261-262	,	positive[2]	_	
2-23	263-267	mein	positive[2]	_	
2-24	268-272	Blut	positive[2]	_	
2-25	273-276	ist	positive[2]	_	
2-26	277-281	Lava	positive[2]	_	
2-27	281-282	,	positive[2]	_	
2-28	283-286	und	positive[2]	_	
2-29	287-290	das	positive[2]	_	
2-30	291-294	ist	positive[2]	_	
2-31	295-299	mein	positive[2]	_	
2-32	300-305	Trick	positive[2]	_	
2-33	305-306	,	positive[2]	_	
2-34	307-310	das	positive[2]	Liebe/Partnerschaft[13]	
2-35	311-316	liebt	positive[2]	Liebe/Partnerschaft[13]	
2-36	317-320	man	positive[2]	Liebe/Partnerschaft[13]	
2-37	321-323	an	positive[2]	Liebe/Partnerschaft[13]	
2-38	324-327	mir	positive[2]	Liebe/Partnerschaft[13]	
2-39	327-328	.	positive[2]	_	

#Text=Ich lach' sie an und sage schlau: "Sie sind die Richtige, gnädige Frau!"
3-1	329-332	Ich	positive[3]	_	
3-2	333-337	lach	positive[3]	Persönliches/Emotionen	
3-3	337-338	'	positive[3]	_	
3-4	339-342	sie	positive[3]	_	
3-5	343-345	an	positive[3]	_	
3-6	346-349	und	positive[3]	_	
3-7	350-354	sage	positive[3]	_	
3-8	355-361	schlau	positive[3]	_	
3-9	361-362	:	positive[3]	_	
3-10	363-364	"	positive[3]	_	
3-11	364-367	Sie	positive[3]	_	
3-12	368-372	sind	positive[3]	_	
3-13	373-376	die	positive[3]	Liebe/Partnerschaft[14]	
3-14	377-385	Richtige	positive[3]	Liebe/Partnerschaft[14]	
3-15	385-386	,	positive[3]	_	
3-16	387-394	gnädige	positive[3]	_	
3-17	395-399	Frau	positive[3]	_	
3-18	399-400	!	positive[3]	_	
3-19	400-401	"	positive[3]	_	

#Text=Komm' ich in Glut, dann ist mir jede so gut.
4-1	402-406	Komm	positive[4]	Persönliches/Emotionen[15]	
4-2	406-407	'	positive[4]	Persönliches/Emotionen[15]	
4-3	408-411	ich	positive[4]	Persönliches/Emotionen[15]	
4-4	412-414	in	positive[4]	Persönliches/Emotionen[15]	
4-5	415-419	Glut	positive[4]	Persönliches/Emotionen[15]	
4-6	419-420	,	positive[4]	_	
4-7	421-425	dann	positive[4]	_	
4-8	426-429	ist	positive[4]	_	
4-9	430-433	mir	positive[4]	_	
4-10	434-438	jede	positive[4]	_	
4-11	439-441	so	positive[4]	_	
4-12	442-445	gut	positive[4]	_	
4-13	445-446	.	positive[4]	_	

#Text=Ich brech' die Herzen der stolzesten Frau'n, weil ich so stürmisch und so leidenschaftlich bin, mir braucht nur eine ins Auge zu schau'n und schon ist sie hin.
5-1	451-454	Ich	positive[5]	Liebe/Partnerschaft[16]	
5-2	455-460	brech	positive[5]	Liebe/Partnerschaft[16]	
5-3	460-461	'	positive[5]	Liebe/Partnerschaft[16]	
5-4	462-465	die	positive[5]	Liebe/Partnerschaft[16]	
5-5	466-472	Herzen	positive[5]	Liebe/Partnerschaft[16]	
5-6	473-476	der	positive[5]	_	
5-7	477-487	stolzesten	positive[5]	_	
5-8	488-494	Frau'n	positive[5]	_	
5-9	494-495	,	positive[5]	_	
5-10	496-500	weil	positive[5]	_	
5-11	501-504	ich	positive[5]	_	
5-12	505-507	so	positive[5]	_	
5-13	508-517	stürmisch	positive[5]	Persönliches/Emotionen	
5-14	518-521	und	positive[5]	_	
5-15	522-524	so	positive[5]	_	
5-16	525-541	leidenschaftlich	positive[5]	Persönliches/Emotionen	
5-17	542-545	bin	positive[5]	_	
5-18	545-546	,	positive[5]	_	
5-19	547-550	mir	positive[5]	_	
5-20	551-558	braucht	positive[5]	_	
5-21	559-562	nur	positive[5]	_	
5-22	563-567	eine	positive[5]	_	
5-23	568-571	ins	positive[5]	_	
5-24	572-576	Auge	positive[5]	_	
5-25	577-579	zu	positive[5]	_	
5-26	580-587	schau'n	positive[5]	_	
5-27	588-591	und	positive[5]	_	
5-28	592-597	schon	positive[5]	Liebe/Partnerschaft[17]	
5-29	598-601	ist	positive[5]	Liebe/Partnerschaft[17]	
5-30	602-605	sie	positive[5]	Liebe/Partnerschaft[17]	
5-31	606-609	hin	positive[5]	Liebe/Partnerschaft[17]	
5-32	609-610	.	positive[5]	_	

#Text=Liebe ist kein Problem, ich find' sie herrlich und angenehm, wenn eine hübsch ist, wird sie geküsst, seh'n sie, wie einfach das ist.
6-1	615-620	Liebe	positive[6]	Liebe/Partnerschaft[18]	
6-2	621-624	ist	positive[6]	Liebe/Partnerschaft[18]	
6-3	625-629	kein	positive[6]	Liebe/Partnerschaft[18]	
6-4	630-637	Problem	positive[6]	Liebe/Partnerschaft[18]	
6-5	637-638	,	positive[6]	_	
6-6	639-642	ich	positive[6]	_	
6-7	643-647	find	positive[6]	_	
6-8	647-648	'	positive[6]	_	
6-9	649-652	sie	positive[6]	_	
6-10	653-661	herrlich	positive[6]	Persönliches/Emotionen[19]	
6-11	662-665	und	positive[6]	Persönliches/Emotionen[19]	
6-12	666-674	angenehm	positive[6]	Persönliches/Emotionen[19]	
6-13	674-675	,	positive[6]	_	
6-14	676-680	wenn	positive[6]	_	
6-15	681-685	eine	positive[6]	_	
6-16	686-692	hübsch	positive[6]	_	
6-17	693-696	ist	positive[6]	_	
6-18	696-697	,	positive[6]	_	
6-19	698-702	wird	positive[6]	_	
6-20	703-706	sie	positive[6]	_	
6-21	707-714	geküsst	positive[6]	Liebe/Partnerschaft	
6-22	714-715	,	positive[6]	_	
6-23	716-721	seh'n	positive[6]	_	
6-24	722-725	sie	positive[6]	_	
6-25	725-726	,	positive[6]	_	
6-26	727-730	wie	positive[6]	_	
6-27	731-738	einfach	positive[6]	_	
6-28	739-742	das	positive[6]	_	
6-29	743-746	ist	positive[6]	_	
6-30	746-747	.	positive[6]	_	

#Text=Ich brech' die Herzen der stolzesten Frau'n, weil ich so stürmisch und so leidenschaftlich bin, mir braucht nur eine ins Auge zu schau'n.
7-1	752-755	Ich	positive[7]	Liebe/Partnerschaft[20]	
7-2	756-761	brech	positive[7]	Liebe/Partnerschaft[20]	
7-3	761-762	'	positive[7]	Liebe/Partnerschaft[20]	
7-4	763-766	die	positive[7]	Liebe/Partnerschaft[20]	
7-5	767-773	Herzen	positive[7]	Liebe/Partnerschaft[20]	
7-6	774-777	der	positive[7]	_	
7-7	778-788	stolzesten	positive[7]	_	
7-8	789-795	Frau'n	positive[7]	_	
7-9	795-796	,	positive[7]	_	
7-10	797-801	weil	positive[7]	_	
7-11	802-805	ich	positive[7]	_	
7-12	806-808	so	positive[7]	_	
7-13	809-818	stürmisch	positive[7]	Persönliches/Emotionen	
7-14	819-822	und	positive[7]	_	
7-15	823-825	so	positive[7]	_	
7-16	826-842	leidenschaftlich	positive[7]	Persönliches/Emotionen	
7-17	843-846	bin	positive[7]	_	
7-18	846-847	,	positive[7]	_	
7-19	848-851	mir	positive[7]	_	
7-20	852-859	braucht	positive[7]	_	
7-21	860-863	nur	positive[7]	_	
7-22	864-868	eine	positive[7]	_	
7-23	869-872	ins	positive[7]	_	
7-24	873-877	Auge	positive[7]	_	
7-25	878-880	zu	positive[7]	_	
7-26	881-888	schau'n	positive[7]	_	
7-27	888-889	.	_	_	

#Text=Ich hab' bei Frauen so schrecklich viel Glück, das ist kein Wunder, denn mein Sternbild ist der Stier, mein Blut ist Lava, und das ist mein Trick, das liebt man an mir.
8-1	890-893	Ich	positive[8]	_	
8-2	894-897	hab	positive[8]	Liebe/Partnerschaft[21]	
8-3	897-898	'	positive[8]	Liebe/Partnerschaft[21]	
8-4	899-902	bei	positive[8]	Liebe/Partnerschaft[21]	
8-5	903-909	Frauen	positive[8]	Liebe/Partnerschaft[21]	
8-6	910-912	so	positive[8]	Liebe/Partnerschaft[21]	
8-7	913-924	schrecklich	positive[8]	Liebe/Partnerschaft[21]	
8-8	925-929	viel	positive[8]	Liebe/Partnerschaft[21]	
8-9	930-935	Glück	positive[8]	Liebe/Partnerschaft[21]	
8-10	935-936	,	positive[8]	_	
8-11	937-940	das	positive[8]	_	
8-12	941-944	ist	positive[8]	_	
8-13	945-949	kein	positive[8]	_	
8-14	950-956	Wunder	positive[8]	_	
8-15	956-957	,	positive[8]	_	
8-16	958-962	denn	positive[8]	_	
8-17	963-967	mein	positive[8]	_	
8-18	968-977	Sternbild	positive[8]	_	
8-19	978-981	ist	positive[8]	_	
8-20	982-985	der	positive[8]	_	
8-21	986-991	Stier	positive[8]	Persönliches/Emotionen	
8-22	991-992	,	positive[8]	_	
8-23	993-997	mein	positive[8]	_	
8-24	998-1002	Blut	positive[8]	_	
8-25	1003-1006	ist	positive[8]	_	
8-26	1007-1011	Lava	positive[8]	_	
8-27	1011-1012	,	positive[8]	_	
8-28	1013-1016	und	positive[8]	_	
8-29	1017-1020	das	positive[8]	_	
8-30	1021-1024	ist	positive[8]	_	
8-31	1025-1029	mein	positive[8]	_	
8-32	1030-1035	Trick	positive[8]	_	
8-33	1035-1036	,	positive[8]	_	
8-34	1037-1040	das	positive[8]	Liebe/Partnerschaft[22]	
8-35	1041-1046	liebt	positive[8]	Liebe/Partnerschaft[22]	
8-36	1047-1050	man	positive[8]	Liebe/Partnerschaft[22]	
8-37	1051-1053	an	positive[8]	Liebe/Partnerschaft[22]	
8-38	1054-1057	mir	positive[8]	Liebe/Partnerschaft[22]	
8-39	1057-1058	.	positive[8]	_	

#Text=Und schon ist sie hin, und schon ist sie hin, und schon ist sie hin.
9-1	1059-1062	Und	neutral[9]	_	
9-2	1063-1068	schon	neutral[9]	Liebe/Partnerschaft[23]	
9-3	1069-1072	ist	neutral[9]	Liebe/Partnerschaft[23]	
9-4	1073-1076	sie	neutral[9]	Liebe/Partnerschaft[23]	
9-5	1077-1080	hin	neutral[9]	Liebe/Partnerschaft[23]	
9-6	1080-1081	,	neutral[9]	_	
9-7	1082-1085	und	neutral[9]	_	
9-8	1086-1091	schon	neutral[9]	Liebe/Partnerschaft[24]	
9-9	1092-1095	ist	neutral[9]	Liebe/Partnerschaft[24]	
9-10	1096-1099	sie	neutral[9]	Liebe/Partnerschaft[24]	
9-11	1100-1103	hin	neutral[9]	Liebe/Partnerschaft[24]	
9-12	1103-1104	,	neutral[9]	Liebe/Partnerschaft[24]	
9-13	1105-1108	und	neutral[9]	_	
9-14	1109-1114	schon	neutral[9]	Liebe/Partnerschaft[25]	
9-15	1115-1118	ist	neutral[9]	Liebe/Partnerschaft[25]	
9-16	1119-1122	sie	neutral[9]	Liebe/Partnerschaft[25]	
9-17	1123-1126	hin	neutral[9]	Liebe/Partnerschaft[25]	
9-18	1126-1127	.	neutral[9]	_	
