#FORMAT=WebAnno TSV 3.2
#T_SP=webanno.custom.Sentiment|Polarity
#T_SP=webanno.custom.Topic|Topics


#Text=Ich traf sie wieder letzte Nacht - wir haben uns sehr gefreut.
1-1	0-3	Ich	positive[1]	_	
1-2	4-8	traf	positive[1]	_	
1-3	9-12	sie	positive[1]	_	
1-4	13-19	wieder	positive[1]	_	
1-5	20-26	letzte	positive[1]	_	
1-6	27-32	Nacht	positive[1]	_	
1-7	33-34	-	positive[1]	_	
1-8	35-38	wir	positive[1]	_	
1-9	39-44	haben	positive[1]	_	
1-10	45-48	uns	positive[1]	_	
1-11	49-53	sehr	positive[1]	Persönliches/Emotionen[8]	
1-12	54-61	gefreut	positive[1]	Persönliches/Emotionen[8]	
1-13	61-62	.	positive[1]	_	

#Text=Zehn Jahre hatten wir uns nicht mehr gesehen und ich goss ihr Drinks ins Dekolleté und wühlte wild in ihren Haaren und sie sagte: "Du bist ja immer noch so verrückt, immer noch crazy nach all den Jahren."
2-1	63-67	Zehn	neutral[2]	_	
2-2	68-73	Jahre	neutral[2]	_	
2-3	74-80	hatten	neutral[2]	_	
2-4	81-84	wir	neutral[2]	_	
2-5	85-88	uns	neutral[2]	_	
2-6	89-94	nicht	neutral[2]	_	
2-7	95-99	mehr	neutral[2]	_	
2-8	100-107	gesehen	neutral[2]	_	
2-9	108-111	und	neutral[2]	_	
2-10	112-115	ich	neutral[2]	_	
2-11	116-120	goss	neutral[2]	_	
2-12	121-124	ihr	neutral[2]	_	
2-13	125-131	Drinks	neutral[2]	Gesundheit/Drogen	
2-14	132-135	ins	neutral[2]	_	
2-15	136-145	Dekolleté	neutral[2]	_	
2-16	146-149	und	neutral[2]	_	
2-17	150-156	wühlte	neutral[2]	_	
2-18	157-161	wild	neutral[2]	_	
2-19	162-164	in	neutral[2]	_	
2-20	165-170	ihren	neutral[2]	_	
2-21	171-177	Haaren	neutral[2]	_	
2-22	178-181	und	neutral[2]	_	
2-23	182-185	sie	neutral[2]	_	
2-24	186-191	sagte	neutral[2]	_	
2-25	191-192	:	neutral[2]	_	
2-26	193-194	"	neutral[2]	_	
2-27	194-196	Du	neutral[2]	_	
2-28	197-201	bist	neutral[2]	_	
2-29	202-204	ja	neutral[2]	_	
2-30	205-210	immer	neutral[2]	_	
2-31	211-215	noch	neutral[2]	_	
2-32	216-218	so	neutral[2]	_	
2-33	219-227	verrückt	neutral[2]	Persönliches/Emotionen	
2-34	227-228	,	neutral[2]	_	
2-35	229-234	immer	neutral[2]	_	
2-36	235-239	noch	neutral[2]	_	
2-37	240-245	crazy	neutral[2]	Persönliches/Emotionen	
2-38	246-250	nach	neutral[2]	_	
2-39	251-254	all	neutral[2]	_	
2-40	255-258	den	neutral[2]	_	
2-41	259-265	Jahren	neutral[2]	_	
2-42	265-266	.	neutral[2]	_	
2-43	266-267	"	neutral[2]	_	

#Text=Am nächsten Nachmittag hab' ich sie besucht auf 'n Tee, ihr Mann ist der Kaffeekönig von der Elbchaussee.
3-1	272-274	Am	neutral[3]	_	
3-2	275-283	nächsten	neutral[3]	_	
3-3	284-294	Nachmittag	neutral[3]	_	
3-4	295-298	hab	neutral[3]	_	
3-5	298-299	'	neutral[3]	_	
3-6	300-303	ich	neutral[3]	_	
3-7	304-307	sie	neutral[3]	_	
3-8	308-315	besucht	neutral[3]	_	
3-9	316-319	auf	neutral[3]	_	
3-10	320-321	'	neutral[3]	_	
3-11	321-322	n	neutral[3]	_	
3-12	323-326	Tee	neutral[3]	Gesundheit/Drogen	
3-13	326-327	,	neutral[3]	_	
3-14	328-331	ihr	neutral[3]	_	
3-15	332-336	Mann	neutral[3]	_	
3-16	337-340	ist	neutral[3]	_	
3-17	341-344	der	neutral[3]	_	
3-18	345-356	Kaffeekönig	neutral[3]	Politik/Soziales/Missstände	
3-19	357-360	von	neutral[3]	_	
3-20	361-364	der	neutral[3]	_	
3-21	365-376	Elbchaussee	neutral[3]	_	
3-22	376-377	.	neutral[3]	_	

#Text=Doch dann bin ich mit ihren Teeny-Töchtern so richtig abgefahren und sie schmiss mich raus.
4-1	378-382	Doch	negative[4]	_	
4-2	383-387	dann	negative[4]	_	
4-3	388-391	bin	negative[4]	_	
4-4	392-395	ich	negative[4]	_	
4-5	396-399	mit	negative[4]	_	
4-6	400-405	ihren	negative[4]	_	
4-7	406-420	Teeny-Töchtern	negative[4]	_	
4-8	421-423	so	negative[4]	Persönliches/Emotionen[9]	
4-9	424-431	richtig	negative[4]	Persönliches/Emotionen[9]	
4-10	432-442	abgefahren	negative[4]	Persönliches/Emotionen[9]	
4-11	443-446	und	negative[4]	_	
4-12	447-450	sie	negative[4]	_	
4-13	451-458	schmiss	negative[4]	_	
4-14	459-463	mich	negative[4]	_	
4-15	464-468	raus	negative[4]	_	
4-16	468-469	.	negative[4]	_	

#Text=Ich wäre zu verrückti, immer noch crazy nach all den Jahren.
5-1	470-473	Ich	neutral[5]	_	
5-2	474-478	wäre	neutral[5]	_	
5-3	479-481	zu	neutral[5]	Persönliches/Emotionen[10]	
5-4	482-491	verrückti	neutral[5]	Persönliches/Emotionen[10]	
5-5	491-492	,	neutral[5]	_	
5-6	493-498	immer	neutral[5]	_	
5-7	499-503	noch	neutral[5]	_	
5-8	504-509	crazy	neutral[5]	Persönliches/Emotionen	
5-9	510-514	nach	neutral[5]	_	
5-10	515-518	all	neutral[5]	_	
5-11	519-522	den	neutral[5]	_	
5-12	523-529	Jahren	neutral[5]	_	
5-13	529-530	.	neutral[5]	_	

#Text=Und wenn ich sechzig bin, bin ich zwar ein graumelierter Rock-Opa wenn's geht, ohne Kalkwerk im Kopf.
6-1	535-538	Und	neutral[6]	_	
6-2	539-543	wenn	neutral[6]	_	
6-3	544-547	ich	neutral[6]	_	
6-4	548-555	sechzig	neutral[6]	_	
6-5	556-559	bin	neutral[6]	_	
6-6	559-560	,	neutral[6]	_	
6-7	561-564	bin	neutral[6]	_	
6-8	565-568	ich	neutral[6]	_	
6-9	569-573	zwar	neutral[6]	_	
6-10	574-577	ein	neutral[6]	_	
6-11	578-591	graumelierter	neutral[6]	Musik[11]	
6-12	592-600	Rock-Opa	neutral[6]	Musik[11]	
6-13	601-607	wenn's	neutral[6]	_	
6-14	608-612	geht	neutral[6]	_	
6-15	612-613	,	neutral[6]	_	
6-16	614-618	ohne	neutral[6]	Persönliches/Emotionen[12]	
6-17	619-627	Kalkwerk	neutral[6]	Persönliches/Emotionen[12]	
6-18	628-630	im	neutral[6]	Persönliches/Emotionen[12]	
6-19	631-635	Kopf	neutral[6]	Persönliches/Emotionen[12]	
6-20	635-636	.	neutral[6]	_	

#Text=Und dann spring ich auf die Bühne und zeig' den Jungs, wie wild die Siebziger war'n und sie sagen: "Ganz schön verrückt, immer noch crazy, crazy, immer noch crazy nach all den Jahren."
7-1	637-640	Und	neutral[7]	_	
7-2	641-645	dann	neutral[7]	_	
7-3	646-652	spring	neutral[7]	_	
7-4	653-656	ich	neutral[7]	_	
7-5	657-660	auf	neutral[7]	_	
7-6	661-664	die	neutral[7]	_	
7-7	665-670	Bühne	neutral[7]	Musik	
7-8	671-674	und	neutral[7]	_	
7-9	675-679	zeig	neutral[7]	_	
7-10	679-680	'	neutral[7]	_	
7-11	681-684	den	neutral[7]	_	
7-12	685-690	Jungs	neutral[7]	_	
7-13	690-691	,	neutral[7]	_	
7-14	692-695	wie	neutral[7]	_	
7-15	696-700	wild	neutral[7]	_	
7-16	701-704	die	neutral[7]	_	
7-17	705-714	Siebziger	neutral[7]	_	
7-18	715-720	war'n	neutral[7]	_	
7-19	721-724	und	neutral[7]	_	
7-20	725-728	sie	neutral[7]	_	
7-21	729-734	sagen	neutral[7]	_	
7-22	734-735	:	neutral[7]	_	
7-23	736-737	"	neutral[7]	_	
7-24	737-741	Ganz	neutral[7]	Persönliches/Emotionen[13]	
7-25	742-747	schön	neutral[7]	Persönliches/Emotionen[13]	
7-26	748-756	verrückt	neutral[7]	Persönliches/Emotionen[13]	
7-27	756-757	,	neutral[7]	_	
7-28	758-763	immer	neutral[7]	_	
7-29	764-768	noch	neutral[7]	_	
7-30	769-774	crazy	neutral[7]	Persönliches/Emotionen[14]	
7-31	774-775	,	neutral[7]	Persönliches/Emotionen[14]	
7-32	776-781	crazy	neutral[7]	Persönliches/Emotionen[14]	
7-33	781-782	,	neutral[7]	_	
7-34	783-788	immer	neutral[7]	_	
7-35	789-793	noch	neutral[7]	_	
7-36	794-799	crazy	neutral[7]	Persönliches/Emotionen	
7-37	800-804	nach	neutral[7]	_	
7-38	805-808	all	neutral[7]	_	
7-39	809-812	den	neutral[7]	_	
7-40	813-819	Jahren	neutral[7]	_	
7-41	819-820	.	neutral[7]	_	
7-42	820-821	"	neutral[7]	_	
