#FORMAT=WebAnno TSV 3.2
#T_SP=webanno.custom.Sentiment|Polarity
#T_SP=webanno.custom.Topic|Topics


#Text=Glaubst du denn, daß die Frau, mit der du zusammen bist , die einzig mögliche Dame auf dieser Welt für dich ist?
1-1	0-7	Glaubst	negative[1]	_	
1-2	8-10	du	negative[1]	_	
1-3	11-15	denn	negative[1]	_	
1-4	15-16	,	negative[1]	_	
1-5	17-20	daß	negative[1]	_	
1-6	21-24	die	negative[1]	_	
1-7	25-29	Frau	negative[1]	_	
1-8	29-30	,	negative[1]	_	
1-9	31-34	mit	negative[1]	_	
1-10	35-38	der	negative[1]	_	
1-11	39-41	du	negative[1]	_	
1-12	42-50	zusammen	negative[1]	Liebe/Partnerschaft[12]	
1-13	51-55	bist	negative[1]	Liebe/Partnerschaft[12]	
1-14	56-57	,	negative[1]	_	
1-15	58-61	die	negative[1]	_	
1-16	62-68	einzig	negative[1]	_	
1-17	69-77	mögliche	negative[1]	_	
1-18	78-82	Dame	negative[1]	_	
1-19	83-86	auf	negative[1]	_	
1-20	87-93	dieser	negative[1]	_	
1-21	94-98	Welt	negative[1]	_	
1-22	99-102	für	negative[1]	_	
1-23	103-107	dich	negative[1]	_	
1-24	108-111	ist	negative[1]	_	
1-25	111-112	?	negative[1]	_	

#Text=Zufällig war sie da, und da hast du sie genommen , sonst wär' das garantiert mit 'ner anderen so gekommen , das klingt zwar nicht so schön , doch das kann man ja auch mal so seh'n.
2-1	114-122	Zufällig	negative[2]	_	
2-2	123-126	war	negative[2]	_	
2-3	127-130	sie	negative[2]	_	
2-4	131-133	da	negative[2]	_	
2-5	133-134	,	negative[2]	_	
2-6	135-138	und	negative[2]	_	
2-7	139-141	da	negative[2]	_	
2-8	142-146	hast	negative[2]	_	
2-9	147-149	du	negative[2]	_	
2-10	150-153	sie	negative[2]	Liebe/Partnerschaft[13]	
2-11	154-162	genommen	negative[2]	Liebe/Partnerschaft[13]	
2-12	163-164	,	negative[2]	_	
2-13	165-170	sonst	negative[2]	_	
2-14	171-174	wär	negative[2]	_	
2-15	174-175	'	negative[2]	_	
2-16	176-179	das	negative[2]	_	
2-17	180-190	garantiert	negative[2]	_	
2-18	191-194	mit	negative[2]	_	
2-19	195-196	'	negative[2]	_	
2-20	196-199	ner	negative[2]	_	
2-21	200-207	anderen	negative[2]	_	
2-22	208-210	so	negative[2]	_	
2-23	211-219	gekommen	negative[2]	_	
2-24	220-221	,	_	_	
2-25	222-225	das	neutral[3]	_	
2-26	226-232	klingt	neutral[3]	_	
2-27	233-237	zwar	neutral[3]	_	
2-28	238-243	nicht	neutral[3]	_	
2-29	244-246	so	neutral[3]	_	
2-30	247-252	schön	neutral[3]	_	
2-31	253-254	,	neutral[3]	_	
2-32	255-259	doch	neutral[3]	_	
2-33	260-263	das	neutral[3]	_	
2-34	264-268	kann	neutral[3]	_	
2-35	269-272	man	neutral[3]	_	
2-36	273-275	ja	neutral[3]	_	
2-37	276-280	auch	neutral[3]	_	
2-38	281-284	mal	neutral[3]	_	
2-39	285-287	so	neutral[3]	_	
2-40	288-293	seh'n	neutral[3]	_	
2-41	293-294	.	_	_	

#Text=Und jetzt hat sie dich runtergebracht  und du denkst die Welt geht unter , aber bald kommt eine neue Frau  und die macht dich wieder munter . nimm das mal nicht so tragisch , ey, es kommt nicht so drauf an , sag doch deiner Alten ganz einfach , was sie dich alles kann . nimm das mal nicht so tragisch, mein Sohn , die anderen Süßen, die warten doch schon.
3-1	299-302	Und	negative[4]	_	
3-2	303-308	jetzt	negative[4]	_	
3-3	309-312	hat	negative[4]	_	
3-4	313-316	sie	negative[4]	_	
3-5	317-321	dich	negative[4]	_	
3-6	322-336	runtergebracht	negative[4]	_	
3-7	338-341	und	negative[4]	_	
3-8	342-344	du	negative[4]	_	
3-9	345-351	denkst	negative[4]	Persönliches/Emotionen[14]	
3-10	352-355	die	negative[4]	Persönliches/Emotionen[14]	
3-11	356-360	Welt	negative[4]	Persönliches/Emotionen[14]	
3-12	361-365	geht	negative[4]	Persönliches/Emotionen[14]	
3-13	366-371	unter	negative[4]	Persönliches/Emotionen[14]	
3-14	372-373	,	_	_	
3-15	374-378	aber	positive[5]	_	
3-16	379-383	bald	positive[5]	_	
3-17	384-389	kommt	positive[5]	_	
3-18	390-394	eine	positive[5]	_	
3-19	395-399	neue	positive[5]	Liebe/Partnerschaft[15]	
3-20	400-404	Frau	positive[5]	Liebe/Partnerschaft[15]	
3-21	406-409	und	positive[5]	_	
3-22	410-413	die	positive[5]	_	
3-23	414-419	macht	positive[5]	_	
3-24	420-424	dich	positive[5]	_	
3-25	425-431	wieder	positive[5]	Persönliches/Emotionen[16]	
3-26	432-438	munter	positive[5]	Persönliches/Emotionen[16]	
3-27	439-440	.	_	_	
3-28	441-445	nimm	positive[6]	_	
3-29	446-449	das	positive[6]	_	
3-30	450-453	mal	positive[6]	_	
3-31	454-459	nicht	positive[6]	_	
3-32	460-462	so	positive[6]	_	
3-33	463-471	tragisch	positive[6]	_	
3-34	472-473	,	positive[6]	_	
3-35	474-476	ey	positive[6]	_	
3-36	476-477	,	positive[6]	_	
3-37	478-480	es	positive[6]	_	
3-38	481-486	kommt	positive[6]	_	
3-39	487-492	nicht	positive[6]	_	
3-40	493-495	so	positive[6]	_	
3-41	496-501	drauf	positive[6]	_	
3-42	502-504	an	positive[6]	_	
3-43	505-506	,	_	_	
3-44	507-510	sag	negative[7]	_	
3-45	511-515	doch	negative[7]	_	
3-46	516-522	deiner	negative[7]	Liebe/Partnerschaft[17]	
3-47	523-528	Alten	negative[7]	Liebe/Partnerschaft[17]	
3-48	529-533	ganz	negative[7]	_	
3-49	534-541	einfach	negative[7]	_	
3-50	542-543	,	negative[7]	_	
3-51	544-547	was	negative[7]	_	
3-52	548-551	sie	negative[7]	_	
3-53	552-556	dich	negative[7]	_	
3-54	557-562	alles	negative[7]	_	
3-55	563-567	kann	negative[7]	_	
3-56	568-569	.	_	_	
3-57	570-574	nimm	positive[8]	_	
3-58	575-578	das	positive[8]	_	
3-59	579-582	mal	positive[8]	_	
3-60	583-588	nicht	positive[8]	_	
3-61	589-591	so	positive[8]	_	
3-62	592-600	tragisch	positive[8]	_	
3-63	600-601	,	positive[8]	_	
3-64	602-606	mein	positive[8]	_	
3-65	607-611	Sohn	positive[8]	_	
3-66	612-613	,	positive[8]	_	
3-67	614-617	die	positive[8]	Liebe/Partnerschaft[18]	
3-68	618-625	anderen	positive[8]	Liebe/Partnerschaft[18]	
3-69	626-631	Süßen	positive[8]	Liebe/Partnerschaft[18]	
3-70	631-632	,	positive[8]	_	
3-71	633-636	die	positive[8]	_	
3-72	637-643	warten	positive[8]	_	
3-73	644-648	doch	positive[8]	_	
3-74	649-654	schon	positive[8]	_	
3-75	654-655	.	_	_	

#Text=Die sitzen in Honolulu  im weißen Sand am Palmenstrand  oder in Konstantinopel oder im Sauerland , die fahren in Tokio U-Bahn oder in Miami Wasserski , die wärmen bereits die Betten an , für deine Figur, Chérie , nimm das mal nicht so tragisch, mein Sohn , die anderen Süßen, die warten doch schon.
4-1	660-663	Die	positive[9]	_	
4-2	664-670	sitzen	positive[9]	_	
4-3	671-673	in	positive[9]	_	
4-4	674-682	Honolulu	positive[9]	Reisen	
4-5	684-686	im	positive[9]	_	
4-6	687-693	weißen	positive[9]	_	
4-7	694-698	Sand	positive[9]	_	
4-8	699-701	am	positive[9]	_	
4-9	702-714	Palmenstrand	positive[9]	_	
4-10	716-720	oder	positive[9]	_	
4-11	721-723	in	positive[9]	_	
4-12	724-738	Konstantinopel	positive[9]	Reisen	
4-13	739-743	oder	positive[9]	_	
4-14	744-746	im	positive[9]	_	
4-15	747-756	Sauerland	positive[9]	Reisen	
4-16	757-758	,	_	_	
4-17	759-762	die	neutral[10]	_	
4-18	763-769	fahren	neutral[10]	_	
4-19	770-772	in	neutral[10]	_	
4-20	773-778	Tokio	neutral[10]	Reisen	
4-21	779-785	U-Bahn	neutral[10]	_	
4-22	786-790	oder	neutral[10]	_	
4-23	791-793	in	neutral[10]	_	
4-24	794-799	Miami	neutral[10]	Reisen	
4-25	800-809	Wasserski	neutral[10]	_	
4-26	810-811	,	_	_	
4-27	812-815	die	positive[11]	_	
4-28	816-822	wärmen	positive[11]	_	
4-29	823-830	bereits	positive[11]	_	
4-30	831-834	die	positive[11]	_	
4-31	835-841	Betten	positive[11]	_	
4-32	842-844	an	positive[11]	_	
4-33	845-846	,	positive[11]	_	
4-34	847-850	für	positive[11]	_	
4-35	851-856	deine	positive[11]	_	
4-36	857-862	Figur	positive[11]	_	
4-37	862-863	,	positive[11]	_	
4-38	864-870	Chérie	positive[11]	Liebe/Partnerschaft	
4-39	871-872	,	positive[11]	_	
4-40	873-877	nimm	positive[11]	_	
4-41	878-881	das	positive[11]	_	
4-42	882-885	mal	positive[11]	_	
4-43	886-891	nicht	positive[11]	_	
4-44	892-894	so	positive[11]	_	
4-45	895-903	tragisch	positive[11]	_	
4-46	903-904	,	positive[11]	_	
4-47	905-909	mein	positive[11]	_	
4-48	910-914	Sohn	positive[11]	_	
4-49	915-916	,	positive[11]	_	
4-50	917-920	die	positive[11]	Liebe/Partnerschaft[19]	
4-51	921-928	anderen	positive[11]	Liebe/Partnerschaft[19]	
4-52	929-934	Süßen	positive[11]	Liebe/Partnerschaft[19]	
4-53	934-935	,	positive[11]	_	
4-54	936-939	die	positive[11]	_	
4-55	940-946	warten	positive[11]	_	
4-56	947-951	doch	positive[11]	_	
4-57	952-957	schon	positive[11]	_	
4-58	957-958	.	_	_	
