#FORMAT=WebAnno TSV 3.2
#T_SP=webanno.custom.Sentiment|Polarity
#T_SP=webanno.custom.Topic|Topics


#Text=Ali, was haben die gemacht?
1-1	0-3	Ali	negative[1]	_	
1-2	3-4	,	negative[1]	_	
1-3	5-8	was	negative[1]	_	
1-4	9-14	haben	negative[1]	_	
1-5	15-18	die	negative[1]	_	
1-6	19-26	gemacht	negative[1]	_	
1-7	26-27	?	negative[1]	_	

#Text=Du liegst da jetzt seit Tagen schon Auf der Intensivstation.
2-1	28-30	Du	negative[2]	_	
2-2	31-37	liegst	negative[2]	_	
2-3	38-40	da	negative[2]	_	
2-4	41-46	jetzt	negative[2]	_	
2-5	47-51	seit	negative[2]	_	
2-6	52-57	Tagen	negative[2]	_	
2-7	58-63	schon	negative[2]	_	
2-8	64-67	Auf	negative[2]	_	
2-9	68-71	der	negative[2]	_	
2-10	72-87	Intensivstation	negative[2]	Gesundheit/Drogen[19]	
2-11	87-88	.	negative[2]	Gesundheit/Drogen[19]	

#Text=Der Arzt sagt: Das war knapp.
3-1	89-92	Der	neutral[3]	_	
3-2	93-97	Arzt	neutral[3]	_	
3-3	98-102	sagt	neutral[3]	_	
3-4	102-103	:	neutral[3]	_	
3-5	104-107	Das	positive[4]	_	
3-6	108-111	war	positive[4]	_	
3-7	112-117	knapp	positive[4]	_	
3-8	117-118	.	_	_	

#Text=Ey, mach jetzt bloß nicht schlapp!
4-1	119-121	Ey	neutral[5]	_	
4-2	121-122	,	neutral[5]	_	
4-3	123-127	mach	neutral[5]	_	
4-4	128-133	jetzt	neutral[5]	_	
4-5	134-138	bloß	neutral[5]	_	
4-6	139-144	nicht	neutral[5]	_	
4-7	145-152	schlapp	neutral[5]	Gesundheit/Drogen	
4-8	152-153	!	neutral[5]	_	

#Text=Ali, was war das für 'n Schock!
5-1	158-161	Ali	negative[6]	_	
5-2	161-162	,	negative[6]	_	
5-3	163-166	was	negative[6]	_	
5-4	167-170	war	negative[6]	_	
5-5	171-174	das	negative[6]	_	
5-6	175-178	für	negative[6]	_	
5-7	179-180	'	negative[6]	_	
5-8	180-181	n	negative[6]	_	
5-9	182-188	Schock	negative[6]	Persönliches/Emotionen[20]	
5-10	188-189	!	negative[6]	Persönliches/Emotionen[20]	

#Text=Die sind mit sechs Mann auf dich los.
6-1	190-193	Die	negative[7]	_	
6-2	194-198	sind	negative[7]	_	
6-3	199-202	mit	negative[7]	_	
6-4	203-208	sechs	negative[7]	_	
6-5	209-213	Mann	negative[7]	_	
6-6	214-217	auf	negative[7]	Politik/Soziales/Missstände[21]	
6-7	218-222	dich	negative[7]	Politik/Soziales/Missstände[21]	
6-8	223-226	los	negative[7]	Politik/Soziales/Missstände[21]	
6-9	226-227	.	negative[7]	Politik/Soziales/Missstände[21]	

#Text=Warum denn bloß?
7-1	228-233	Warum	negative[8]	_	
7-2	234-238	denn	negative[8]	_	
7-3	239-243	bloß	negative[8]	_	
7-4	243-244	?	negative[8]	_	

#Text=Die kennen dich doch gar nicht Und treten dir ins Gesicht.
8-1	245-248	Die	negative[9]	_	
8-2	249-255	kennen	negative[9]	_	
8-3	256-260	dich	negative[9]	_	
8-4	261-265	doch	negative[9]	_	
8-5	266-269	gar	negative[9]	_	
8-6	270-275	nicht	negative[9]	_	
8-7	276-279	Und	negative[9]	_	
8-8	280-286	treten	negative[9]	Politik/Soziales/Missstände[22]	
8-9	287-290	dir	negative[9]	Politik/Soziales/Missstände[22]	
8-10	291-294	ins	negative[9]	Politik/Soziales/Missstände[22]	
8-11	295-302	Gesicht	negative[9]	Politik/Soziales/Missstände[22]	
8-12	302-303	.	negative[9]	Politik/Soziales/Missstände[22]	

#Text=Diese kurzgeschorenen Brutalos, Mit dem Messer in der Hand, Die kämpfen für's ewige Gestern.
9-1	308-313	Diese	negative[10]	_	
9-2	314-329	kurzgeschorenen	negative[10]	Politik/Soziales/Missstände[23]	
9-3	330-338	Brutalos	negative[10]	Politik/Soziales/Missstände[23]	
9-4	338-339	,	negative[10]	_	
9-5	340-343	Mit	negative[10]	_	
9-6	344-347	dem	negative[10]	_	
9-7	348-354	Messer	negative[10]	_	
9-8	355-357	in	negative[10]	_	
9-9	358-361	der	negative[10]	_	
9-10	362-366	Hand	negative[10]	_	
9-11	366-367	,	negative[10]	_	
9-12	368-371	Die	negative[10]	_	
9-13	372-379	kämpfen	negative[10]	Politik/Soziales/Missstände[24]	
9-14	380-385	für's	negative[10]	Politik/Soziales/Missstände[24]	
9-15	386-391	ewige	negative[10]	Politik/Soziales/Missstände[24]	
9-16	392-399	Gestern	negative[10]	Politik/Soziales/Missstände[24]	
9-17	399-400	.	negative[10]	Politik/Soziales/Missstände[24]	

#Text=Ihr Naziland ist abgebrannt.
10-1	401-404	Ihr	positive[11]	_	
10-2	405-413	Naziland	positive[11]	Politik/Soziales/Missstände	
10-3	414-417	ist	positive[11]	_	
10-4	418-428	abgebrannt	positive[11]	_	
10-5	428-429	.	positive[11]	_	

#Text=Ali, wir müssen da jetzt durch Und dann darf sowas nie wieder passier'n.
11-1	434-437	Ali	neutral[12]	_	
11-2	437-438	,	neutral[12]	_	
11-3	439-442	wir	neutral[12]	_	
11-4	443-449	müssen	neutral[12]	_	
11-5	450-452	da	neutral[12]	_	
11-6	453-458	jetzt	neutral[12]	_	
11-7	459-464	durch	neutral[12]	_	
11-8	465-468	Und	neutral[12]	_	
11-9	469-473	dann	neutral[12]	_	
11-10	474-478	darf	neutral[12]	_	
11-11	479-484	sowas	neutral[12]	_	
11-12	485-488	nie	neutral[12]	_	
11-13	489-495	wieder	neutral[12]	_	
11-14	496-505	passier'n	neutral[12]	_	
11-15	505-506	.	neutral[12]	_	

#Text=Ich will dich nicht verlier'n.
12-1	507-510	Ich	positive[13]	_	
12-2	511-515	will	positive[13]	_	
12-3	516-520	dich	positive[13]	_	
12-4	521-526	nicht	positive[13]	_	
12-5	527-536	verlier'n	positive[13]	Liebe/Partnerschaft[25]	
12-6	536-537	.	positive[13]	Liebe/Partnerschaft[25]	

#Text=Das mit uns muss weitergeh'n Und da darf keiner zwischensteh'n.
13-1	538-541	Das	positive[14]	_	
13-2	542-545	mit	positive[14]	_	
13-3	546-549	uns	positive[14]	_	
13-4	550-554	muss	positive[14]	_	
13-5	555-566	weitergeh'n	positive[14]	Liebe/Partnerschaft	
13-6	567-570	Und	positive[14]	_	
13-7	571-573	da	positive[14]	_	
13-8	574-578	darf	positive[14]	_	
13-9	579-585	keiner	positive[14]	_	
13-10	586-600	zwischensteh'n	positive[14]	_	
13-11	600-601	.	positive[14]	_	

#Text=Diese kurzgeschorenen Brutalos, Mit dem Messer in der Hand, Die kämpfen für's ewige Gestern.
14-1	606-611	Diese	neutral[15]	_	
14-2	612-627	kurzgeschorenen	neutral[15]	Politik/Soziales/Missstände[26]	
14-3	628-636	Brutalos	neutral[15]	Politik/Soziales/Missstände[26]	
14-4	636-637	,	neutral[15]	_	
14-5	638-641	Mit	neutral[15]	_	
14-6	642-645	dem	neutral[15]	_	
14-7	646-652	Messer	neutral[15]	_	
14-8	653-655	in	neutral[15]	_	
14-9	656-659	der	neutral[15]	_	
14-10	660-664	Hand	neutral[15]	_	
14-11	664-665	,	neutral[15]	_	
14-12	666-669	Die	neutral[15]	_	
14-13	670-677	kämpfen	neutral[15]	Politik/Soziales/Missstände	
14-14	678-683	für's	neutral[15]	_	
14-15	684-689	ewige	neutral[15]	Politik/Soziales/Missstände[27]	
14-16	690-697	Gestern	neutral[15]	Politik/Soziales/Missstände[27]	
14-17	697-698	.	neutral[15]	_	

#Text=Ihr Naziland ist abgebrannt.
15-1	699-702	Ihr	positive[16]	_	
15-2	703-711	Naziland	positive[16]	Politik/Soziales/Missstände	
15-3	712-715	ist	positive[16]	_	
15-4	716-726	abgebrannt	positive[16]	_	
15-5	726-727	.	positive[16]	_	

#Text=Diese kurzgeschorenen Brutalos, Mit dem Messer in der Hand, Die müssen jetzt endlich begreifen: Ihr Naziland ist abgebrannt.
16-1	732-737	Diese	negative[17]	_	
16-2	738-753	kurzgeschorenen	negative[17]	Politik/Soziales/Missstände[28]	
16-3	754-762	Brutalos	negative[17]	Politik/Soziales/Missstände[28]	
16-4	762-763	,	negative[17]	_	
16-5	764-767	Mit	negative[17]	_	
16-6	768-771	dem	negative[17]	_	
16-7	772-778	Messer	negative[17]	_	
16-8	779-781	in	negative[17]	_	
16-9	782-785	der	negative[17]	_	
16-10	786-790	Hand	negative[17]	_	
16-11	790-791	,	_	_	
16-12	792-795	Die	positive[18]	_	
16-13	796-802	müssen	positive[18]	_	
16-14	803-808	jetzt	positive[18]	_	
16-15	809-816	endlich	positive[18]	_	
16-16	817-826	begreifen	positive[18]	_	
16-17	826-827	:	positive[18]	_	
16-18	828-831	Ihr	positive[18]	_	
16-19	832-840	Naziland	positive[18]	Politik/Soziales/Missstände	
16-20	841-844	ist	positive[18]	_	
16-21	845-855	abgebrannt	positive[18]	_	
16-22	855-856	.	_	_	
