#FORMAT=WebAnno TSV 3.2
#T_SP=webanno.custom.Sentiment|Polarity
#T_SP=webanno.custom.Topic|Topics


#Text=Als er ein kleiner Junge war und mal nix essen wollte, sagte Ma, dass viele Kinder hungrig sind und sterben.
1-1	0-3	Als	negative[1]	_	
1-2	4-6	er	negative[1]	_	
1-3	7-10	ein	negative[1]	_	
1-4	11-18	kleiner	negative[1]	_	
1-5	19-24	Junge	negative[1]	_	
1-6	25-28	war	negative[1]	_	
1-7	29-32	und	negative[1]	_	
1-8	33-36	mal	negative[1]	_	
1-9	37-40	nix	negative[1]	_	
1-10	41-46	essen	negative[1]	_	
1-11	47-53	wollte	negative[1]	_	
1-12	53-54	,	negative[1]	_	
1-13	55-60	sagte	negative[1]	_	
1-14	61-63	Ma	negative[1]	_	
1-15	63-64	,	negative[1]	_	
1-16	65-69	dass	negative[1]	_	
1-17	70-75	viele	negative[1]	_	
1-18	76-82	Kinder	negative[1]	Politik/Soziales/Missstände[22]	
1-19	83-90	hungrig	negative[1]	Politik/Soziales/Missstände[22]	
1-20	91-95	sind	negative[1]	Politik/Soziales/Missstände[22]	
1-21	96-99	und	negative[1]	Politik/Soziales/Missstände[22]	
1-22	100-107	sterben	negative[1]	Politik/Soziales/Missstände[22]	
1-23	107-108	.	negative[1]	_	

#Text=Er war so geschockt und dachte: So 'n Wahnsinn und rannte zu seinem Sparschwein hin, da war sein ganzer Reichtum drin.
2-1	109-111	Er	neutral[2]	_	
2-2	112-115	war	neutral[2]	_	
2-3	116-118	so	neutral[2]	_	
2-4	119-128	geschockt	neutral[2]	Persönliches/Emotionen	
2-5	129-132	und	neutral[2]	_	
2-6	133-139	dachte	neutral[2]	_	
2-7	139-140	:	neutral[2]	_	
2-8	141-143	So	neutral[2]	_	
2-9	144-145	'	neutral[2]	_	
2-10	145-146	n	neutral[2]	_	
2-11	147-155	Wahnsinn	neutral[2]	Persönliches/Emotionen	
2-12	156-159	und	neutral[2]	_	
2-13	160-166	rannte	neutral[2]	_	
2-14	167-169	zu	neutral[2]	_	
2-15	170-176	seinem	neutral[2]	_	
2-16	177-188	Sparschwein	neutral[2]	_	
2-17	189-192	hin	neutral[2]	_	
2-18	192-193	,	neutral[2]	_	
2-19	194-196	da	neutral[2]	_	
2-20	197-200	war	neutral[2]	_	
2-21	201-205	sein	neutral[2]	_	
2-22	206-212	ganzer	neutral[2]	_	
2-23	213-221	Reichtum	neutral[2]	Politik/Soziales/Missstände	
2-24	222-226	drin	neutral[2]	_	
2-25	226-227	.	neutral[2]	_	

#Text=„Mutter, wir müssen was tun."
3-1	228-229	„	neutral[3]	_	
3-2	229-235	Mutter	neutral[3]	_	
3-3	235-236	,	neutral[3]	_	
3-4	237-240	wir	neutral[3]	_	
3-5	241-247	müssen	neutral[3]	_	
3-6	248-251	was	neutral[3]	_	
3-7	252-255	tun	neutral[3]	_	
3-8	255-256	.	neutral[3]	_	
3-9	256-257	"	neutral[3]	_	

#Text=„Mit deinen paar Groschen", sagte Ma, „kriegste diese Welt leider auch nicht klar, das ist hier nun mal so 'n bekloppter Planet, wo die Menschheit schon immer total durchdreht.
4-1	262-263	„	negative[4]	_	
4-2	263-266	Mit	negative[4]	_	
4-3	267-273	deinen	negative[4]	_	
4-4	274-278	paar	negative[4]	_	
4-5	279-287	Groschen	negative[4]	_	
4-6	287-288	"	negative[4]	_	
4-7	288-289	,	negative[4]	_	
4-8	290-295	sagte	negative[4]	_	
4-9	296-298	Ma	negative[4]	_	
4-10	298-299	,	negative[4]	_	
4-11	300-301	„	negative[4]	_	
4-12	301-309	kriegste	negative[4]	_	
4-13	310-315	diese	negative[4]	_	
4-14	316-320	Welt	negative[4]	_	
4-15	321-327	leider	negative[4]	_	
4-16	328-332	auch	negative[4]	_	
4-17	333-338	nicht	negative[4]	_	
4-18	339-343	klar	negative[4]	_	
4-19	343-344	,	negative[4]	_	
4-20	345-348	das	negative[4]	_	
4-21	349-352	ist	negative[4]	_	
4-22	353-357	hier	negative[4]	_	
4-23	358-361	nun	negative[4]	_	
4-24	362-365	mal	negative[4]	_	
4-25	366-368	so	negative[4]	_	
4-26	369-370	'	negative[4]	_	
4-27	370-371	n	negative[4]	_	
4-28	372-382	bekloppter	negative[4]	Politik/Soziales/Missstände[23]	
4-29	383-389	Planet	negative[4]	Politik/Soziales/Missstände[23]	
4-30	389-390	,	negative[4]	_	
4-31	391-393	wo	negative[4]	_	
4-32	394-397	die	negative[4]	_	
4-33	398-408	Menschheit	negative[4]	_	
4-34	409-414	schon	negative[4]	_	
4-35	415-420	immer	negative[4]	_	
4-36	421-426	total	negative[4]	Persönliches/Emotionen[24]	
4-37	427-437	durchdreht	negative[4]	Persönliches/Emotionen[24]	
4-38	437-438	.	negative[4]	_	

#Text=Daran wirst du dich gewöhnen, damit muss man leben, auch wenn es manchmal traurig macht."
5-1	439-444	Daran	negative[5]	_	
5-2	445-450	wirst	negative[5]	_	
5-3	451-453	du	negative[5]	_	
5-4	454-458	dich	negative[5]	_	
5-5	459-467	gewöhnen	negative[5]	_	
5-6	467-468	,	negative[5]	_	
5-7	469-474	damit	negative[5]	_	
5-8	475-479	muss	negative[5]	_	
5-9	480-483	man	negative[5]	_	
5-10	484-489	leben	negative[5]	_	
5-11	489-490	,	negative[5]	_	
5-12	491-495	auch	negative[5]	_	
5-13	496-500	wenn	negative[5]	_	
5-14	501-503	es	negative[5]	_	
5-15	504-512	manchmal	negative[5]	_	
5-16	513-520	traurig	negative[5]	Persönliches/Emotionen[25]	
5-17	521-526	macht	negative[5]	Persönliches/Emotionen[25]	
5-18	526-527	.	negative[5]	_	
5-19	527-528	"	negative[5]	_	

#Text=Doch er beschloss, wenn ich groß bin, werde ich das ändern und heulte die ganze Nacht.
6-1	529-533	Doch	negative[6]	_	
6-2	534-536	er	negative[6]	_	
6-3	537-546	beschloss	negative[6]	_	
6-4	546-547	,	negative[6]	_	
6-5	548-552	wenn	negative[6]	_	
6-6	553-556	ich	negative[6]	_	
6-7	557-561	groß	negative[6]	_	
6-8	562-565	bin	negative[6]	_	
6-9	565-566	,	negative[6]	_	
6-10	567-572	werde	negative[6]	_	
6-11	573-576	ich	negative[6]	_	
6-12	577-580	das	negative[6]	_	
6-13	581-587	ändern	negative[6]	_	
6-14	588-591	und	negative[6]	_	
6-15	592-598	heulte	negative[6]	Persönliches/Emotionen[26]	
6-16	599-602	die	negative[6]	Persönliches/Emotionen[26]	
6-17	603-608	ganze	negative[6]	Persönliches/Emotionen[26]	
6-18	609-614	Nacht	negative[6]	Persönliches/Emotionen[26]	
6-19	614-615	.	negative[6]	_	

#Text=„Was ist mit Gott?"
7-1	620-621	„	neutral[7]	_	
7-2	621-624	Was	neutral[7]	_	
7-3	625-628	ist	neutral[7]	_	
7-4	629-632	mit	neutral[7]	_	
7-5	633-637	Gott	neutral[7]	_	
7-6	637-638	?	neutral[7]	_	
7-7	638-639	"	neutral[7]	_	

#Text=und Mutter sagt: „Der hat den Himmel zugemacht, ist abgereist, ist ganz weit weg und kümmert sich 'n Dreck."
8-1	640-643	und	negative[8]	_	
8-2	644-650	Mutter	negative[8]	_	
8-3	651-655	sagt	negative[8]	_	
8-4	655-656	:	negative[8]	_	
8-5	657-658	„	negative[8]	_	
8-6	658-661	Der	negative[8]	_	
8-7	662-665	hat	negative[8]	_	
8-8	666-669	den	negative[8]	_	
8-9	670-676	Himmel	negative[8]	Politik/Soziales/Missstände[27]	
8-10	677-686	zugemacht	negative[8]	Politik/Soziales/Missstände[27]	
8-11	686-687	,	negative[8]	_	
8-12	688-691	ist	negative[8]	_	
8-13	692-701	abgereist	negative[8]	_	
8-14	701-702	,	negative[8]	_	
8-15	703-706	ist	negative[8]	_	
8-16	707-711	ganz	negative[8]	_	
8-17	712-716	weit	negative[8]	_	
8-18	717-720	weg	negative[8]	_	
8-19	721-724	und	negative[8]	_	
8-20	725-732	kümmert	negative[8]	Politik/Soziales/Missstände[28]	
8-21	733-737	sich	negative[8]	Politik/Soziales/Missstände[28]	
8-22	738-739	'	negative[8]	Politik/Soziales/Missstände[28]	
8-23	739-740	n	negative[8]	Politik/Soziales/Missstände[28]	
8-24	741-746	Dreck	negative[8]	Politik/Soziales/Missstände[28]	
8-25	746-747	.	negative[8]	_	
8-26	747-748	"	negative[8]	_	

#Text=„Und was ist mit dem Papst?"
9-1	749-750	„	neutral[9]	_	
9-2	750-753	Und	neutral[9]	_	
9-3	754-757	was	neutral[9]	_	
9-4	758-761	ist	neutral[9]	_	
9-5	762-765	mit	neutral[9]	_	
9-6	766-769	dem	neutral[9]	_	
9-7	770-775	Papst	neutral[9]	_	
9-8	775-776	?	neutral[9]	_	
9-9	776-777	"	neutral[9]	_	

#Text=und Mutter sagt: „Der hat schon viele auf dem Gewissen durch sein Pillenverbot kommen Babys zur Welt, obwohl man weiß, dass sie gleich wieder sterben müssen."
10-1	778-781	und	negative[10]	_	
10-2	782-788	Mutter	negative[10]	_	
10-3	789-793	sagt	negative[10]	_	
10-4	793-794	:	negative[10]	_	
10-5	795-796	„	negative[10]	_	
10-6	796-799	Der	negative[10]	_	
10-7	800-803	hat	negative[10]	_	
10-8	804-809	schon	negative[10]	_	
10-9	810-815	viele	negative[10]	Politik/Soziales/Missstände[29]	
10-10	816-819	auf	negative[10]	Politik/Soziales/Missstände[29]	
10-11	820-823	dem	negative[10]	Politik/Soziales/Missstände[29]	
10-12	824-832	Gewissen	negative[10]	Politik/Soziales/Missstände[29]	
10-13	833-838	durch	negative[10]	_	
10-14	839-843	sein	negative[10]	_	
10-15	844-856	Pillenverbot	negative[10]	Politik/Soziales/Missstände	
10-16	857-863	kommen	negative[10]	_	
10-17	864-869	Babys	negative[10]	_	
10-18	870-873	zur	negative[10]	_	
10-19	874-878	Welt	negative[10]	_	
10-20	878-879	,	negative[10]	_	
10-21	880-886	obwohl	negative[10]	_	
10-22	887-890	man	negative[10]	_	
10-23	891-895	weiß	negative[10]	_	
10-24	895-896	,	negative[10]	_	
10-25	897-901	dass	negative[10]	_	
10-26	902-905	sie	negative[10]	_	
10-27	906-912	gleich	negative[10]	_	
10-28	913-919	wieder	negative[10]	_	
10-29	920-927	sterben	negative[10]	Politik/Soziales/Missstände[30]	
10-30	928-934	müssen	negative[10]	Politik/Soziales/Missstände[30]	
10-31	934-935	.	negative[10]	_	
10-32	935-936	"	negative[10]	_	

#Text=„Und was ist mit den Politikern?"
11-1	937-938	„	neutral[11]	_	
11-2	938-941	Und	neutral[11]	_	
11-3	942-945	was	neutral[11]	_	
11-4	946-949	ist	neutral[11]	_	
11-5	950-953	mit	neutral[11]	_	
11-6	954-957	den	neutral[11]	_	
11-7	958-968	Politikern	neutral[11]	Politik/Soziales/Missstände	
11-8	968-969	?	neutral[11]	_	
11-9	969-970	"	neutral[11]	_	

#Text=„Viele von denen sind totale Verbrecher, sie lügen, betrügen und erklären den Krieg, machen Menschen zu Mördern und labern vom Sieg."
12-1	971-972	„	negative[12]	_	
12-2	972-977	Viele	negative[12]	_	
12-3	978-981	von	negative[12]	_	
12-4	982-987	denen	negative[12]	_	
12-5	988-992	sind	negative[12]	_	
12-6	993-999	totale	negative[12]	Politik/Soziales/Missstände[31]	
12-7	1000-1010	Verbrecher	negative[12]	Politik/Soziales/Missstände[31]	
12-8	1010-1011	,	negative[12]	_	
12-9	1012-1015	sie	negative[12]	_	
12-10	1016-1021	lügen	negative[12]	Politik/Soziales/Missstände[32]	
12-11	1021-1022	,	negative[12]	Politik/Soziales/Missstände[32]	
12-12	1023-1031	betrügen	negative[12]	Politik/Soziales/Missstände[32]	
12-13	1032-1035	und	negative[12]	_	
12-14	1036-1044	erklären	negative[12]	Politik/Soziales/Missstände[33]	
12-15	1045-1048	den	negative[12]	Politik/Soziales/Missstände[33]	
12-16	1049-1054	Krieg	negative[12]	Politik/Soziales/Missstände[33]	
12-17	1054-1055	,	negative[12]	_	
12-18	1056-1062	machen	negative[12]	Politik/Soziales/Missstände[34]	
12-19	1063-1071	Menschen	negative[12]	Politik/Soziales/Missstände[34]	
12-20	1072-1074	zu	negative[12]	Politik/Soziales/Missstände[34]	
12-21	1075-1082	Mördern	negative[12]	Politik/Soziales/Missstände[34]	
12-22	1083-1086	und	negative[12]	_	
12-23	1087-1093	labern	negative[12]	Politik/Soziales/Missstände[35]	
12-24	1094-1097	vom	negative[12]	Politik/Soziales/Missstände[35]	
12-25	1098-1102	Sieg	negative[12]	Politik/Soziales/Missstände[35]	
12-26	1102-1103	.	negative[12]	_	
12-27	1103-1104	"	negative[12]	_	

#Text=Kleine Jungs werden größer und wenn's dann immer mehr um das Ego geht, ist ein palästinensisches Flüchtlingsghetto bald so weit weg wie der fernste Planet.
13-1	1109-1115	Kleine	negative[13]	_	
13-2	1116-1121	Jungs	negative[13]	_	
13-3	1122-1128	werden	negative[13]	_	
13-4	1129-1135	größer	negative[13]	_	
13-5	1136-1139	und	negative[13]	_	
13-6	1140-1146	wenn's	negative[13]	_	
13-7	1147-1151	dann	negative[13]	_	
13-8	1152-1157	immer	negative[13]	_	
13-9	1158-1162	mehr	negative[13]	_	
13-10	1163-1165	um	negative[13]	_	
13-11	1166-1169	das	negative[13]	_	
13-12	1170-1173	Ego	negative[13]	_	
13-13	1174-1178	geht	negative[13]	_	
13-14	1178-1179	,	negative[13]	_	
13-15	1180-1183	ist	negative[13]	_	
13-16	1184-1187	ein	negative[13]	_	
13-17	1188-1205	palästinensisches	negative[13]	Politik/Soziales/Missstände[36]	
13-18	1206-1223	Flüchtlingsghetto	negative[13]	Politik/Soziales/Missstände[36]	
13-19	1224-1228	bald	negative[13]	_	
13-20	1229-1231	so	negative[13]	_	
13-21	1232-1236	weit	negative[13]	_	
13-22	1237-1240	weg	negative[13]	_	
13-23	1241-1244	wie	negative[13]	_	
13-24	1245-1248	der	negative[13]	_	
13-25	1249-1256	fernste	negative[13]	Politik/Soziales/Missstände[37]	
13-26	1257-1263	Planet	negative[13]	Politik/Soziales/Missstände[37]	
13-27	1263-1264	.	negative[13]	_	

#Text=Doch bei ihm war das anders: Er wurde groß, doch sein Gewissen wurd' nicht kleiner und wenn er mal ausflippte, schrie und weinte, im Büro, einfach so, lachten sie ihn aus.
14-1	1265-1269	Doch	negative[14]	_	
14-2	1270-1273	bei	negative[14]	_	
14-3	1274-1277	ihm	negative[14]	_	
14-4	1278-1281	war	negative[14]	_	
14-5	1282-1285	das	negative[14]	_	
14-6	1286-1292	anders	negative[14]	_	
14-7	1292-1293	:	negative[14]	_	
14-8	1294-1296	Er	negative[14]	_	
14-9	1297-1302	wurde	negative[14]	_	
14-10	1303-1307	groß	negative[14]	_	
14-11	1307-1308	,	negative[14]	_	
14-12	1309-1313	doch	negative[14]	_	
14-13	1314-1318	sein	negative[14]	_	
14-14	1319-1327	Gewissen	negative[14]	_	
14-15	1328-1332	wurd	negative[14]	_	
14-16	1332-1333	'	negative[14]	_	
14-17	1334-1339	nicht	negative[14]	_	
14-18	1340-1347	kleiner	negative[14]	_	
14-19	1348-1351	und	negative[14]	_	
14-20	1352-1356	wenn	negative[14]	_	
14-21	1357-1359	er	negative[14]	_	
14-22	1360-1363	mal	negative[14]	_	
14-23	1364-1374	ausflippte	negative[14]	Persönliches/Emotionen[38]	
14-24	1374-1375	,	negative[14]	Persönliches/Emotionen[38]	
14-25	1376-1382	schrie	negative[14]	Persönliches/Emotionen[38]	
14-26	1383-1386	und	negative[14]	Persönliches/Emotionen[38]	
14-27	1387-1393	weinte	negative[14]	Persönliches/Emotionen[38]	
14-28	1393-1394	,	negative[14]	_	
14-29	1395-1397	im	negative[14]	_	
14-30	1398-1402	Büro	negative[14]	_	
14-31	1402-1403	,	negative[14]	_	
14-32	1404-1411	einfach	negative[14]	_	
14-33	1412-1414	so	negative[14]	_	
14-34	1414-1415	,	negative[14]	_	
14-35	1416-1423	lachten	negative[14]	_	
14-36	1424-1427	sie	negative[14]	_	
14-37	1428-1431	ihn	negative[14]	_	
14-38	1432-1435	aus	negative[14]	_	
14-39	1435-1436	.	negative[14]	_	

#Text=Psychiatrie - Irrenhaus.
15-1	1437-1448	Psychiatrie	neutral[15]	Politik/Soziales/Missstände[39]	
15-2	1449-1450	-	neutral[15]	Politik/Soziales/Missstände[39]	
15-3	1451-1460	Irrenhaus	neutral[15]	Politik/Soziales/Missstände[39]	
15-4	1460-1461	.	neutral[15]	_	

#Text=Psychiatrie - Irrenhaus.
16-1	1462-1473	Psychiatrie	neutral[16]	Politik/Soziales/Missstände[40]	
16-2	1474-1475	-	neutral[16]	Politik/Soziales/Missstände[40]	
16-3	1476-1485	Irrenhaus	neutral[16]	Politik/Soziales/Missstände[40]	
16-4	1485-1486	.	neutral[16]	_	

#Text=Und was ist mit Gott?
17-1	1491-1494	Und	neutral[17]	_	
17-2	1495-1498	was	neutral[17]	_	
17-3	1499-1502	ist	neutral[17]	_	
17-4	1503-1506	mit	neutral[17]	_	
17-5	1507-1511	Gott	neutral[17]	_	
17-6	1511-1512	?	neutral[17]	_	

#Text=Mit dem Papst?
18-1	1513-1516	Mit	neutral[18]	_	
18-2	1517-1520	dem	neutral[18]	_	
18-3	1521-1526	Papst	neutral[18]	_	
18-4	1526-1527	?	neutral[18]	_	

#Text=Mit den Politikern?
19-1	1528-1531	Mit	neutral[19]	_	
19-2	1532-1535	den	neutral[19]	_	
19-3	1536-1546	Politikern	neutral[19]	_	
19-4	1546-1547	?	neutral[19]	_	

#Text=Den Terroristen?
20-1	1548-1551	Den	neutral[20]	_	
20-2	1552-1563	Terroristen	neutral[20]	_	
20-3	1563-1564	?	neutral[20]	_	

#Text=Und was ist mit dir?
21-1	1565-1568	Und	neutral[21]	_	
21-2	1569-1572	was	neutral[21]	_	
21-3	1573-1576	ist	neutral[21]	_	
21-4	1577-1580	mit	neutral[21]	_	
21-5	1581-1584	dir	neutral[21]	_	
21-6	1584-1585	?	neutral[21]	_	
