#FORMAT=WebAnno TSV 3.2
#T_SP=webanno.custom.Sentiment|Polarity
#T_SP=webanno.custom.Topic|Topics


#Text=Wenn die Mütter morgens in der Zeitung lesen, dass wir kommen, kriegen die 'n Schock und sie sagen: "O Tochter, geh' da bloß nicht hin, die spielen doch diesen wilden, animalischen Rock.
1-1	0-4	Wenn	negative[1]	_	
1-2	5-8	die	negative[1]	_	
1-3	9-15	Mütter	negative[1]	_	
1-4	16-23	morgens	negative[1]	_	
1-5	24-26	in	negative[1]	_	
1-6	27-30	der	negative[1]	_	
1-7	31-38	Zeitung	negative[1]	_	
1-8	39-44	lesen	negative[1]	_	
1-9	44-45	,	negative[1]	_	
1-10	46-50	dass	negative[1]	_	
1-11	51-54	wir	negative[1]	_	
1-12	55-61	kommen	negative[1]	_	
1-13	61-62	,	negative[1]	_	
1-14	63-70	kriegen	negative[1]	_	
1-15	71-74	die	negative[1]	_	
1-16	75-76	'	negative[1]	_	
1-17	76-77	n	negative[1]	_	
1-18	78-84	Schock	negative[1]	Persönliches/Emotionen	
1-19	85-88	und	negative[1]	_	
1-20	89-92	sie	negative[1]	_	
1-21	93-98	sagen	negative[1]	_	
1-22	98-99	:	negative[1]	_	
1-23	100-101	"	negative[1]	_	
1-24	101-102	O	negative[1]	_	
1-25	103-110	Tochter	negative[1]	_	
1-26	110-111	,	negative[1]	_	
1-27	112-115	geh	negative[1]	_	
1-28	115-116	'	negative[1]	_	
1-29	117-119	da	negative[1]	_	
1-30	120-124	bloß	negative[1]	_	
1-31	125-130	nicht	negative[1]	_	
1-32	131-134	hin	negative[1]	_	
1-33	134-135	,	negative[1]	_	
1-34	136-139	die	negative[1]	_	
1-35	140-147	spielen	negative[1]	_	
1-36	148-152	doch	negative[1]	_	
1-37	153-159	diesen	negative[1]	_	
1-38	160-166	wilden	negative[1]	Musik[13]	
1-39	166-167	,	negative[1]	Musik[13]	
1-40	168-180	animalischen	negative[1]	Musik[13]	
1-41	181-185	Rock	negative[1]	Musik[13]	
1-42	185-186	.	negative[1]	_	

#Text=Die Musik, die die machen, ist chaotisch, nachher findest du das auch noch erotisch.
2-1	187-190	Die	negative[2]	_	
2-2	191-196	Musik	negative[2]	Musik	
2-3	196-197	,	negative[2]	_	
2-4	198-201	die	negative[2]	_	
2-5	202-205	die	negative[2]	_	
2-6	206-212	machen	negative[2]	_	
2-7	212-213	,	negative[2]	_	
2-8	214-217	ist	negative[2]	_	
2-9	218-227	chaotisch	negative[2]	Persönliches/Emotionen	
2-10	227-228	,	negative[2]	_	
2-11	229-236	nachher	negative[2]	_	
2-12	237-244	findest	negative[2]	_	
2-13	245-247	du	negative[2]	_	
2-14	248-251	das	negative[2]	_	
2-15	252-256	auch	negative[2]	_	
2-16	257-261	noch	negative[2]	_	
2-17	262-270	erotisch	negative[2]	Liebe/Partnerschaft	
2-18	270-271	.	negative[2]	_	

#Text=Bitte, geh' da nicht hin, tu mir das nicht an, es gibt doch heute Abend auch 'n schönes Fernsehprogramm."
3-1	272-277	Bitte	negative[3]	_	
3-2	277-278	,	negative[3]	_	
3-3	279-282	geh	negative[3]	_	
3-4	282-283	'	negative[3]	_	
3-5	284-286	da	negative[3]	_	
3-6	287-292	nicht	negative[3]	_	
3-7	293-296	hin	negative[3]	_	
3-8	296-297	,	negative[3]	_	
3-9	298-300	tu	negative[3]	Persönliches/Emotionen[14]	
3-10	301-304	mir	negative[3]	Persönliches/Emotionen[14]	
3-11	305-308	das	negative[3]	Persönliches/Emotionen[14]	
3-12	309-314	nicht	negative[3]	Persönliches/Emotionen[14]	
3-13	315-317	an	negative[3]	Persönliches/Emotionen[14]	
3-14	317-318	,	negative[3]	_	
3-15	319-321	es	negative[3]	_	
3-16	322-326	gibt	negative[3]	_	
3-17	327-331	doch	negative[3]	_	
3-18	332-337	heute	negative[3]	_	
3-19	338-343	Abend	negative[3]	_	
3-20	344-348	auch	negative[3]	_	
3-21	349-350	'	negative[3]	_	
3-22	350-351	n	negative[3]	_	
3-23	352-359	schönes	negative[3]	_	
3-24	360-375	Fernsehprogramm	negative[3]	_	
3-25	375-376	.	negative[3]	_	
3-26	376-377	"	negative[3]	_	

#Text=Honky-Tonky-Show und abends läuft die Honky-Tonky-Show.
4-1	382-398	Honky-Tonky-Show	neutral[4]	Musik	
4-2	399-402	und	neutral[4]	_	
4-3	403-409	abends	neutral[4]	_	
4-4	410-415	läuft	neutral[4]	_	
4-5	416-419	die	neutral[4]	_	
4-6	420-436	Honky-Tonky-Show	neutral[4]	Musik	
4-7	436-437	.	neutral[4]	_	

#Text=Die Mutter guckt alleine Krimi oder Quiz und die Tochter ist da, wo die Action ist.
5-1	438-441	Die	neutral[5]	_	
5-2	442-448	Mutter	neutral[5]	_	
5-3	449-454	guckt	neutral[5]	_	
5-4	455-462	alleine	neutral[5]	_	
5-5	463-468	Krimi	neutral[5]	_	
5-6	469-473	oder	neutral[5]	_	
5-7	474-478	Quiz	neutral[5]	_	
5-8	479-482	und	neutral[5]	_	
5-9	483-486	die	neutral[5]	_	
5-10	487-494	Tochter	neutral[5]	_	
5-11	495-498	ist	neutral[5]	_	
5-12	499-501	da	neutral[5]	_	
5-13	501-502	,	neutral[5]	_	
5-14	503-505	wo	neutral[5]	_	
5-15	506-509	die	neutral[5]	_	
5-16	510-516	Action	neutral[5]	_	
5-17	517-520	ist	neutral[5]	_	
5-18	520-521	.	neutral[5]	_	

#Text=Honky-Tonky-Show und abends läuft die Honky-Tonky-Show.
6-1	522-538	Honky-Tonky-Show	neutral[6]	Musik	
6-2	539-542	und	neutral[6]	_	
6-3	543-549	abends	neutral[6]	_	
6-4	550-555	läuft	neutral[6]	_	
6-5	556-559	die	neutral[6]	_	
6-6	560-576	Honky-Tonky-Show	neutral[6]	Musik	
6-7	576-577	.	neutral[6]	_	

#Text=Wo die Lautsprecher steh'n, sind die Mädchen, weil da die heiße Luft vibriert und das finden sie so oh, oh, oooh, sie sind fasziniert, fast hypnotisiert.
7-1	582-584	Wo	positive[7]	_	
7-2	585-588	die	positive[7]	_	
7-3	589-601	Lautsprecher	positive[7]	Musik	
7-4	602-608	steh'n	positive[7]	_	
7-5	608-609	,	positive[7]	_	
7-6	610-614	sind	positive[7]	_	
7-7	615-618	die	positive[7]	_	
7-8	619-626	Mädchen	positive[7]	_	
7-9	626-627	,	positive[7]	_	
7-10	628-632	weil	positive[7]	_	
7-11	633-635	da	positive[7]	_	
7-12	636-639	die	positive[7]	Musik[15]	
7-13	640-645	heiße	positive[7]	Musik[15]	
7-14	646-650	Luft	positive[7]	Musik[15]	
7-15	651-659	vibriert	positive[7]	Musik[15]	
7-16	660-663	und	positive[7]	_	
7-17	664-667	das	positive[7]	_	
7-18	668-674	finden	positive[7]	_	
7-19	675-678	sie	positive[7]	_	
7-20	679-681	so	positive[7]	_	
7-21	682-684	oh	positive[7]	_	
7-22	684-685	,	positive[7]	_	
7-23	686-688	oh	positive[7]	_	
7-24	688-689	,	positive[7]	_	
7-25	690-694	oooh	positive[7]	_	
7-26	694-695	,	positive[7]	_	
7-27	696-699	sie	positive[7]	_	
7-28	700-704	sind	positive[7]	_	
7-29	705-715	fasziniert	positive[7]	Persönliches/Emotionen	
7-30	715-716	,	positive[7]	_	
7-31	717-721	fast	positive[7]	_	
7-32	722-734	hypnotisiert	positive[7]	Persönliches/Emotionen	
7-33	734-735	.	positive[7]	_	

#Text=Im Saal ist es heiß wie in 'ner Sauna und es sind auch wieder so 'n paar ganz scharfe Frau'n da, die sammeln Autogramme, aber ganz speziell, die schreiben wir mit 'm Lippenstift auf die nackte Haut nachts um drei im Hotel.
8-1	736-738	Im	positive[8]	_	
8-2	739-743	Saal	positive[8]	_	
8-3	744-747	ist	positive[8]	_	
8-4	748-750	es	positive[8]	_	
8-5	751-755	heiß	positive[8]	_	
8-6	756-759	wie	positive[8]	_	
8-7	760-762	in	positive[8]	_	
8-8	763-764	'	positive[8]	_	
8-9	764-767	ner	positive[8]	_	
8-10	768-773	Sauna	positive[8]	_	
8-11	774-777	und	positive[8]	_	
8-12	778-780	es	positive[8]	_	
8-13	781-785	sind	positive[8]	_	
8-14	786-790	auch	positive[8]	_	
8-15	791-797	wieder	positive[8]	_	
8-16	798-800	so	positive[8]	_	
8-17	801-802	'	positive[8]	_	
8-18	802-803	n	positive[8]	_	
8-19	804-808	paar	positive[8]	_	
8-20	809-813	ganz	positive[8]	_	
8-21	814-821	scharfe	positive[8]	Liebe/Partnerschaft[16]	
8-22	822-828	Frau'n	positive[8]	Liebe/Partnerschaft[16]	
8-23	829-831	da	positive[8]	_	
8-24	831-832	,	positive[8]	_	
8-25	833-836	die	positive[8]	_	
8-26	837-844	sammeln	positive[8]	_	
8-27	845-855	Autogramme	positive[8]	Musik	
8-28	855-856	,	positive[8]	_	
8-29	857-861	aber	positive[8]	_	
8-30	862-866	ganz	positive[8]	_	
8-31	867-875	speziell	positive[8]	_	
8-32	875-876	,	positive[8]	_	
8-33	877-880	die	positive[8]	_	
8-34	881-890	schreiben	positive[8]	_	
8-35	891-894	wir	positive[8]	_	
8-36	895-898	mit	positive[8]	_	
8-37	899-900	'	positive[8]	_	
8-38	900-901	m	positive[8]	_	
8-39	902-913	Lippenstift	positive[8]	_	
8-40	914-917	auf	positive[8]	_	
8-41	918-921	die	positive[8]	_	
8-42	922-928	nackte	positive[8]	_	
8-43	929-933	Haut	positive[8]	_	
8-44	934-940	nachts	positive[8]	_	
8-45	941-943	um	positive[8]	_	
8-46	944-948	drei	positive[8]	_	
8-47	949-951	im	positive[8]	_	
8-48	952-957	Hotel	positive[8]	_	
8-49	957-958	.	positive[8]	_	

#Text=Honky-Tonky-Show und abends läuft die Honky-Tonky-Show.
9-1	963-979	Honky-Tonky-Show	neutral[9]	Musik	
9-2	980-983	und	neutral[9]	_	
9-3	984-990	abends	neutral[9]	_	
9-4	991-996	läuft	neutral[9]	_	
9-5	997-1000	die	neutral[9]	_	
9-6	1001-1017	Honky-Tonky-Show	neutral[9]	Musik	
9-7	1017-1018	.	neutral[9]	_	

#Text=Seit sieben Wochen rollt unsere Show, so 'ne Tournee macht einen reichlich k.o..
10-1	1019-1023	Seit	negative[10]	_	
10-2	1024-1030	sieben	negative[10]	_	
10-3	1031-1037	Wochen	negative[10]	_	
10-4	1038-1043	rollt	negative[10]	_	
10-5	1044-1050	unsere	negative[10]	_	
10-6	1051-1055	Show	negative[10]	Musik	
10-7	1055-1056	,	negative[10]	_	
10-8	1057-1059	so	negative[10]	_	
10-9	1060-1061	'	negative[10]	_	
10-10	1061-1063	ne	negative[10]	_	
10-11	1064-1071	Tournee	negative[10]	Musik	
10-12	1072-1077	macht	negative[10]	_	
10-13	1078-1083	einen	negative[10]	_	
10-14	1084-1093	reichlich	negative[10]	_	
10-15	1094-1097	k.o	negative[10]	Persönliches/Emotionen[17]	
10-16	1097-1098	.	negative[10]	Persönliches/Emotionen[17]	
10-17	1098-1099	.	negative[10]	Persönliches/Emotionen[17]	

#Text=Der Banddoktor sagt: "Das ist ja 'n Marathonlauf", und er macht seinen Koffer auf und er gibt uns die Sachen, die uns kräftig machen.
11-1	1104-1107	Der	neutral[11]	_	
11-2	1108-1118	Banddoktor	neutral[11]	Gesundheit/Drogen	
11-3	1119-1123	sagt	neutral[11]	_	
11-4	1123-1124	:	neutral[11]	_	
11-5	1125-1126	"	neutral[11]	_	
11-6	1126-1129	Das	neutral[11]	_	
11-7	1130-1133	ist	neutral[11]	_	
11-8	1134-1136	ja	neutral[11]	_	
11-9	1137-1138	'	neutral[11]	_	
11-10	1138-1139	n	neutral[11]	_	
11-11	1140-1152	Marathonlauf	neutral[11]	Gesundheit/Drogen	
11-12	1152-1153	"	neutral[11]	_	
11-13	1153-1154	,	neutral[11]	_	
11-14	1155-1158	und	neutral[11]	_	
11-15	1159-1161	er	neutral[11]	_	
11-16	1162-1167	macht	neutral[11]	_	
11-17	1168-1174	seinen	neutral[11]	_	
11-18	1175-1181	Koffer	neutral[11]	_	
11-19	1182-1185	auf	neutral[11]	_	
11-20	1186-1189	und	neutral[11]	_	
11-21	1190-1192	er	neutral[11]	_	
11-22	1193-1197	gibt	neutral[11]	_	
11-23	1198-1201	uns	neutral[11]	_	
11-24	1202-1205	die	neutral[11]	_	
11-25	1206-1212	Sachen	neutral[11]	_	
11-26	1212-1213	,	neutral[11]	_	
11-27	1214-1217	die	neutral[11]	_	
11-28	1218-1221	uns	neutral[11]	_	
11-29	1222-1229	kräftig	neutral[11]	Persönliches/Emotionen[18]	
11-30	1230-1236	machen	neutral[11]	Persönliches/Emotionen[18]	
11-31	1236-1237	.	neutral[11]	_	

#Text=Denn unsere Show will jeder seh'n und deshalb muss sie weitergeh'n.
12-1	1238-1242	Denn	positive[12]	_	
12-2	1243-1249	unsere	positive[12]	Musik[19]	
12-3	1250-1254	Show	positive[12]	Musik[19]	
12-4	1255-1259	will	positive[12]	_	
12-5	1260-1265	jeder	positive[12]	_	
12-6	1266-1271	seh'n	positive[12]	_	
12-7	1272-1275	und	positive[12]	_	
12-8	1276-1283	deshalb	positive[12]	_	
12-9	1284-1288	muss	positive[12]	_	
12-10	1289-1292	sie	positive[12]	_	
12-11	1293-1304	weitergeh'n	positive[12]	_	
12-12	1304-1305	.	positive[12]	_	
