#FORMAT=WebAnno TSV 3.2
#T_SP=webanno.custom.Sentiment|Polarity
#T_SP=webanno.custom.Topic|Topics


#Text=Der Millionär hat keine Kohle mehr, der Millionär , er fühlt sich krank, er ist so superblank, der Millionär , kein Schampus mehr und keinen Jaguar , jetzt ist er wieder mit der S-Bahn da  und an die Luxusbräute kommt er nicht mehr ran , jetzt ruft er 0190 an , der Millionär , der Millionär.
1-1	0-3	Der	neutral[1]	_	
1-2	4-13	Millionär	neutral[1]	_	
1-3	14-17	hat	neutral[1]	_	
1-4	18-23	keine	neutral[1]	_	
1-5	24-29	Kohle	neutral[1]	_	
1-6	30-34	mehr	neutral[1]	_	
1-7	34-35	,	_	_	
1-8	36-39	der	neutral[2]	_	
1-9	40-49	Millionär	neutral[2]	_	
1-10	50-51	,	neutral[2]	_	
1-11	52-54	er	neutral[2]	_	
1-12	55-60	fühlt	neutral[2]	Persönliches/Emotionen[17]	
1-13	61-65	sich	neutral[2]	Persönliches/Emotionen[17]	
1-14	66-71	krank	neutral[2]	Persönliches/Emotionen[17]	
1-15	71-72	,	_	_	
1-16	73-75	er	neutral[3]	_	
1-17	76-79	ist	neutral[3]	_	
1-18	80-82	so	neutral[3]	_	
1-19	83-93	superblank	neutral[3]	_	
1-20	93-94	,	neutral[3]	_	
1-21	95-98	der	neutral[3]	_	
1-22	99-108	Millionär	neutral[3]	_	
1-23	109-110	,	_	_	
1-24	111-115	kein	neutral[4]	_	
1-25	116-124	Schampus	neutral[4]	Gesundheit/Drogen	
1-26	125-129	mehr	neutral[4]	_	
1-27	130-133	und	neutral[4]	_	
1-28	134-140	keinen	neutral[4]	_	
1-29	141-147	Jaguar	neutral[4]	_	
1-30	148-149	,	neutral[4]	_	
1-31	150-155	jetzt	neutral[4]	_	
1-32	156-159	ist	neutral[4]	_	
1-33	160-162	er	neutral[4]	_	
1-34	163-169	wieder	neutral[4]	_	
1-35	170-173	mit	neutral[4]	_	
1-36	174-177	der	neutral[4]	_	
1-37	178-184	S-Bahn	neutral[4]	_	
1-38	185-187	da	neutral[4]	_	
1-39	189-192	und	_	_	
1-40	193-195	an	neutral[5]	_	
1-41	196-199	die	neutral[5]	_	
1-42	200-211	Luxusbräute	neutral[5]	Liebe/Partnerschaft	
1-43	212-217	kommt	neutral[5]	_	
1-44	218-220	er	neutral[5]	_	
1-45	221-226	nicht	neutral[5]	_	
1-46	227-231	mehr	neutral[5]	_	
1-47	232-235	ran	neutral[5]	_	
1-48	236-237	,	neutral[5]	_	
1-49	238-243	jetzt	neutral[5]	_	
1-50	244-248	ruft	neutral[5]	_	
1-51	249-251	er	neutral[5]	_	
1-52	252-256	0190	neutral[5]	_	
1-53	257-259	an	neutral[5]	_	
1-54	260-261	,	neutral[5]	_	
1-55	262-265	der	neutral[5]	_	
1-56	266-275	Millionär	neutral[5]	_	
1-57	276-277	,	neutral[5]	_	
1-58	278-281	der	neutral[5]	_	
1-59	282-291	Millionär	neutral[5]	_	
1-60	291-292	.	_	_	

#Text=Der Millionär hat keine Kohle mehr , das Leben ist grausam  und die Taschen sind leer.
2-1	297-300	Der	negative[6]	_	
2-2	301-310	Millionär	negative[6]	_	
2-3	311-314	hat	negative[6]	_	
2-4	315-320	keine	negative[6]	_	
2-5	321-326	Kohle	negative[6]	_	
2-6	327-331	mehr	negative[6]	_	
2-7	332-333	,	negative[6]	_	
2-8	334-337	das	negative[6]	_	
2-9	338-343	Leben	negative[6]	Persönliches/Emotionen[18]	
2-10	344-347	ist	negative[6]	Persönliches/Emotionen[18]	
2-11	348-355	grausam	negative[6]	Persönliches/Emotionen[18]	
2-12	357-360	und	negative[6]	_	
2-13	361-364	die	negative[6]	_	
2-14	365-372	Taschen	negative[6]	_	
2-15	373-377	sind	negative[6]	_	
2-16	378-382	leer	negative[6]	_	
2-17	382-383	.	_	_	

#Text=Haste mal 'n schlaffen Euro oder 'ne müde Mark?
3-1	384-389	Haste	negative[7]	_	
3-2	390-393	mal	negative[7]	_	
3-3	394-395	'	negative[7]	_	
3-4	395-396	n	negative[7]	_	
3-5	397-406	schlaffen	negative[7]	Politik/Soziales/Missstände[19]	
3-6	407-411	Euro	negative[7]	Politik/Soziales/Missstände[19]	
3-7	412-416	oder	negative[7]	_	
3-8	417-418	'	negative[7]	_	
3-9	418-420	ne	negative[7]	_	
3-10	421-425	müde	negative[7]	Politik/Soziales/Missstände[20]	
3-11	426-430	Mark	negative[7]	Politik/Soziales/Missstände[20]	
3-12	430-431	?	negative[7]	_	

#Text=Die letzte Bank, die ihm noch bleibt, ist die Bank im Park.
4-1	433-436	Die	neutral[8]	_	
4-2	437-443	letzte	neutral[8]	_	
4-3	444-448	Bank	neutral[8]	_	
4-4	448-449	,	neutral[8]	_	
4-5	450-453	die	neutral[8]	_	
4-6	454-457	ihm	neutral[8]	_	
4-7	458-462	noch	neutral[8]	_	
4-8	463-469	bleibt	neutral[8]	_	
4-9	469-470	,	neutral[8]	_	
4-10	471-474	ist	neutral[8]	_	
4-11	475-478	die	neutral[8]	_	
4-12	479-483	Bank	neutral[8]	_	
4-13	484-486	im	neutral[8]	_	
4-14	487-491	Park	neutral[8]	_	
4-15	491-492	.	_	_	

#Text=An der Börse von New York und Frankfurt  war er voll am Start.
5-1	497-499	An	positive[9]	_	
5-2	500-503	der	positive[9]	_	
5-3	504-509	Börse	positive[9]	*[21]	
5-4	510-513	von	positive[9]	*[21]	
5-5	514-517	New	positive[9]	*[21]	
5-6	518-522	York	positive[9]	*[21]	
5-7	523-526	und	positive[9]	_	
5-8	527-536	Frankfurt	positive[9]	_	
5-9	538-541	war	positive[9]	_	
5-10	542-544	er	positive[9]	_	
5-11	545-549	voll	positive[9]	_	
5-12	550-552	am	positive[9]	_	
5-13	553-558	Start	positive[9]	_	
5-14	558-559	.	_	_	

#Text=Billy Gates war sein Freund und Kevin Costner sein Bodygard .
6-1	560-565	Billy	neutral[10]	Politik/Soziales/Missstände[22]	
6-2	566-571	Gates	neutral[10]	Politik/Soziales/Missstände[22]	
6-3	572-575	war	neutral[10]	_	
6-4	576-580	sein	neutral[10]	_	
6-5	581-587	Freund	neutral[10]	_	
6-6	588-591	und	neutral[10]	_	
6-7	592-597	Kevin	neutral[10]	Politik/Soziales/Missstände[23]	
6-8	598-605	Costner	neutral[10]	Politik/Soziales/Missstände[23]	
6-9	606-610	sein	neutral[10]	_	
6-10	611-619	Bodygard	neutral[10]	_	
6-11	620-621	.	_	_	

#Text=Früher konnt er mit 'ner langen Limo locker am Atlantic vorfahr'n , heute wohnt er in der Pension Filzlaus an der Reeperbahn.
7-1	622-628	Früher	neutral[11]	_	
7-2	629-634	konnt	neutral[11]	_	
7-3	635-637	er	neutral[11]	_	
7-4	638-641	mit	neutral[11]	_	
7-5	642-643	'	neutral[11]	_	
7-6	643-646	ner	neutral[11]	_	
7-7	647-653	langen	neutral[11]	_	
7-8	654-658	Limo	neutral[11]	_	
7-9	659-665	locker	neutral[11]	_	
7-10	666-668	am	neutral[11]	_	
7-11	669-677	Atlantic	neutral[11]	_	
7-12	678-687	vorfahr'n	neutral[11]	_	
7-13	688-689	,	_	_	
7-14	690-695	heute	negative[12]	_	
7-15	696-701	wohnt	negative[12]	_	
7-16	702-704	er	negative[12]	_	
7-17	705-707	in	negative[12]	_	
7-18	708-711	der	negative[12]	_	
7-19	712-719	Pension	negative[12]	Politik/Soziales/Missstände[24]	
7-20	720-728	Filzlaus	negative[12]	Politik/Soziales/Missstände[24]	
7-21	729-731	an	negative[12]	Politik/Soziales/Missstände[24]	
7-22	732-735	der	negative[12]	Politik/Soziales/Missstände[24]	
7-23	736-746	Reeperbahn	negative[12]	Politik/Soziales/Missstände[24]	
7-24	746-747	.	_	_	

#Text=Keine Schecks mehr und kein Cash , alles weg beim Börsencrash.
8-1	748-753	Keine	neutral[13]	_	
8-2	754-761	Schecks	neutral[13]	_	
8-3	762-766	mehr	neutral[13]	_	
8-4	767-770	und	neutral[13]	_	
8-5	771-775	kein	neutral[13]	_	
8-6	776-780	Cash	neutral[13]	_	
8-7	781-782	,	neutral[13]	_	
8-8	783-788	alles	neutral[13]	_	
8-9	789-792	weg	neutral[13]	_	
8-10	793-797	beim	neutral[13]	_	
8-11	798-809	Börsencrash	neutral[13]	Politik/Soziales/Missstände	
8-12	809-810	.	_	_	

#Text=Der Millionär hat keine Kohle mehr , das Leben ist grausam und die Taschen sind leer, ja auch das große Aktienglück ist längst verflogen  und nun hat er die goldene Arschkarte gezogen.
9-1	815-818	Der	neutral[14]	_	
9-2	819-828	Millionär	neutral[14]	_	
9-3	829-832	hat	neutral[14]	_	
9-4	833-838	keine	neutral[14]	_	
9-5	839-844	Kohle	neutral[14]	_	
9-6	845-849	mehr	neutral[14]	_	
9-7	850-851	,	_	_	
9-8	852-855	das	negative[15]	_	
9-9	856-861	Leben	negative[15]	_	
9-10	862-865	ist	negative[15]	_	
9-11	866-873	grausam	negative[15]	_	
9-12	874-877	und	negative[15]	_	
9-13	878-881	die	negative[15]	_	
9-14	882-889	Taschen	negative[15]	_	
9-15	890-894	sind	negative[15]	_	
9-16	895-899	leer	negative[15]	_	
9-17	899-900	,	_	_	
9-18	901-903	ja	negative[16]	_	
9-19	904-908	auch	negative[16]	_	
9-20	909-912	das	negative[16]	_	
9-21	913-918	große	negative[16]	_	
9-22	919-930	Aktienglück	negative[16]	Politik/Soziales/Missstände	
9-23	931-934	ist	negative[16]	_	
9-24	935-941	längst	negative[16]	_	
9-25	942-951	verflogen	negative[16]	_	
9-26	953-956	und	negative[16]	_	
9-27	957-960	nun	negative[16]	_	
9-28	961-964	hat	negative[16]	_	
9-29	965-967	er	negative[16]	_	
9-30	968-971	die	negative[16]	_	
9-31	972-979	goldene	negative[16]	Politik/Soziales/Missstände[25]	
9-32	980-990	Arschkarte	negative[16]	Politik/Soziales/Missstände[25]	
9-33	991-998	gezogen	negative[16]	Politik/Soziales/Missstände[25]	
9-34	998-999	.	_	_	
