#FORMAT=WebAnno TSV 3.2
#T_SP=webanno.custom.Sentiment|Polarity
#T_SP=webanno.custom.Topic|Topics


#Text=Ich war nie der Typ für'n Liebesfilm, hab nie durchgehalten bis zum Happy End, der Wahnsinnsanfang ist genau mein Ding, das große Finale hab ich immer gern verpennt, okay, manchmal hab ich's nicht gecheckt und schon war ich mittendrin , im großen Drama Infernale mit totaler Herzrandale.
1-1	0-3	Ich	negative[1]	_	
1-2	4-7	war	negative[1]	_	
1-3	8-11	nie	negative[1]	_	
1-4	12-15	der	negative[1]	_	
1-5	16-19	Typ	negative[1]	_	
1-6	20-25	für'n	negative[1]	_	
1-7	26-36	Liebesfilm	negative[1]	Liebe/Partnerschaft	
1-8	36-37	,	negative[1]	_	
1-9	38-41	hab	negative[1]	_	
1-10	42-45	nie	negative[1]	_	
1-11	46-59	durchgehalten	negative[1]	_	
1-12	60-63	bis	negative[1]	_	
1-13	64-67	zum	negative[1]	_	
1-14	68-73	Happy	negative[1]	_	
1-15	74-77	End	negative[1]	_	
1-16	77-78	,	_	_	
1-17	79-82	der	positive[2]	_	
1-18	83-98	Wahnsinnsanfang	positive[2]	_	
1-19	99-102	ist	positive[2]	_	
1-20	103-108	genau	positive[2]	_	
1-21	109-113	mein	positive[2]	_	
1-22	114-118	Ding	positive[2]	_	
1-23	118-119	,	_	_	
1-24	120-123	das	negative[3]	_	
1-25	124-129	große	negative[3]	_	
1-26	130-136	Finale	negative[3]	_	
1-27	137-140	hab	negative[3]	_	
1-28	141-144	ich	negative[3]	_	
1-29	145-150	immer	negative[3]	_	
1-30	151-155	gern	negative[3]	_	
1-31	156-164	verpennt	negative[3]	_	
1-32	164-165	,	_	_	
1-33	166-170	okay	negative[4]	_	
1-34	170-171	,	negative[4]	_	
1-35	172-180	manchmal	negative[4]	_	
1-36	181-184	hab	negative[4]	_	
1-37	185-190	ich's	negative[4]	_	
1-38	191-196	nicht	negative[4]	_	
1-39	197-205	gecheckt	negative[4]	_	
1-40	206-209	und	negative[4]	_	
1-41	210-215	schon	negative[4]	_	
1-42	216-219	war	negative[4]	_	
1-43	220-223	ich	negative[4]	_	
1-44	224-234	mittendrin	negative[4]	_	
1-45	235-236	,	negative[4]	_	
1-46	237-239	im	negative[4]	_	
1-47	240-246	großen	negative[4]	_	
1-48	247-252	Drama	negative[4]	Liebe/Partnerschaft[19]	
1-49	253-262	Infernale	negative[4]	Liebe/Partnerschaft[19]	
1-50	263-266	mit	negative[4]	Liebe/Partnerschaft[19]	
1-51	267-274	totaler	negative[4]	Liebe/Partnerschaft[19]	
1-52	275-286	Herzrandale	negative[4]	Liebe/Partnerschaft[19]	
1-53	286-287	.	_	_	

#Text=Ich war mein eigener Thriller, Original und Parodie , hab das Drehbuch verbrannt, der Irrsinn führte Regie, ich war der Gute und der Böse, und Action war mein Credo, mal war's 'n Flop, mal großes Blockbuster-Kino.
2-1	288-291	Ich	positive[5]	_	
2-2	292-295	war	positive[5]	_	
2-3	296-300	mein	positive[5]	_	
2-4	301-308	eigener	positive[5]	_	
2-5	309-317	Thriller	positive[5]	_	
2-6	317-318	,	positive[5]	_	
2-7	319-327	Original	positive[5]	_	
2-8	328-331	und	positive[5]	_	
2-9	332-339	Parodie	positive[5]	_	
2-10	340-341	,	positive[5]	_	
2-11	342-345	hab	positive[5]	_	
2-12	346-349	das	positive[5]	_	
2-13	350-358	Drehbuch	positive[5]	_	
2-14	359-368	verbrannt	positive[5]	_	
2-15	368-369	,	positive[5]	_	
2-16	370-373	der	positive[5]	_	
2-17	374-381	Irrsinn	positive[5]	_	
2-18	382-388	führte	positive[5]	_	
2-19	389-394	Regie	positive[5]	_	
2-20	394-395	,	positive[5]	_	
2-21	396-399	ich	positive[5]	_	
2-22	400-403	war	positive[5]	_	
2-23	404-407	der	positive[5]	Persönliches/Emotionen[20]	
2-24	408-412	Gute	positive[5]	Persönliches/Emotionen[20]	
2-25	413-416	und	positive[5]	Persönliches/Emotionen[20]	
2-26	417-420	der	positive[5]	Persönliches/Emotionen[20]	
2-27	421-425	Böse	positive[5]	Persönliches/Emotionen[20]	
2-28	425-426	,	positive[5]	_	
2-29	427-430	und	positive[5]	_	
2-30	431-437	Action	positive[5]	_	
2-31	438-441	war	positive[5]	_	
2-32	442-446	mein	positive[5]	_	
2-33	447-452	Credo	positive[5]	_	
2-34	452-453	,	positive[5]	_	
2-35	454-457	mal	positive[5]	_	
2-36	458-463	war's	positive[5]	_	
2-37	464-465	'	positive[5]	_	
2-38	465-466	n	positive[5]	_	
2-39	467-471	Flop	positive[5]	_	
2-40	471-472	,	positive[5]	_	
2-41	473-476	mal	positive[5]	_	
2-42	477-483	großes	positive[5]	_	
2-43	484-500	Blockbuster-Kino	positive[5]	_	
2-44	500-501	.	_	_	

#Text=Doch wenn ich noch mal von vorne starten könnte, wenn ich in meinem Film noch mal alles, alles neu schreiben könnte, was würde ich ändern und was rauschmeißen, so'n Leben ist ja echt 'n ziemlich harter Streifen.
3-1	506-510	Doch	neutral[6]	_	
3-2	511-515	wenn	neutral[6]	_	
3-3	516-519	ich	neutral[6]	_	
3-4	520-524	noch	neutral[6]	_	
3-5	525-528	mal	neutral[6]	_	
3-6	529-532	von	neutral[6]	_	
3-7	533-538	vorne	neutral[6]	_	
3-8	539-546	starten	neutral[6]	_	
3-9	547-553	könnte	neutral[6]	_	
3-10	553-554	,	neutral[6]	_	
3-11	555-559	wenn	neutral[6]	_	
3-12	560-563	ich	neutral[6]	_	
3-13	564-566	in	neutral[6]	_	
3-14	567-573	meinem	neutral[6]	_	
3-15	574-578	Film	neutral[6]	_	
3-16	579-583	noch	neutral[6]	_	
3-17	584-587	mal	neutral[6]	_	
3-18	588-593	alles	neutral[6]	_	
3-19	593-594	,	neutral[6]	_	
3-20	595-600	alles	neutral[6]	_	
3-21	601-604	neu	neutral[6]	_	
3-22	605-614	schreiben	neutral[6]	_	
3-23	615-621	könnte	neutral[6]	_	
3-24	621-622	,	neutral[6]	_	
3-25	623-626	was	neutral[6]	_	
3-26	627-632	würde	neutral[6]	_	
3-27	633-636	ich	neutral[6]	_	
3-28	637-643	ändern	neutral[6]	_	
3-29	644-647	und	neutral[6]	_	
3-30	648-651	was	neutral[6]	_	
3-31	652-664	rauschmeißen	neutral[6]	_	
3-32	664-665	,	_	_	
3-33	666-670	so'n	negative[7]	_	
3-34	671-676	Leben	negative[7]	_	
3-35	677-680	ist	negative[7]	_	
3-36	681-683	ja	negative[7]	_	
3-37	684-688	echt	negative[7]	_	
3-38	689-690	'	negative[7]	_	
3-39	690-691	n	negative[7]	_	
3-40	692-700	ziemlich	negative[7]	Persönliches/Emotionen[21]	
3-41	701-707	harter	negative[7]	Persönliches/Emotionen[21]	
3-42	708-716	Streifen	negative[7]	Persönliches/Emotionen[21]	
3-43	716-717	.	_	_	

#Text=Ich würd alles so lassen und gar nix raustun, denn so'n blaues Auge gehört ja irgendwie dazu.
4-1	718-721	Ich	positive[8]	_	
4-2	722-726	würd	positive[8]	_	
4-3	727-732	alles	positive[8]	_	
4-4	733-735	so	positive[8]	_	
4-5	736-742	lassen	positive[8]	_	
4-6	743-746	und	positive[8]	_	
4-7	747-750	gar	positive[8]	_	
4-8	751-754	nix	positive[8]	_	
4-9	755-762	raustun	positive[8]	_	
4-10	762-763	,	positive[8]	_	
4-11	764-768	denn	positive[8]	_	
4-12	769-773	so'n	positive[8]	_	
4-13	774-780	blaues	positive[8]	Persönliches/Emotionen[22]	
4-14	781-785	Auge	positive[8]	Persönliches/Emotionen[22]	
4-15	786-792	gehört	positive[8]	_	
4-16	793-795	ja	positive[8]	_	
4-17	796-805	irgendwie	positive[8]	_	
4-18	806-810	dazu	positive[8]	_	
4-19	810-811	.	_	_	

#Text=Manchmal war's 'n echter Western, manchmal ging's auch ab wie beim Paten, hab mich dann aufs falsche Pferd gesetzt , wurd verkauft, vergessen und verraten.
5-1	816-824	Manchmal	positive[9]	_	
5-2	825-830	war's	positive[9]	_	
5-3	831-832	'	positive[9]	_	
5-4	832-833	n	positive[9]	_	
5-5	834-840	echter	positive[9]	_	
5-6	841-848	Western	positive[9]	_	
5-7	848-849	,	_	_	
5-8	850-858	manchmal	negative[10]	_	
5-9	859-865	ging's	negative[10]	_	
5-10	866-870	auch	negative[10]	_	
5-11	871-873	ab	negative[10]	_	
5-12	874-877	wie	negative[10]	_	
5-13	878-882	beim	negative[10]	_	
5-14	883-888	Paten	negative[10]	_	
5-15	888-889	,	_	_	
5-16	890-893	hab	negative[11]	_	
5-17	894-898	mich	negative[11]	_	
5-18	899-903	dann	negative[11]	_	
5-19	904-908	aufs	negative[11]	_	
5-20	909-916	falsche	negative[11]	_	
5-21	917-922	Pferd	negative[11]	_	
5-22	923-930	gesetzt	negative[11]	_	
5-23	931-932	,	negative[11]	_	
5-24	933-937	wurd	negative[11]	_	
5-25	938-946	verkauft	negative[11]	Persönliches/Emotionen[23]	
5-26	946-947	,	negative[11]	Persönliches/Emotionen[23]	
5-27	948-957	vergessen	negative[11]	Persönliches/Emotionen[23]	
5-28	958-961	und	negative[11]	Persönliches/Emotionen[23]	
5-29	962-970	verraten	negative[11]	Persönliches/Emotionen[23]	
5-30	970-971	.	_	_	

#Text=Ich war mein eigener Thriller, Original und Parodie , hab das Drehbuch verbrannt, der Wahnsinn führte Regie, ich war der Gute und der Böse und Action war mein Credo, mal war's 'n Flop, mal großes Blockbuster-Kino.
6-1	972-975	Ich	positive[12]	_	
6-2	976-979	war	positive[12]	_	
6-3	980-984	mein	positive[12]	_	
6-4	985-992	eigener	positive[12]	_	
6-5	993-1001	Thriller	positive[12]	_	
6-6	1001-1002	,	positive[12]	_	
6-7	1003-1011	Original	positive[12]	_	
6-8	1012-1015	und	positive[12]	_	
6-9	1016-1023	Parodie	positive[12]	_	
6-10	1024-1025	,	positive[12]	_	
6-11	1026-1029	hab	positive[12]	_	
6-12	1030-1033	das	positive[12]	_	
6-13	1034-1042	Drehbuch	positive[12]	_	
6-14	1043-1052	verbrannt	positive[12]	_	
6-15	1052-1053	,	positive[12]	_	
6-16	1054-1057	der	positive[12]	_	
6-17	1058-1066	Wahnsinn	positive[12]	_	
6-18	1067-1073	führte	positive[12]	_	
6-19	1074-1079	Regie	positive[12]	_	
6-20	1079-1080	,	positive[12]	_	
6-21	1081-1084	ich	positive[12]	_	
6-22	1085-1088	war	positive[12]	_	
6-23	1089-1092	der	positive[12]	Persönliches/Emotionen[24]	
6-24	1093-1097	Gute	positive[12]	Persönliches/Emotionen[24]	
6-25	1098-1101	und	positive[12]	Persönliches/Emotionen[24]	
6-26	1102-1105	der	positive[12]	Persönliches/Emotionen[24]	
6-27	1106-1110	Böse	positive[12]	Persönliches/Emotionen[24]	
6-28	1111-1114	und	positive[12]	_	
6-29	1115-1121	Action	positive[12]	_	
6-30	1122-1125	war	positive[12]	_	
6-31	1126-1130	mein	positive[12]	_	
6-32	1131-1136	Credo	positive[12]	_	
6-33	1136-1137	,	positive[12]	_	
6-34	1138-1141	mal	positive[12]	_	
6-35	1142-1147	war's	positive[12]	_	
6-36	1148-1149	'	positive[12]	_	
6-37	1149-1150	n	positive[12]	_	
6-38	1151-1155	Flop	positive[12]	_	
6-39	1155-1156	,	positive[12]	_	
6-40	1157-1160	mal	positive[12]	_	
6-41	1161-1167	großes	positive[12]	_	
6-42	1168-1184	Blockbuster-Kino	positive[12]	_	
6-43	1184-1185	.	positive[12]	_	

#Text=Doch wenn ich noch mal von vorne starten könnte, wenn ich in meinem Film noch mal , alles, alles neu drehen könnte, was würde ich ändern und was rauschmeißen, so'n Leben ist ja echt ein ziemlich harter Streifen.
7-1	1190-1194	Doch	neutral[13]	_	
7-2	1195-1199	wenn	neutral[13]	_	
7-3	1200-1203	ich	neutral[13]	_	
7-4	1204-1208	noch	neutral[13]	_	
7-5	1209-1212	mal	neutral[13]	_	
7-6	1213-1216	von	neutral[13]	_	
7-7	1217-1222	vorne	neutral[13]	_	
7-8	1223-1230	starten	neutral[13]	_	
7-9	1231-1237	könnte	neutral[13]	_	
7-10	1237-1238	,	neutral[13]	_	
7-11	1239-1243	wenn	neutral[13]	_	
7-12	1244-1247	ich	neutral[13]	_	
7-13	1248-1250	in	neutral[13]	_	
7-14	1251-1257	meinem	neutral[13]	_	
7-15	1258-1262	Film	neutral[13]	_	
7-16	1263-1267	noch	neutral[13]	_	
7-17	1268-1271	mal	neutral[13]	_	
7-18	1272-1273	,	neutral[13]	_	
7-19	1274-1279	alles	neutral[13]	_	
7-20	1279-1280	,	neutral[13]	_	
7-21	1281-1286	alles	neutral[13]	_	
7-22	1287-1290	neu	neutral[13]	_	
7-23	1291-1297	drehen	neutral[13]	_	
7-24	1298-1304	könnte	neutral[13]	_	
7-25	1304-1305	,	neutral[13]	_	
7-26	1306-1309	was	neutral[13]	_	
7-27	1310-1315	würde	neutral[13]	_	
7-28	1316-1319	ich	neutral[13]	_	
7-29	1320-1326	ändern	neutral[13]	_	
7-30	1327-1330	und	neutral[13]	_	
7-31	1331-1334	was	neutral[13]	_	
7-32	1335-1347	rauschmeißen	neutral[13]	_	
7-33	1347-1348	,	_	_	
7-34	1349-1353	so'n	negative[14]	_	
7-35	1354-1359	Leben	negative[14]	_	
7-36	1360-1363	ist	negative[14]	_	
7-37	1364-1366	ja	negative[14]	_	
7-38	1367-1371	echt	negative[14]	_	
7-39	1372-1375	ein	negative[14]	_	
7-40	1376-1384	ziemlich	negative[14]	Persönliches/Emotionen[25]	
7-41	1385-1391	harter	negative[14]	Persönliches/Emotionen[25]	
7-42	1392-1400	Streifen	negative[14]	Persönliches/Emotionen[25]	
7-43	1400-1401	.	_	_	

#Text=Ich würd alles so lassen und gar nix raustun, Denn so'n blaues Auge gehört ja irgendwie dazu.
8-1	1402-1405	Ich	positive[15]	_	
8-2	1406-1410	würd	positive[15]	_	
8-3	1411-1416	alles	positive[15]	_	
8-4	1417-1419	so	positive[15]	_	
8-5	1420-1426	lassen	positive[15]	_	
8-6	1427-1430	und	positive[15]	_	
8-7	1431-1434	gar	positive[15]	_	
8-8	1435-1438	nix	positive[15]	_	
8-9	1439-1446	raustun	positive[15]	_	
8-10	1446-1447	,	positive[15]	_	
8-11	1448-1452	Denn	positive[15]	_	
8-12	1453-1457	so'n	positive[15]	_	
8-13	1458-1464	blaues	positive[15]	Persönliches/Emotionen[26]	
8-14	1465-1469	Auge	positive[15]	Persönliches/Emotionen[26]	
8-15	1470-1476	gehört	positive[15]	_	
8-16	1477-1479	ja	positive[15]	_	
8-17	1480-1489	irgendwie	positive[15]	_	
8-18	1490-1494	dazu	positive[15]	_	
8-19	1494-1495	.	_	_	

#Text=Doch wenn ich noch mal von vorne starten könnte, wenn ich in meinem Film noch mal alles, alles neu drehen könnte, was würde ich ändern und was rauschmeißen, so'n Leben ist ja echt ein ziemlich harter Streifen.
9-1	1500-1504	Doch	neutral[16]	_	
9-2	1505-1509	wenn	neutral[16]	_	
9-3	1510-1513	ich	neutral[16]	_	
9-4	1514-1518	noch	neutral[16]	_	
9-5	1519-1522	mal	neutral[16]	_	
9-6	1523-1526	von	neutral[16]	_	
9-7	1527-1532	vorne	neutral[16]	_	
9-8	1533-1540	starten	neutral[16]	_	
9-9	1541-1547	könnte	neutral[16]	_	
9-10	1547-1548	,	neutral[16]	_	
9-11	1549-1553	wenn	neutral[16]	_	
9-12	1554-1557	ich	neutral[16]	_	
9-13	1558-1560	in	neutral[16]	_	
9-14	1561-1567	meinem	neutral[16]	_	
9-15	1568-1572	Film	neutral[16]	_	
9-16	1573-1577	noch	neutral[16]	_	
9-17	1578-1581	mal	neutral[16]	_	
9-18	1582-1587	alles	neutral[16]	_	
9-19	1587-1588	,	neutral[16]	_	
9-20	1589-1594	alles	neutral[16]	_	
9-21	1595-1598	neu	neutral[16]	_	
9-22	1599-1605	drehen	neutral[16]	_	
9-23	1606-1612	könnte	neutral[16]	_	
9-24	1612-1613	,	neutral[16]	_	
9-25	1614-1617	was	neutral[16]	_	
9-26	1618-1623	würde	neutral[16]	_	
9-27	1624-1627	ich	neutral[16]	_	
9-28	1628-1634	ändern	neutral[16]	_	
9-29	1635-1638	und	neutral[16]	_	
9-30	1639-1642	was	neutral[16]	_	
9-31	1643-1655	rauschmeißen	neutral[16]	_	
9-32	1655-1656	,	_	_	
9-33	1657-1661	so'n	negative[17]	_	
9-34	1662-1667	Leben	negative[17]	_	
9-35	1668-1671	ist	negative[17]	_	
9-36	1672-1674	ja	negative[17]	_	
9-37	1675-1679	echt	negative[17]	_	
9-38	1680-1683	ein	negative[17]	_	
9-39	1684-1692	ziemlich	negative[17]	Persönliches/Emotionen[27]	
9-40	1693-1699	harter	negative[17]	Persönliches/Emotionen[27]	
9-41	1700-1708	Streifen	negative[17]	Persönliches/Emotionen[27]	
9-42	1708-1709	.	_	_	

#Text=Ich würd alles so lassen und gar nix raustun, denn so'n blaues Auge gehört ja irgendwie dazu.
10-1	1710-1713	Ich	positive[18]	_	
10-2	1714-1718	würd	positive[18]	_	
10-3	1719-1724	alles	positive[18]	_	
10-4	1725-1727	so	positive[18]	_	
10-5	1728-1734	lassen	positive[18]	_	
10-6	1735-1738	und	positive[18]	_	
10-7	1739-1742	gar	positive[18]	_	
10-8	1743-1746	nix	positive[18]	_	
10-9	1747-1754	raustun	positive[18]	_	
10-10	1754-1755	,	positive[18]	_	
10-11	1756-1760	denn	positive[18]	_	
10-12	1761-1765	so'n	positive[18]	_	
10-13	1766-1772	blaues	positive[18]	Persönliches/Emotionen[28]	
10-14	1773-1777	Auge	positive[18]	Persönliches/Emotionen[28]	
10-15	1778-1784	gehört	positive[18]	_	
10-16	1785-1787	ja	positive[18]	_	
10-17	1788-1797	irgendwie	positive[18]	_	
10-18	1798-1802	dazu	positive[18]	_	
10-19	1802-1803	.	positive[18]	_	
