#FORMAT=WebAnno TSV 3.2
#T_SP=webanno.custom.Sentiment|Polarity
#T_SP=webanno.custom.Topic|Topics


#Text=Ach, wie gerne wäre ich im Club der Millionäre, doch da kommt man nicht so ohne weit'res rein, da muß man schon Erfinder oder Schwerverbrecher sein.
1-1	0-3	Ach	positive[1]	_	
1-2	3-4	,	positive[1]	_	
1-3	5-8	wie	positive[1]	_	
1-4	9-14	gerne	positive[1]	_	
1-5	15-19	wäre	positive[1]	_	
1-6	20-23	ich	positive[1]	_	
1-7	24-26	im	positive[1]	_	
1-8	27-31	Club	positive[1]	Politik/Soziales/Missstände[19]	
1-9	32-35	der	positive[1]	Politik/Soziales/Missstände[19]	
1-10	36-46	Millionäre	positive[1]	Politik/Soziales/Missstände[19]	
1-11	46-47	,	_	_	
1-12	48-52	doch	negative[2]	_	
1-13	53-55	da	negative[2]	_	
1-14	56-61	kommt	negative[2]	_	
1-15	62-65	man	negative[2]	_	
1-16	66-71	nicht	negative[2]	_	
1-17	72-74	so	negative[2]	_	
1-18	75-79	ohne	negative[2]	_	
1-19	80-88	weit'res	negative[2]	_	
1-20	89-93	rein	negative[2]	_	
1-21	93-94	,	negative[2]	_	
1-22	95-97	da	negative[2]	_	
1-23	98-101	muß	negative[2]	_	
1-24	102-105	man	negative[2]	_	
1-25	106-111	schon	negative[2]	_	
1-26	112-120	Erfinder	negative[2]	_	
1-27	121-125	oder	negative[2]	_	
1-28	126-142	Schwerverbrecher	negative[2]	Politik/Soziales/Missstände	
1-29	143-147	sein	negative[2]	_	
1-30	147-148	.	_	_	

#Text=Ach, wie gerne wäre ich im Club der Millionäre oder Erbschleicher vielleicht oder 'n Lottogewinn, mehr Möglichkeiten sind da nicht drin.
2-1	149-152	Ach	positive[3]	_	
2-2	152-153	,	positive[3]	_	
2-3	154-157	wie	positive[3]	_	
2-4	158-163	gerne	positive[3]	_	
2-5	164-168	wäre	positive[3]	_	
2-6	169-172	ich	positive[3]	_	
2-7	173-175	im	positive[3]	_	
2-8	176-180	Club	positive[3]	Politik/Soziales/Missstände[20]	
2-9	181-184	der	positive[3]	Politik/Soziales/Missstände[20]	
2-10	185-195	Millionäre	positive[3]	Politik/Soziales/Missstände[20]	
2-11	196-200	oder	positive[4]	_	
2-12	201-214	Erbschleicher	positive[4]	Politik/Soziales/Missstände	
2-13	215-225	vielleicht	positive[4]	_	
2-14	226-230	oder	positive[4]	_	
2-15	231-232	'	positive[4]	_	
2-16	232-233	n	positive[4]	_	
2-17	234-245	Lottogewinn	positive[4]	_	
2-18	245-246	,	_	_	
2-19	247-251	mehr	negative[5]	_	
2-20	252-265	Möglichkeiten	negative[5]	_	
2-21	266-270	sind	negative[5]	_	
2-22	271-273	da	negative[5]	_	
2-23	274-279	nicht	negative[5]	_	
2-24	280-284	drin	negative[5]	_	
2-25	284-285	.	_	_	

#Text=Ahu ...
3-1	290-293	Ahu	_	_	
3-2	294-295	.	_	_	
3-3	295-296	.	_	_	
3-4	296-297	.	_	_	

#Text=Sind Sie Mitglied oder ohne, sonst komm' Sie hier nicht rein, sagt der Türsteher vom Ritz, es müßte schon die gold'ne Amexxo-Karte sein, dann reißt er noch 'nen blöden Witz.
4-1	302-306	Sind	negative[6]	_	
4-2	307-310	Sie	negative[6]	_	
4-3	311-319	Mitglied	negative[6]	_	
4-4	320-324	oder	negative[6]	_	
4-5	325-329	ohne	negative[6]	_	
4-6	329-330	,	negative[6]	_	
4-7	331-336	sonst	negative[6]	_	
4-8	337-341	komm	negative[6]	_	
4-9	341-342	'	negative[6]	_	
4-10	343-346	Sie	negative[6]	_	
4-11	347-351	hier	negative[6]	_	
4-12	352-357	nicht	negative[6]	_	
4-13	358-362	rein	negative[6]	_	
4-14	362-363	,	_	_	
4-15	364-368	sagt	neutral[7]	_	
4-16	369-372	der	neutral[7]	_	
4-17	373-382	Türsteher	neutral[7]	_	
4-18	383-386	vom	neutral[7]	_	
4-19	387-391	Ritz	neutral[7]	_	
4-20	391-392	,	_	_	
4-21	393-395	es	negative[8]	_	
4-22	396-401	müßte	negative[8]	_	
4-23	402-407	schon	negative[8]	_	
4-24	408-411	die	negative[8]	_	
4-25	412-419	gold'ne	negative[8]	Politik/Soziales/Missstände[21]	
4-26	420-432	Amexxo-Karte	negative[8]	Politik/Soziales/Missstände[21]	
4-27	433-437	sein	negative[8]	_	
4-28	437-438	,	negative[8]	_	
4-29	439-443	dann	negative[8]	_	
4-30	444-449	reißt	negative[8]	_	
4-31	450-452	er	negative[8]	_	
4-32	453-457	noch	negative[8]	_	
4-33	458-459	'	negative[8]	_	
4-34	459-462	nen	negative[8]	_	
4-35	463-469	blöden	negative[8]	_	
4-36	470-474	Witz	negative[8]	_	
4-37	474-475	.	_	_	

#Text=Sie lassen dich draußen stehen, so böse und gemein und wieder bist du das arme Schwein.
5-1	476-479	Sie	negative[9]	_	
5-2	480-486	lassen	negative[9]	_	
5-3	487-491	dich	negative[9]	_	
5-4	492-499	draußen	negative[9]	_	
5-5	500-506	stehen	negative[9]	_	
5-6	506-507	,	negative[9]	_	
5-7	508-510	so	negative[9]	_	
5-8	511-515	böse	negative[9]	_	
5-9	516-519	und	negative[9]	_	
5-10	520-526	gemein	negative[9]	_	
5-11	527-530	und	negative[9]	_	
5-12	531-537	wieder	negative[9]	_	
5-13	538-542	bist	negative[9]	_	
5-14	543-545	du	negative[9]	_	
5-15	546-549	das	negative[9]	Persönliches/Emotionen[22]	
5-16	550-554	arme	negative[9]	Persönliches/Emotionen[22]	
5-17	555-562	Schwein	negative[9]	Persönliches/Emotionen[22]	
5-18	562-563	.	_	_	

#Text=Ach wie gerne wäre ich ...
6-1	568-571	Ach	positive[10]	_	
6-2	572-575	wie	positive[10]	_	
6-3	576-581	gerne	positive[10]	_	
6-4	582-586	wäre	positive[10]	_	
6-5	587-590	ich	positive[10]	_	
6-6	591-592	.	_	_	
6-7	592-593	.	_	_	
6-8	593-594	.	_	_	

#Text=Allein um das zu ändern, werde ich jetzt bald ein superreicher Lebemann, der dann den ganzen Tag mit Champagnerkorken knallt und Arbeit geht ihn nix mehr an.
7-1	599-605	Allein	positive[11]	_	
7-2	606-608	um	positive[11]	_	
7-3	609-612	das	positive[11]	_	
7-4	613-615	zu	positive[11]	_	
7-5	616-622	ändern	positive[11]	_	
7-6	622-623	,	positive[11]	_	
7-7	624-629	werde	positive[11]	_	
7-8	630-633	ich	positive[11]	_	
7-9	634-639	jetzt	positive[11]	_	
7-10	640-644	bald	positive[11]	_	
7-11	645-648	ein	positive[11]	_	
7-12	649-661	superreicher	positive[11]	Politik/Soziales/Missstände[23]	
7-13	662-670	Lebemann	positive[11]	Politik/Soziales/Missstände[23]	
7-14	670-671	,	positive[11]	_	
7-15	672-675	der	positive[11]	_	
7-16	676-680	dann	positive[11]	_	
7-17	681-684	den	positive[11]	_	
7-18	685-691	ganzen	positive[11]	_	
7-19	692-695	Tag	positive[11]	_	
7-20	696-699	mit	positive[11]	_	
7-21	700-716	Champagnerkorken	positive[11]	_	
7-22	717-723	knallt	positive[11]	_	
7-23	724-727	und	positive[11]	_	
7-24	728-734	Arbeit	positive[11]	_	
7-25	735-739	geht	positive[11]	_	
7-26	740-743	ihn	positive[11]	_	
7-27	744-747	nix	positive[11]	_	
7-28	748-752	mehr	positive[11]	_	
7-29	753-755	an	positive[11]	_	
7-30	755-756	.	positive[11]	_	

#Text=Er liebt es teure Frauen mit Schaumwein zu bespritzen, anstatt als arme Filzlaus im Gully abzusitzen.
8-1	757-759	Er	positive[12]	_	
8-2	760-765	liebt	positive[12]	_	
8-3	766-768	es	positive[12]	_	
8-4	769-774	teure	positive[12]	_	
8-5	775-781	Frauen	positive[12]	_	
8-6	782-785	mit	positive[12]	_	
8-7	786-796	Schaumwein	positive[12]	_	
8-8	797-799	zu	positive[12]	_	
8-9	800-810	bespritzen	positive[12]	_	
8-10	810-811	,	_	_	
8-11	812-819	anstatt	negative[13]	_	
8-12	820-823	als	negative[13]	Politik/Soziales/Missstände[24]	
8-13	824-828	arme	negative[13]	Politik/Soziales/Missstände[24]	
8-14	829-837	Filzlaus	negative[13]	Politik/Soziales/Missstände[24]	
8-15	838-840	im	negative[13]	Politik/Soziales/Missstände[24]	
8-16	841-846	Gully	negative[13]	Politik/Soziales/Missstände[24]	
8-17	847-857	abzusitzen	negative[13]	Politik/Soziales/Missstände[24]	
8-18	857-858	.	_	_	

#Text=Ach wie gerne wäre ich ...
9-1	863-866	Ach	positive[14]	_	
9-2	867-870	wie	positive[14]	_	
9-3	871-876	gerne	positive[14]	_	
9-4	877-881	wäre	positive[14]	_	
9-5	882-885	ich	positive[14]	_	
9-6	886-887	.	_	_	
9-7	887-888	.	_	_	
9-8	888-889	.	_	_	

#Text=Den Keller voller Gold, die Doormänner mit Colt vor meiner Suite in Manhattan.
10-1	894-897	Den	positive[15]	_	
10-2	898-904	Keller	positive[15]	_	
10-3	905-911	voller	positive[15]	_	
10-4	912-916	Gold	positive[15]	_	
10-5	916-917	,	positive[15]	_	
10-6	918-921	die	positive[15]	_	
10-7	922-932	Doormänner	positive[15]	_	
10-8	933-936	mit	positive[15]	_	
10-9	937-941	Colt	positive[15]	_	
10-10	942-945	vor	positive[15]	_	
10-11	946-952	meiner	positive[15]	_	
10-12	953-958	Suite	positive[15]	_	
10-13	959-961	in	positive[15]	_	
10-14	962-971	Manhattan	positive[15]	_	
10-15	971-972	.	_	_	

#Text=Die schönsten Fotomodells krabbeln durch die seid'nen Betten.
11-1	973-976	Die	positive[16]	_	
11-2	977-986	schönsten	positive[16]	_	
11-3	987-998	Fotomodells	positive[16]	_	
11-4	999-1007	krabbeln	positive[16]	_	
11-5	1008-1013	durch	positive[16]	_	
11-6	1014-1017	die	positive[16]	_	
11-7	1018-1026	seid'nen	positive[16]	_	
11-8	1027-1033	Betten	positive[16]	_	
11-9	1033-1034	.	_	_	

#Text=Das einzige Problemchen, das ich vielleicht dann hätt': Finden die Mädels wirklich mich oder meine Kohle nett?
12-1	1035-1038	Das	negative[17]	_	
12-2	1039-1046	einzige	negative[17]	_	
12-3	1047-1058	Problemchen	negative[17]	_	
12-4	1058-1059	,	negative[17]	_	
12-5	1060-1063	das	negative[17]	_	
12-6	1064-1067	ich	negative[17]	_	
12-7	1068-1078	vielleicht	negative[17]	_	
12-8	1079-1083	dann	negative[17]	_	
12-9	1084-1088	hätt	negative[17]	_	
12-10	1088-1089	'	negative[17]	_	
12-11	1089-1090	:	negative[17]	_	
12-12	1091-1097	Finden	negative[17]	_	
12-13	1098-1101	die	negative[17]	_	
12-14	1102-1108	Mädels	negative[17]	_	
12-15	1109-1117	wirklich	negative[17]	_	
12-16	1118-1122	mich	negative[17]	_	
12-17	1123-1127	oder	negative[17]	_	
12-18	1128-1133	meine	negative[17]	_	
12-19	1134-1139	Kohle	negative[17]	Politik/Soziales/Missstände	
12-20	1140-1144	nett	negative[17]	_	
12-21	1144-1145	?	_	_	

#Text=Ach wie gerne wäre ich ...
13-1	1150-1153	Ach	positive[18]	_	
13-2	1154-1157	wie	positive[18]	_	
13-3	1158-1163	gerne	positive[18]	_	
13-4	1164-1168	wäre	positive[18]	_	
13-5	1169-1172	ich	positive[18]	_	
13-6	1173-1174	.	_	_	
13-7	1174-1175	.	_	_	
13-8	1175-1176	.	_	_	
