#FORMAT=WebAnno TSV 3.2
#T_SP=webanno.custom.Sentiment|Polarity
#T_SP=webanno.custom.Topic|Topics


#Text=Ich hab' jeden, jeden Film von dir gesehen, Candy Jane.
1-1	0-3	Ich	neutral[1]	_	
1-2	4-7	hab	neutral[1]	_	
1-3	7-8	'	neutral[1]	_	
1-4	9-14	jeden	neutral[1]	_	
1-5	14-15	,	neutral[1]	_	
1-6	16-21	jeden	neutral[1]	_	
1-7	22-26	Film	neutral[1]	_	
1-8	27-30	von	neutral[1]	_	
1-9	31-34	dir	neutral[1]	_	
1-10	35-42	gesehen	neutral[1]	_	
1-11	42-43	,	neutral[1]	_	
1-12	44-49	Candy	neutral[1]	_	
1-13	50-54	Jane	neutral[1]	_	
1-14	54-55	.	_	_	

#Text=Du auf'm Pferd zusammen mit John Wayne.
2-1	56-58	Du	neutral[2]	_	
2-2	59-64	auf'm	neutral[2]	_	
2-3	65-70	Pferd	neutral[2]	_	
2-4	71-79	zusammen	neutral[2]	_	
2-5	80-83	mit	neutral[2]	_	
2-6	84-88	John	neutral[2]	_	
2-7	89-94	Wayne	neutral[2]	_	
2-8	94-95	.	_	_	

#Text=Lila Lippen und die Haare blond, gefährliche Action mit Mr.
3-1	96-100	Lila	neutral[3]	_	
3-2	101-107	Lippen	neutral[3]	_	
3-3	108-111	und	neutral[3]	_	
3-4	112-115	die	neutral[3]	_	
3-5	116-121	Haare	neutral[3]	_	
3-6	122-127	blond	neutral[3]	_	
3-7	127-128	,	neutral[3]	_	
3-8	129-140	gefährliche	neutral[3]	_	
3-9	141-147	Action	neutral[3]	_	
3-10	148-151	mit	neutral[3]	_	
3-11	152-154	Mr	neutral[3]	_	
3-12	154-155	.	_	_	

#Text=James Bond.
4-1	156-161	James	neutral[4]	_	
4-2	162-166	Bond	neutral[4]	_	
4-3	166-167	.	_	_	

#Text=Oder ganz cool in Hollywood am Swimmingpool.
5-1	168-172	Oder	positive[5]	_	
5-2	173-177	ganz	positive[5]	_	
5-3	178-182	cool	positive[5]	_	
5-4	183-185	in	positive[5]	_	
5-5	186-195	Hollywood	positive[5]	Reisen	
5-6	196-198	am	positive[5]	_	
5-7	199-211	Swimmingpool	positive[5]	_	
5-8	211-212	.	_	_	

#Text=Ich hab' jeden, jeden Streifen von dir gesehen, Candy Jane, Und ich konnte dich immer so gut verstehen, Candy Jane.
6-1	217-220	Ich	neutral[6]	_	
6-2	221-224	hab	neutral[6]	_	
6-3	224-225	'	neutral[6]	_	
6-4	226-231	jeden	neutral[6]	_	
6-5	231-232	,	neutral[6]	_	
6-6	233-238	jeden	neutral[6]	_	
6-7	239-247	Streifen	neutral[6]	_	
6-8	248-251	von	neutral[6]	_	
6-9	252-255	dir	neutral[6]	_	
6-10	256-263	gesehen	neutral[6]	_	
6-11	263-264	,	neutral[6]	_	
6-12	265-270	Candy	neutral[6]	_	
6-13	271-275	Jane	neutral[6]	_	
6-14	275-276	,	_	_	
6-15	277-280	Und	positive[7]	_	
6-16	281-284	ich	positive[7]	_	
6-17	285-291	konnte	positive[7]	_	
6-18	292-296	dich	positive[7]	_	
6-19	297-302	immer	positive[7]	_	
6-20	303-305	so	positive[7]	_	
6-21	306-309	gut	positive[7]	Persönliches/Emotionen[21]	
6-22	310-319	verstehen	positive[7]	Persönliches/Emotionen[21]	
6-23	319-320	,	positive[7]	_	
6-24	321-326	Candy	positive[7]	_	
6-25	327-331	Jane	positive[7]	_	
6-26	331-332	.	_	_	

#Text=Doch musste das sein, diese Knutschereien, Mit 'nem Star oder mit 'nem Statist, hättst Du doch besser, oh, hättst Du doch mich geküsst!
7-1	333-337	Doch	negative[8]	_	
7-2	338-344	musste	negative[8]	_	
7-3	345-348	das	negative[8]	_	
7-4	349-353	sein	negative[8]	_	
7-5	353-354	,	negative[8]	_	
7-6	355-360	diese	negative[8]	_	
7-7	361-374	Knutschereien	negative[8]	Liebe/Partnerschaft	
7-8	374-375	,	negative[8]	_	
7-9	376-379	Mit	negative[8]	_	
7-10	380-381	'	negative[8]	_	
7-11	381-384	nem	negative[8]	_	
7-12	385-389	Star	negative[8]	_	
7-13	390-394	oder	negative[8]	_	
7-14	395-398	mit	negative[8]	_	
7-15	399-400	'	negative[8]	_	
7-16	400-403	nem	negative[8]	_	
7-17	404-411	Statist	negative[8]	_	
7-18	411-412	,	_	_	
7-19	413-419	hättst	positive[9]	_	
7-20	420-422	Du	positive[9]	_	
7-21	423-427	doch	positive[9]	_	
7-22	428-434	besser	positive[9]	_	
7-23	434-435	,	positive[9]	_	
7-24	436-438	oh	positive[9]	_	
7-25	438-439	,	positive[9]	_	
7-26	440-446	hättst	positive[9]	_	
7-27	447-449	Du	positive[9]	_	
7-28	450-454	doch	positive[9]	_	
7-29	455-459	mich	positive[9]	Liebe/Partnerschaft[22]	
7-30	460-467	geküsst	positive[9]	Liebe/Partnerschaft[22]	
7-31	467-468	!	_	_	

#Text=Candy Jane, Candy Jane, Candy Jane.
8-1	473-478	Candy	neutral[10]	_	
8-2	479-483	Jane	neutral[10]	_	
8-3	483-484	,	neutral[10]	_	
8-4	485-490	Candy	neutral[10]	_	
8-5	491-495	Jane	neutral[10]	_	
8-6	495-496	,	neutral[10]	_	
8-7	497-502	Candy	neutral[10]	_	
8-8	503-507	Jane	neutral[10]	_	
8-9	507-508	.	_	_	

#Text=Da hab ich mir gedacht, ich flieg jetzt nach New York Und dann landete ich auf dem Kennedy-Airport.
9-1	513-515	Da	neutral[11]	_	
9-2	516-519	hab	neutral[11]	_	
9-3	520-523	ich	neutral[11]	_	
9-4	524-527	mir	neutral[11]	_	
9-5	528-535	gedacht	neutral[11]	_	
9-6	535-536	,	neutral[11]	_	
9-7	537-540	ich	neutral[11]	_	
9-8	541-546	flieg	neutral[11]	Reisen	
9-9	547-552	jetzt	neutral[11]	_	
9-10	553-557	nach	neutral[11]	_	
9-11	558-561	New	neutral[11]	Reisen[23]	
9-12	562-566	York	neutral[11]	Reisen[23]	
9-13	567-570	Und	neutral[11]	_	
9-14	571-575	dann	neutral[11]	_	
9-15	576-583	landete	neutral[11]	_	
9-16	584-587	ich	neutral[11]	_	
9-17	588-591	auf	neutral[11]	_	
9-18	592-595	dem	neutral[11]	_	
9-19	596-611	Kennedy-Airport	neutral[11]	Reisen	
9-20	611-612	.	_	_	

#Text=Ich nahm mir ein Taxi zu deinem Hotel, ich war nervös und mein Herz schlug schnell Und dann sah ich dich da, Candy Jane!
10-1	613-616	Ich	neutral[12]	_	
10-2	617-621	nahm	neutral[12]	_	
10-3	622-625	mir	neutral[12]	_	
10-4	626-629	ein	neutral[12]	_	
10-5	630-634	Taxi	neutral[12]	_	
10-6	635-637	zu	neutral[12]	_	
10-7	638-644	deinem	neutral[12]	_	
10-8	645-650	Hotel	neutral[12]	_	
10-9	650-651	,	_	_	
10-10	652-655	ich	negative[13]	_	
10-11	656-659	war	negative[13]	_	
10-12	660-666	nervös	negative[13]	Persönliches/Emotionen	
10-13	667-670	und	negative[13]	_	
10-14	671-675	mein	negative[13]	Persönliches/Emotionen[24]	
10-15	676-680	Herz	negative[13]	Persönliches/Emotionen[24]	
10-16	681-687	schlug	negative[13]	Persönliches/Emotionen[24]	
10-17	688-695	schnell	negative[13]	Persönliches/Emotionen[24]	
10-18	696-699	Und	positive[14]	_	
10-19	700-704	dann	positive[14]	_	
10-20	705-708	sah	positive[14]	_	
10-21	709-712	ich	positive[14]	_	
10-22	713-717	dich	positive[14]	_	
10-23	718-720	da	positive[14]	_	
10-24	720-721	,	positive[14]	_	
10-25	722-727	Candy	positive[14]	_	
10-26	728-732	Jane	positive[14]	_	
10-27	732-733	!	positive[14]	_	

#Text=Du standst im Salon mit 'ner langen Zigarettenspitze und ein Dandy in Weiß erzählte blöde Witze.
11-1	738-740	Du	neutral[15]	_	
11-2	741-748	standst	neutral[15]	_	
11-3	749-751	im	neutral[15]	_	
11-4	752-757	Salon	neutral[15]	_	
11-5	758-761	mit	neutral[15]	_	
11-6	762-763	'	neutral[15]	_	
11-7	763-766	ner	neutral[15]	_	
11-8	767-773	langen	neutral[15]	_	
11-9	774-790	Zigarettenspitze	neutral[15]	_	
11-10	791-794	und	neutral[15]	_	
11-11	795-798	ein	neutral[15]	_	
11-12	799-804	Dandy	neutral[15]	_	
11-13	805-807	in	neutral[15]	_	
11-14	808-812	Weiß	neutral[15]	_	
11-15	813-821	erzählte	neutral[15]	_	
11-16	822-827	blöde	neutral[15]	_	
11-17	828-833	Witze	neutral[15]	_	
11-18	833-834	.	_	_	

#Text=Ich ging auf dich zu, und sag' Hallo und so, doch du sahst mich gar nicht an und der Typ da sagt: "Schreib an den Fanclub, da gibt's 'n schönes Autogramm".
12-1	835-838	Ich	neutral[16]	_	
12-2	839-843	ging	neutral[16]	_	
12-3	844-847	auf	neutral[16]	_	
12-4	848-852	dich	neutral[16]	_	
12-5	853-855	zu	neutral[16]	_	
12-6	855-856	,	neutral[16]	_	
12-7	857-860	und	neutral[16]	_	
12-8	861-864	sag	neutral[16]	_	
12-9	864-865	'	neutral[16]	_	
12-10	866-871	Hallo	neutral[16]	_	
12-11	872-875	und	neutral[16]	_	
12-12	876-878	so	neutral[16]	_	
12-13	878-879	,	_	_	
12-14	880-884	doch	negative[17]	_	
12-15	885-887	du	negative[17]	_	
12-16	888-893	sahst	negative[17]	_	
12-17	894-898	mich	negative[17]	_	
12-18	899-902	gar	negative[17]	_	
12-19	903-908	nicht	negative[17]	_	
12-20	909-911	an	negative[17]	_	
12-21	912-915	und	neutral[18]	_	
12-22	916-919	der	neutral[18]	_	
12-23	920-923	Typ	neutral[18]	_	
12-24	924-926	da	neutral[18]	_	
12-25	927-931	sagt	neutral[18]	_	
12-26	931-932	:	_	_	
12-27	933-934	"	_	_	
12-28	934-941	Schreib	negative[19]	_	
12-29	942-944	an	negative[19]	_	
12-30	945-948	den	negative[19]	_	
12-31	949-956	Fanclub	negative[19]	_	
12-32	956-957	,	negative[19]	_	
12-33	958-960	da	negative[19]	_	
12-34	961-967	gibt's	negative[19]	_	
12-35	968-969	'	negative[19]	_	
12-36	969-970	n	negative[19]	_	
12-37	971-978	schönes	negative[19]	_	
12-38	979-988	Autogramm	negative[19]	_	
12-39	988-989	"	_	_	
12-40	989-990	.	_	_	

#Text=Candy Jane, Candy Jane, Candy Jane.
13-1	995-1000	Candy	neutral[20]	_	
13-2	1001-1005	Jane	neutral[20]	_	
13-3	1005-1006	,	neutral[20]	_	
13-4	1007-1012	Candy	neutral[20]	_	
13-5	1013-1017	Jane	neutral[20]	_	
13-6	1017-1018	,	neutral[20]	_	
13-7	1019-1024	Candy	neutral[20]	_	
13-8	1025-1029	Jane	neutral[20]	_	
13-9	1029-1030	.	_	_	
