#FORMAT=WebAnno TSV 3.2
#T_SP=webanno.custom.Sentiment|Polarity
#T_SP=webanno.custom.Topic|Topics


#Text=Desperado, du reitest nun schon seit Jahren  allein und verloren durch die Prärie , so hart und rastlos bist du auf der Suche , doch hier in der Einsamkeit findest du dich nie.
1-1	0-9	Desperado	negative[1]	_	
1-2	9-10	,	negative[1]	_	
1-3	11-13	du	negative[1]	_	
1-4	14-21	reitest	negative[1]	Reisen	
1-5	22-25	nun	negative[1]	_	
1-6	26-31	schon	negative[1]	_	
1-7	32-36	seit	negative[1]	_	
1-8	37-43	Jahren	negative[1]	_	
1-9	45-51	allein	negative[1]	Persönliches/Emotionen[13]	
1-10	52-55	und	negative[1]	Persönliches/Emotionen[13]	
1-11	56-64	verloren	negative[1]	Persönliches/Emotionen[13]	
1-12	65-70	durch	negative[1]	_	
1-13	71-74	die	negative[1]	_	
1-14	75-81	Prärie	negative[1]	_	
1-15	82-83	,	negative[1]	_	
1-16	84-86	so	negative[1]	_	
1-17	87-91	hart	negative[1]	_	
1-18	92-95	und	negative[1]	_	
1-19	96-103	rastlos	negative[1]	_	
1-20	104-108	bist	negative[1]	_	
1-21	109-111	du	negative[1]	_	
1-22	112-115	auf	negative[1]	_	
1-23	116-119	der	negative[1]	_	
1-24	120-125	Suche	negative[1]	_	
1-25	126-127	,	negative[1]	_	
1-26	128-132	doch	negative[1]	_	
1-27	133-137	hier	negative[1]	_	
1-28	138-140	in	negative[1]	_	
1-29	141-144	der	negative[1]	_	
1-30	145-155	Einsamkeit	negative[1]	Persönliches/Emotionen	
1-31	156-163	findest	negative[1]	_	
1-32	164-166	du	negative[1]	_	
1-33	167-171	dich	negative[1]	_	
1-34	172-175	nie	negative[1]	_	
1-35	175-176	.	_	_	

#Text=Du treibst dein Pferd die Hügel hoch , in den Canyons hängt dein Echo , was du suchst, das weißt nur du allein , das nächste Tal kann noch grüner sein  und dahinter glänzt Gold im Sonnenschein , vielleicht ist das endlich dein "El Dorado".
2-1	181-183	Du	neutral[2]	_	
2-2	184-191	treibst	neutral[2]	_	
2-3	192-196	dein	neutral[2]	_	
2-4	197-202	Pferd	neutral[2]	_	
2-5	203-206	die	neutral[2]	_	
2-6	207-212	Hügel	neutral[2]	_	
2-7	213-217	hoch	neutral[2]	_	
2-8	218-219	,	neutral[2]	_	
2-9	220-222	in	neutral[2]	_	
2-10	223-226	den	neutral[2]	_	
2-11	227-234	Canyons	neutral[2]	_	
2-12	235-240	hängt	neutral[2]	_	
2-13	241-245	dein	neutral[2]	_	
2-14	246-250	Echo	neutral[2]	_	
2-15	251-252	,	_	_	
2-16	253-256	was	positive[3]	_	
2-17	257-259	du	positive[3]	_	
2-18	260-266	suchst	positive[3]	_	
2-19	266-267	,	positive[3]	_	
2-20	268-271	das	positive[3]	_	
2-21	272-277	weißt	positive[3]	_	
2-22	278-281	nur	positive[3]	_	
2-23	282-284	du	positive[3]	_	
2-24	285-291	allein	positive[3]	_	
2-25	292-293	,	positive[3]	_	
2-26	294-297	das	positive[3]	_	
2-27	298-305	nächste	positive[3]	_	
2-28	306-309	Tal	positive[3]	_	
2-29	310-314	kann	positive[3]	_	
2-30	315-319	noch	positive[3]	_	
2-31	320-326	grüner	positive[3]	_	
2-32	327-331	sein	positive[3]	_	
2-33	333-336	und	positive[3]	_	
2-34	337-345	dahinter	positive[3]	_	
2-35	346-352	glänzt	positive[3]	_	
2-36	353-357	Gold	positive[3]	_	
2-37	358-360	im	positive[3]	_	
2-38	361-373	Sonnenschein	positive[3]	_	
2-39	374-375	,	positive[3]	_	
2-40	376-386	vielleicht	positive[3]	_	
2-41	387-390	ist	positive[3]	_	
2-42	391-394	das	positive[3]	_	
2-43	395-402	endlich	positive[3]	_	
2-44	403-407	dein	positive[3]	_	
2-45	408-409	"	positive[3]	_	
2-46	409-411	El	positive[3]	Reisen[14]	
2-47	412-418	Dorado	positive[3]	Reisen[14]	
2-48	418-419	"	_	_	
2-49	419-420	.	_	_	

#Text=Desperado, du belügst dich und du wirst nicht jünger .
3-1	425-434	Desperado	negative[4]	_	
3-2	434-435	,	negative[4]	_	
3-3	436-438	du	negative[4]	Persönliches/Emotionen[15]	
3-4	439-446	belügst	negative[4]	Persönliches/Emotionen[15]	
3-5	447-451	dich	negative[4]	Persönliches/Emotionen[15]	
3-6	452-455	und	negative[4]	_	
3-7	456-458	du	negative[4]	_	
3-8	459-464	wirst	negative[4]	_	
3-9	465-470	nicht	negative[4]	_	
3-10	471-477	jünger	negative[4]	_	
3-11	478-479	.	_	_	

#Text=Schmerzen und Hunger brechen dich bald .
4-1	480-489	Schmerzen	negative[5]	Persönliches/Emotionen[16]	
4-2	490-493	und	negative[5]	Persönliches/Emotionen[16]	
4-3	494-500	Hunger	negative[5]	Persönliches/Emotionen[16]	
4-4	501-508	brechen	negative[5]	_	
4-5	509-513	dich	negative[5]	_	
4-6	514-518	bald	negative[5]	_	
4-7	519-520	.	_	_	

#Text=Freiheit, Freiheit , so nennen's die anderen , doch für dich wird's zum Gefängnis , darin wirst du schwach und alt.
5-1	521-529	Freiheit	negative[6]	_	
5-2	529-530	,	negative[6]	_	
5-3	531-539	Freiheit	negative[6]	_	
5-4	540-541	,	negative[6]	_	
5-5	542-544	so	negative[6]	_	
5-6	545-553	nennen's	negative[6]	_	
5-7	554-557	die	negative[6]	_	
5-8	558-565	anderen	negative[6]	_	
5-9	566-567	,	negative[6]	_	
5-10	568-572	doch	negative[6]	_	
5-11	573-576	für	negative[6]	_	
5-12	577-581	dich	negative[6]	_	
5-13	582-588	wird's	negative[6]	_	
5-14	589-592	zum	negative[6]	_	
5-15	593-602	Gefängnis	negative[6]	Politik/Soziales/Missstände	
5-16	603-604	,	negative[6]	_	
5-17	605-610	darin	negative[6]	_	
5-18	611-616	wirst	negative[6]	_	
5-19	617-619	du	negative[6]	_	
5-20	620-627	schwach	negative[6]	Persönliches/Emotionen[17]	
5-21	628-631	und	negative[6]	Persönliches/Emotionen[17]	
5-22	632-635	alt	negative[6]	Persönliches/Emotionen[17]	
5-23	635-636	.	negative[6]	_	

#Text=Ist es nicht zu kalt in der Winterzeit , die Luft voll Schnee und die Sonne so weit , du weißt nicht, ob es Tag ist oder Nacht .
6-1	641-644	Ist	neutral[7]	_	
6-2	645-647	es	neutral[7]	_	
6-3	648-653	nicht	neutral[7]	_	
6-4	654-656	zu	neutral[7]	_	
6-5	657-661	kalt	neutral[7]	_	
6-6	662-664	in	neutral[7]	_	
6-7	665-668	der	neutral[7]	_	
6-8	669-679	Winterzeit	neutral[7]	_	
6-9	680-681	,	neutral[7]	_	
6-10	682-685	die	neutral[7]	_	
6-11	686-690	Luft	neutral[7]	_	
6-12	691-695	voll	neutral[7]	_	
6-13	696-702	Schnee	neutral[7]	_	
6-14	703-706	und	neutral[7]	_	
6-15	707-710	die	neutral[7]	_	
6-16	711-716	Sonne	neutral[7]	_	
6-17	717-719	so	neutral[7]	_	
6-18	720-724	weit	neutral[7]	_	
6-19	725-726	,	neutral[7]	_	
6-20	727-729	du	neutral[7]	_	
6-21	730-735	weißt	neutral[7]	_	
6-22	736-741	nicht	neutral[7]	_	
6-23	741-742	,	neutral[7]	_	
6-24	743-745	ob	neutral[7]	_	
6-25	746-748	es	neutral[7]	_	
6-26	749-752	Tag	neutral[7]	_	
6-27	753-756	ist	neutral[7]	_	
6-28	757-761	oder	neutral[7]	_	
6-29	762-767	Nacht	neutral[7]	_	
6-30	768-769	.	neutral[7]	_	

#Text=In dunklen Höhlen sitzt du dann  und lehnst dich an deine Träume an , es gab mal Zeiten, da hast du auch gelacht.
7-1	770-772	In	negative[8]	_	
7-2	773-780	dunklen	negative[8]	_	
7-3	781-787	Höhlen	negative[8]	_	
7-4	788-793	sitzt	negative[8]	_	
7-5	794-796	du	negative[8]	_	
7-6	797-801	dann	negative[8]	_	
7-7	803-806	und	negative[8]	_	
7-8	807-813	lehnst	negative[8]	_	
7-9	814-818	dich	negative[8]	_	
7-10	819-821	an	negative[8]	_	
7-11	822-827	deine	negative[8]	_	
7-12	828-834	Träume	negative[8]	Persönliches/Emotionen	
7-13	835-837	an	negative[8]	_	
7-14	838-839	,	_	_	
7-15	840-842	es	positive[9]	_	
7-16	843-846	gab	positive[9]	_	
7-17	847-850	mal	positive[9]	_	
7-18	851-857	Zeiten	positive[9]	_	
7-19	857-858	,	positive[9]	_	
7-20	859-861	da	positive[9]	_	
7-21	862-866	hast	positive[9]	_	
7-22	867-869	du	positive[9]	_	
7-23	870-874	auch	positive[9]	_	
7-24	875-882	gelacht	positive[9]	Persönliches/Emotionen	
7-25	882-883	.	_	_	

#Text=Desperado, merkst du nicht , dass es hier draußen  keine Spur Hoffnung mehr für dich gibt?
8-1	888-897	Desperado	negative[10]	_	
8-2	897-898	,	negative[10]	_	
8-3	899-905	merkst	negative[10]	_	
8-4	906-908	du	negative[10]	_	
8-5	909-914	nicht	negative[10]	_	
8-6	915-916	,	negative[10]	_	
8-7	917-921	dass	negative[10]	_	
8-8	922-924	es	negative[10]	_	
8-9	925-929	hier	negative[10]	_	
8-10	930-937	draußen	negative[10]	_	
8-11	939-944	keine	negative[10]	Persönliches/Emotionen[18]	
8-12	945-949	Spur	negative[10]	Persönliches/Emotionen[18]	
8-13	950-958	Hoffnung	negative[10]	Persönliches/Emotionen[18]	
8-14	959-963	mehr	negative[10]	_	
8-15	964-967	für	negative[10]	_	
8-16	968-972	dich	negative[10]	_	
8-17	973-977	gibt	negative[10]	_	
8-18	977-978	?	negative[10]	_	

#Text=Du reitest nun schon seit Jahren  an deinem Abgrund entlang , gib deinem Pferd die Sporen , denn noch bist du nicht verloren , zu Hause wartet schon lange jemand , der dich sehr liebt.
9-1	980-982	Du	positive[11]	_	
9-2	983-990	reitest	positive[11]	_	
9-3	991-994	nun	positive[11]	_	
9-4	995-1000	schon	positive[11]	_	
9-5	1001-1005	seit	positive[11]	_	
9-6	1006-1012	Jahren	positive[11]	_	
9-7	1014-1016	an	positive[11]	_	
9-8	1017-1023	deinem	positive[11]	_	
9-9	1024-1031	Abgrund	positive[11]	_	
9-10	1032-1039	entlang	positive[11]	_	
9-11	1040-1041	,	positive[11]	_	
9-12	1042-1045	gib	positive[11]	_	
9-13	1046-1052	deinem	positive[11]	_	
9-14	1053-1058	Pferd	positive[11]	_	
9-15	1059-1062	die	positive[11]	_	
9-16	1063-1069	Sporen	positive[11]	_	
9-17	1070-1071	,	positive[11]	_	
9-18	1072-1076	denn	positive[11]	_	
9-19	1077-1081	noch	positive[11]	_	
9-20	1082-1086	bist	positive[11]	_	
9-21	1087-1089	du	positive[11]	_	
9-22	1090-1095	nicht	positive[11]	_	
9-23	1096-1104	verloren	positive[11]	_	
9-24	1105-1106	,	_	_	
9-25	1107-1109	zu	positive[12]	_	
9-26	1110-1115	Hause	positive[12]	_	
9-27	1116-1122	wartet	positive[12]	_	
9-28	1123-1128	schon	positive[12]	_	
9-29	1129-1134	lange	positive[12]	_	
9-30	1135-1141	jemand	positive[12]	_	
9-31	1142-1143	,	positive[12]	_	
9-32	1144-1147	der	positive[12]	_	
9-33	1148-1152	dich	positive[12]	_	
9-34	1153-1157	sehr	positive[12]	Liebe/Partnerschaft[19]	
9-35	1158-1163	liebt	positive[12]	Liebe/Partnerschaft[19]	
9-36	1163-1164	.	_	_	
