#FORMAT=WebAnno TSV 3.2
#T_SP=webanno.custom.Sentiment|Polarity
#T_SP=webanno.custom.Topic|Topics


#Text=Mitten im Konzert plötzlich wird mir ganz schlapp und ich knall' auf die Bretter und ich denk', ich kratz' ab.
1-1	0-6	Mitten	negative[1]	_	
1-2	7-9	im	negative[1]	_	
1-3	10-17	Konzert	negative[1]	Musik	
1-4	18-27	plötzlich	negative[1]	_	
1-5	28-32	wird	negative[1]	_	
1-6	33-36	mir	negative[1]	_	
1-7	37-41	ganz	negative[1]	Persönliches/Emotionen[21]	
1-8	42-49	schlapp	negative[1]	Persönliches/Emotionen[21]	
1-9	50-53	und	negative[1]	_	
1-10	54-57	ich	negative[1]	_	
1-11	58-63	knall	negative[1]	_	
1-12	63-64	'	negative[1]	_	
1-13	65-68	auf	negative[1]	_	
1-14	69-72	die	negative[1]	_	
1-15	73-80	Bretter	negative[1]	_	
1-16	81-84	und	negative[1]	_	
1-17	85-88	ich	negative[1]	_	
1-18	89-93	denk	negative[1]	_	
1-19	93-94	'	negative[1]	_	
1-20	94-95	,	negative[1]	_	
1-21	96-99	ich	negative[1]	Persönliches/Emotionen[22]	
1-22	100-105	kratz	negative[1]	Persönliches/Emotionen[22]	
1-23	105-106	'	negative[1]	Persönliches/Emotionen[22]	
1-24	107-109	ab	negative[1]	Persönliches/Emotionen[22]	
1-25	109-110	.	negative[1]	_	

#Text=Mir wird schwarz vor den Füßen und ich denk', was is'n dieses und krieg' so'n Feeling so'n unberuhigend todesnahes mieses.
2-1	111-114	Mir	negative[2]	Persönliches/Emotionen[23]	
2-2	115-119	wird	negative[2]	Persönliches/Emotionen[23]	
2-3	120-127	schwarz	negative[2]	Persönliches/Emotionen[23]	
2-4	128-131	vor	negative[2]	Persönliches/Emotionen[23]	
2-5	132-135	den	negative[2]	Persönliches/Emotionen[23]	
2-6	136-141	Füßen	negative[2]	Persönliches/Emotionen[23]	
2-7	142-145	und	negative[2]	_	
2-8	146-149	ich	negative[2]	_	
2-9	150-154	denk	negative[2]	_	
2-10	154-155	'	negative[2]	_	
2-11	155-156	,	negative[2]	_	
2-12	157-160	was	negative[2]	_	
2-13	161-165	is'n	negative[2]	_	
2-14	166-172	dieses	negative[2]	_	
2-15	173-176	und	negative[2]	_	
2-16	177-182	krieg	negative[2]	_	
2-17	182-183	'	negative[2]	_	
2-18	184-188	so'n	negative[2]	_	
2-19	189-196	Feeling	negative[2]	_	
2-20	197-201	so'n	negative[2]	_	
2-21	202-214	unberuhigend	negative[2]	_	
2-22	215-225	todesnahes	negative[2]	Persönliches/Emotionen	
2-23	226-232	mieses	negative[2]	_	
2-24	232-233	.	negative[2]	_	

#Text=Sie kommen und holen mich ab - haha - mit Blaulicht und Tatütata und der Doc setzt mir den Baldrianschuss und er sagt: "Wenn Sie so weitermachen, ist bald Schluss.
3-1	238-241	Sie	negative[3]	_	
3-2	242-248	kommen	negative[3]	_	
3-3	249-252	und	negative[3]	_	
3-4	253-258	holen	negative[3]	_	
3-5	259-263	mich	negative[3]	_	
3-6	264-266	ab	negative[3]	_	
3-7	267-268	-	negative[3]	_	
3-8	269-273	haha	negative[3]	_	
3-9	274-275	-	negative[3]	_	
3-10	276-279	mit	negative[3]	_	
3-11	280-289	Blaulicht	negative[3]	Gesundheit/Drogen[24]	
3-12	290-293	und	negative[3]	Gesundheit/Drogen[24]	
3-13	294-302	Tatütata	negative[3]	Gesundheit/Drogen[24]	
3-14	303-306	und	negative[3]	_	
3-15	307-310	der	negative[3]	_	
3-16	311-314	Doc	negative[3]	Gesundheit/Drogen	
3-17	315-320	setzt	negative[3]	_	
3-18	321-324	mir	negative[3]	_	
3-19	325-328	den	negative[3]	_	
3-20	329-343	Baldrianschuss	negative[3]	Gesundheit/Drogen	
3-21	344-347	und	_	_	
3-22	348-350	er	negative[4]	_	
3-23	351-355	sagt	negative[4]	_	
3-24	355-356	:	negative[4]	_	
3-25	357-358	"	negative[4]	_	
3-26	358-362	Wenn	negative[4]	_	
3-27	363-366	Sie	negative[4]	_	
3-28	367-369	so	negative[4]	_	
3-29	370-382	weitermachen	negative[4]	_	
3-30	382-383	,	negative[4]	_	
3-31	384-387	ist	negative[4]	_	
3-32	388-392	bald	negative[4]	_	
3-33	393-400	Schluss	negative[4]	_	
3-34	400-401	.	_	_	

#Text=Sie zerfetzen Ihre Nerven mit der ganzen Panik-Show und zum Ausgleich brauchen Sie 'ne solide Ehefrau so mit Häuschen und Kamin und nach Möglichkeit im Grünen, aber bitte nicht so 'ne Chaos-Else und drum verordne ich Ihnen:  
#Text= 
#Text=Das Eheinstitut Dr.
4-1	406-409	Sie	negative[5]	_	
4-2	410-419	zerfetzen	negative[5]	_	
4-3	420-424	Ihre	negative[5]	_	
4-4	425-431	Nerven	negative[5]	_	
4-5	432-435	mit	negative[5]	_	
4-6	436-439	der	negative[5]	_	
4-7	440-446	ganzen	negative[5]	_	
4-8	447-457	Panik-Show	negative[5]	Musik	
4-9	458-461	und	negative[5]	_	
4-10	462-465	zum	negative[5]	_	
4-11	466-475	Ausgleich	negative[5]	_	
4-12	476-484	brauchen	negative[5]	_	
4-13	485-488	Sie	negative[5]	_	
4-14	489-490	'	negative[5]	_	
4-15	490-492	ne	negative[5]	_	
4-16	493-499	solide	negative[5]	Liebe/Partnerschaft[25]	
4-17	500-507	Ehefrau	negative[5]	Liebe/Partnerschaft[25]	
4-18	508-510	so	negative[5]	_	
4-19	511-514	mit	negative[5]	_	
4-20	515-523	Häuschen	negative[5]	_	
4-21	524-527	und	negative[5]	_	
4-22	528-533	Kamin	negative[5]	_	
4-23	534-537	und	negative[5]	_	
4-24	538-542	nach	negative[5]	_	
4-25	543-554	Möglichkeit	negative[5]	_	
4-26	555-557	im	negative[5]	_	
4-27	558-564	Grünen	negative[5]	_	
4-28	564-565	,	negative[5]	_	
4-29	566-570	aber	negative[5]	_	
4-30	571-576	bitte	negative[5]	_	
4-31	577-582	nicht	negative[5]	_	
4-32	583-585	so	negative[5]	_	
4-33	586-587	'	negative[5]	_	
4-34	587-589	ne	negative[5]	_	
4-35	590-600	Chaos-Else	negative[5]	Liebe/Partnerschaft	
4-36	601-604	und	positive[6]	_	
4-37	605-609	drum	positive[6]	_	
4-38	610-618	verordne	positive[6]	_	
4-39	619-622	ich	positive[6]	_	
4-40	623-628	Ihnen	positive[6]	_	
4-41	628-629	:	positive[6]	_	
4-42	634-637	Das	positive[6]	_	
4-43	638-649	Eheinstitut	positive[6]	Liebe/Partnerschaft	
4-44	650-652	Dr	_	_	
4-45	652-653	.	_	_	

#Text=Schraube bringt Sie sicher und schnell unter die Haube und vermittelt Ihnen geschwindi Frau Lindi - Frau Lindi."
5-1	654-662	Schraube	positive[7]	_	
5-2	663-669	bringt	positive[7]	_	
5-3	670-673	Sie	positive[7]	_	
5-4	674-680	sicher	positive[7]	_	
5-5	681-684	und	positive[7]	_	
5-6	685-692	schnell	positive[7]	_	
5-7	693-698	unter	positive[7]	Liebe/Partnerschaft[26]	
5-8	699-702	die	positive[7]	Liebe/Partnerschaft[26]	
5-9	703-708	Haube	positive[7]	Liebe/Partnerschaft[26]	
5-10	709-712	und	positive[7]	_	
5-11	713-723	vermittelt	positive[7]	_	
5-12	724-729	Ihnen	positive[7]	_	
5-13	730-740	geschwindi	positive[7]	_	
5-14	741-745	Frau	positive[7]	_	
5-15	746-751	Lindi	positive[7]	_	
5-16	752-753	-	positive[7]	_	
5-17	754-758	Frau	positive[7]	_	
5-18	759-764	Lindi	positive[7]	_	
5-19	764-765	.	positive[7]	_	
5-20	765-766	"	positive[7]	_	

#Text="Ham' se nich, ham' se nich', ham' se nich 'ne Frau für mich?"
6-1	771-772	"	_	_	
6-2	772-775	Ham	neutral[8]	_	
6-3	775-776	'	neutral[8]	_	
6-4	777-779	se	neutral[8]	_	
6-5	780-784	nich	neutral[8]	_	
6-6	784-785	,	neutral[8]	_	
6-7	786-789	ham	neutral[8]	_	
6-8	789-790	'	neutral[8]	_	
6-9	791-793	se	neutral[8]	_	
6-10	794-798	nich	neutral[8]	_	
6-11	798-799	'	neutral[8]	_	
6-12	799-800	,	neutral[8]	_	
6-13	801-804	ham	neutral[8]	_	
6-14	804-805	'	neutral[8]	_	
6-15	806-808	se	neutral[8]	_	
6-16	809-813	nich	neutral[8]	_	
6-17	814-815	'	neutral[8]	_	
6-18	815-817	ne	neutral[8]	Liebe/Partnerschaft[27]	
6-19	818-822	Frau	neutral[8]	Liebe/Partnerschaft[27]	
6-20	823-826	für	neutral[8]	Liebe/Partnerschaft[27]	
6-21	827-831	mich	neutral[8]	Liebe/Partnerschaft[27]	
6-22	831-832	?	neutral[8]	_	
6-23	832-833	"	neutral[8]	_	

#Text="Ja, ja, ja - wir haben eine da."
7-1	834-835	"	positive[9]	_	
7-2	835-837	Ja	positive[9]	_	
7-3	837-838	,	positive[9]	_	
7-4	839-841	ja	positive[9]	_	
7-5	841-842	,	positive[9]	_	
7-6	843-845	ja	positive[9]	_	
7-7	846-847	-	positive[9]	_	
7-8	848-851	wir	positive[9]	_	
7-9	852-857	haben	positive[9]	_	
7-10	858-862	eine	positive[9]	_	
7-11	863-865	da	positive[9]	_	
7-12	865-866	.	positive[9]	_	
7-13	866-867	"	positive[9]	_	

#Text=Wie 'ne Mutter Morgana, wie 'ne Tochter, wie 'ne Schwester und sie bläst die erste Geige im Panikorchester.
8-1	868-871	Wie	positive[10]	_	
8-2	872-873	'	positive[10]	_	
8-3	873-875	ne	positive[10]	_	
8-4	876-882	Mutter	positive[10]	_	
8-5	883-890	Morgana	positive[10]	_	
8-6	890-891	,	positive[10]	_	
8-7	892-895	wie	positive[10]	_	
8-8	896-897	'	positive[10]	_	
8-9	897-899	ne	positive[10]	_	
8-10	900-907	Tochter	positive[10]	_	
8-11	907-908	,	positive[10]	_	
8-12	909-912	wie	positive[10]	_	
8-13	913-914	'	positive[10]	_	
8-14	914-916	ne	positive[10]	_	
8-15	917-926	Schwester	positive[10]	_	
8-16	927-930	und	positive[10]	_	
8-17	931-934	sie	positive[10]	_	
8-18	935-940	bläst	positive[10]	_	
8-19	941-944	die	positive[10]	_	
8-20	945-950	erste	positive[10]	Musik[28]	
8-21	951-956	Geige	positive[10]	Musik[28]	
8-22	957-959	im	positive[10]	Musik[28]	
8-23	960-974	Panikorchester	positive[10]	Musik[28]	
8-24	974-975	.	positive[10]	_	

#Text=Sizilianische Madonna, klosterclean und unberührt, die mich als reißender Vamp zehnmal täglich attackiert.
9-1	976-989	Sizilianische	neutral[11]	Liebe/Partnerschaft[29]	
9-2	990-997	Madonna	neutral[11]	Liebe/Partnerschaft[29]	
9-3	997-998	,	neutral[11]	_	
9-4	999-1011	klosterclean	neutral[11]	_	
9-5	1012-1015	und	neutral[11]	_	
9-6	1016-1025	unberührt	neutral[11]	_	
9-7	1025-1026	,	neutral[11]	_	
9-8	1027-1030	die	neutral[11]	_	
9-9	1031-1035	mich	neutral[11]	_	
9-10	1036-1039	als	neutral[11]	_	
9-11	1040-1049	reißender	neutral[11]	_	
9-12	1050-1054	Vamp	neutral[11]	_	
9-13	1055-1062	zehnmal	neutral[11]	_	
9-14	1063-1070	täglich	neutral[11]	_	
9-15	1071-1081	attackiert	neutral[11]	_	
9-16	1081-1082	.	neutral[11]	_	

#Text=Das Eheinstitut Dr.
10-1	1087-1090	Das	_	_	
10-2	1091-1102	Eheinstitut	_	Liebe/Partnerschaft	
10-3	1103-1105	Dr	_	_	
10-4	1105-1106	.	_	_	

#Text=Schraube bringt Sie sicher und schnell unter die Haube und vermittelt Ihnen geschwindi Frau Lindi - die maßgeschneiderte Frau Lindi.
11-1	1107-1115	Schraube	positive[12]	_	
11-2	1116-1122	bringt	positive[12]	_	
11-3	1123-1126	Sie	positive[12]	_	
11-4	1127-1133	sicher	positive[12]	_	
11-5	1134-1137	und	positive[12]	_	
11-6	1138-1145	schnell	positive[12]	_	
11-7	1146-1151	unter	positive[12]	Liebe/Partnerschaft[30]	
11-8	1152-1155	die	positive[12]	Liebe/Partnerschaft[30]	
11-9	1156-1161	Haube	positive[12]	Liebe/Partnerschaft[30]	
11-10	1162-1165	und	positive[12]	_	
11-11	1166-1176	vermittelt	positive[12]	_	
11-12	1177-1182	Ihnen	positive[12]	_	
11-13	1183-1193	geschwindi	positive[12]	_	
11-14	1194-1198	Frau	positive[12]	_	
11-15	1199-1204	Lindi	positive[12]	_	
11-16	1205-1206	-	positive[12]	_	
11-17	1207-1210	die	positive[12]	_	
11-18	1211-1227	maßgeschneiderte	positive[12]	Liebe/Partnerschaft[31]	
11-19	1228-1232	Frau	positive[12]	Liebe/Partnerschaft[31]	
11-20	1233-1238	Lindi	positive[12]	_	
11-21	1238-1239	.	positive[12]	_	

#Text=Au ja, 'n Teenie mit Doktortitel lila Strapse und drüber'n weißer Kittel.
12-1	1244-1246	Au	neutral[13]	_	
12-2	1247-1249	ja	neutral[13]	_	
12-3	1249-1250	,	neutral[13]	_	
12-4	1251-1252	'	neutral[13]	_	
12-5	1252-1253	n	neutral[13]	_	
12-6	1254-1260	Teenie	neutral[13]	_	
12-7	1261-1264	mit	neutral[13]	_	
12-8	1265-1276	Doktortitel	neutral[13]	Gesundheit/Drogen	
12-9	1277-1281	lila	neutral[13]	_	
12-10	1282-1289	Strapse	neutral[13]	Liebe/Partnerschaft	
12-11	1290-1293	und	neutral[13]	_	
12-12	1294-1302	drüber'n	neutral[13]	_	
12-13	1303-1309	weißer	neutral[13]	Gesundheit/Drogen[32]	
12-14	1310-1316	Kittel	neutral[13]	Gesundheit/Drogen[32]	
12-15	1316-1317	.	neutral[13]	_	

#Text=Ja, sie müsste schon was verstehen von Medizin, denn ich hab' da so'n Jucken und ich hab' da so'n Zucken und bin auch sonst nicht ganz clean.
13-1	1318-1320	Ja	negative[14]	_	
13-2	1320-1321	,	negative[14]	_	
13-3	1322-1325	sie	negative[14]	_	
13-4	1326-1332	müsste	negative[14]	_	
13-5	1333-1338	schon	negative[14]	_	
13-6	1339-1342	was	negative[14]	_	
13-7	1343-1352	verstehen	negative[14]	_	
13-8	1353-1356	von	negative[14]	_	
13-9	1357-1364	Medizin	negative[14]	Gesundheit/Drogen	
13-10	1364-1365	,	negative[14]	_	
13-11	1366-1370	denn	negative[14]	_	
13-12	1371-1374	ich	negative[14]	_	
13-13	1375-1378	hab	negative[14]	_	
13-14	1378-1379	'	negative[14]	_	
13-15	1380-1382	da	negative[14]	_	
13-16	1383-1387	so'n	negative[14]	_	
13-17	1388-1394	Jucken	negative[14]	Persönliches/Emotionen	
13-18	1395-1398	und	negative[14]	_	
13-19	1399-1402	ich	negative[14]	_	
13-20	1403-1406	hab	negative[14]	_	
13-21	1406-1407	'	negative[14]	_	
13-22	1408-1410	da	negative[14]	_	
13-23	1411-1415	so'n	negative[14]	_	
13-24	1416-1422	Zucken	negative[14]	Persönliches/Emotionen	
13-25	1423-1426	und	negative[14]	_	
13-26	1427-1430	bin	negative[14]	_	
13-27	1431-1435	auch	negative[14]	_	
13-28	1436-1441	sonst	negative[14]	_	
13-29	1442-1447	nicht	negative[14]	_	
13-30	1448-1452	ganz	negative[14]	_	
13-31	1453-1458	clean	negative[14]	Gesundheit/Drogen	
13-32	1458-1459	.	negative[14]	_	

#Text=Ja, sie müsste auch was verstehen von Psychologie und dann zählt sie meine Macken durch und fertig wird sie nie.
14-1	1460-1462	Ja	negative[15]	_	
14-2	1462-1463	,	negative[15]	_	
14-3	1464-1467	sie	negative[15]	_	
14-4	1468-1474	müsste	negative[15]	_	
14-5	1475-1479	auch	negative[15]	_	
14-6	1480-1483	was	negative[15]	_	
14-7	1484-1493	verstehen	negative[15]	_	
14-8	1494-1497	von	negative[15]	_	
14-9	1498-1509	Psychologie	negative[15]	_	
14-10	1510-1513	und	negative[15]	_	
14-11	1514-1518	dann	negative[15]	_	
14-12	1519-1524	zählt	negative[15]	_	
14-13	1525-1528	sie	negative[15]	_	
14-14	1529-1534	meine	negative[15]	Persönliches/Emotionen[33]	
14-15	1535-1541	Macken	negative[15]	Persönliches/Emotionen[33]	
14-16	1542-1547	durch	negative[15]	_	
14-17	1548-1551	und	negative[15]	_	
14-18	1552-1558	fertig	negative[15]	_	
14-19	1559-1563	wird	negative[15]	_	
14-20	1564-1567	sie	negative[15]	_	
14-21	1568-1571	nie	negative[15]	_	
14-22	1571-1572	.	negative[15]	_	

#Text=Au ja, und keine anderen Götter neben mir und mit dreizehn Lindenzwergen dank' ich ihr dafür.
15-1	1573-1575	Au	positive[16]	_	
15-2	1576-1578	ja	positive[16]	_	
15-3	1578-1579	,	positive[16]	_	
15-4	1580-1583	und	positive[16]	_	
15-5	1584-1589	keine	positive[16]	_	
15-6	1590-1597	anderen	positive[16]	_	
15-7	1598-1604	Götter	positive[16]	_	
15-8	1605-1610	neben	positive[16]	_	
15-9	1611-1614	mir	positive[16]	_	
15-10	1615-1618	und	positive[16]	_	
15-11	1619-1622	mit	positive[16]	_	
15-12	1623-1631	dreizehn	positive[16]	_	
15-13	1632-1645	Lindenzwergen	positive[16]	_	
15-14	1646-1650	dank	positive[16]	Persönliches/Emotionen[34]	
15-15	1650-1651	'	positive[16]	Persönliches/Emotionen[34]	
15-16	1652-1655	ich	positive[16]	Persönliches/Emotionen[34]	
15-17	1656-1659	ihr	positive[16]	_	
15-18	1660-1665	dafür	positive[16]	_	
15-19	1665-1666	.	positive[16]	_	

#Text=Und wenn ich meine anderen Frauen mit nach Hause bring', was sagt sie dann:  "Geil, ich gewinne neue Freundinnen, ich verlier doch keinen Mann."
16-1	1667-1670	Und	negative[17]	_	
16-2	1671-1675	wenn	negative[17]	_	
16-3	1676-1679	ich	negative[17]	_	
16-4	1680-1685	meine	negative[17]	_	
16-5	1686-1693	anderen	negative[17]	Liebe/Partnerschaft[35]	
16-6	1694-1700	Frauen	negative[17]	Liebe/Partnerschaft[35]	
16-7	1701-1704	mit	negative[17]	_	
16-8	1705-1709	nach	negative[17]	_	
16-9	1710-1715	Hause	negative[17]	_	
16-10	1716-1721	bring	negative[17]	_	
16-11	1721-1722	'	negative[17]	_	
16-12	1722-1723	,	negative[17]	_	
16-13	1724-1727	was	negative[17]	_	
16-14	1728-1732	sagt	negative[17]	_	
16-15	1733-1736	sie	negative[17]	_	
16-16	1737-1741	dann	negative[17]	_	
16-17	1741-1742	:	_	_	
16-18	1744-1745	"	_	_	
16-19	1745-1749	Geil	positive[18]	_	
16-20	1749-1750	,	positive[18]	_	
16-21	1751-1754	ich	positive[18]	_	
16-22	1755-1762	gewinne	positive[18]	_	
16-23	1763-1767	neue	positive[18]	Liebe/Partnerschaft[36]	
16-24	1768-1779	Freundinnen	positive[18]	Liebe/Partnerschaft[36]	
16-25	1779-1780	,	positive[18]	_	
16-26	1781-1784	ich	positive[18]	_	
16-27	1785-1792	verlier	positive[18]	_	
16-28	1793-1797	doch	positive[18]	_	
16-29	1798-1804	keinen	positive[18]	_	
16-30	1805-1809	Mann	positive[18]	_	
16-31	1809-1810	.	positive[18]	_	
16-32	1810-1811	"	_	_	

#Text=Und wenn ich mal wieder zwölf Monate auf Maratour bin, dann strickt sie mit denen im Team für den fertigen Lotterlurch ein nagelneues Nervenkostüm.
17-1	1812-1815	Und	positive[19]	_	
17-2	1816-1820	wenn	positive[19]	_	
17-3	1821-1824	ich	positive[19]	_	
17-4	1825-1828	mal	positive[19]	_	
17-5	1829-1835	wieder	positive[19]	_	
17-6	1836-1841	zwölf	positive[19]	_	
17-7	1842-1848	Monate	positive[19]	_	
17-8	1849-1852	auf	positive[19]	_	
17-9	1853-1861	Maratour	positive[19]	Musik	
17-10	1862-1865	bin	positive[19]	_	
17-11	1865-1866	,	positive[19]	_	
17-12	1867-1871	dann	positive[19]	_	
17-13	1872-1879	strickt	positive[19]	_	
17-14	1880-1883	sie	positive[19]	_	
17-15	1884-1887	mit	positive[19]	_	
17-16	1888-1893	denen	positive[19]	_	
17-17	1894-1896	im	positive[19]	_	
17-18	1897-1901	Team	positive[19]	_	
17-19	1902-1905	für	positive[19]	_	
17-20	1906-1909	den	positive[19]	_	
17-21	1910-1918	fertigen	positive[19]	_	
17-22	1919-1930	Lotterlurch	positive[19]	_	
17-23	1931-1934	ein	positive[19]	_	
17-24	1935-1945	nagelneues	positive[19]	_	
17-25	1946-1958	Nervenkostüm	positive[19]	Persönliches/Emotionen	
17-26	1958-1959	.	positive[19]	_	

#Text=Ja, wenn Sie so eine haben im Falle eines Falles, rufen Sie mich an, so einfach ist das alles.
18-1	1964-1966	Ja	positive[20]	_	
18-2	1966-1967	,	positive[20]	_	
18-3	1968-1972	wenn	positive[20]	_	
18-4	1973-1976	Sie	positive[20]	_	
18-5	1977-1979	so	positive[20]	_	
18-6	1980-1984	eine	positive[20]	_	
18-7	1985-1990	haben	positive[20]	_	
18-8	1991-1993	im	positive[20]	_	
18-9	1994-1999	Falle	positive[20]	_	
18-10	2000-2005	eines	positive[20]	_	
18-11	2006-2012	Falles	positive[20]	_	
18-12	2012-2013	,	positive[20]	_	
18-13	2014-2019	rufen	positive[20]	_	
18-14	2020-2023	Sie	positive[20]	_	
18-15	2024-2028	mich	positive[20]	_	
18-16	2029-2031	an	positive[20]	_	
18-17	2031-2032	,	positive[20]	_	
18-18	2033-2035	so	positive[20]	_	
18-19	2036-2043	einfach	positive[20]	_	
18-20	2044-2047	ist	positive[20]	_	
18-21	2048-2051	das	positive[20]	_	
18-22	2052-2057	alles	positive[20]	_	
18-23	2057-2058	.	positive[20]	_	
