#FORMAT=WebAnno TSV 3.2
#T_SP=webanno.custom.Sentiment|Polarity
#T_SP=webanno.custom.Topic|Topics


#Text=Wenn man, so wie ich, schon mal richtig  auf die Fresse gefallen ist , weil ein Mädchen gesagt hat: "Alles klar", und die Sache dann doch ganz anders gelaufen ist , hat man wenig Mut, es noch mal zu riskieren , das gleiche Spiel mit 'ner anderen  noch einmal zu probieren . man erinnert sich noch an das Magendreh'n  und hat Angst, noch mal so kaputtzugeh'n.
1-1	0-4	Wenn	negative[1]	_	
1-2	5-8	man	negative[1]	_	
1-3	8-9	,	negative[1]	_	
1-4	10-12	so	negative[1]	_	
1-5	13-16	wie	negative[1]	_	
1-6	17-20	ich	negative[1]	_	
1-7	20-21	,	negative[1]	_	
1-8	22-27	schon	negative[1]	_	
1-9	28-31	mal	negative[1]	_	
1-10	32-39	richtig	negative[1]	_	
1-11	41-44	auf	negative[1]	Persönliches/Emotionen[13]	
1-12	45-48	die	negative[1]	Persönliches/Emotionen[13]	
1-13	49-55	Fresse	negative[1]	Persönliches/Emotionen[13]	
1-14	56-64	gefallen	negative[1]	Persönliches/Emotionen[13]	
1-15	65-68	ist	negative[1]	_	
1-16	69-70	,	negative[1]	_	
1-17	71-75	weil	negative[1]	_	
1-18	76-79	ein	negative[1]	_	
1-19	80-87	Mädchen	negative[1]	_	
1-20	88-94	gesagt	negative[1]	_	
1-21	95-98	hat	negative[1]	_	
1-22	98-99	:	negative[1]	_	
1-23	100-101	"	negative[1]	_	
1-24	101-106	Alles	negative[1]	_	
1-25	107-111	klar	negative[1]	_	
1-26	111-112	"	negative[1]	_	
1-27	112-113	,	negative[1]	_	
1-28	114-117	und	negative[1]	_	
1-29	118-121	die	negative[1]	_	
1-30	122-127	Sache	negative[1]	_	
1-31	128-132	dann	negative[1]	_	
1-32	133-137	doch	negative[1]	_	
1-33	138-142	ganz	negative[1]	_	
1-34	143-149	anders	negative[1]	_	
1-35	150-158	gelaufen	negative[1]	_	
1-36	159-162	ist	negative[1]	_	
1-37	163-164	,	negative[1]	_	
1-38	165-168	hat	negative[1]	_	
1-39	169-172	man	negative[1]	_	
1-40	173-178	wenig	negative[1]	Persönliches/Emotionen[14]	
1-41	179-182	Mut	negative[1]	Persönliches/Emotionen[14]	
1-42	182-183	,	negative[1]	_	
1-43	184-186	es	negative[1]	_	
1-44	187-191	noch	negative[1]	_	
1-45	192-195	mal	negative[1]	_	
1-46	196-198	zu	negative[1]	_	
1-47	199-208	riskieren	negative[1]	_	
1-48	209-210	,	negative[1]	_	
1-49	211-214	das	negative[1]	_	
1-50	215-222	gleiche	negative[1]	_	
1-51	223-228	Spiel	negative[1]	Liebe/Partnerschaft[15]	
1-52	229-232	mit	negative[1]	Liebe/Partnerschaft[15]	
1-53	233-234	'	negative[1]	Liebe/Partnerschaft[15]	
1-54	234-237	ner	negative[1]	Liebe/Partnerschaft[15]	
1-55	238-245	anderen	negative[1]	Liebe/Partnerschaft[15]	
1-56	247-251	noch	negative[1]	_	
1-57	252-258	einmal	negative[1]	_	
1-58	259-261	zu	negative[1]	_	
1-59	262-271	probieren	negative[1]	_	
1-60	272-273	.	_	_	
1-61	274-277	man	negative[2]	_	
1-62	278-286	erinnert	negative[2]	_	
1-63	287-291	sich	negative[2]	_	
1-64	292-296	noch	negative[2]	_	
1-65	297-299	an	negative[2]	_	
1-66	300-303	das	negative[2]	_	
1-67	304-315	Magendreh'n	negative[2]	Persönliches/Emotionen	
1-68	317-320	und	negative[2]	_	
1-69	321-324	hat	negative[2]	_	
1-70	325-330	Angst	negative[2]	Persönliches/Emotionen	
1-71	330-331	,	negative[2]	_	
1-72	332-336	noch	negative[2]	_	
1-73	337-340	mal	negative[2]	_	
1-74	341-343	so	negative[2]	_	
1-75	344-357	kaputtzugeh'n	negative[2]	Persönliches/Emotionen	
1-76	357-358	.	_	_	

#Text=Meine Nerven sind empfindlich  und mein Blut ist sizilianisch . jedes Mal, wenn man mich abtörnt , werd' ich völlig panisch , dann ist mein Zustand sofort katastrophal , dann renn' ich in die nächste Kneipe  und besaufe mich total  oder ich werf' die Beruhigungspillen ein , das müssen allerdings ziemlich viele sein.
2-1	363-368	Meine	negative[3]	_	
2-2	369-375	Nerven	negative[3]	_	
2-3	376-380	sind	negative[3]	_	
2-4	381-392	empfindlich	negative[3]	Persönliches/Emotionen	
2-5	394-397	und	_	_	
2-6	398-402	mein	neutral[4]	_	
2-7	403-407	Blut	neutral[4]	_	
2-8	408-411	ist	neutral[4]	_	
2-9	412-424	sizilianisch	neutral[4]	Persönliches/Emotionen	
2-10	425-426	.	_	_	
2-11	427-432	jedes	negative[5]	_	
2-12	433-436	Mal	negative[5]	_	
2-13	436-437	,	negative[5]	_	
2-14	438-442	wenn	negative[5]	_	
2-15	443-446	man	negative[5]	_	
2-16	447-451	mich	negative[5]	_	
2-17	452-459	abtörnt	negative[5]	Liebe/Partnerschaft	
2-18	460-461	,	negative[5]	_	
2-19	462-466	werd	negative[5]	_	
2-20	466-467	'	negative[5]	_	
2-21	468-471	ich	negative[5]	_	
2-22	472-478	völlig	negative[5]	_	
2-23	479-486	panisch	negative[5]	Persönliches/Emotionen	
2-24	487-488	,	_	_	
2-25	489-493	dann	negative[6]	_	
2-26	494-497	ist	negative[6]	_	
2-27	498-502	mein	negative[6]	_	
2-28	503-510	Zustand	negative[6]	_	
2-29	511-517	sofort	negative[6]	_	
2-30	518-530	katastrophal	negative[6]	_	
2-31	531-532	,	_	_	
2-32	533-537	dann	negative[7]	_	
2-33	538-542	renn	negative[7]	_	
2-34	542-543	'	negative[7]	_	
2-35	544-547	ich	negative[7]	_	
2-36	548-550	in	negative[7]	_	
2-37	551-554	die	negative[7]	_	
2-38	555-562	nächste	negative[7]	_	
2-39	563-569	Kneipe	negative[7]	Gesundheit/Drogen	
2-40	571-574	und	negative[7]	_	
2-41	575-582	besaufe	negative[7]	Gesundheit/Drogen[16]	
2-42	583-587	mich	negative[7]	Gesundheit/Drogen[16]	
2-43	588-593	total	negative[7]	Gesundheit/Drogen[16]	
2-44	595-599	oder	negative[8]	_	
2-45	600-603	ich	negative[8]	_	
2-46	604-608	werf	negative[8]	Gesundheit/Drogen[17]	
2-47	608-609	'	negative[8]	Gesundheit/Drogen[17]	
2-48	610-613	die	negative[8]	Gesundheit/Drogen[17]	
2-49	614-631	Beruhigungspillen	negative[8]	Gesundheit/Drogen[17]	
2-50	632-635	ein	negative[8]	Gesundheit/Drogen[17]	
2-51	636-637	,	negative[8]	_	
2-52	638-641	das	negative[8]	_	
2-53	642-648	müssen	negative[8]	_	
2-54	649-659	allerdings	negative[8]	_	
2-55	660-668	ziemlich	negative[8]	_	
2-56	669-674	viele	negative[8]	_	
2-57	675-679	sein	negative[8]	_	
2-58	679-680	.	_	_	

#Text=Und nun kennst du meine Geschichte , tut mir leid, doch jetzt weißt du Bescheid , die große Love-Story haut mit mir nicht mehr hin . bitte lassen wir diese Träume , die haben leider keinen Sinn.  
#Text= 
#Text=...doch du sagst, mit dir wär' das alles ganz anders , alles überhaupt kein Problem , und nun stehst du vor mir  und ich weiß nicht, was ich tun soll  und du sagst: Ey, komm, laß uns geh'n.
3-1	685-688	Und	negative[9]	_	
3-2	689-692	nun	negative[9]	_	
3-3	693-699	kennst	negative[9]	_	
3-4	700-702	du	negative[9]	_	
3-5	703-708	meine	negative[9]	_	
3-6	709-719	Geschichte	negative[9]	_	
3-7	720-721	,	negative[9]	_	
3-8	722-725	tut	negative[9]	_	
3-9	726-729	mir	negative[9]	_	
3-10	730-734	leid	negative[9]	_	
3-11	734-735	,	negative[9]	_	
3-12	736-740	doch	negative[9]	_	
3-13	741-746	jetzt	negative[9]	_	
3-14	747-752	weißt	negative[9]	_	
3-15	753-755	du	negative[9]	_	
3-16	756-764	Bescheid	negative[9]	_	
3-17	765-766	,	negative[9]	_	
3-18	767-770	die	negative[9]	_	
3-19	771-776	große	negative[9]	_	
3-20	777-787	Love-Story	negative[9]	Liebe/Partnerschaft	
3-21	788-792	haut	negative[9]	_	
3-22	793-796	mit	negative[9]	_	
3-23	797-800	mir	negative[9]	_	
3-24	801-806	nicht	negative[9]	_	
3-25	807-811	mehr	negative[9]	_	
3-26	812-815	hin	negative[9]	_	
3-27	816-817	.	_	_	
3-28	818-823	bitte	negative[10]	_	
3-29	824-830	lassen	negative[10]	_	
3-30	831-834	wir	negative[10]	_	
3-31	835-840	diese	negative[10]	_	
3-32	841-847	Träume	negative[10]	_	
3-33	848-849	,	negative[10]	_	
3-34	850-853	die	negative[10]	_	
3-35	854-859	haben	negative[10]	_	
3-36	860-866	leider	negative[10]	_	
3-37	867-873	keinen	negative[10]	_	
3-38	874-878	Sinn	negative[10]	_	
3-39	878-879	.	_	_	
3-40	884-885	.	_	_	
3-41	885-886	.	_	_	
3-42	886-887	.	_	_	
3-43	887-891	doch	negative[11]	_	
3-44	892-894	du	negative[11]	_	
3-45	895-900	sagst	negative[11]	_	
3-46	900-901	,	negative[11]	_	
3-47	902-905	mit	negative[11]	_	
3-48	906-909	dir	negative[11]	_	
3-49	910-913	wär	negative[11]	_	
3-50	913-914	'	negative[11]	_	
3-51	915-918	das	negative[11]	_	
3-52	919-924	alles	negative[11]	_	
3-53	925-929	ganz	negative[11]	_	
3-54	930-936	anders	negative[11]	_	
3-55	937-938	,	negative[11]	_	
3-56	939-944	alles	negative[11]	_	
3-57	945-954	überhaupt	negative[11]	_	
3-58	955-959	kein	negative[11]	_	
3-59	960-967	Problem	negative[11]	_	
3-60	968-969	,	negative[11]	_	
3-61	970-973	und	negative[11]	_	
3-62	974-977	nun	negative[11]	_	
3-63	978-984	stehst	negative[11]	_	
3-64	985-987	du	negative[11]	_	
3-65	988-991	vor	negative[11]	_	
3-66	992-995	mir	negative[11]	_	
3-67	997-1000	und	negative[11]	_	
3-68	1001-1004	ich	negative[11]	_	
3-69	1005-1009	weiß	negative[11]	_	
3-70	1010-1015	nicht	negative[11]	_	
3-71	1015-1016	,	negative[11]	_	
3-72	1017-1020	was	negative[11]	_	
3-73	1021-1024	ich	negative[11]	_	
3-74	1025-1028	tun	negative[11]	_	
3-75	1029-1033	soll	negative[11]	_	
3-76	1035-1038	und	_	_	
3-77	1039-1041	du	positive[12]	_	
3-78	1042-1047	sagst	positive[12]	_	
3-79	1047-1048	:	positive[12]	_	
3-80	1049-1051	Ey	positive[12]	_	
3-81	1051-1052	,	positive[12]	_	
3-82	1053-1057	komm	positive[12]	_	
3-83	1057-1058	,	positive[12]	_	
3-84	1059-1062	laß	positive[12]	_	
3-85	1063-1066	uns	positive[12]	_	
3-86	1067-1072	geh'n	positive[12]	_	
3-87	1072-1073	.	_	_	
