#FORMAT=WebAnno TSV 3.2
#T_SP=webanno.custom.Sentiment|Polarity
#T_SP=webanno.custom.Topic|Topics


#Text=Mädchen, du bist eine Katze, das find' ich so gut an dir.
1-1	0-7	Mädchen	positive[1]	_	
1-2	7-8	,	positive[1]	_	
1-3	9-11	du	positive[1]	_	
1-4	12-16	bist	positive[1]	_	
1-5	17-21	eine	positive[1]	_	
1-6	22-27	Katze	positive[1]	_	
1-7	27-28	,	positive[1]	_	
1-8	29-32	das	positive[1]	_	
1-9	33-37	find	positive[1]	Persönliches/Emotionen[12]	
1-10	37-38	'	positive[1]	Persönliches/Emotionen[12]	
1-11	39-42	ich	positive[1]	Persönliches/Emotionen[12]	
1-12	43-45	so	positive[1]	Persönliches/Emotionen[12]	
1-13	46-49	gut	positive[1]	Persönliches/Emotionen[12]	
1-14	50-52	an	positive[1]	Persönliches/Emotionen[12]	
1-15	53-56	dir	positive[1]	Persönliches/Emotionen[12]	
1-16	56-57	.	positive[1]	_	

#Text=Schmusige, süße Mieze und auch wild wie ein Raubtier.
2-1	58-67	Schmusige	positive[2]	_	
2-2	67-68	,	positive[2]	_	
2-3	69-73	süße	positive[2]	_	
2-4	74-79	Mieze	positive[2]	_	
2-5	80-83	und	positive[2]	_	
2-6	84-88	auch	positive[2]	_	
2-7	89-93	wild	positive[2]	Persönliches/Emotionen[13]	
2-8	94-97	wie	positive[2]	Persönliches/Emotionen[13]	
2-9	98-101	ein	positive[2]	Persönliches/Emotionen[13]	
2-10	102-110	Raubtier	positive[2]	Persönliches/Emotionen[13]	
2-11	110-111	.	positive[2]	_	

#Text=Doch manchmal gibt es Situationen, da musst du härter sein, wenn dein Alter dir seine Sprüche geigt und immer sagt, du wärst noch viel zu klein.
3-1	112-116	Doch	negative[3]	_	
3-2	117-125	manchmal	negative[3]	_	
3-3	126-130	gibt	negative[3]	_	
3-4	131-133	es	negative[3]	_	
3-5	134-145	Situationen	negative[3]	_	
3-6	145-146	,	negative[3]	_	
3-7	147-149	da	negative[3]	_	
3-8	150-155	musst	negative[3]	_	
3-9	156-158	du	negative[3]	_	
3-10	159-165	härter	negative[3]	Persönliches/Emotionen[14]	
3-11	166-170	sein	negative[3]	Persönliches/Emotionen[14]	
3-12	170-171	,	negative[3]	_	
3-13	172-176	wenn	negative[3]	_	
3-14	177-181	dein	negative[3]	_	
3-15	182-187	Alter	negative[3]	_	
3-16	188-191	dir	negative[3]	_	
3-17	192-197	seine	negative[3]	_	
3-18	198-205	Sprüche	negative[3]	_	
3-19	206-211	geigt	negative[3]	_	
3-20	212-215	und	negative[3]	_	
3-21	216-221	immer	negative[3]	_	
3-22	222-226	sagt	negative[3]	_	
3-23	226-227	,	negative[3]	_	
3-24	228-230	du	negative[3]	_	
3-25	231-236	wärst	negative[3]	_	
3-26	237-241	noch	negative[3]	_	
3-27	242-246	viel	negative[3]	_	
3-28	247-249	zu	negative[3]	_	
3-29	250-255	klein	negative[3]	_	
3-30	255-256	.	negative[3]	_	

#Text=Sag ihm 'n schönen Gruß und so, er soll sich besser auskotzen auf'm Klo.
4-1	257-260	Sag	negative[4]	_	
4-2	261-264	ihm	negative[4]	_	
4-3	265-266	'	negative[4]	_	
4-4	266-267	n	negative[4]	_	
4-5	268-275	schönen	negative[4]	_	
4-6	276-280	Gruß	negative[4]	_	
4-7	281-284	und	negative[4]	_	
4-8	285-287	so	negative[4]	_	
4-9	287-288	,	negative[4]	_	
4-10	289-291	er	negative[4]	_	
4-11	292-296	soll	negative[4]	_	
4-12	297-301	sich	negative[4]	_	
4-13	302-308	besser	negative[4]	_	
4-14	309-318	auskotzen	negative[4]	Persönliches/Emotionen	
4-15	319-324	auf'm	negative[4]	_	
4-16	325-328	Klo	negative[4]	_	
4-17	328-329	.	negative[4]	_	

#Text=Mädchen, ist das nicht tierisch, alle Menschen sind wie Katzen.
5-1	334-341	Mädchen	neutral[5]	_	
5-2	341-342	,	neutral[5]	_	
5-3	343-346	ist	neutral[5]	_	
5-4	347-350	das	neutral[5]	_	
5-5	351-356	nicht	neutral[5]	_	
5-6	357-365	tierisch	neutral[5]	Persönliches/Emotionen	
5-7	365-366	,	neutral[5]	_	
5-8	367-371	alle	neutral[5]	_	
5-9	372-380	Menschen	neutral[5]	Politik/Soziales/Missstände[15]	
5-10	381-385	sind	neutral[5]	Politik/Soziales/Missstände[15]	
5-11	386-389	wie	neutral[5]	Politik/Soziales/Missstände[15]	
5-12	390-396	Katzen	neutral[5]	Politik/Soziales/Missstände[15]	
5-13	396-397	.	neutral[5]	_	

#Text=Viele sind alberne Plüschfiguren auf den Leisetretertatzen.
6-1	398-403	Viele	neutral[6]	_	
6-2	404-408	sind	neutral[6]	_	
6-3	409-416	alberne	neutral[6]	_	
6-4	417-430	Plüschfiguren	neutral[6]	_	
6-5	431-434	auf	neutral[6]	_	
6-6	435-438	den	neutral[6]	_	
6-7	439-456	Leisetretertatzen	neutral[6]	_	
6-8	456-457	.	neutral[6]	_	

#Text=Doch wir sind anders und wir passen nicht in die Spielzeugabteilung und nicht in den Zoo.
7-1	458-462	Doch	neutral[7]	_	
7-2	463-466	wir	neutral[7]	_	
7-3	467-471	sind	neutral[7]	_	
7-4	472-478	anders	neutral[7]	_	
7-5	479-482	und	neutral[7]	_	
7-6	483-486	wir	neutral[7]	_	
7-7	487-493	passen	neutral[7]	_	
7-8	494-499	nicht	neutral[7]	_	
7-9	500-502	in	neutral[7]	_	
7-10	503-506	die	neutral[7]	_	
7-11	507-525	Spielzeugabteilung	neutral[7]	_	
7-12	526-529	und	neutral[7]	_	
7-13	530-535	nicht	neutral[7]	_	
7-14	536-538	in	neutral[7]	_	
7-15	539-542	den	neutral[7]	_	
7-16	543-546	Zoo	neutral[7]	_	
7-17	546-547	.	neutral[7]	_	

#Text=Wir sind die Freunde des Dschungels und unser Song geht so:  
#Text= 
#Text=Wir sind die Tiger, und eins ist klar, Käfige sind zum Ausbrechen da.
8-1	548-551	Wir	positive[8]	_	
8-2	552-556	sind	positive[8]	_	
8-3	557-560	die	positive[8]	_	
8-4	561-568	Freunde	positive[8]	_	
8-5	569-572	des	positive[8]	_	
8-6	573-583	Dschungels	positive[8]	_	
8-7	584-587	und	positive[8]	_	
8-8	588-593	unser	positive[8]	_	
8-9	594-598	Song	positive[8]	_	
8-10	599-603	geht	positive[8]	_	
8-11	604-606	so	positive[8]	_	
8-12	606-607	:	positive[8]	_	
8-13	612-615	Wir	positive[8]	_	
8-14	616-620	sind	positive[8]	_	
8-15	621-624	die	positive[8]	_	
8-16	625-630	Tiger	positive[8]	_	
8-17	630-631	,	positive[8]	_	
8-18	632-635	und	positive[8]	_	
8-19	636-640	eins	positive[8]	_	
8-20	641-644	ist	positive[8]	_	
8-21	645-649	klar	positive[8]	_	
8-22	649-650	,	positive[8]	_	
8-23	651-657	Käfige	positive[8]	Politik/Soziales/Missstände[16]	
8-24	658-662	sind	positive[8]	Politik/Soziales/Missstände[16]	
8-25	663-666	zum	positive[8]	Politik/Soziales/Missstände[16]	
8-26	667-677	Ausbrechen	positive[8]	Politik/Soziales/Missstände[16]	
8-27	678-680	da	positive[8]	Politik/Soziales/Missstände[16]	
8-28	680-681	.	positive[8]	_	

#Text=Das ist mein Leben, und ich mach', was ich will.
9-1	682-685	Das	neutral[9]	_	
9-2	686-689	ist	neutral[9]	_	
9-3	690-694	mein	neutral[9]	Persönliches/Emotionen[17]	
9-4	695-700	Leben	neutral[9]	Persönliches/Emotionen[17]	
9-5	700-701	,	neutral[9]	_	
9-6	702-705	und	neutral[9]	_	
9-7	706-709	ich	neutral[9]	_	
9-8	710-714	mach	neutral[9]	_	
9-9	714-715	'	neutral[9]	_	
9-10	715-716	,	neutral[9]	_	
9-11	717-720	was	neutral[9]	_	
9-12	721-724	ich	neutral[9]	_	
9-13	725-729	will	neutral[9]	_	
9-14	729-730	.	neutral[9]	_	

#Text=Das ist mein Kopf, und ich denk', was ich will.
10-1	731-734	Das	neutral[10]	_	
10-2	735-738	ist	neutral[10]	_	
10-3	739-743	mein	neutral[10]	Persönliches/Emotionen[18]	
10-4	744-748	Kopf	neutral[10]	Persönliches/Emotionen[18]	
10-5	748-749	,	neutral[10]	_	
10-6	750-753	und	neutral[10]	_	
10-7	754-757	ich	neutral[10]	_	
10-8	758-762	denk	neutral[10]	_	
10-9	762-763	'	neutral[10]	_	
10-10	763-764	,	neutral[10]	_	
10-11	765-768	was	neutral[10]	_	
10-12	769-772	ich	neutral[10]	_	
10-13	773-777	will	neutral[10]	_	
10-14	777-778	.	neutral[10]	_	

#Text=Ich bin ein Tiger, zähmen könnt ihr mich nicht, jeder, der das versucht, kriegt die Pranke voll ins Gesicht!
11-1	779-782	Ich	negative[11]	_	
11-2	783-786	bin	negative[11]	_	
11-3	787-790	ein	negative[11]	_	
11-4	791-796	Tiger	negative[11]	_	
11-5	796-797	,	negative[11]	_	
11-6	798-804	zähmen	negative[11]	Persönliches/Emotionen	
11-7	805-810	könnt	negative[11]	_	
11-8	811-814	ihr	negative[11]	_	
11-9	815-819	mich	negative[11]	_	
11-10	820-825	nicht	negative[11]	_	
11-11	825-826	,	negative[11]	_	
11-12	827-832	jeder	negative[11]	_	
11-13	832-833	,	negative[11]	_	
11-14	834-837	der	negative[11]	_	
11-15	838-841	das	negative[11]	_	
11-16	842-850	versucht	negative[11]	_	
11-17	850-851	,	negative[11]	_	
11-18	852-858	kriegt	negative[11]	_	
11-19	859-862	die	negative[11]	_	
11-20	863-869	Pranke	negative[11]	_	
11-21	870-874	voll	negative[11]	_	
11-22	875-878	ins	negative[11]	_	
11-23	879-886	Gesicht	negative[11]	_	
11-24	886-887	!	negative[11]	_	
