#FORMAT=WebAnno TSV 3.2


#Text=Freitags abends steckt er sich hundert Mark und 'ne Zahnbürste ein, er zieht sich die schnellen Stiefel an, das ist ein gutes Gefühl, frei zu sein.
1-1	0-8	Freitags	
1-2	9-15	abends	
1-3	16-22	steckt	
1-4	23-25	er	
1-5	26-30	sich	
1-6	31-38	hundert	
1-7	39-43	Mark	
1-8	44-47	und	
1-9	48-49	'	
1-10	49-51	ne	
1-11	52-62	Zahnbürste	
1-12	63-66	ein	
1-13	66-67	,	
1-14	68-70	er	
1-15	71-76	zieht	
1-16	77-81	sich	
1-17	82-85	die	
1-18	86-95	schnellen	
1-19	96-103	Stiefel	
1-20	104-106	an	
1-21	106-107	,	
1-22	108-111	das	
1-23	112-115	ist	
1-24	116-119	ein	
1-25	120-125	gutes	
1-26	126-132	Gefühl	
1-27	132-133	,	
1-28	134-138	frei	
1-29	139-141	zu	
1-30	142-146	sein	
1-31	146-147	.	

#Text=Bis Montagmorgen rennt er rum, zwischendurch kommt er nicht mehr nach Haus, er sieht sich auf der Szene um und nachts probiert er fremde Betten aus.
2-1	148-151	Bis	
2-2	152-164	Montagmorgen	
2-3	165-170	rennt	
2-4	171-173	er	
2-5	174-177	rum	
2-6	177-178	,	
2-7	179-192	zwischendurch	
2-8	193-198	kommt	
2-9	199-201	er	
2-10	202-207	nicht	
2-11	208-212	mehr	
2-12	213-217	nach	
2-13	218-222	Haus	
2-14	222-223	,	
2-15	224-226	er	
2-16	227-232	sieht	
2-17	233-237	sich	
2-18	238-241	auf	
2-19	242-245	der	
2-20	246-251	Szene	
2-21	252-254	um	
2-22	255-258	und	
2-23	259-265	nachts	
2-24	266-274	probiert	
2-25	275-277	er	
2-26	278-284	fremde	
2-27	285-291	Betten	
2-28	292-295	aus	
2-29	295-296	.	

#Text=Normalerweise läuft das sehr gut, doch manchmal gibt es auch 'ne Pleite, dann wacht er morgens auf und Lady Horror liegt an seiner Seite.
3-1	301-314	Normalerweise	
3-2	315-320	läuft	
3-3	321-324	das	
3-4	325-329	sehr	
3-5	330-333	gut	
3-6	333-334	,	
3-7	335-339	doch	
3-8	340-348	manchmal	
3-9	349-353	gibt	
3-10	354-356	es	
3-11	357-361	auch	
3-12	362-363	'	
3-13	363-365	ne	
3-14	366-372	Pleite	
3-15	372-373	,	
3-16	374-378	dann	
3-17	379-384	wacht	
3-18	385-387	er	
3-19	388-395	morgens	
3-20	396-399	auf	
3-21	400-403	und	
3-22	404-408	Lady	
3-23	409-415	Horror	
3-24	416-421	liegt	
3-25	422-424	an	
3-26	425-431	seiner	
3-27	432-437	Seite	
3-28	437-438	.	

#Text=Ihr Make-up ist verschmiert, die Sonne scheint ihr brutal ins Gesicht und dass ihm so was immer noch passiert, das liegt am Suff und am dunklen Kneipenlicht.
4-1	439-442	Ihr	
4-2	443-450	Make-up	
4-3	451-454	ist	
4-4	455-466	verschmiert	
4-5	466-467	,	
4-6	468-471	die	
4-7	472-477	Sonne	
4-8	478-485	scheint	
4-9	486-489	ihr	
4-10	490-496	brutal	
4-11	497-500	ins	
4-12	501-508	Gesicht	
4-13	509-512	und	
4-14	513-517	dass	
4-15	518-521	ihm	
4-16	522-524	so	
4-17	525-528	was	
4-18	529-534	immer	
4-19	535-539	noch	
4-20	540-548	passiert	
4-21	548-549	,	
4-22	550-553	das	
4-23	554-559	liegt	
4-24	560-562	am	
4-25	563-567	Suff	
4-26	568-571	und	
4-27	572-574	am	
4-28	575-582	dunklen	
4-29	583-595	Kneipenlicht	
4-30	595-596	.	

#Text=Er geht in die Madman-Discothek, da soll die große Action sein.
5-1	601-603	Er	
5-2	604-608	geht	
5-3	609-611	in	
5-4	612-615	die	
5-5	616-632	Madman-Discothek	
5-6	632-633	,	
5-7	634-636	da	
5-8	637-641	soll	
5-9	642-645	die	
5-10	646-651	große	
5-11	652-658	Action	
5-12	659-663	sein	
5-13	663-664	.	

#Text=Da sind zwar jede Menge Leute, doch er fühlt sich trotzdem sehr allein.
6-1	665-667	Da	
6-2	668-672	sind	
6-3	673-677	zwar	
6-4	678-682	jede	
6-5	683-688	Menge	
6-6	689-694	Leute	
6-7	694-695	,	
6-8	696-700	doch	
6-9	701-703	er	
6-10	704-709	fühlt	
6-11	710-714	sich	
6-12	715-723	trotzdem	
6-13	724-728	sehr	
6-14	729-735	allein	
6-15	735-736	.	

#Text=Die Musik ist laut, und die Leute sind stumm, die hängen da rum, und manche gucken sehr dumm, so, als hätten sie in ihren schönen Köpfen leider nur ein Vakuum.
7-1	737-740	Die	
7-2	741-746	Musik	
7-3	747-750	ist	
7-4	751-755	laut	
7-5	755-756	,	
7-6	757-760	und	
7-7	761-764	die	
7-8	765-770	Leute	
7-9	771-775	sind	
7-10	776-781	stumm	
7-11	781-782	,	
7-12	783-786	die	
7-13	787-793	hängen	
7-14	794-796	da	
7-15	797-800	rum	
7-16	800-801	,	
7-17	802-805	und	
7-18	806-812	manche	
7-19	813-819	gucken	
7-20	820-824	sehr	
7-21	825-829	dumm	
7-22	829-830	,	
7-23	831-833	so	
7-24	833-834	,	
7-25	835-838	als	
7-26	839-845	hätten	
7-27	846-849	sie	
7-28	850-852	in	
7-29	853-858	ihren	
7-30	859-866	schönen	
7-31	867-873	Köpfen	
7-32	874-880	leider	
7-33	881-884	nur	
7-34	885-888	ein	
7-35	889-895	Vakuum	
7-36	895-896	.	
