#FORMAT=WebAnno TSV 3.2
#T_SP=webanno.custom.Sentiment|Polarity
#T_SP=webanno.custom.Topic|Topics


#Text=Ach, wie gut, dass keiner weiß: Der Greis ist: Häh?
1-1	0-3	Ach	positive[1]	_	
1-2	3-4	,	positive[1]	_	
1-3	5-8	wie	positive[1]	_	
1-4	9-12	gut	positive[1]	_	
1-5	12-13	,	positive[1]	_	
1-6	14-18	dass	positive[1]	_	
1-7	19-25	keiner	positive[1]	_	
1-8	26-30	weiß	positive[1]	_	
1-9	30-31	:	positive[1]	_	
1-10	32-35	Der	positive[1]	_	
1-11	36-41	Greis	positive[1]	_	
1-12	42-45	ist	positive[1]	_	
1-13	45-46	:	positive[1]	_	
1-14	47-50	Häh	positive[1]	_	
1-15	50-51	?	positive[1]	_	

#Text=Der Greis ist heiß.
2-1	52-55	Der	positive[2]	_	
2-2	56-61	Greis	positive[2]	Politik/Soziales/Missstände	
2-3	62-65	ist	positive[2]	Liebe/Partnerschaft[28]	
2-4	66-70	heiß	positive[2]	Liebe/Partnerschaft[28]	
2-5	70-71	.	_	_	

#Text=Ach, wie gut, dass keiner weiß: Der Greis ist: Häh?
3-1	76-79	Ach	positive[3]	_	
3-2	79-80	,	positive[3]	_	
3-3	81-84	wie	positive[3]	_	
3-4	85-88	gut	positive[3]	_	
3-5	88-89	,	positive[3]	_	
3-6	90-94	dass	positive[3]	_	
3-7	95-101	keiner	positive[3]	_	
3-8	102-106	weiß	positive[3]	_	
3-9	106-107	:	positive[3]	_	
3-10	108-111	Der	positive[3]	_	
3-11	112-117	Greis	positive[3]	_	
3-12	118-121	ist	positive[3]	_	
3-13	121-122	:	positive[3]	_	
3-14	123-126	Häh	positive[3]	_	
3-15	126-127	?	positive[3]	_	

#Text=Der Greis ist heiß.
4-1	128-131	Der	positive[4]	_	
4-2	132-137	Greis	positive[4]	_	
4-3	138-141	ist	positive[4]	_	
4-4	142-146	heiß	positive[4]	_	
4-5	146-147	.	positive[4]	_	

#Text=Alte Männer sind gefährlich, denn die Zukunft ist egal.
5-1	152-156	Alte	negative[5]	_	
5-2	157-163	Männer	negative[5]	_	
5-3	164-168	sind	negative[5]	Persönliches/Emotionen[29]	
5-4	169-179	gefährlich	negative[5]	Persönliches/Emotionen[29]	
5-5	179-180	,	negative[5]	_	
5-6	181-185	denn	negative[5]	_	
5-7	186-189	die	negative[5]	_	
5-8	190-197	Zukunft	negative[5]	_	
5-9	198-201	ist	negative[5]	_	
5-10	202-206	egal	negative[5]	_	
5-11	206-207	.	_	_	

#Text=Alte Frauen sind begehrlich, denn es ist das letzte Mal.
6-1	208-212	Alte	positive[6]	_	
6-2	213-219	Frauen	positive[6]	_	
6-3	220-224	sind	positive[6]	Persönliches/Emotionen[30]	
6-4	225-235	begehrlich	positive[6]	Persönliches/Emotionen[30]	
6-5	235-236	,	positive[6]	_	
6-6	237-241	denn	positive[6]	_	
6-7	242-244	es	positive[6]	_	
6-8	245-248	ist	positive[6]	_	
6-9	249-252	das	positive[6]	_	
6-10	253-259	letzte	positive[6]	_	
6-11	260-263	Mal	positive[6]	_	
6-12	263-264	.	_	_	

#Text=Alte Männer setzen alles  auf die letzte grosse Creditkarte.
7-1	265-269	Alte	neutral[7]	_	
7-2	270-276	Männer	neutral[7]	_	
7-3	277-283	setzen	neutral[7]	_	
7-4	284-289	alles	neutral[7]	_	
7-5	291-294	auf	neutral[7]	_	
7-6	295-298	die	neutral[7]	_	
7-7	299-305	letzte	neutral[7]	_	
7-8	306-312	grosse	neutral[7]	_	
7-9	313-324	Creditkarte	neutral[7]	_	
7-10	324-325	.	_	_	

#Text=Hau'n so richtig auf die Sahne und dem Erbschleicher sagen sie: Warte!
8-1	326-331	Hau'n	neutral[8]	_	
8-2	332-334	so	neutral[8]	_	
8-3	335-342	richtig	neutral[8]	_	
8-4	343-346	auf	neutral[8]	_	
8-5	347-350	die	neutral[8]	_	
8-6	351-356	Sahne	neutral[8]	_	
8-7	357-360	und	neutral[8]	_	
8-8	361-364	dem	neutral[8]	_	
8-9	365-378	Erbschleicher	neutral[8]	Politik/Soziales/Missstände	
8-10	379-384	sagen	neutral[8]	_	
8-11	385-388	sie	neutral[8]	_	
8-12	388-389	:	neutral[8]	_	
8-13	390-395	Warte	neutral[8]	_	
8-14	395-396	!	neutral[8]	_	

#Text=Er trinkt sein Bier aus der Schnabeltasse und dann geht er wieder richtig los.
9-1	401-403	Er	positive[9]	_	
9-2	404-410	trinkt	positive[9]	_	
9-3	411-415	sein	positive[9]	_	
9-4	416-420	Bier	positive[9]	Gesundheit/Drogen	
9-5	421-424	aus	positive[9]	_	
9-6	425-428	der	positive[9]	_	
9-7	429-442	Schnabeltasse	positive[9]	_	
9-8	443-446	und	positive[9]	_	
9-9	447-451	dann	positive[9]	_	
9-10	452-456	geht	positive[9]	_	
9-11	457-459	er	positive[9]	_	
9-12	460-466	wieder	positive[9]	_	
9-13	467-474	richtig	positive[9]	_	
9-14	475-478	los	positive[9]	_	
9-15	478-479	.	positive[9]	_	

#Text=Er sagt: BBBaby, Baby, gewähr' mir mal den Gnadenstoß.
10-1	480-482	Er	negative[10]	_	
10-2	483-487	sagt	negative[10]	_	
10-3	487-488	:	negative[10]	_	
10-4	489-495	BBBaby	negative[10]	_	
10-5	495-496	,	negative[10]	_	
10-6	497-501	Baby	negative[10]	_	
10-7	501-502	,	negative[10]	_	
10-8	503-509	gewähr	negative[10]	_	
10-9	509-510	'	negative[10]	_	
10-10	511-514	mir	negative[10]	_	
10-11	515-518	mal	negative[10]	_	
10-12	519-522	den	negative[10]	_	
10-13	523-533	Gnadenstoß	negative[10]	_	
10-14	533-534	.	_	_	

#Text=Ach, wie gut, dass keiner weiß: Der Greis ist: Häh?
11-1	539-542	Ach	positive[11]	_	
11-2	542-543	,	positive[11]	_	
11-3	544-547	wie	positive[11]	_	
11-4	548-551	gut	positive[11]	_	
11-5	551-552	,	positive[11]	_	
11-6	553-557	dass	positive[11]	_	
11-7	558-564	keiner	positive[11]	_	
11-8	565-569	weiß	positive[11]	_	
11-9	569-570	:	positive[11]	_	
11-10	571-574	Der	positive[11]	_	
11-11	575-580	Greis	positive[11]	_	
11-12	581-584	ist	positive[11]	_	
11-13	584-585	:	positive[11]	_	
11-14	586-589	Häh	positive[11]	_	
11-15	589-590	?	_	_	

#Text=Der Greis ist heiß.
12-1	591-594	Der	positive[12]	_	
12-2	595-600	Greis	positive[12]	_	
12-3	601-604	ist	positive[12]	_	
12-4	605-609	heiß	positive[12]	_	
12-5	609-610	.	_	_	

#Text=Ach, wie gut, dass keiner weiß...
13-1	615-618	Ach	positive[13]	_	
13-2	618-619	,	positive[13]	_	
13-3	620-623	wie	positive[13]	_	
13-4	624-627	gut	positive[13]	_	
13-5	627-628	,	positive[13]	_	
13-6	629-633	dass	positive[13]	_	
13-7	634-640	keiner	positive[13]	_	
13-8	641-645	weiß	positive[13]	_	
13-9	645-646	.	_	_	
13-10	646-647	.	_	_	
13-11	647-648	.	_	_	

#Text=Der Greis, der Greis ist heiß.
14-1	649-652	Der	positive[14]	_	
14-2	653-658	Greis	positive[14]	_	
14-3	658-659	,	positive[14]	_	
14-4	660-663	der	positive[14]	_	
14-5	664-669	Greis	positive[14]	_	
14-6	670-673	ist	positive[14]	_	
14-7	674-678	heiß	positive[14]	_	
14-8	678-679	.	_	_	

#Text=Ältere Typen werden oft von jüngeren Pinschern angepisst, als wär' das schon, schon ein Verdienst, wenn man zufälligerweise 'n bisschen jünger ist.
15-1	684-690	Ältere	negative[15]	_	
15-2	691-696	Typen	negative[15]	_	
15-3	697-703	werden	negative[15]	_	
15-4	704-707	oft	negative[15]	_	
15-5	708-711	von	negative[15]	_	
15-6	712-720	jüngeren	negative[15]	Politik/Soziales/Missstände[31]	
15-7	721-730	Pinschern	negative[15]	Politik/Soziales/Missstände[31]	
15-8	731-740	angepisst	negative[15]	_	
15-9	740-741	,	negative[15]	_	
15-10	742-745	als	negative[15]	_	
15-11	746-749	wär	negative[15]	_	
15-12	749-750	'	negative[15]	_	
15-13	751-754	das	negative[15]	_	
15-14	755-760	schon	negative[15]	_	
15-15	760-761	,	negative[15]	_	
15-16	762-767	schon	negative[15]	_	
15-17	768-771	ein	negative[15]	_	
15-18	772-781	Verdienst	negative[15]	_	
15-19	781-782	,	negative[15]	_	
15-20	783-787	wenn	negative[15]	_	
15-21	788-791	man	negative[15]	_	
15-22	792-807	zufälligerweise	negative[15]	_	
15-23	808-809	'	negative[15]	_	
15-24	809-810	n	negative[15]	_	
15-25	811-819	bisschen	negative[15]	_	
15-26	820-826	jünger	negative[15]	_	
15-27	827-830	ist	negative[15]	_	
15-28	830-831	.	_	_	

#Text=Alte Männer kaufen sich von ihrer Rente schöne Medikamente.
16-1	832-836	Alte	positive[16]	_	
16-2	837-843	Männer	positive[16]	_	
16-3	844-850	kaufen	positive[16]	_	
16-4	851-855	sich	positive[16]	_	
16-5	856-859	von	positive[16]	_	
16-6	860-865	ihrer	positive[16]	_	
16-7	866-871	Rente	positive[16]	Politik/Soziales/Missstände	
16-8	872-878	schöne	positive[16]	_	
16-9	879-890	Medikamente	positive[16]	Gesundheit/Drogen	
16-10	890-891	.	_	_	

#Text=Ja, sie schlucken tonnenweise Viagra, schmusen und poppen den ganzen Tag auf'm Liebeslager.
17-1	892-894	Ja	positive[17]	_	
17-2	894-895	,	positive[17]	_	
17-3	896-899	sie	positive[17]	_	
17-4	900-909	schlucken	positive[17]	_	
17-5	910-921	tonnenweise	positive[17]	_	
17-6	922-928	Viagra	positive[17]	Gesundheit/Drogen	
17-7	928-929	,	positive[17]	_	
17-8	930-938	schmusen	positive[17]	Liebe/Partnerschaft	
17-9	939-942	und	positive[17]	_	
17-10	943-949	poppen	positive[17]	Liebe/Partnerschaft	
17-11	950-953	den	positive[17]	_	
17-12	954-960	ganzen	positive[17]	_	
17-13	961-964	Tag	positive[17]	_	
17-14	965-970	auf'm	positive[17]	_	
17-15	971-982	Liebeslager	positive[17]	Liebe/Partnerschaft	
17-16	982-983	.	_	_	

#Text=Er trinkt sein Bier aus der Schnabeltasse und dann geht er wieder richtig los.
18-1	988-990	Er	positive[18]	_	
18-2	991-997	trinkt	positive[18]	_	
18-3	998-1002	sein	positive[18]	_	
18-4	1003-1007	Bier	positive[18]	Gesundheit/Drogen	
18-5	1008-1011	aus	positive[18]	_	
18-6	1012-1015	der	positive[18]	_	
18-7	1016-1029	Schnabeltasse	positive[18]	_	
18-8	1030-1033	und	positive[18]	_	
18-9	1034-1038	dann	positive[18]	_	
18-10	1039-1043	geht	positive[18]	_	
18-11	1044-1046	er	positive[18]	_	
18-12	1047-1053	wieder	positive[18]	_	
18-13	1054-1061	richtig	positive[18]	_	
18-14	1062-1065	los	positive[18]	_	
18-15	1065-1066	.	_	_	

#Text=Er sagt: BBBaby, Baby, gewähr' mir mal den Gnadenstoß.
19-1	1067-1069	Er	negative[19]	_	
19-2	1070-1074	sagt	negative[19]	_	
19-3	1074-1075	:	negative[19]	_	
19-4	1076-1082	BBBaby	negative[19]	_	
19-5	1082-1083	,	negative[19]	_	
19-6	1084-1088	Baby	negative[19]	_	
19-7	1088-1089	,	negative[19]	_	
19-8	1090-1096	gewähr	negative[19]	_	
19-9	1096-1097	'	negative[19]	_	
19-10	1098-1101	mir	negative[19]	_	
19-11	1102-1105	mal	negative[19]	_	
19-12	1106-1109	den	negative[19]	_	
19-13	1110-1120	Gnadenstoß	negative[19]	_	
19-14	1120-1121	.	_	_	

#Text=Ach, wie gut, dass keiner weiß: Der Greis ist: Häh?
20-1	1126-1129	Ach	positive[20]	_	
20-2	1129-1130	,	positive[20]	_	
20-3	1131-1134	wie	positive[20]	_	
20-4	1135-1138	gut	positive[20]	_	
20-5	1138-1139	,	positive[20]	_	
20-6	1140-1144	dass	positive[20]	_	
20-7	1145-1151	keiner	positive[20]	_	
20-8	1152-1156	weiß	positive[20]	_	
20-9	1156-1157	:	positive[20]	_	
20-10	1158-1161	Der	positive[20]	_	
20-11	1162-1167	Greis	positive[20]	_	
20-12	1168-1171	ist	positive[20]	_	
20-13	1171-1172	:	positive[20]	_	
20-14	1173-1176	Häh	positive[20]	_	
20-15	1176-1177	?	_	_	

#Text=Der Greis ist heiß.
21-1	1178-1181	Der	positive[21]	_	
21-2	1182-1187	Greis	positive[21]	_	
21-3	1188-1191	ist	positive[21]	_	
21-4	1192-1196	heiß	positive[21]	_	
21-5	1196-1197	.	_	_	

#Text=Ach, wie gut, dass keiner weiß...
22-1	1202-1205	Ach	positive[22]	_	
22-2	1205-1206	,	positive[22]	_	
22-3	1207-1210	wie	positive[22]	_	
22-4	1211-1214	gut	positive[22]	_	
22-5	1214-1215	,	positive[22]	_	
22-6	1216-1220	dass	positive[22]	_	
22-7	1221-1227	keiner	positive[22]	_	
22-8	1228-1232	weiß	positive[22]	_	
22-9	1232-1233	.	_	_	
22-10	1233-1234	.	_	_	
22-11	1234-1235	.	_	_	

#Text=Der Greis, der Greis ist heiß.
23-1	1236-1239	Der	positive[23]	_	
23-2	1240-1245	Greis	positive[23]	_	
23-3	1245-1246	,	positive[23]	_	
23-4	1247-1250	der	positive[23]	_	
23-5	1251-1256	Greis	positive[23]	_	
23-6	1257-1260	ist	positive[23]	_	
23-7	1261-1265	heiß	positive[23]	_	
23-8	1265-1266	.	_	_	

#Text=Ach, wie gut, dass keiner weiß: Der Greis ist: Häh?
24-1	1271-1274	Ach	positive[24]	_	
24-2	1274-1275	,	positive[24]	_	
24-3	1276-1279	wie	positive[24]	_	
24-4	1280-1283	gut	positive[24]	_	
24-5	1283-1284	,	positive[24]	_	
24-6	1285-1289	dass	positive[24]	_	
24-7	1290-1296	keiner	positive[24]	_	
24-8	1297-1301	weiß	positive[24]	_	
24-9	1301-1302	:	positive[24]	_	
24-10	1303-1306	Der	positive[24]	_	
24-11	1307-1312	Greis	positive[24]	_	
24-12	1313-1316	ist	positive[24]	_	
24-13	1316-1317	:	positive[24]	_	
24-14	1318-1321	Häh	positive[24]	_	
24-15	1321-1322	?	positive[24]	_	

#Text=Der Greis ist heiß.
25-1	1323-1326	Der	positive[25]	_	
25-2	1327-1332	Greis	positive[25]	_	
25-3	1333-1336	ist	positive[25]	_	
25-4	1337-1341	heiß	positive[25]	_	
25-5	1341-1342	.	_	_	

#Text=Ach, wie gut, dass keiner weiß...
26-1	1347-1350	Ach	positive[26]	_	
26-2	1350-1351	,	positive[26]	_	
26-3	1352-1355	wie	positive[26]	_	
26-4	1356-1359	gut	positive[26]	_	
26-5	1359-1360	,	positive[26]	_	
26-6	1361-1365	dass	positive[26]	_	
26-7	1366-1372	keiner	positive[26]	_	
26-8	1373-1377	weiß	positive[26]	_	
26-9	1377-1378	.	_	_	
26-10	1378-1379	.	_	_	
26-11	1379-1380	.	_	_	

#Text=Der Greis heiß, der Greis ist heiß.
27-1	1381-1384	Der	positive[27]	_	
27-2	1385-1390	Greis	positive[27]	_	
27-3	1391-1395	heiß	positive[27]	_	
27-4	1395-1396	,	positive[27]	_	
27-5	1397-1400	der	positive[27]	_	
27-6	1401-1406	Greis	positive[27]	_	
27-7	1407-1410	ist	positive[27]	_	
27-8	1411-1415	heiß	positive[27]	_	
27-9	1415-1416	.	_	_	
