#FORMAT=WebAnno TSV 3.2
#T_SP=webanno.custom.Sentiment|Polarity
#T_SP=webanno.custom.Topic|Topics


#Text=Christlich-soziales Gas, Weihwasserwerfer und die Polizei schießt immer schärfer, kommst nach Haus, wilde Wut, geballte Faust, geronnenes Blut.
1-1	0-19	Christlich-soziales	negative[1]	Politik/Soziales/Missstände[14]	
1-2	20-23	Gas	negative[1]	Politik/Soziales/Missstände[14]	
1-3	23-24	,	negative[1]	_	
1-4	25-41	Weihwasserwerfer	negative[1]	Politik/Soziales/Missstände	
1-5	42-45	und	negative[1]	_	
1-6	46-49	die	negative[1]	_	
1-7	50-57	Polizei	negative[1]	Politik/Soziales/Missstände	
1-8	58-65	schießt	negative[1]	_	
1-9	66-71	immer	negative[1]	_	
1-10	72-80	schärfer	negative[1]	_	
1-11	80-81	,	_	_	
1-12	82-88	kommst	negative[2]	_	
1-13	89-93	nach	negative[2]	_	
1-14	94-98	Haus	negative[2]	_	
1-15	98-99	,	negative[2]	_	
1-16	100-105	wilde	negative[2]	Persönliches/Emotionen[15]	
1-17	106-109	Wut	negative[2]	Persönliches/Emotionen[15]	
1-18	109-110	,	negative[2]	_	
1-19	111-119	geballte	negative[2]	Persönliches/Emotionen[16]	
1-20	120-125	Faust	negative[2]	Persönliches/Emotionen[16]	
1-21	125-126	,	negative[2]	_	
1-22	127-137	geronnenes	negative[2]	Politik/Soziales/Missstände[17]	
1-23	138-142	Blut	negative[2]	Politik/Soziales/Missstände[17]	
1-24	142-143	.	_	_	

#Text=Ja, die Polizei schießt immer schärfer, solange noch ein Mensch verhungern muß und sinnlos stirbt, wirst du weiterkämpfen und macht man's dir auch noch so schwer.
2-1	144-146	Ja	negative[3]	_	
2-2	146-147	,	negative[3]	_	
2-3	148-151	die	negative[3]	_	
2-4	152-159	Polizei	negative[3]	Politik/Soziales/Missstände	
2-5	160-167	schießt	negative[3]	_	
2-6	168-173	immer	negative[3]	_	
2-7	174-182	schärfer	negative[3]	_	
2-8	182-183	,	_	_	
2-9	184-191	solange	negative[4]	_	
2-10	192-196	noch	negative[4]	_	
2-11	197-200	ein	negative[4]	_	
2-12	201-207	Mensch	negative[4]	Politik/Soziales/Missstände[18]	
2-13	208-218	verhungern	negative[4]	Politik/Soziales/Missstände[18]	
2-14	219-222	muß	negative[4]	_	
2-15	223-226	und	negative[4]	_	
2-16	227-234	sinnlos	negative[4]	Politik/Soziales/Missstände[19]	
2-17	235-241	stirbt	negative[4]	Politik/Soziales/Missstände[19]	
2-18	241-242	,	negative[4]	_	
2-19	243-248	wirst	negative[4]	_	
2-20	249-251	du	negative[4]	_	
2-21	252-265	weiterkämpfen	negative[4]	_	
2-22	266-269	und	negative[4]	_	
2-23	270-275	macht	negative[4]	_	
2-24	276-281	man's	negative[4]	_	
2-25	282-285	dir	negative[4]	_	
2-26	286-290	auch	negative[4]	_	
2-27	291-295	noch	negative[4]	_	
2-28	296-298	so	negative[4]	_	
2-29	299-305	schwer	negative[4]	_	
2-30	305-306	.	_	_	

#Text=Und darum lieb' ich dich, und darum lieb' ich dich noch mehr.
3-1	311-314	Und	positive[5]	_	
3-2	315-320	darum	positive[5]	_	
3-3	321-325	lieb	positive[5]	Liebe/Partnerschaft	
3-4	325-326	'	positive[5]	_	
3-5	327-330	ich	positive[5]	_	
3-6	331-335	dich	positive[5]	_	
3-7	335-336	,	positive[5]	_	
3-8	337-340	und	positive[5]	_	
3-9	341-346	darum	positive[5]	_	
3-10	347-351	lieb	positive[5]	Liebe/Partnerschaft	
3-11	351-352	'	positive[5]	_	
3-12	353-356	ich	positive[5]	_	
3-13	357-361	dich	positive[5]	_	
3-14	362-366	noch	positive[5]	_	
3-15	367-371	mehr	positive[5]	_	
3-16	371-372	.	_	_	

#Text=Gummigeschosse, du im Visier, Polizeikontrollen, Hubschrauber dröhnen, Panzer rollen, du bleibst cool, beherrschst deinen Zorn, eine falsche Bewegung, ein Schritt nach vorn, das ist das, was sie wollen, solange noch ein Unrecht totgeschwiegen wird und du die Wahrheit sagst und schreist, damit man dich auch hört.
4-1	377-391	Gummigeschosse	negative[6]	Politik/Soziales/Missstände	
4-2	391-392	,	negative[6]	_	
4-3	393-395	du	negative[6]	_	
4-4	396-398	im	negative[6]	_	
4-5	399-405	Visier	negative[6]	Politik/Soziales/Missstände	
4-6	405-406	,	negative[6]	_	
4-7	407-424	Polizeikontrollen	negative[6]	Politik/Soziales/Missstände	
4-8	424-425	,	negative[6]	_	
4-9	426-438	Hubschrauber	negative[6]	_	
4-10	439-446	dröhnen	negative[6]	_	
4-11	446-447	,	negative[6]	_	
4-12	448-454	Panzer	negative[6]	Politik/Soziales/Missstände[20]	
4-13	455-461	rollen	negative[6]	Politik/Soziales/Missstände[20]	
4-14	461-462	,	_	_	
4-15	463-465	du	positive[7]	_	
4-16	466-473	bleibst	positive[7]	_	
4-17	474-478	cool	positive[7]	_	
4-18	478-479	,	positive[7]	_	
4-19	480-491	beherrschst	positive[7]	_	
4-20	492-498	deinen	positive[7]	_	
4-21	499-503	Zorn	positive[7]	Persönliches/Emotionen	
4-22	503-504	,	_	_	
4-23	505-509	eine	neutral[8]	_	
4-24	510-517	falsche	neutral[8]	_	
4-25	518-526	Bewegung	neutral[8]	_	
4-26	526-527	,	neutral[8]	_	
4-27	528-531	ein	neutral[8]	_	
4-28	532-539	Schritt	neutral[8]	_	
4-29	540-544	nach	neutral[8]	_	
4-30	545-549	vorn	neutral[8]	_	
4-31	549-550	,	neutral[8]	_	
4-32	551-554	das	neutral[8]	_	
4-33	555-558	ist	neutral[8]	_	
4-34	559-562	das	neutral[8]	_	
4-35	562-563	,	neutral[8]	_	
4-36	564-567	was	neutral[8]	_	
4-37	568-571	sie	neutral[8]	_	
4-38	572-578	wollen	neutral[8]	_	
4-39	578-579	,	_	_	
4-40	580-587	solange	neutral[9]	_	
4-41	588-592	noch	neutral[9]	_	
4-42	593-596	ein	neutral[9]	_	
4-43	597-604	Unrecht	neutral[9]	Politik/Soziales/Missstände[21]	
4-44	605-619	totgeschwiegen	neutral[9]	Politik/Soziales/Missstände[21]	
4-45	620-624	wird	neutral[9]	_	
4-46	625-628	und	neutral[9]	_	
4-47	629-631	du	neutral[9]	_	
4-48	632-635	die	neutral[9]	_	
4-49	636-644	Wahrheit	neutral[9]	_	
4-50	645-650	sagst	neutral[9]	_	
4-51	651-654	und	neutral[9]	_	
4-52	655-663	schreist	neutral[9]	_	
4-53	663-664	,	neutral[9]	_	
4-54	665-670	damit	neutral[9]	_	
4-55	671-674	man	neutral[9]	_	
4-56	675-679	dich	neutral[9]	_	
4-57	680-684	auch	neutral[9]	_	
4-58	685-689	hört	neutral[9]	_	
4-59	689-690	.	_	_	

#Text=Und darum lieb' ich dich, und darum lieb' ich dich noch mehr.
5-1	695-698	Und	neutral[10]	_	
5-2	699-704	darum	neutral[10]	_	
5-3	705-709	lieb	neutral[10]	Liebe/Partnerschaft[22]	
5-4	709-710	'	neutral[10]	Liebe/Partnerschaft[22]	
5-5	711-714	ich	neutral[10]	Liebe/Partnerschaft[22]	
5-6	715-719	dich	neutral[10]	Liebe/Partnerschaft[22]	
5-7	719-720	,	neutral[10]	Liebe/Partnerschaft[22]	
5-8	721-724	und	neutral[10]	_	
5-9	725-730	darum	neutral[10]	_	
5-10	731-735	lieb	neutral[10]	Liebe/Partnerschaft[23]	
5-11	735-736	'	neutral[10]	Liebe/Partnerschaft[23]	
5-12	737-740	ich	neutral[10]	Liebe/Partnerschaft[23]	
5-13	741-745	dich	neutral[10]	Liebe/Partnerschaft[23]	
5-14	746-750	noch	neutral[10]	_	
5-15	751-755	mehr	neutral[10]	_	
5-16	755-756	.	_	_	

#Text=Solange sie dein Land zum Waffenlager machen und du spürst: Ich kann nicht leben, wenn ich mich nicht wehr'.
6-1	761-768	Solange	negative[11]	_	
6-2	769-772	sie	negative[11]	_	
6-3	773-777	dein	negative[11]	_	
6-4	778-782	Land	negative[11]	_	
6-5	783-786	zum	negative[11]	_	
6-6	787-798	Waffenlager	negative[11]	Politik/Soziales/Missstände	
6-7	799-805	machen	negative[11]	_	
6-8	806-809	und	negative[12]	_	
6-9	810-812	du	negative[12]	_	
6-10	813-819	spürst	negative[12]	_	
6-11	819-820	:	negative[12]	_	
6-12	821-824	Ich	negative[12]	_	
6-13	825-829	kann	negative[12]	_	
6-14	830-835	nicht	negative[12]	_	
6-15	836-841	leben	negative[12]	_	
6-16	841-842	,	negative[12]	_	
6-17	843-847	wenn	negative[12]	_	
6-18	848-851	ich	negative[12]	_	
6-19	852-856	mich	negative[12]	_	
6-20	857-862	nicht	negative[12]	_	
6-21	863-867	wehr	negative[12]	_	
6-22	867-868	'	_	_	
6-23	868-869	.	_	_	

#Text=Und darum lieb' ich dich, und darum lieb' ich dich noch mehr.
7-1	874-877	Und	positive[13]	_	
7-2	878-883	darum	positive[13]	_	
7-3	884-888	lieb	positive[13]	Liebe/Partnerschaft[24]	
7-4	888-889	'	positive[13]	Liebe/Partnerschaft[24]	
7-5	890-893	ich	positive[13]	Liebe/Partnerschaft[24]	
7-6	894-898	dich	positive[13]	Liebe/Partnerschaft[24]	
7-7	898-899	,	positive[13]	_	
7-8	900-903	und	positive[13]	_	
7-9	904-909	darum	positive[13]	_	
7-10	910-914	lieb	positive[13]	Liebe/Partnerschaft[25]	
7-11	914-915	'	positive[13]	Liebe/Partnerschaft[25]	
7-12	916-919	ich	positive[13]	Liebe/Partnerschaft[25]	
7-13	920-924	dich	positive[13]	Liebe/Partnerschaft[25]	
7-14	925-929	noch	positive[13]	_	
7-15	930-934	mehr	positive[13]	_	
7-16	934-935	.	_	_	
