#FORMAT=WebAnno TSV 3.2
#T_SP=webanno.custom.Sentiment|Polarity
#T_SP=webanno.custom.Topic|Topics


#Text=Ich wollte runter nach New Orleans und der Tank war leer, in dem Kaff gab's leider kein Benzin und die Luft war schwül und schwer.
1-1	0-3	Ich	negative[1]	_	
1-2	4-10	wollte	negative[1]	_	
1-3	11-17	runter	negative[1]	_	
1-4	18-22	nach	negative[1]	_	
1-5	23-26	New	negative[1]	Reisen[18]	
1-6	27-34	Orleans	negative[1]	Reisen[18]	
1-7	35-38	und	negative[1]	_	
1-8	39-42	der	negative[1]	_	
1-9	43-47	Tank	negative[1]	_	
1-10	48-51	war	negative[1]	_	
1-11	52-56	leer	negative[1]	_	
1-12	56-57	,	negative[1]	_	
1-13	58-60	in	negative[1]	_	
1-14	61-64	dem	negative[1]	_	
1-15	65-69	Kaff	negative[1]	Politik/Soziales/Missstände	
1-16	70-75	gab's	negative[1]	_	
1-17	76-82	leider	negative[1]	_	
1-18	83-87	kein	negative[1]	_	
1-19	88-94	Benzin	negative[1]	_	
1-20	95-98	und	negative[1]	_	
1-21	99-102	die	negative[1]	_	
1-22	103-107	Luft	negative[1]	_	
1-23	108-111	war	negative[1]	_	
1-24	112-118	schwül	negative[1]	_	
1-25	119-122	und	negative[1]	_	
1-26	123-129	schwer	negative[1]	_	
1-27	129-130	.	negative[1]	_	

#Text=Und so ging ich in den Dorfsaloon und da sah ich dieses Zauberhuhn und ich sagte: Maybe...
2-1	131-134	Und	neutral[2]	_	
2-2	135-137	so	neutral[2]	_	
2-3	138-142	ging	neutral[2]	_	
2-4	143-146	ich	neutral[2]	_	
2-5	147-149	in	neutral[2]	_	
2-6	150-153	den	neutral[2]	_	
2-7	154-164	Dorfsaloon	neutral[2]	Gesundheit/Drogen	
2-8	165-168	und	neutral[2]	_	
2-9	169-171	da	neutral[2]	_	
2-10	172-175	sah	neutral[2]	_	
2-11	176-179	ich	neutral[2]	_	
2-12	180-186	dieses	neutral[2]	_	
2-13	187-197	Zauberhuhn	neutral[2]	Liebe/Partnerschaft	
2-14	198-201	und	neutral[2]	_	
2-15	202-205	ich	neutral[2]	_	
2-16	206-211	sagte	neutral[2]	_	
2-17	211-212	:	neutral[2]	_	
2-18	213-218	Maybe	neutral[2]	_	
2-19	218-219	.	neutral[2]	_	
2-20	219-220	.	neutral[2]	_	
2-21	220-221	.	neutral[2]	_	

#Text=Baby - und es gäb' noch was zu tun.
3-1	222-226	Baby	neutral[3]	Liebe/Partnerschaft	
3-2	227-228	-	neutral[3]	_	
3-3	229-232	und	neutral[3]	_	
3-4	233-235	es	neutral[3]	_	
3-5	236-239	gäb	neutral[3]	_	
3-6	239-240	'	neutral[3]	_	
3-7	241-245	noch	neutral[3]	_	
3-8	246-249	was	neutral[3]	_	
3-9	250-252	zu	neutral[3]	_	
3-10	253-256	tun	neutral[3]	_	
3-11	256-257	.	neutral[3]	_	

#Text="Oh bitte, führe mich nicht in Versuchung", flehte sie mich an: "Erlöse mich von dem Bösen."
4-1	262-263	"	negative[4]	_	
4-2	263-265	Oh	negative[4]	_	
4-3	266-271	bitte	negative[4]	_	
4-4	271-272	,	negative[4]	_	
4-5	273-278	führe	negative[4]	_	
4-6	279-283	mich	negative[4]	_	
4-7	284-289	nicht	negative[4]	_	
4-8	290-292	in	negative[4]	_	
4-9	293-303	Versuchung	negative[4]	Liebe/Partnerschaft	
4-10	303-304	"	negative[4]	_	
4-11	304-305	,	negative[4]	_	
4-12	306-312	flehte	negative[4]	_	
4-13	313-316	sie	negative[4]	_	
4-14	317-321	mich	negative[4]	_	
4-15	322-324	an	negative[4]	_	
4-16	324-325	:	negative[4]	_	
4-17	326-327	"	negative[4]	_	
4-18	327-333	Erlöse	negative[4]	_	
4-19	334-338	mich	negative[4]	_	
4-20	339-342	von	negative[4]	_	
4-21	343-346	dem	negative[4]	_	
4-22	347-352	Bösen	negative[4]	_	
4-23	352-353	.	negative[4]	_	
4-24	353-354	"	negative[4]	_	

#Text=Ich sag': "Das ist genau das, was ich nicht kann."
5-1	355-358	Ich	negative[5]	_	
5-2	359-362	sag	negative[5]	_	
5-3	362-363	'	negative[5]	_	
5-4	363-364	:	negative[5]	_	
5-5	365-366	"	negative[5]	_	
5-6	366-369	Das	negative[5]	_	
5-7	370-373	ist	negative[5]	_	
5-8	374-379	genau	negative[5]	_	
5-9	380-383	das	negative[5]	_	
5-10	383-384	,	negative[5]	_	
5-11	385-388	was	negative[5]	_	
5-12	389-392	ich	negative[5]	_	
5-13	393-398	nicht	negative[5]	_	
5-14	399-403	kann	negative[5]	_	
5-15	403-404	.	negative[5]	_	
5-16	404-405	"	negative[5]	_	

#Text=Kentucky-Mädchen, du hast im Tabakfeld gewohnt, du rolltest dir ein paar Blätter und dann warst du stoned wie Mr.
6-1	410-426	Kentucky-Mädchen	neutral[6]	Reisen	
6-2	426-427	,	neutral[6]	_	
6-3	428-430	du	neutral[6]	_	
6-4	431-435	hast	neutral[6]	_	
6-5	436-438	im	neutral[6]	_	
6-6	439-448	Tabakfeld	neutral[6]	_	
6-7	449-456	gewohnt	neutral[6]	_	
6-8	456-457	,	neutral[6]	_	
6-9	458-460	du	neutral[6]	_	
6-10	461-469	rolltest	neutral[6]	_	
6-11	470-473	dir	neutral[6]	_	
6-12	474-477	ein	neutral[6]	_	
6-13	478-482	paar	neutral[6]	_	
6-14	483-490	Blätter	neutral[6]	_	
6-15	491-494	und	neutral[6]	_	
6-16	495-499	dann	neutral[6]	_	
6-17	500-505	warst	neutral[6]	_	
6-18	506-508	du	neutral[6]	_	
6-19	509-515	stoned	neutral[6]	Gesundheit/Drogen	
6-20	516-519	wie	neutral[6]	_	
6-21	520-522	Mr	neutral[6]	_	
6-22	522-523	.	neutral[6]	_	

#Text=Armstrong auf dem Mond, oh, oh, all Systems go!
7-1	524-533	Armstrong	neutral[7]	Politik/Soziales/Missstände[19]	
7-2	534-537	auf	neutral[7]	Politik/Soziales/Missstände[19]	
7-3	538-541	dem	neutral[7]	Politik/Soziales/Missstände[19]	
7-4	542-546	Mond	neutral[7]	Politik/Soziales/Missstände[19]	
7-5	546-547	,	neutral[7]	_	
7-6	548-550	oh	neutral[7]	_	
7-7	550-551	,	neutral[7]	_	
7-8	552-554	oh	neutral[7]	_	
7-9	554-555	,	neutral[7]	_	
7-10	556-559	all	neutral[7]	_	
7-11	560-567	Systems	neutral[7]	_	
7-12	568-570	go	neutral[7]	_	
7-13	570-571	!	neutral[7]	_	

#Text=Danach schliefen wir ein in der feuchten Nacht und morgens wollt' ich los auf die Schnelle, doch sie hielt mich fest mit ihren Tabakpflückfingern an meiner empfindlichsten Stelle.
8-1	576-582	Danach	negative[8]	_	
8-2	583-592	schliefen	negative[8]	_	
8-3	593-596	wir	negative[8]	_	
8-4	597-600	ein	negative[8]	_	
8-5	601-603	in	negative[8]	_	
8-6	604-607	der	negative[8]	_	
8-7	608-616	feuchten	negative[8]	_	
8-8	617-622	Nacht	negative[8]	_	
8-9	623-626	und	negative[8]	_	
8-10	627-634	morgens	negative[8]	_	
8-11	635-640	wollt	negative[8]	_	
8-12	640-641	'	negative[8]	_	
8-13	642-645	ich	negative[8]	_	
8-14	646-649	los	negative[8]	_	
8-15	650-653	auf	negative[8]	_	
8-16	654-657	die	negative[8]	_	
8-17	658-666	Schnelle	negative[8]	_	
8-18	666-667	,	negative[8]	_	
8-19	668-672	doch	negative[8]	_	
8-20	673-676	sie	negative[8]	_	
8-21	677-682	hielt	negative[8]	_	
8-22	683-687	mich	negative[8]	_	
8-23	688-692	fest	negative[8]	_	
8-24	693-696	mit	negative[8]	_	
8-25	697-702	ihren	negative[8]	_	
8-26	703-721	Tabakpflückfingern	negative[8]	_	
8-27	722-724	an	negative[8]	_	
8-28	725-731	meiner	negative[8]	_	
8-29	732-747	empfindlichsten	negative[8]	_	
8-30	748-754	Stelle	negative[8]	_	
8-31	754-755	.	negative[8]	_	

#Text=Und dann blieb ich da und die Oma sagte: "Gut, dass du kein Nigger bist, denn sonst lyncht dich sofort der Ku-Klux-Klan und man meldet dich als vermisst."
9-1	756-759	Und	negative[9]	_	
9-2	760-764	dann	negative[9]	_	
9-3	765-770	blieb	negative[9]	_	
9-4	771-774	ich	negative[9]	_	
9-5	775-777	da	negative[9]	_	
9-6	778-781	und	negative[9]	_	
9-7	782-785	die	negative[9]	_	
9-8	786-789	Oma	negative[9]	_	
9-9	790-795	sagte	negative[9]	_	
9-10	795-796	:	negative[9]	_	
9-11	797-798	"	negative[9]	_	
9-12	798-801	Gut	negative[9]	_	
9-13	801-802	,	negative[9]	_	
9-14	803-807	dass	negative[9]	_	
9-15	808-810	du	negative[9]	_	
9-16	811-815	kein	negative[9]	_	
9-17	816-822	Nigger	negative[9]	Politik/Soziales/Missstände	
9-18	823-827	bist	negative[9]	_	
9-19	827-828	,	negative[9]	_	
9-20	829-833	denn	negative[9]	_	
9-21	834-839	sonst	negative[9]	_	
9-22	840-846	lyncht	negative[9]	Politik/Soziales/Missstände[20]	
9-23	847-851	dich	negative[9]	Politik/Soziales/Missstände[20]	
9-24	852-858	sofort	negative[9]	_	
9-25	859-862	der	negative[9]	_	
9-26	863-875	Ku-Klux-Klan	negative[9]	Politik/Soziales/Missstände	
9-27	876-879	und	negative[9]	_	
9-28	880-883	man	negative[9]	_	
9-29	884-890	meldet	negative[9]	_	
9-30	891-895	dich	negative[9]	_	
9-31	896-899	als	negative[9]	_	
9-32	900-908	vermisst	negative[9]	Politik/Soziales/Missstände	
9-33	908-909	.	negative[9]	_	
9-34	909-910	"	negative[9]	_	

#Text=Mensch, ich sag' dir, unten im Süden sind die Bräuche ganz schön streng, der Mississippi ist breit, und das Gras ist blau und viele Köpfe sind alt und eng.
10-1	915-921	Mensch	negative[10]	_	
10-2	921-922	,	negative[10]	_	
10-3	923-926	ich	negative[10]	_	
10-4	927-930	sag	negative[10]	_	
10-5	930-931	'	negative[10]	_	
10-6	932-935	dir	negative[10]	_	
10-7	935-936	,	negative[10]	_	
10-8	937-942	unten	negative[10]	_	
10-9	943-945	im	negative[10]	Reisen[21]	
10-10	946-951	Süden	negative[10]	Reisen[21]	
10-11	952-956	sind	negative[10]	_	
10-12	957-960	die	negative[10]	_	
10-13	961-968	Bräuche	negative[10]	Politik/Soziales/Missstände	
10-14	969-973	ganz	negative[10]	_	
10-15	974-979	schön	negative[10]	_	
10-16	980-986	streng	negative[10]	_	
10-17	986-987	,	negative[10]	_	
10-18	988-991	der	negative[10]	_	
10-19	992-1003	Mississippi	negative[10]	Reisen	
10-20	1004-1007	ist	negative[10]	_	
10-21	1008-1013	breit	negative[10]	_	
10-22	1013-1014	,	negative[10]	_	
10-23	1015-1018	und	negative[10]	_	
10-24	1019-1022	das	negative[10]	_	
10-25	1023-1027	Gras	negative[10]	_	
10-26	1028-1031	ist	negative[10]	_	
10-27	1032-1036	blau	negative[10]	_	
10-28	1037-1040	und	negative[10]	_	
10-29	1041-1046	viele	negative[10]	_	
10-30	1047-1052	Köpfe	negative[10]	Politik/Soziales/Missstände[22]	
10-31	1053-1057	sind	negative[10]	Politik/Soziales/Missstände[22]	
10-32	1058-1061	alt	negative[10]	Politik/Soziales/Missstände[22]	
10-33	1062-1065	und	negative[10]	Politik/Soziales/Missstände[22]	
10-34	1066-1069	eng	negative[10]	Politik/Soziales/Missstände[22]	
10-35	1069-1070	.	negative[10]	_	

#Text=Kentucky-Mädchen, du hast im Tabakfeld gewohnt, du rolltest dir ein paar Blätter und dann warst du stoned wie Mr.
11-1	1075-1091	Kentucky-Mädchen	neutral[11]	Reisen	
11-2	1091-1092	,	neutral[11]	_	
11-3	1093-1095	du	neutral[11]	_	
11-4	1096-1100	hast	neutral[11]	_	
11-5	1101-1103	im	neutral[11]	_	
11-6	1104-1113	Tabakfeld	neutral[11]	_	
11-7	1114-1121	gewohnt	neutral[11]	_	
11-8	1121-1122	,	neutral[11]	_	
11-9	1123-1125	du	neutral[11]	_	
11-10	1126-1134	rolltest	neutral[11]	_	
11-11	1135-1138	dir	neutral[11]	_	
11-12	1139-1142	ein	neutral[11]	_	
11-13	1143-1147	paar	neutral[11]	_	
11-14	1148-1155	Blätter	neutral[11]	_	
11-15	1156-1159	und	neutral[11]	_	
11-16	1160-1164	dann	neutral[11]	_	
11-17	1165-1170	warst	neutral[11]	_	
11-18	1171-1173	du	neutral[11]	_	
11-19	1174-1180	stoned	neutral[11]	Gesundheit/Drogen	
11-20	1181-1184	wie	neutral[11]	_	
11-21	1185-1187	Mr	neutral[11]	_	
11-22	1187-1188	.	neutral[11]	_	

#Text=Armstrong auf dem Mond.
12-1	1189-1198	Armstrong	neutral[12]	Politik/Soziales/Missstände[23]	
12-2	1199-1202	auf	neutral[12]	Politik/Soziales/Missstände[23]	
12-3	1203-1206	dem	neutral[12]	Politik/Soziales/Missstände[23]	
12-4	1207-1211	Mond	neutral[12]	Politik/Soziales/Missstände[23]	
12-5	1211-1212	.	neutral[12]	_	

#Text=Oh, Mädchen, wer holt dich denn da mal raus?
13-1	1213-1215	Oh	negative[13]	_	
13-2	1215-1216	,	negative[13]	_	
13-3	1217-1224	Mädchen	negative[13]	_	
13-4	1224-1225	,	negative[13]	_	
13-5	1226-1229	wer	negative[13]	_	
13-6	1230-1234	holt	negative[13]	_	
13-7	1235-1239	dich	negative[13]	_	
13-8	1240-1244	denn	negative[13]	_	
13-9	1245-1247	da	negative[13]	_	
13-10	1248-1251	mal	negative[13]	_	
13-11	1252-1256	raus	negative[13]	_	
13-12	1256-1257	?	negative[13]	_	

#Text=Der Greyhound kommt nur einmal die Woche und fährt sofort weiter, denn nie steigt einer aus.
14-1	1258-1261	Der	negative[14]	_	
14-2	1262-1271	Greyhound	negative[14]	Reisen	
14-3	1272-1277	kommt	negative[14]	_	
14-4	1278-1281	nur	negative[14]	_	
14-5	1282-1288	einmal	negative[14]	_	
14-6	1289-1292	die	negative[14]	_	
14-7	1293-1298	Woche	negative[14]	_	
14-8	1299-1302	und	negative[14]	_	
14-9	1303-1308	fährt	negative[14]	Reisen	
14-10	1309-1315	sofort	negative[14]	_	
14-11	1316-1322	weiter	negative[14]	_	
14-12	1322-1323	,	negative[14]	_	
14-13	1324-1328	denn	negative[14]	_	
14-14	1329-1332	nie	negative[14]	Reisen[24]	
14-15	1333-1339	steigt	negative[14]	Reisen[24]	
14-16	1340-1345	einer	negative[14]	Reisen[24]	
14-17	1346-1349	aus	negative[14]	Reisen[24]	
14-18	1349-1350	.	negative[14]	_	

#Text=Kentucky-Mädchen, du hast im Tabakfeld gewohnt, du rolltest dir ein paar Blätter und dann warst du stoned wie Mr.
15-1	1355-1371	Kentucky-Mädchen	neutral[15]	Reisen	
15-2	1371-1372	,	neutral[15]	_	
15-3	1373-1375	du	neutral[15]	_	
15-4	1376-1380	hast	neutral[15]	_	
15-5	1381-1383	im	neutral[15]	_	
15-6	1384-1393	Tabakfeld	neutral[15]	_	
15-7	1394-1401	gewohnt	neutral[15]	_	
15-8	1401-1402	,	neutral[15]	_	
15-9	1403-1405	du	neutral[15]	_	
15-10	1406-1414	rolltest	neutral[15]	_	
15-11	1415-1418	dir	neutral[15]	_	
15-12	1419-1422	ein	neutral[15]	_	
15-13	1423-1427	paar	neutral[15]	_	
15-14	1428-1435	Blätter	neutral[15]	_	
15-15	1436-1439	und	neutral[15]	_	
15-16	1440-1444	dann	neutral[15]	_	
15-17	1445-1450	warst	neutral[15]	_	
15-18	1451-1453	du	neutral[15]	_	
15-19	1454-1460	stoned	neutral[15]	Gesundheit/Drogen	
15-20	1461-1464	wie	neutral[15]	_	
15-21	1465-1467	Mr	neutral[15]	_	
15-22	1467-1468	.	neutral[15]	_	

#Text=Armstrong auf dem Mond.
16-1	1469-1478	Armstrong	neutral[16]	Reisen[25]	
16-2	1479-1482	auf	neutral[16]	Reisen[25]	
16-3	1483-1486	dem	neutral[16]	Reisen[25]	
16-4	1487-1491	Mond	neutral[16]	Reisen[25]	
16-5	1491-1492	.	neutral[16]	_	

#Text=Oh, Mädchen, ich denke oft an dich, irgendwann komm ich wieder, denn du bist die größte Zaubermaus für mich, oh yeah.
17-1	1493-1495	Oh	positive[17]	_	
17-2	1495-1496	,	positive[17]	_	
17-3	1497-1504	Mädchen	positive[17]	_	
17-4	1504-1505	,	positive[17]	_	
17-5	1506-1509	ich	positive[17]	_	
17-6	1510-1515	denke	positive[17]	Liebe/Partnerschaft[26]	
17-7	1516-1519	oft	positive[17]	Liebe/Partnerschaft[26]	
17-8	1520-1522	an	positive[17]	Liebe/Partnerschaft[26]	
17-9	1523-1527	dich	positive[17]	Liebe/Partnerschaft[26]	
17-10	1527-1528	,	positive[17]	_	
17-11	1529-1539	irgendwann	positive[17]	_	
17-12	1540-1544	komm	positive[17]	_	
17-13	1545-1548	ich	positive[17]	_	
17-14	1549-1555	wieder	positive[17]	_	
17-15	1555-1556	,	positive[17]	_	
17-16	1557-1561	denn	positive[17]	_	
17-17	1562-1564	du	positive[17]	_	
17-18	1565-1569	bist	positive[17]	_	
17-19	1570-1573	die	positive[17]	Liebe/Partnerschaft[27]	
17-20	1574-1580	größte	positive[17]	Liebe/Partnerschaft[27]	
17-21	1581-1591	Zaubermaus	positive[17]	Liebe/Partnerschaft[27]	
17-22	1592-1595	für	positive[17]	Liebe/Partnerschaft[27]	
17-23	1596-1600	mich	positive[17]	Liebe/Partnerschaft[27]	
17-24	1600-1601	,	positive[17]	_	
17-25	1602-1604	oh	positive[17]	_	
17-26	1605-1609	yeah	positive[17]	_	
17-27	1609-1610	.	positive[17]	_	
