#FORMAT=WebAnno TSV 3.2
#T_SP=webanno.custom.Sentiment|Polarity
#T_SP=webanno.custom.Topic|Topics


#Text=Gestatten, Doktor Lindberg, ich präsentier' Ihnen  den Prototyp eines Vogelmenschen, die fliegen ohne Flugmaschinen.
1-1	0-9	Gestatten	neutral[1]	_	
1-2	9-10	,	neutral[1]	_	
1-3	11-17	Doktor	neutral[1]	_	
1-4	18-26	Lindberg	neutral[1]	_	
1-5	26-27	,	neutral[1]	_	
1-6	28-31	ich	neutral[1]	_	
1-7	32-42	präsentier	neutral[1]	_	
1-8	42-43	'	neutral[1]	_	
1-9	44-49	Ihnen	neutral[1]	_	
1-10	51-54	den	neutral[1]	_	
1-11	55-63	Prototyp	neutral[1]	_	
1-12	64-69	eines	neutral[1]	_	
1-13	70-83	Vogelmenschen	neutral[1]	_	
1-14	83-84	,	neutral[1]	_	
1-15	85-88	die	neutral[1]	_	
1-16	89-96	fliegen	neutral[1]	Reisen	
1-17	97-101	ohne	neutral[1]	_	
1-18	102-115	Flugmaschinen	neutral[1]	Reisen	
1-19	115-116	.	_	_	

#Text=Es hat sich gelohnt nach zwanzig Jahren , jeden Abend nach der Praxis, ganz spät , Stieg ich runter in mein Kellerlabor  und hier das Resultat meiner Genialität.
2-1	121-123	Es	positive[2]	_	
2-2	124-127	hat	positive[2]	_	
2-3	128-132	sich	positive[2]	_	
2-4	133-140	gelohnt	positive[2]	_	
2-5	141-145	nach	positive[2]	_	
2-6	146-153	zwanzig	positive[2]	_	
2-7	154-160	Jahren	positive[2]	_	
2-8	161-162	,	positive[2]	_	
2-9	163-168	jeden	positive[2]	_	
2-10	169-174	Abend	positive[2]	_	
2-11	175-179	nach	positive[2]	_	
2-12	180-183	der	positive[2]	_	
2-13	184-190	Praxis	positive[2]	_	
2-14	190-191	,	positive[2]	_	
2-15	192-196	ganz	positive[2]	_	
2-16	197-201	spät	positive[2]	_	
2-17	202-203	,	positive[2]	_	
2-18	204-209	Stieg	positive[2]	_	
2-19	210-213	ich	positive[2]	_	
2-20	214-220	runter	positive[2]	_	
2-21	221-223	in	positive[2]	_	
2-22	224-228	mein	positive[2]	_	
2-23	229-240	Kellerlabor	positive[2]	_	
2-24	242-245	und	positive[2]	_	
2-25	246-250	hier	positive[2]	_	
2-26	251-254	das	positive[2]	_	
2-27	255-263	Resultat	positive[2]	_	
2-28	264-270	meiner	positive[2]	_	
2-29	271-281	Genialität	positive[2]	Persönliches/Emotionen[18]	
2-30	281-282	.	positive[2]	Persönliches/Emotionen[18]	

#Text=Ich sah's nicht mehr ein, dass nur im Kino  und in Comic-Magzazinen , die Supermänner locker losflattern , ganz ohne Propeller und Turbinen . betrachtet man die Sache praktisch , ist so ein Typ, wie ich glaube , in vielerlei Hinsicht einzusetzen , zum Beispiel auch als Brieftaube.
3-1	287-290	Ich	negative[3]	Politik/Soziales/Missstände[19]	
3-2	291-296	sah's	negative[3]	Politik/Soziales/Missstände[19]	
3-3	297-302	nicht	negative[3]	Politik/Soziales/Missstände[19]	
3-4	303-307	mehr	negative[3]	Politik/Soziales/Missstände[19]	
3-5	308-311	ein	negative[3]	Politik/Soziales/Missstände[19]	
3-6	311-312	,	negative[3]	_	
3-7	313-317	dass	negative[3]	_	
3-8	318-321	nur	negative[3]	_	
3-9	322-324	im	negative[3]	_	
3-10	325-329	Kino	negative[3]	_	
3-11	331-334	und	negative[3]	_	
3-12	335-337	in	negative[3]	_	
3-13	338-354	Comic-Magzazinen	negative[3]	_	
3-14	355-356	,	negative[3]	_	
3-15	357-360	die	negative[3]	_	
3-16	361-372	Supermänner	negative[3]	_	
3-17	373-379	locker	negative[3]	_	
3-18	380-391	losflattern	negative[3]	_	
3-19	392-393	,	negative[3]	_	
3-20	394-398	ganz	negative[3]	_	
3-21	399-403	ohne	negative[3]	_	
3-22	404-413	Propeller	negative[3]	Reisen	
3-23	414-417	und	negative[3]	_	
3-24	418-426	Turbinen	negative[3]	Reisen	
3-25	427-428	.	_	_	
3-26	429-439	betrachtet	positive[4]	_	
3-27	440-443	man	positive[4]	_	
3-28	444-447	die	positive[4]	_	
3-29	448-453	Sache	positive[4]	_	
3-30	454-463	praktisch	positive[4]	_	
3-31	464-465	,	positive[4]	_	
3-32	466-469	ist	positive[4]	_	
3-33	470-472	so	positive[4]	_	
3-34	473-476	ein	positive[4]	_	
3-35	477-480	Typ	positive[4]	_	
3-36	480-481	,	positive[4]	_	
3-37	482-485	wie	positive[4]	_	
3-38	486-489	ich	positive[4]	_	
3-39	490-496	glaube	positive[4]	_	
3-40	497-498	,	positive[4]	_	
3-41	499-501	in	positive[4]	_	
3-42	502-511	vielerlei	positive[4]	_	
3-43	512-520	Hinsicht	positive[4]	_	
3-44	521-532	einzusetzen	positive[4]	_	
3-45	533-534	,	positive[4]	_	
3-46	535-538	zum	positive[4]	_	
3-47	539-547	Beispiel	positive[4]	_	
3-48	548-552	auch	positive[4]	_	
3-49	553-556	als	positive[4]	_	
3-50	557-567	Brieftaube	positive[4]	_	
3-51	567-568	.	_	_	

#Text=So baute ich den Bett-Män , ich monitierte ihm die Flügel dran .
4-1	573-575	So	neutral[5]	_	
4-2	576-581	baute	neutral[5]	_	
4-3	582-585	ich	neutral[5]	_	
4-4	586-589	den	neutral[5]	_	
4-5	590-598	Bett-Män	neutral[5]	_	
4-6	599-600	,	neutral[5]	_	
4-7	601-604	ich	neutral[5]	_	
4-8	605-615	monitierte	neutral[5]	_	
4-9	616-619	ihm	neutral[5]	_	
4-10	620-623	die	neutral[5]	_	
4-11	624-630	Flügel	neutral[5]	Reisen	
4-12	631-635	dran	neutral[5]	_	
4-13	636-637	.	_	_	

#Text=Bett-Män, dann war er fertig mein Fliegemann , doch als er dann in den Lüften hing , versagte dieses dumme Ding.
5-1	638-646	Bett-Män	negative[6]	_	
5-2	646-647	,	negative[6]	_	
5-3	648-652	dann	negative[6]	_	
5-4	653-656	war	negative[6]	_	
5-5	657-659	er	negative[6]	_	
5-6	660-666	fertig	negative[6]	_	
5-7	667-671	mein	negative[6]	_	
5-8	672-682	Fliegemann	negative[6]	_	
5-9	683-684	,	negative[6]	_	
5-10	685-689	doch	negative[6]	_	
5-11	690-693	als	negative[6]	_	
5-12	694-696	er	negative[6]	_	
5-13	697-701	dann	negative[6]	_	
5-14	702-704	in	negative[6]	_	
5-15	705-708	den	negative[6]	_	
5-16	709-715	Lüften	negative[6]	_	
5-17	716-720	hing	negative[6]	_	
5-18	721-722	,	negative[6]	_	
5-19	723-731	versagte	negative[6]	_	
5-20	732-738	dieses	negative[6]	_	
5-21	739-744	dumme	negative[6]	Persönliches/Emotionen[20]	
5-22	745-749	Ding	negative[6]	Persönliches/Emotionen[20]	
5-23	749-750	.	_	_	

#Text=Bett-Män, ich will nicht fliegen.
6-1	755-763	Bett-Män	negative[7]	_	
6-2	763-764	,	negative[7]	_	
6-3	765-768	ich	negative[7]	_	
6-4	769-773	will	negative[7]	_	
6-5	774-779	nicht	negative[7]	_	
6-6	780-787	fliegen	negative[7]	Reisen	
6-7	787-788	.	_	_	

#Text=Bett-Män, ich will viel lieber in der Poofe liegen , Bett-Män, und wenn's geht mit 'ner tollen Astronautin.
7-1	789-797	Bett-Män	neutral[8]	_	
7-2	797-798	,	neutral[8]	_	
7-3	799-802	ich	neutral[8]	_	
7-4	803-807	will	neutral[8]	_	
7-5	808-812	viel	neutral[8]	_	
7-6	813-819	lieber	neutral[8]	_	
7-7	820-822	in	neutral[8]	_	
7-8	823-826	der	neutral[8]	_	
7-9	827-832	Poofe	neutral[8]	_	
7-10	833-839	liegen	neutral[8]	_	
7-11	840-841	,	neutral[8]	_	
7-12	842-850	Bett-Män	neutral[8]	_	
7-13	850-851	,	neutral[8]	_	
7-14	852-855	und	neutral[8]	_	
7-15	856-862	wenn's	neutral[8]	_	
7-16	863-867	geht	neutral[8]	_	
7-17	868-871	mit	neutral[8]	_	
7-18	872-873	'	neutral[8]	_	
7-19	873-876	ner	neutral[8]	Liebe/Partnerschaft[21]	
7-20	877-883	tollen	neutral[8]	Liebe/Partnerschaft[21]	
7-21	884-895	Astronautin	neutral[8]	Liebe/Partnerschaft[21]	
7-22	895-896	.	_	_	

#Text=Gestatten, Doktor Lindberg, ich präsentier' Ihnen  den Prototyp eines Vogelmenschen , die fliegen ohne Flugmaschinen.
8-1	901-910	Gestatten	neutral[9]	_	
8-2	910-911	,	neutral[9]	_	
8-3	912-918	Doktor	neutral[9]	Gesundheit/Drogen	
8-4	919-927	Lindberg	neutral[9]	_	
8-5	927-928	,	neutral[9]	_	
8-6	929-932	ich	neutral[9]	_	
8-7	933-943	präsentier	neutral[9]	_	
8-8	943-944	'	neutral[9]	_	
8-9	945-950	Ihnen	neutral[9]	_	
8-10	952-955	den	neutral[9]	_	
8-11	956-964	Prototyp	neutral[9]	_	
8-12	965-970	eines	neutral[9]	_	
8-13	971-984	Vogelmenschen	neutral[9]	_	
8-14	985-986	,	neutral[9]	_	
8-15	987-990	die	neutral[9]	_	
8-16	991-998	fliegen	neutral[9]	Reisen	
8-17	999-1003	ohne	neutral[9]	_	
8-18	1004-1017	Flugmaschinen	neutral[9]	Reisen	
8-19	1017-1018	.	_	_	

#Text=Naja, ich wußte doch vorher auch nicht , dass der das alles missversteht  und, anstatt als Wolken-Tarzan , lieber mit 'ner Mieze ins Bettchen geht.
9-1	1023-1027	Naja	neutral[10]	_	
9-2	1027-1028	,	neutral[10]	_	
9-3	1029-1032	ich	neutral[10]	_	
9-4	1033-1038	wußte	neutral[10]	_	
9-5	1039-1043	doch	neutral[10]	_	
9-6	1044-1050	vorher	neutral[10]	_	
9-7	1051-1055	auch	neutral[10]	_	
9-8	1056-1061	nicht	neutral[10]	_	
9-9	1062-1063	,	neutral[10]	_	
9-10	1064-1068	dass	neutral[10]	_	
9-11	1069-1072	der	neutral[10]	_	
9-12	1073-1076	das	neutral[10]	_	
9-13	1077-1082	alles	neutral[10]	_	
9-14	1083-1095	missversteht	neutral[10]	_	
9-15	1097-1100	und	neutral[10]	_	
9-16	1100-1101	,	neutral[10]	_	
9-17	1102-1109	anstatt	neutral[10]	_	
9-18	1110-1113	als	neutral[10]	_	
9-19	1114-1127	Wolken-Tarzan	neutral[10]	_	
9-20	1128-1129	,	neutral[10]	_	
9-21	1130-1136	lieber	neutral[10]	_	
9-22	1137-1140	mit	neutral[10]	Liebe/Partnerschaft[22]	
9-23	1141-1142	'	neutral[10]	Liebe/Partnerschaft[22]	
9-24	1142-1145	ner	neutral[10]	Liebe/Partnerschaft[22]	
9-25	1146-1151	Mieze	neutral[10]	Liebe/Partnerschaft[22]	
9-26	1152-1155	ins	neutral[10]	Liebe/Partnerschaft[22]	
9-27	1156-1164	Bettchen	neutral[10]	Liebe/Partnerschaft[22]	
9-28	1165-1169	geht	neutral[10]	Liebe/Partnerschaft[22]	
9-29	1169-1170	.	_	_	

#Text=So baute ich den Bett-Män , ich monitierte ihm die Flügel dran , Bett-Män, dann war er fertig mein Fliegemann , doch als er dann in den Lüften hing , versagte dieses dumme Ding.
10-1	1175-1177	So	negative[11]	_	
10-2	1178-1183	baute	negative[11]	_	
10-3	1184-1187	ich	negative[11]	_	
10-4	1188-1191	den	negative[11]	_	
10-5	1192-1200	Bett-Män	negative[11]	_	
10-6	1201-1202	,	negative[11]	_	
10-7	1203-1206	ich	negative[11]	_	
10-8	1207-1217	monitierte	negative[11]	_	
10-9	1218-1221	ihm	negative[11]	_	
10-10	1222-1225	die	negative[11]	_	
10-11	1226-1232	Flügel	negative[11]	Reisen	
10-12	1233-1237	dran	negative[11]	_	
10-13	1238-1239	,	negative[11]	_	
10-14	1240-1248	Bett-Män	negative[11]	_	
10-15	1248-1249	,	negative[11]	_	
10-16	1250-1254	dann	negative[11]	_	
10-17	1255-1258	war	negative[11]	_	
10-18	1259-1261	er	negative[11]	_	
10-19	1262-1268	fertig	negative[11]	_	
10-20	1269-1273	mein	negative[11]	_	
10-21	1274-1284	Fliegemann	negative[11]	_	
10-22	1285-1286	,	negative[11]	_	
10-23	1287-1291	doch	negative[11]	_	
10-24	1292-1295	als	negative[11]	_	
10-25	1296-1298	er	negative[11]	_	
10-26	1299-1303	dann	negative[11]	_	
10-27	1304-1306	in	negative[11]	_	
10-28	1307-1310	den	negative[11]	_	
10-29	1311-1317	Lüften	negative[11]	_	
10-30	1318-1322	hing	negative[11]	_	
10-31	1323-1324	,	negative[11]	_	
10-32	1325-1333	versagte	negative[11]	_	
10-33	1334-1340	dieses	negative[11]	_	
10-34	1341-1346	dumme	negative[11]	Persönliches/Emotionen[23]	
10-35	1347-1351	Ding	negative[11]	Persönliches/Emotionen[23]	
10-36	1351-1352	.	negative[11]	_	

#Text=Bett-Män, ich will nicht fliegen .
11-1	1357-1365	Bett-Män	negative[12]	_	
11-2	1365-1366	,	negative[12]	_	
11-3	1367-1370	ich	negative[12]	_	
11-4	1371-1375	will	negative[12]	_	
11-5	1376-1381	nicht	negative[12]	_	
11-6	1382-1389	fliegen	negative[12]	Reisen	
11-7	1390-1391	.	_	_	

#Text=Bett-Män, ich will viel lieber im Bett liegen , Bett-Män, und wenn's geht mit 'ner tollen Astronautin .
12-1	1392-1400	Bett-Män	neutral[13]	_	
12-2	1400-1401	,	neutral[13]	_	
12-3	1402-1405	ich	neutral[13]	_	
12-4	1406-1410	will	neutral[13]	_	
12-5	1411-1415	viel	neutral[13]	_	
12-6	1416-1422	lieber	neutral[13]	_	
12-7	1423-1425	im	neutral[13]	_	
12-8	1426-1430	Bett	neutral[13]	_	
12-9	1431-1437	liegen	neutral[13]	_	
12-10	1438-1439	,	neutral[13]	_	
12-11	1440-1448	Bett-Män	neutral[13]	_	
12-12	1448-1449	,	neutral[13]	_	
12-13	1450-1453	und	neutral[13]	_	
12-14	1454-1460	wenn's	neutral[13]	_	
12-15	1461-1465	geht	neutral[13]	_	
12-16	1466-1469	mit	neutral[13]	_	
12-17	1470-1471	'	neutral[13]	_	
12-18	1471-1474	ner	neutral[13]	_	
12-19	1475-1481	tollen	neutral[13]	_	
12-20	1482-1493	Astronautin	neutral[13]	_	
12-21	1494-1495	.	_	_	

#Text=Bett-Män, ich moniterte die Flügel dran , Bett-Män, dann war er fertig mein Fliegemann , Bett-Män, doch als dann dieses dumme Ding , ratlos in der Zirkuskuppel hing .
13-1	1496-1504	Bett-Män	negative[14]	_	
13-2	1504-1505	,	negative[14]	_	
13-3	1506-1509	ich	negative[14]	_	
13-4	1510-1519	moniterte	negative[14]	_	
13-5	1520-1523	die	negative[14]	_	
13-6	1524-1530	Flügel	negative[14]	Reisen	
13-7	1531-1535	dran	negative[14]	_	
13-8	1536-1537	,	negative[14]	_	
13-9	1538-1546	Bett-Män	negative[14]	_	
13-10	1546-1547	,	negative[14]	_	
13-11	1548-1552	dann	negative[14]	_	
13-12	1553-1556	war	negative[14]	_	
13-13	1557-1559	er	negative[14]	_	
13-14	1560-1566	fertig	negative[14]	_	
13-15	1567-1571	mein	negative[14]	_	
13-16	1572-1582	Fliegemann	negative[14]	Reisen	
13-17	1583-1584	,	negative[14]	_	
13-18	1585-1593	Bett-Män	negative[14]	_	
13-19	1593-1594	,	negative[14]	_	
13-20	1595-1599	doch	negative[14]	_	
13-21	1600-1603	als	negative[14]	_	
13-22	1604-1608	dann	negative[14]	_	
13-23	1609-1615	dieses	negative[14]	_	
13-24	1616-1621	dumme	negative[14]	Persönliches/Emotionen[24]	
13-25	1622-1626	Ding	negative[14]	Persönliches/Emotionen[24]	
13-26	1627-1628	,	negative[14]	_	
13-27	1629-1635	ratlos	negative[14]	_	
13-28	1636-1638	in	negative[14]	_	
13-29	1639-1642	der	negative[14]	_	
13-30	1643-1655	Zirkuskuppel	negative[14]	_	
13-31	1656-1660	hing	negative[14]	_	
13-32	1661-1662	.	_	_	

#Text=Bett-Män, ich will nicht fliegen .
14-1	1663-1671	Bett-Män	negative[15]	_	
14-2	1671-1672	,	negative[15]	_	
14-3	1673-1676	ich	negative[15]	_	
14-4	1677-1681	will	negative[15]	_	
14-5	1682-1687	nicht	negative[15]	_	
14-6	1688-1695	fliegen	negative[15]	Reisen	
14-7	1696-1697	.	_	_	

#Text=Bett-Män, ich will viel lieber in der Poofe liegen, Bett-Män, und wenn's geht mit 'ner Stewardess?
15-1	1698-1706	Bett-Män	neutral[16]	_	
15-2	1706-1707	,	neutral[16]	_	
15-3	1708-1711	ich	neutral[16]	_	
15-4	1712-1716	will	neutral[16]	_	
15-5	1717-1721	viel	neutral[16]	_	
15-6	1722-1728	lieber	neutral[16]	_	
15-7	1729-1731	in	neutral[16]	_	
15-8	1732-1735	der	neutral[16]	_	
15-9	1736-1741	Poofe	neutral[16]	_	
15-10	1742-1748	liegen	neutral[16]	_	
15-11	1748-1749	,	neutral[16]	_	
15-12	1750-1758	Bett-Män	neutral[16]	_	
15-13	1758-1759	,	neutral[16]	_	
15-14	1760-1763	und	neutral[16]	_	
15-15	1764-1770	wenn's	neutral[16]	_	
15-16	1771-1775	geht	neutral[16]	_	
15-17	1776-1779	mit	neutral[16]	_	
15-18	1780-1781	'	neutral[16]	_	
15-19	1781-1784	ner	neutral[16]	Liebe/Partnerschaft[25]	
15-20	1785-1795	Stewardess	neutral[16]	Liebe/Partnerschaft[25]	
15-21	1795-1796	?	neutral[16]	_	

#Text=...oder was Sie da sonst so haben.
16-1	1798-1799	.	_	_	
16-2	1799-1800	.	_	_	
16-3	1800-1801	.	_	_	
16-4	1801-1805	oder	neutral[17]	_	
16-5	1806-1809	was	neutral[17]	_	
16-6	1810-1813	Sie	neutral[17]	_	
16-7	1814-1816	da	neutral[17]	_	
16-8	1817-1822	sonst	neutral[17]	_	
16-9	1823-1825	so	neutral[17]	_	
16-10	1826-1831	haben	neutral[17]	_	
16-11	1831-1832	.	neutral[17]	_	
