#FORMAT=WebAnno TSV 3.2
#T_SP=webanno.custom.Sentiment|Polarity
#T_SP=webanno.custom.Topic|Topics


#Text=Kannst du pfeiffen, Johanna?
1-1	0-6	Kannst	neutral[1]	_	
1-2	7-9	du	neutral[1]	_	
1-3	10-18	pfeiffen	neutral[1]	Musik	
1-4	18-19	,	neutral[1]	_	
1-5	20-27	Johanna	neutral[1]	_	
1-6	27-28	?	neutral[1]	_	

#Text=Gewiss kann ich das!
2-1	29-35	Gewiss	positive[2]	_	
2-2	36-40	kann	positive[2]	_	
2-3	41-44	ich	positive[2]	_	
2-4	45-48	das	positive[2]	_	
2-5	48-49	!	positive[2]	_	

#Text=Pfeiffe weiter, Johanna, denn pfeiffen macht Spaß.
3-1	50-57	Pfeiffe	positive[3]	Musik	
3-2	58-64	weiter	positive[3]	_	
3-3	64-65	,	positive[3]	_	
3-4	66-73	Johanna	positive[3]	_	
3-5	73-74	,	positive[3]	_	
3-6	75-79	denn	positive[3]	_	
3-7	80-88	pfeiffen	positive[3]	Musik	
3-8	89-94	macht	positive[3]	Persönliches/Emotionen[29]	
3-9	95-99	Spaß	positive[3]	Persönliches/Emotionen[29]	
3-10	99-100	.	positive[3]	_	

#Text=Du hast so rosarote Lippen und die Bäckchen sind so rund.
4-1	101-103	Du	neutral[4]	_	
4-2	104-108	hast	neutral[4]	_	
4-3	109-111	so	neutral[4]	_	
4-4	112-120	rosarote	neutral[4]	_	
4-5	121-127	Lippen	neutral[4]	_	
4-6	128-131	und	neutral[4]	_	
4-7	132-135	die	neutral[4]	_	
4-8	136-144	Bäckchen	neutral[4]	_	
4-9	145-149	sind	neutral[4]	_	
4-10	150-152	so	neutral[4]	_	
4-11	153-157	rund	neutral[4]	_	
4-12	157-158	.	neutral[4]	_	

#Text=Kind, was hast denn du für einen wunderschönen Mund.
5-1	159-163	Kind	positive[5]	_	
5-2	163-164	,	positive[5]	_	
5-3	165-168	was	positive[5]	_	
5-4	169-173	hast	positive[5]	_	
5-5	174-178	denn	positive[5]	_	
5-6	179-181	du	positive[5]	_	
5-7	182-185	für	positive[5]	_	
5-8	186-191	einen	positive[5]	_	
5-9	192-205	wunderschönen	positive[5]	_	
5-10	206-210	Mund	positive[5]	_	
5-11	210-211	.	positive[5]	_	

#Text=Kannst du pfeiffen, Johanna?
6-1	212-218	Kannst	neutral[6]	_	
6-2	219-221	du	neutral[6]	_	
6-3	222-230	pfeiffen	neutral[6]	Musik	
6-4	230-231	,	neutral[6]	_	
6-5	232-239	Johanna	neutral[6]	_	
6-6	239-240	?	neutral[6]	_	

#Text=Gewiss kann ich das.
7-1	241-247	Gewiss	positive[7]	_	
7-2	248-252	kann	positive[7]	_	
7-3	253-256	ich	positive[7]	_	
7-4	257-260	das	positive[7]	_	
7-5	260-261	.	positive[7]	_	

#Text=Kannst du singen, Johanna?
8-1	266-272	Kannst	neutral[8]	_	
8-2	273-275	du	neutral[8]	_	
8-3	276-282	singen	neutral[8]	Musik	
8-4	282-283	,	neutral[8]	_	
8-5	284-291	Johanna	neutral[8]	_	
8-6	291-292	?	neutral[8]	_	

#Text=Gewiss kann ich das.
9-1	293-299	Gewiss	positive[9]	_	
9-2	300-304	kann	positive[9]	_	
9-3	305-308	ich	positive[9]	_	
9-4	309-312	das	positive[9]	_	
9-5	312-313	.	positive[9]	_	

#Text=Singe weiter, Johanna, denn singen macht Spaß.
10-1	314-319	Singe	positive[10]	Musik	
10-2	320-326	weiter	positive[10]	_	
10-3	326-327	,	positive[10]	_	
10-4	328-335	Johanna	positive[10]	_	
10-5	335-336	,	positive[10]	_	
10-6	337-341	denn	positive[10]	_	
10-7	342-348	singen	positive[10]	Musik	
10-8	349-354	macht	positive[10]	Persönliches/Emotionen[30]	
10-9	355-359	Spaß	positive[10]	Persönliches/Emotionen[30]	
10-10	359-360	.	positive[10]	_	

#Text=Du hast so purpurrote Lippen und die Wangen sind so rund.
11-1	361-363	Du	neutral[11]	_	
11-2	364-368	hast	neutral[11]	_	
11-3	369-371	so	neutral[11]	_	
11-4	372-382	purpurrote	neutral[11]	_	
11-5	383-389	Lippen	neutral[11]	_	
11-6	390-393	und	neutral[11]	_	
11-7	394-397	die	neutral[11]	_	
11-8	398-404	Wangen	neutral[11]	_	
11-9	405-409	sind	neutral[11]	_	
11-10	410-412	so	neutral[11]	_	
11-11	413-417	rund	neutral[11]	_	
11-12	417-418	.	neutral[11]	_	

#Text=Kind, was hast denn du für einen wunderschönen Mund.
12-1	419-423	Kind	positive[12]	_	
12-2	423-424	,	positive[12]	_	
12-3	425-428	was	positive[12]	_	
12-4	429-433	hast	positive[12]	_	
12-5	434-438	denn	positive[12]	_	
12-6	439-441	du	positive[12]	_	
12-7	442-445	für	positive[12]	_	
12-8	446-451	einen	positive[12]	_	
12-9	452-465	wunderschönen	positive[12]	_	
12-10	466-470	Mund	positive[12]	_	
12-11	470-471	.	positive[12]	_	

#Text=Kannst du singen, Johanna?
13-1	472-478	Kannst	neutral[13]	_	
13-2	479-481	du	neutral[13]	_	
13-3	482-488	singen	neutral[13]	Musik	
13-4	488-489	,	neutral[13]	_	
13-5	490-497	Johanna	neutral[13]	_	
13-6	497-498	?	neutral[13]	_	

#Text=Gewiss kann ich das.
14-1	499-505	Gewiss	positive[14]	_	
14-2	506-510	kann	positive[14]	_	
14-3	511-514	ich	positive[14]	_	
14-4	515-518	das	positive[14]	_	
14-5	518-519	.	positive[14]	_	

#Text=Kannst du gurgeln, Johanna?
15-1	524-530	Kannst	neutral[15]	_	
15-2	531-533	du	neutral[15]	_	
15-3	534-541	gurgeln	neutral[15]	_	
15-4	541-542	,	neutral[15]	_	
15-5	543-550	Johanna	neutral[15]	_	
15-6	550-551	?	neutral[15]	_	

#Text=Gewiss kann ich das.
16-1	552-558	Gewiss	positive[16]	_	
16-2	559-563	kann	positive[16]	_	
16-3	564-567	ich	positive[16]	_	
16-4	568-571	das	positive[16]	_	
16-5	571-572	.	positive[16]	_	

#Text=Gurgel weiter, Johanna, denn gurgeln macht Spaß.
17-1	573-579	Gurgel	positive[17]	_	
17-2	580-586	weiter	positive[17]	_	
17-3	586-587	,	positive[17]	_	
17-4	588-595	Johanna	positive[17]	_	
17-5	595-596	,	positive[17]	_	
17-6	597-601	denn	positive[17]	_	
17-7	602-609	gurgeln	positive[17]	_	
17-8	610-615	macht	positive[17]	Persönliches/Emotionen[31]	
17-9	616-620	Spaß	positive[17]	Persönliches/Emotionen[31]	
17-10	620-621	.	positive[17]	_	

#Text=Du hast so rosarote Lippen und die Bäckchen sind so rund.
18-1	622-624	Du	neutral[18]	_	
18-2	625-629	hast	neutral[18]	_	
18-3	630-632	so	neutral[18]	_	
18-4	633-641	rosarote	neutral[18]	_	
18-5	642-648	Lippen	neutral[18]	_	
18-6	649-652	und	neutral[18]	_	
18-7	653-656	die	neutral[18]	_	
18-8	657-665	Bäckchen	neutral[18]	_	
18-9	666-670	sind	neutral[18]	_	
18-10	671-673	so	neutral[18]	_	
18-11	674-678	rund	neutral[18]	_	
18-12	678-679	.	neutral[18]	_	

#Text=Kind, was hast denn du für einen wunderschönen Mund.
19-1	680-684	Kind	positive[19]	_	
19-2	684-685	,	positive[19]	_	
19-3	686-689	was	positive[19]	_	
19-4	690-694	hast	positive[19]	_	
19-5	695-699	denn	positive[19]	_	
19-6	700-702	du	positive[19]	_	
19-7	703-706	für	positive[19]	_	
19-8	707-712	einen	positive[19]	_	
19-9	713-726	wunderschönen	positive[19]	_	
19-10	727-731	Mund	positive[19]	_	
19-11	731-732	.	positive[19]	_	

#Text=Kannst du gurgeln, Johanna?
20-1	733-739	Kannst	neutral[20]	_	
20-2	740-742	du	neutral[20]	_	
20-3	743-750	gurgeln	neutral[20]	_	
20-4	750-751	,	neutral[20]	_	
20-5	752-759	Johanna	neutral[20]	_	
20-6	759-760	?	neutral[20]	_	

#Text=Gewiss kann ich das!
21-1	761-767	Gewiss	positive[21]	_	
21-2	768-772	kann	positive[21]	_	
21-3	773-776	ich	positive[21]	_	
21-4	777-780	das	positive[21]	_	
21-5	780-781	!	positive[21]	_	

#Text=Kannst du kichern, Johanna?
22-1	786-792	Kannst	neutral[22]	_	
22-2	793-795	du	neutral[22]	_	
22-3	796-803	kichern	neutral[22]	_	
22-4	803-804	,	neutral[22]	_	
22-5	805-812	Johanna	neutral[22]	_	
22-6	812-813	?	neutral[22]	_	

#Text=Gewiss kann ich das.
23-1	814-820	Gewiss	positive[23]	_	
23-2	821-825	kann	positive[23]	_	
23-3	826-829	ich	positive[23]	_	
23-4	830-833	das	positive[23]	_	
23-5	833-834	.	positive[23]	_	

#Text=Kicher weiter, Johanna, denn kichern macht Spaß.
24-1	835-841	Kicher	positive[24]	_	
24-2	842-848	weiter	positive[24]	_	
24-3	848-849	,	positive[24]	_	
24-4	850-857	Johanna	positive[24]	_	
24-5	857-858	,	positive[24]	_	
24-6	859-863	denn	positive[24]	_	
24-7	864-871	kichern	positive[24]	_	
24-8	872-877	macht	positive[24]	Persönliches/Emotionen[32]	
24-9	878-882	Spaß	positive[24]	Persönliches/Emotionen[32]	
24-10	882-883	.	positive[24]	_	

#Text=Du hast so purpurrote Lippen und die Wangen sind so rund.
25-1	884-886	Du	neutral[25]	_	
25-2	887-891	hast	neutral[25]	_	
25-3	892-894	so	neutral[25]	_	
25-4	895-905	purpurrote	neutral[25]	_	
25-5	906-912	Lippen	neutral[25]	_	
25-6	913-916	und	neutral[25]	_	
25-7	917-920	die	neutral[25]	_	
25-8	921-927	Wangen	neutral[25]	_	
25-9	928-932	sind	neutral[25]	_	
25-10	933-935	so	neutral[25]	_	
25-11	936-940	rund	neutral[25]	_	
25-12	940-941	.	neutral[25]	_	

#Text=Kind, was hast denn du für einen wunderschönen Mund.
26-1	942-946	Kind	positive[26]	_	
26-2	946-947	,	positive[26]	_	
26-3	948-951	was	positive[26]	_	
26-4	952-956	hast	positive[26]	_	
26-5	957-961	denn	positive[26]	_	
26-6	962-964	du	positive[26]	_	
26-7	965-968	für	positive[26]	_	
26-8	969-974	einen	positive[26]	_	
26-9	975-988	wunderschönen	positive[26]	_	
26-10	989-993	Mund	positive[26]	_	
26-11	993-994	.	positive[26]	_	

#Text=Kannst du kichern, Johanna?
27-1	995-1001	Kannst	neutral[27]	_	
27-2	1002-1004	du	neutral[27]	_	
27-3	1005-1012	kichern	neutral[27]	_	
27-4	1012-1013	,	neutral[27]	_	
27-5	1014-1021	Johanna	neutral[27]	_	
27-6	1021-1022	?	neutral[27]	_	

#Text=Gewiss kann ich das.
28-1	1023-1029	Gewiss	positive[28]	_	
28-2	1030-1034	kann	positive[28]	_	
28-3	1035-1038	ich	positive[28]	_	
28-4	1039-1042	das	positive[28]	_	
28-5	1042-1043	.	positive[28]	_	
