#FORMAT=WebAnno TSV 3.2
#T_SP=webanno.custom.Sentiment|Polarity
#T_SP=webanno.custom.Topic|Topics


#Text=Find' ich gut.
1-1	0-4	Find	positive[1]	_	
1-2	4-5	'	positive[1]	_	
1-3	6-9	ich	positive[1]	_	
1-4	10-13	gut	positive[1]	_	
1-5	13-14	.	positive[1]	_	

#Text=Find' ich gut.
2-1	15-19	Find	positive[2]	_	
2-2	19-20	'	positive[2]	_	
2-3	21-24	ich	positive[2]	_	
2-4	25-28	gut	positive[2]	_	
2-5	28-29	.	positive[2]	_	

#Text=Wir woll'n das Hemd von Laprotz und die Uhr von Swotz.
3-1	34-37	Wir	neutral[3]	_	
3-2	38-44	woll'n	neutral[3]	_	
3-3	45-48	das	neutral[3]	_	
3-4	49-53	Hemd	neutral[3]	_	
3-5	54-57	von	neutral[3]	_	
3-6	58-65	Laprotz	neutral[3]	_	
3-7	66-69	und	neutral[3]	_	
3-8	70-73	die	neutral[3]	_	
3-9	74-77	Uhr	neutral[3]	_	
3-10	78-81	von	neutral[3]	_	
3-11	82-87	Swotz	neutral[3]	_	
3-12	87-88	.	neutral[3]	_	

#Text=Von Pumidas die Schuhbidas und egal was's kost' wir brauchen Bosst.
4-1	89-92	Von	neutral[4]	_	
4-2	93-100	Pumidas	neutral[4]	_	
4-3	101-104	die	neutral[4]	_	
4-4	105-115	Schuhbidas	neutral[4]	_	
4-5	116-119	und	neutral[4]	_	
4-6	120-124	egal	neutral[4]	_	
4-7	125-130	was's	neutral[4]	_	
4-8	131-135	kost	neutral[4]	_	
4-9	135-136	'	neutral[4]	_	
4-10	137-140	wir	neutral[4]	_	
4-11	141-149	brauchen	neutral[4]	_	
4-12	150-155	Bosst	neutral[4]	_	
4-13	155-156	.	neutral[4]	_	

#Text=Es trägt ein jeder Penner schon das neue Teil von Pennerton, Fritz of the Loom und Ritz of the Schlitz und den Fummel und Espritz.
5-1	157-159	Es	neutral[5]	_	
5-2	160-165	trägt	neutral[5]	_	
5-3	166-169	ein	neutral[5]	_	
5-4	170-175	jeder	neutral[5]	_	
5-5	176-182	Penner	neutral[5]	Politik/Soziales/Missstände	
5-6	183-188	schon	neutral[5]	_	
5-7	189-192	das	neutral[5]	_	
5-8	193-197	neue	neutral[5]	_	
5-9	198-202	Teil	neutral[5]	_	
5-10	203-206	von	neutral[5]	_	
5-11	207-216	Pennerton	neutral[5]	_	
5-12	216-217	,	neutral[5]	_	
5-13	218-223	Fritz	neutral[5]	_	
5-14	224-226	of	neutral[5]	_	
5-15	227-230	the	neutral[5]	_	
5-16	231-235	Loom	neutral[5]	_	
5-17	236-239	und	neutral[5]	_	
5-18	240-244	Ritz	neutral[5]	_	
5-19	245-247	of	neutral[5]	_	
5-20	248-251	the	neutral[5]	_	
5-21	252-259	Schlitz	neutral[5]	_	
5-22	260-263	und	neutral[5]	_	
5-23	264-267	den	neutral[5]	_	
5-24	268-274	Fummel	neutral[5]	_	
5-25	275-278	und	neutral[5]	_	
5-26	279-286	Espritz	neutral[5]	_	
5-27	286-287	.	neutral[5]	_	

#Text=Da geht Ede Ödelmann mit dem Edeltrödel an.
6-1	292-294	Da	neutral[6]	_	
6-2	295-299	geht	neutral[6]	_	
6-3	300-303	Ede	neutral[6]	_	
6-4	304-312	Ödelmann	neutral[6]	_	
6-5	313-316	mit	neutral[6]	_	
6-6	317-320	dem	neutral[6]	_	
6-7	321-331	Edeltrödel	neutral[6]	_	
6-8	332-334	an	neutral[6]	_	
6-9	334-335	.	neutral[6]	_	

#Text=Find' ich gut - gut gut gut gut gut.
7-1	336-340	Find	neutral[7]	_	
7-2	340-341	'	neutral[7]	_	
7-3	342-345	ich	neutral[7]	_	
7-4	346-349	gut	neutral[7]	_	
7-5	350-351	-	neutral[7]	_	
7-6	352-355	gut	neutral[7]	_	
7-7	356-359	gut	neutral[7]	_	
7-8	360-363	gut	neutral[7]	_	
7-9	364-367	gut	neutral[7]	_	
7-10	368-371	gut	neutral[7]	_	
7-11	371-372	.	neutral[7]	_	

#Text=Auch schon so mancher Scheich vom Nil trägt auf der Brust das Krokodil.
8-1	377-381	Auch	neutral[8]	_	
8-2	382-387	schon	neutral[8]	_	
8-3	388-390	so	neutral[8]	_	
8-4	391-398	mancher	neutral[8]	_	
8-5	399-406	Scheich	neutral[8]	Politik/Soziales/Missstände[23]	
8-6	407-410	vom	neutral[8]	Politik/Soziales/Missstände[23]	
8-7	411-414	Nil	neutral[8]	Politik/Soziales/Missstände[23]	
8-8	415-420	trägt	neutral[8]	_	
8-9	421-424	auf	neutral[8]	_	
8-10	425-428	der	neutral[8]	_	
8-11	429-434	Brust	neutral[8]	_	
8-12	435-438	das	neutral[8]	_	
8-13	439-447	Krokodil	neutral[8]	_	
8-14	447-448	.	neutral[8]	_	

#Text=Früher stanken wir nach Salamander, heute duftet alles nach Dschill Sanda.
9-1	449-455	Früher	positive[9]	_	
9-2	456-463	stanken	positive[9]	_	
9-3	464-467	wir	positive[9]	_	
9-4	468-472	nach	positive[9]	_	
9-5	473-483	Salamander	positive[9]	_	
9-6	483-484	,	positive[9]	_	
9-7	485-490	heute	positive[9]	_	
9-8	491-497	duftet	positive[9]	_	
9-9	498-503	alles	positive[9]	_	
9-10	504-508	nach	positive[9]	_	
9-11	509-516	Dschill	positive[9]	_	
9-12	517-522	Sanda	positive[9]	_	
9-13	522-523	.	positive[9]	_	

#Text=Und Louis Karton säuft nur noch Sekt von Mött Tschangdong und zwar chinesisch.
10-1	524-527	Und	neutral[10]	_	
10-2	528-533	Louis	neutral[10]	_	
10-3	534-540	Karton	neutral[10]	_	
10-4	541-546	säuft	neutral[10]	Gesundheit/Drogen[24]	
10-5	547-550	nur	neutral[10]	Gesundheit/Drogen[24]	
10-6	551-555	noch	neutral[10]	Gesundheit/Drogen[24]	
10-7	556-560	Sekt	neutral[10]	Gesundheit/Drogen[24]	
10-8	561-564	von	neutral[10]	_	
10-9	565-569	Mött	neutral[10]	_	
10-10	570-581	Tschangdong	neutral[10]	_	
10-11	582-585	und	neutral[10]	_	
10-12	586-590	zwar	neutral[10]	_	
10-13	591-601	chinesisch	neutral[10]	Reisen	
10-14	601-602	.	neutral[10]	_	

#Text=Ich als Prolo Macko Pohlo und Frau Lutschi will Ferutschi.
11-1	603-606	Ich	neutral[11]	_	
11-2	607-610	als	neutral[11]	_	
11-3	611-616	Prolo	neutral[11]	_	
11-4	617-622	Macko	neutral[11]	_	
11-5	623-628	Pohlo	neutral[11]	_	
11-6	629-632	und	neutral[11]	_	
11-7	633-637	Frau	neutral[11]	_	
11-8	638-645	Lutschi	neutral[11]	_	
11-9	646-650	will	neutral[11]	_	
11-10	651-660	Ferutschi	neutral[11]	_	
11-11	660-661	.	neutral[11]	_	

#Text=Was ich am meisten like, ist Mike the Neik und Älässe, was für'n Stress.
12-1	662-665	Was	positive[12]	_	
12-2	666-669	ich	positive[12]	_	
12-3	670-672	am	positive[12]	_	
12-4	673-680	meisten	positive[12]	_	
12-5	681-685	like	positive[12]	Persönliches/Emotionen	
12-6	685-686	,	positive[12]	_	
12-7	687-690	ist	positive[12]	_	
12-8	691-695	Mike	positive[12]	_	
12-9	696-699	the	positive[12]	_	
12-10	700-704	Neik	positive[12]	_	
12-11	705-708	und	positive[12]	_	
12-12	709-715	Älässe	positive[12]	_	
12-13	715-716	,	positive[12]	_	
12-14	717-720	was	positive[12]	_	
12-15	721-726	für'n	positive[12]	_	
12-16	727-733	Stress	positive[12]	Persönliches/Emotionen	
12-17	733-734	.	positive[12]	_	

#Text=Find' ich gut.
13-1	739-743	Find	positive[13]	_	
13-2	743-744	'	positive[13]	_	
13-3	745-748	ich	positive[13]	_	
13-4	749-752	gut	positive[13]	_	
13-5	752-753	.	positive[13]	_	

#Text=Find' ich gut.
14-1	754-758	Find	positive[14]	_	
14-2	758-759	'	positive[14]	_	
14-3	760-763	ich	positive[14]	_	
14-4	764-767	gut	positive[14]	_	
14-5	767-768	.	positive[14]	_	

#Text=Da geht Ede Ödelmann.
15-1	773-775	Da	neutral[15]	_	
15-2	776-780	geht	neutral[15]	_	
15-3	781-784	Ede	neutral[15]	_	
15-4	785-793	Ödelmann	neutral[15]	_	
15-5	793-794	.	neutral[15]	_	

#Text=Find' ich gut mit dem Edeltrödel an.
16-1	795-799	Find	positive[16]	_	
16-2	799-800	'	positive[16]	_	
16-3	801-804	ich	positive[16]	_	
16-4	805-808	gut	positive[16]	_	
16-5	809-812	mit	positive[16]	_	
16-6	813-816	dem	positive[16]	_	
16-7	817-827	Edeltrödel	positive[16]	_	
16-8	828-830	an	positive[16]	_	
16-9	830-831	.	positive[16]	_	

#Text=Find' ich gut - gut gut gut gut gut.
17-1	832-836	Find	positive[17]	_	
17-2	836-837	'	positive[17]	_	
17-3	838-841	ich	positive[17]	_	
17-4	842-845	gut	positive[17]	_	
17-5	846-847	-	positive[17]	_	
17-6	848-851	gut	positive[17]	_	
17-7	852-855	gut	positive[17]	_	
17-8	856-859	gut	positive[17]	_	
17-9	860-863	gut	positive[17]	_	
17-10	864-867	gut	positive[17]	_	
17-11	867-868	.	positive[17]	_	

#Text=Da geht Ede Ödelmann mit dem Edeltrödel an.
18-1	869-871	Da	neutral[18]	_	
18-2	872-876	geht	neutral[18]	_	
18-3	877-880	Ede	neutral[18]	_	
18-4	881-889	Ödelmann	neutral[18]	_	
18-5	890-893	mit	neutral[18]	_	
18-6	894-897	dem	neutral[18]	_	
18-7	898-908	Edeltrödel	neutral[18]	_	
18-8	909-911	an	neutral[18]	_	
18-9	911-912	.	neutral[18]	_	

#Text=Find' ich gut.
19-1	913-917	Find	positive[19]	_	
19-2	917-918	'	positive[19]	_	
19-3	919-922	ich	positive[19]	_	
19-4	923-926	gut	positive[19]	_	
19-5	926-927	.	positive[19]	_	

#Text=Find' ich gut.
20-1	928-932	Find	positive[20]	_	
20-2	932-933	'	positive[20]	_	
20-3	934-937	ich	positive[20]	_	
20-4	938-941	gut	positive[20]	_	
20-5	941-942	.	positive[20]	_	

#Text=Auch Boris hat sich schon bestellt, den goldenen Zopf von Laberfeld.
21-1	947-951	Auch	neutral[21]	_	
21-2	952-957	Boris	neutral[21]	_	
21-3	958-961	hat	neutral[21]	_	
21-4	962-966	sich	neutral[21]	_	
21-5	967-972	schon	neutral[21]	_	
21-6	973-981	bestellt	neutral[21]	_	
21-7	981-982	,	neutral[21]	_	
21-8	983-986	den	neutral[21]	_	
21-9	987-995	goldenen	neutral[21]	_	
21-10	996-1000	Zopf	neutral[21]	_	
21-11	1001-1004	von	neutral[21]	_	
21-12	1005-1014	Laberfeld	neutral[21]	_	
21-13	1014-1015	.	neutral[21]	_	

#Text=Find' ich gut.
22-1	1016-1020	Find	positive[22]	_	
22-2	1020-1021	'	positive[22]	_	
22-3	1022-1025	ich	positive[22]	_	
22-4	1026-1029	gut	positive[22]	_	
22-5	1029-1030	.	positive[22]	_	
