#FORMAT=WebAnno TSV 3.2
#T_SP=webanno.custom.Sentiment|Polarity
#T_SP=webanno.custom.Topic|Topics


#Text=Als ich ein kleiner Junge war , da fragte ich meine Mama:  "Wie wird man ein Musikgenie?"
1-1	0-3	Als	neutral[1]	_	
1-2	4-7	ich	neutral[1]	_	
1-3	8-11	ein	neutral[1]	_	
1-4	12-19	kleiner	neutral[1]	_	
1-5	20-25	Junge	neutral[1]	_	
1-6	26-29	war	neutral[1]	_	
1-7	30-31	,	neutral[1]	_	
1-8	32-34	da	neutral[1]	_	
1-9	35-41	fragte	neutral[1]	_	
1-10	42-45	ich	neutral[1]	_	
1-11	46-51	meine	neutral[1]	_	
1-12	52-56	Mama	neutral[1]	_	
1-13	56-57	:	neutral[1]	_	
1-14	59-60	"	neutral[1]	_	
1-15	60-63	Wie	neutral[1]	_	
1-16	64-68	wird	neutral[1]	_	
1-17	69-72	man	neutral[1]	_	
1-18	73-76	ein	neutral[1]	_	
1-19	77-87	Musikgenie	neutral[1]	Musik	
1-20	87-88	?	neutral[1]	_	
1-21	88-89	"	neutral[1]	_	

#Text=Sie sagte: "Ohne Übung nie.
2-1	91-94	Sie	negative[2]	_	
2-2	95-100	sagte	negative[2]	_	
2-3	100-101	:	negative[2]	_	
2-4	102-103	"	negative[2]	_	
2-5	103-107	Ohne	negative[2]	_	
2-6	108-113	Übung	negative[2]	_	
2-7	114-117	nie	negative[2]	_	
2-8	117-118	.	negative[2]	_	

#Text=Am besten wär's, mein liebes Kind , du lernst das Tastenspiel geschwind" Ein Päckchen Noten schenkt' sie mir: "Jetzt gehe hin und lern Klavier!"
3-1	119-121	Am	neutral[3]	_	
3-2	122-128	besten	neutral[3]	_	
3-3	129-134	wär's	neutral[3]	_	
3-4	134-135	,	neutral[3]	_	
3-5	136-140	mein	neutral[3]	_	
3-6	141-147	liebes	neutral[3]	_	
3-7	148-152	Kind	neutral[3]	_	
3-8	153-154	,	neutral[3]	_	
3-9	155-157	du	neutral[3]	_	
3-10	158-164	lernst	neutral[3]	_	
3-11	165-168	das	neutral[3]	_	
3-12	169-180	Tastenspiel	neutral[3]	Musik	
3-13	181-190	geschwind	neutral[3]	_	
3-14	190-191	"	_	_	
3-15	192-195	Ein	neutral[4]	_	
3-16	196-204	Päckchen	neutral[4]	_	
3-17	205-210	Noten	neutral[4]	Musik	
3-18	211-218	schenkt	neutral[4]	_	
3-19	218-219	'	neutral[4]	_	
3-20	220-223	sie	neutral[4]	_	
3-21	224-227	mir	neutral[4]	_	
3-22	227-228	:	neutral[4]	_	
3-23	229-230	"	neutral[4]	_	
3-24	230-235	Jetzt	neutral[4]	_	
3-25	236-240	gehe	neutral[4]	_	
3-26	241-244	hin	neutral[4]	_	
3-27	245-248	und	neutral[4]	_	
3-28	249-253	lern	neutral[4]	_	
3-29	254-261	Klavier	neutral[4]	Musik	
3-30	261-262	!	neutral[4]	_	
3-31	262-263	"	neutral[4]	_	

#Text=Und schickte mich dann da so hin , zu der Klavierlehrerin.
4-1	265-268	Und	neutral[5]	_	
4-2	269-277	schickte	neutral[5]	_	
4-3	278-282	mich	neutral[5]	_	
4-4	283-287	dann	neutral[5]	_	
4-5	288-290	da	neutral[5]	_	
4-6	291-293	so	neutral[5]	_	
4-7	294-297	hin	neutral[5]	_	
4-8	298-299	,	neutral[5]	_	
4-9	300-302	zu	neutral[5]	_	
4-10	303-306	der	neutral[5]	_	
4-11	307-322	Klavierlehrerin	neutral[5]	Musik	
4-12	322-323	.	_	_	

#Text=Sie war so groß, war so barock, ganz breit der Arsch , ganz kurz der Rock .
5-1	328-331	Sie	neutral[6]	_	
5-2	332-335	war	neutral[6]	_	
5-3	336-338	so	neutral[6]	_	
5-4	339-343	groß	neutral[6]	_	
5-5	343-344	,	neutral[6]	_	
5-6	345-348	war	neutral[6]	_	
5-7	349-351	so	neutral[6]	_	
5-8	352-358	barock	neutral[6]	_	
5-9	358-359	,	neutral[6]	_	
5-10	360-364	ganz	neutral[6]	_	
5-11	365-370	breit	neutral[6]	_	
5-12	371-374	der	neutral[6]	_	
5-13	375-380	Arsch	neutral[6]	_	
5-14	381-382	,	neutral[6]	_	
5-15	383-387	ganz	neutral[6]	_	
5-16	388-392	kurz	neutral[6]	_	
5-17	393-396	der	neutral[6]	_	
5-18	397-401	Rock	neutral[6]	_	
5-19	402-403	.	_	_	

#Text=Dann nahm sie meine Finger  und führt' sie hier und da so hin - meine Klavierlehrerin .
6-1	404-408	Dann	neutral[7]	_	
6-2	409-413	nahm	neutral[7]	_	
6-3	414-417	sie	neutral[7]	_	
6-4	418-423	meine	neutral[7]	_	
6-5	424-430	Finger	neutral[7]	_	
6-6	432-435	und	neutral[7]	_	
6-7	436-441	führt	neutral[7]	_	
6-8	441-442	'	neutral[7]	_	
6-9	443-446	sie	neutral[7]	_	
6-10	447-451	hier	neutral[7]	_	
6-11	452-455	und	neutral[7]	_	
6-12	456-458	da	neutral[7]	_	
6-13	459-461	so	neutral[7]	_	
6-14	462-465	hin	neutral[7]	_	
6-15	466-467	-	neutral[7]	_	
6-16	468-473	meine	neutral[7]	_	
6-17	474-489	Klavierlehrerin	neutral[7]	Musik	
6-18	490-491	.	_	_	

#Text=Nach der Etüde  waren wir so müde  und dann beim hohen C  tat es wirklich ein bisschen weh .
7-1	492-496	Nach	negative[8]	_	
7-2	497-500	der	negative[8]	_	
7-3	501-506	Etüde	negative[8]	Musik	
7-4	508-513	waren	negative[8]	_	
7-5	514-517	wir	negative[8]	_	
7-6	518-520	so	negative[8]	_	
7-7	521-525	müde	negative[8]	_	
7-8	527-530	und	negative[8]	_	
7-9	531-535	dann	negative[8]	_	
7-10	536-540	beim	negative[8]	_	
7-11	541-546	hohen	negative[8]	Musik[14]	
7-12	547-548	C	negative[8]	Musik[14]	
7-13	550-553	tat	negative[8]	_	
7-14	554-556	es	negative[8]	_	
7-15	557-565	wirklich	negative[8]	_	
7-16	566-569	ein	negative[8]	_	
7-17	570-578	bisschen	negative[8]	_	
7-18	579-582	weh	negative[8]	_	
7-19	583-584	.	_	_	

#Text=Am besten war's beim tiefen H , da war's ganz einfach wunderbar.
8-1	585-587	Am	positive[9]	_	
8-2	588-594	besten	positive[9]	_	
8-3	595-600	war's	positive[9]	_	
8-4	601-605	beim	positive[9]	_	
8-5	606-612	tiefen	positive[9]	_	
8-6	613-614	H	positive[9]	Musik	
8-7	615-616	,	positive[9]	_	
8-8	617-619	da	positive[9]	_	
8-9	620-625	war's	positive[9]	_	
8-10	626-630	ganz	positive[9]	_	
8-11	631-638	einfach	positive[9]	Persönliches/Emotionen[15]	
8-12	639-648	wunderbar	positive[9]	Persönliches/Emotionen[15]	
8-13	648-649	.	_	_	

#Text=Mit feuchter Hose kam ich dann  zu Haus bei meiner Mutter an.
9-1	654-657	Mit	neutral[10]	_	
9-2	658-666	feuchter	neutral[10]	Liebe/Partnerschaft[16]	
9-3	667-671	Hose	neutral[10]	Liebe/Partnerschaft[16]	
9-4	672-675	kam	neutral[10]	_	
9-5	676-679	ich	neutral[10]	_	
9-6	680-684	dann	neutral[10]	_	
9-7	686-688	zu	neutral[10]	_	
9-8	689-693	Haus	neutral[10]	_	
9-9	694-697	bei	neutral[10]	_	
9-10	698-704	meiner	neutral[10]	_	
9-11	705-711	Mutter	neutral[10]	_	
9-12	712-714	an	neutral[10]	_	
9-13	714-715	.	_	_	

#Text=Sie sprach: "Da gehst mir nicht mehr hin, zu dieser Klavierlehrerin."
10-1	716-719	Sie	negative[11]	_	
10-2	720-726	sprach	negative[11]	_	
10-3	726-727	:	negative[11]	_	
10-4	728-729	"	negative[11]	_	
10-5	729-731	Da	negative[11]	_	
10-6	732-737	gehst	negative[11]	_	
10-7	738-741	mir	negative[11]	_	
10-8	742-747	nicht	negative[11]	_	
10-9	748-752	mehr	negative[11]	_	
10-10	753-756	hin	negative[11]	_	
10-11	756-757	,	negative[11]	_	
10-12	758-760	zu	negative[11]	_	
10-13	761-767	dieser	negative[11]	_	
10-14	768-783	Klavierlehrerin	negative[11]	Musik	
10-15	783-784	.	negative[11]	_	
10-16	784-785	"	negative[11]	_	

#Text=Sie war so groß, war so barock , ganz breit der Arsch , ganz kurz der Rock.
11-1	790-793	Sie	neutral[12]	_	
11-2	794-797	war	neutral[12]	_	
11-3	798-800	so	neutral[12]	_	
11-4	801-805	groß	neutral[12]	_	
11-5	805-806	,	neutral[12]	_	
11-6	807-810	war	neutral[12]	_	
11-7	811-813	so	neutral[12]	_	
11-8	814-820	barock	neutral[12]	_	
11-9	821-822	,	neutral[12]	_	
11-10	823-827	ganz	neutral[12]	_	
11-11	828-833	breit	neutral[12]	_	
11-12	834-837	der	neutral[12]	_	
11-13	838-843	Arsch	neutral[12]	_	
11-14	844-845	,	neutral[12]	_	
11-15	846-850	ganz	neutral[12]	_	
11-16	851-855	kurz	neutral[12]	_	
11-17	856-859	der	neutral[12]	_	
11-18	860-864	Rock	neutral[12]	_	
11-19	864-865	.	_	_	

#Text=RAP Please teach me, please, release my body - don't preach me.
12-1	870-873	RAP	_	_	
12-2	874-880	Please	_	_	
12-3	881-886	teach	_	_	
12-4	887-889	me	_	_	
12-5	889-890	,	_	_	
12-6	891-897	please	_	_	
12-7	897-898	,	_	_	
12-8	899-906	release	_	_	
12-9	907-909	my	_	_	
12-10	910-914	body	_	_	
12-11	915-916	-	_	_	
12-12	917-922	don't	_	_	
12-13	923-929	preach	_	_	
12-14	930-932	me	_	_	
12-15	932-933	.	_	_	

#Text=Kleine Augen, feuchte Hose , so kam ich zuhaus bei meiner  Mutter an und sie sagt: Da gehst  mir nicht mehr hin, zu der  Klavierlehrerin .
13-1	934-940	Kleine	negative[13]	_	
13-2	941-946	Augen	negative[13]	_	
13-3	946-947	,	negative[13]	_	
13-4	948-955	feuchte	negative[13]	Liebe/Partnerschaft[17]	
13-5	956-960	Hose	negative[13]	Liebe/Partnerschaft[17]	
13-6	961-962	,	negative[13]	_	
13-7	963-965	so	negative[13]	_	
13-8	966-969	kam	negative[13]	_	
13-9	970-973	ich	negative[13]	_	
13-10	974-980	zuhaus	negative[13]	_	
13-11	981-984	bei	negative[13]	_	
13-12	985-991	meiner	negative[13]	_	
13-13	993-999	Mutter	negative[13]	_	
13-14	1000-1002	an	negative[13]	_	
13-15	1003-1006	und	negative[13]	_	
13-16	1007-1010	sie	negative[13]	_	
13-17	1011-1015	sagt	negative[13]	_	
13-18	1015-1016	:	negative[13]	_	
13-19	1017-1019	Da	negative[13]	_	
13-20	1020-1025	gehst	negative[13]	_	
13-21	1027-1030	mir	negative[13]	_	
13-22	1031-1036	nicht	negative[13]	_	
13-23	1037-1041	mehr	negative[13]	_	
13-24	1042-1045	hin	negative[13]	_	
13-25	1045-1046	,	negative[13]	_	
13-26	1047-1049	zu	negative[13]	_	
13-27	1050-1053	der	negative[13]	_	
13-28	1055-1070	Klavierlehrerin	negative[13]	Musik	
13-29	1071-1072	.	negative[13]	_	

#Text=Use my body as your keyboard.
14-1	1073-1076	Use	_	Liebe/Partnerschaft[18]	
14-2	1077-1079	my	_	Liebe/Partnerschaft[18]	
14-3	1080-1084	body	_	Liebe/Partnerschaft[18]	
14-4	1085-1087	as	_	Liebe/Partnerschaft[18]	
14-5	1088-1092	your	_	Liebe/Partnerschaft[18]	
14-6	1093-1101	keyboard	_	Liebe/Partnerschaft[18]	
14-7	1101-1102	.	_	_	
