#FORMAT=WebAnno TSV 3.2
#T_SP=webanno.custom.Sentiment|Polarity
#T_SP=webanno.custom.Topic|Topics


#Text=Sie spielte Bass in 'ner Mädchen-Band, sie kam aus Manchester.
1-1	0-3	Sie	neutral[1]	_	
1-2	4-11	spielte	neutral[1]	_	
1-3	12-16	Bass	neutral[1]	Musik	
1-4	17-19	in	neutral[1]	_	
1-5	20-21	'	neutral[1]	_	
1-6	21-24	ner	neutral[1]	_	
1-7	25-37	Mädchen-Band	neutral[1]	Musik	
1-8	37-38	,	neutral[1]	_	
1-9	39-42	sie	neutral[1]	_	
1-10	43-46	kam	neutral[1]	_	
1-11	47-50	aus	neutral[1]	_	
1-12	51-61	Manchester	neutral[1]	_	
1-13	61-62	.	neutral[1]	_	

#Text=Ich traf Sie in Tokio, ich war da mit dem Ja-Panik-Orchester.
2-1	63-66	Ich	neutral[2]	_	
2-2	67-71	traf	neutral[2]	_	
2-3	72-75	Sie	neutral[2]	_	
2-4	76-78	in	neutral[2]	_	
2-5	79-84	Tokio	neutral[2]	_	
2-6	84-85	,	neutral[2]	_	
2-7	86-89	ich	neutral[2]	_	
2-8	90-93	war	neutral[2]	_	
2-9	94-96	da	neutral[2]	_	
2-10	97-100	mit	neutral[2]	_	
2-11	101-104	dem	neutral[2]	_	
2-12	105-123	Ja-Panik-Orchester	neutral[2]	Musik[20]	
2-13	123-124	.	neutral[2]	Musik[20]	

#Text=Sie war wie das stärkste Erdbeben, das man nicht registrieren kann.
3-1	125-128	Sie	*[3]	_	
3-2	129-132	war	*[3]	_	
3-3	133-136	wie	*[3]	_	
3-4	137-140	das	*[3]	_	
3-5	141-149	stärkste	*[3]	_	
3-6	150-158	Erdbeben	*[3]	_	
3-7	158-159	,	*[3]	_	
3-8	160-163	das	*[3]	_	
3-9	164-167	man	*[3]	_	
3-10	168-173	nicht	*[3]	_	
3-11	174-186	registrieren	*[3]	_	
3-12	187-191	kann	*[3]	_	
3-13	191-192	.	*[3]	_	

#Text=Ich versank in ihrer Lava, sie schoss über wie ein Vulkan.
4-1	193-196	Ich	neutral[4]	_	
4-2	197-204	versank	neutral[4]	_	
4-3	205-207	in	neutral[4]	_	
4-4	208-213	ihrer	neutral[4]	_	
4-5	214-218	Lava	neutral[4]	_	
4-6	218-219	,	neutral[4]	_	
4-7	220-223	sie	neutral[4]	_	
4-8	224-230	schoss	neutral[4]	_	
4-9	231-235	über	neutral[4]	_	
4-10	236-239	wie	neutral[4]	_	
4-11	240-243	ein	neutral[4]	_	
4-12	244-250	Vulkan	neutral[4]	_	
4-13	250-251	.	neutral[4]	_	

#Text=Deine Küsse war'n wie Feuer, kosmische Energie.
5-1	256-261	Deine	positive[5]	_	
5-2	262-267	Küsse	positive[5]	Liebe/Partnerschaft	
5-3	268-273	war'n	positive[5]	_	
5-4	274-277	wie	positive[5]	_	
5-5	278-283	Feuer	positive[5]	_	
5-6	283-284	,	positive[5]	_	
5-7	285-294	kosmische	positive[5]	_	
5-8	295-302	Energie	positive[5]	_	
5-9	302-303	.	positive[5]	_	

#Text=Du bist wie ein Erdbeben, so was trifft man nur einmal im Leben.
6-1	304-306	Du	positive[6]	_	
6-2	307-311	bist	positive[6]	_	
6-3	312-315	wie	positive[6]	_	
6-4	316-319	ein	positive[6]	_	
6-5	320-328	Erdbeben	positive[6]	_	
6-6	328-329	,	positive[6]	_	
6-7	330-332	so	positive[6]	_	
6-8	333-336	was	positive[6]	_	
6-9	337-343	trifft	positive[6]	_	
6-10	344-347	man	positive[6]	_	
6-11	348-351	nur	positive[6]	_	
6-12	352-358	einmal	positive[6]	_	
6-13	359-361	im	positive[6]	_	
6-14	362-367	Leben	positive[6]	_	
6-15	367-368	.	positive[6]	_	

#Text=Yeah, Yeah - sie sagt: Weißt Du wo ich herkomm', weißt Du wo?
7-1	373-377	Yeah	neutral[7]	_	
7-2	377-378	,	neutral[7]	_	
7-3	379-383	Yeah	neutral[7]	_	
7-4	384-385	-	neutral[7]	_	
7-5	386-389	sie	neutral[7]	_	
7-6	390-394	sagt	neutral[7]	_	
7-7	394-395	:	neutral[7]	_	
7-8	396-401	Weißt	neutral[7]	_	
7-9	402-404	Du	neutral[7]	_	
7-10	405-407	wo	neutral[7]	_	
7-11	408-411	ich	neutral[7]	_	
7-12	412-419	herkomm	neutral[7]	_	
7-13	419-420	'	neutral[7]	_	
7-14	420-421	,	neutral[7]	_	
7-15	422-427	weißt	neutral[7]	_	
7-16	428-430	Du	neutral[7]	_	
7-17	431-433	wo	neutral[7]	_	
7-18	433-434	?	neutral[7]	_	

#Text=Aus dem Kofferaum von 'nem alten Auto, ich war 14, da sah ich im TV  die goldene Prunk-Protz-Kutsche  bei Queens-Jubilee.
8-1	436-439	Aus	neutral[8]	_	
8-2	440-443	dem	neutral[8]	_	
8-3	444-453	Kofferaum	neutral[8]	_	
8-4	454-457	von	neutral[8]	_	
8-5	458-459	'	neutral[8]	_	
8-6	459-462	nem	neutral[8]	_	
8-7	463-468	alten	neutral[8]	_	
8-8	469-473	Auto	neutral[8]	_	
8-9	473-474	,	neutral[8]	_	
8-10	475-478	ich	neutral[8]	_	
8-11	479-482	war	neutral[8]	_	
8-12	483-485	14	neutral[8]	_	
8-13	485-486	,	neutral[8]	_	
8-14	487-489	da	neutral[8]	_	
8-15	490-493	sah	neutral[8]	_	
8-16	494-497	ich	neutral[8]	_	
8-17	498-500	im	neutral[8]	_	
8-18	501-503	TV	neutral[8]	_	
8-19	505-508	die	neutral[8]	_	
8-20	509-516	goldene	neutral[8]	_	
8-21	517-536	Prunk-Protz-Kutsche	neutral[8]	Politik/Soziales/Missstände	
8-22	538-541	bei	neutral[8]	_	
8-23	542-556	Queens-Jubilee	neutral[8]	_	
8-24	556-557	.	neutral[8]	_	

#Text=Wir hängen voll im Brett und die alten Rock-Idole  waren abgewichst und nur noch für die Kohle.
9-1	558-561	Wir	negative[9]	_	
9-2	562-568	hängen	negative[9]	_	
9-3	569-573	voll	negative[9]	_	
9-4	574-576	im	negative[9]	_	
9-5	577-582	Brett	negative[9]	_	
9-6	583-586	und	negative[9]	_	
9-7	587-590	die	negative[9]	_	
9-8	591-596	alten	negative[9]	_	
9-9	597-607	Rock-Idole	negative[9]	Musik	
9-10	609-614	waren	negative[9]	_	
9-11	615-625	abgewichst	negative[9]	_	
9-12	626-629	und	negative[9]	_	
9-13	630-633	nur	negative[9]	_	
9-14	634-638	noch	negative[9]	_	
9-15	639-642	für	negative[9]	_	
9-16	643-646	die	negative[9]	_	
9-17	647-652	Kohle	negative[9]	Politik/Soziales/Missstände	
9-18	652-653	.	negative[9]	_	

#Text=Wir hatten zwar nur 3 Gitarrengriffe drauf, doch wir schrien uns're Wut raus und standen auf.
10-1	654-657	Wir	neutral[10]	_	
10-2	658-664	hatten	neutral[10]	_	
10-3	665-669	zwar	neutral[10]	_	
10-4	670-673	nur	neutral[10]	_	
10-5	674-675	3	neutral[10]	_	
10-6	676-690	Gitarrengriffe	neutral[10]	Musik	
10-7	691-696	drauf	neutral[10]	_	
10-8	696-697	,	neutral[10]	_	
10-9	698-702	doch	neutral[10]	_	
10-10	703-706	wir	neutral[10]	_	
10-11	707-714	schrien	neutral[10]	_	
10-12	715-721	uns're	neutral[10]	_	
10-13	722-725	Wut	neutral[10]	_	
10-14	726-730	raus	neutral[10]	_	
10-15	731-734	und	neutral[10]	_	
10-16	735-742	standen	neutral[10]	_	
10-17	743-746	auf	neutral[10]	_	
10-18	746-747	.	neutral[10]	_	

#Text=Deine Küsse war'n wie Feuer, kosmische Energie.
11-1	752-757	Deine	positive[11]	_	
11-2	758-763	Küsse	positive[11]	Liebe/Partnerschaft	
11-3	764-769	war'n	positive[11]	_	
11-4	770-773	wie	positive[11]	_	
11-5	774-779	Feuer	positive[11]	_	
11-6	779-780	,	positive[11]	_	
11-7	781-790	kosmische	positive[11]	_	
11-8	791-798	Energie	positive[11]	_	
11-9	798-799	.	positive[11]	_	

#Text=Du bist wie ein Erdbeben.
12-1	800-802	Du	positive[12]	_	
12-2	803-807	bist	positive[12]	_	
12-3	808-811	wie	positive[12]	_	
12-4	812-815	ein	positive[12]	_	
12-5	816-824	Erdbeben	positive[12]	_	
12-6	824-825	.	positive[12]	_	

#Text=So was trifft man nur einmal im Leben. mmh - yeah.
13-1	826-828	So	neutral[13]	_	
13-2	829-832	was	neutral[13]	_	
13-3	833-839	trifft	neutral[13]	_	
13-4	840-843	man	neutral[13]	_	
13-5	844-847	nur	neutral[13]	_	
13-6	848-854	einmal	neutral[13]	_	
13-7	855-857	im	neutral[13]	_	
13-8	858-863	Leben	neutral[13]	_	
13-9	863-864	.	neutral[13]	_	
13-10	865-868	mmh	neutral[13]	_	
13-11	869-870	-	neutral[13]	_	
13-12	871-875	yeah	neutral[13]	_	
13-13	875-876	.	neutral[13]	_	

#Text=Sie hatte rot-grüne Haare, gigantisch breiten Mund, pöbelt jeden Spießer in den Grund.
14-1	881-884	Sie	neutral[14]	_	
14-2	885-890	hatte	neutral[14]	_	
14-3	891-900	rot-grüne	neutral[14]	_	
14-4	901-906	Haare	neutral[14]	_	
14-5	906-907	,	neutral[14]	_	
14-6	908-918	gigantisch	neutral[14]	_	
14-7	919-926	breiten	neutral[14]	_	
14-8	927-931	Mund	neutral[14]	_	
14-9	931-932	,	neutral[14]	_	
14-10	933-939	pöbelt	neutral[14]	_	
14-11	940-945	jeden	neutral[14]	_	
14-12	946-953	Spießer	neutral[14]	Politik/Soziales/Missstände	
14-13	954-956	in	neutral[14]	_	
14-14	957-960	den	neutral[14]	_	
14-15	961-966	Grund	neutral[14]	_	
14-16	966-967	.	neutral[14]	_	

#Text=Sie sagt: "Viele Gesetze sind dazu da, dass man sich nicht an sie hält.
15-1	968-971	Sie	neutral[15]	_	
15-2	972-976	sagt	neutral[15]	_	
15-3	976-977	:	neutral[15]	_	
15-4	978-979	"	neutral[15]	_	
15-5	979-984	Viele	neutral[15]	_	
15-6	985-992	Gesetze	neutral[15]	Politik/Soziales/Missstände	
15-7	993-997	sind	neutral[15]	_	
15-8	998-1002	dazu	neutral[15]	_	
15-9	1003-1005	da	neutral[15]	_	
15-10	1005-1006	,	neutral[15]	_	
15-11	1007-1011	dass	neutral[15]	_	
15-12	1012-1015	man	neutral[15]	_	
15-13	1016-1020	sich	neutral[15]	_	
15-14	1021-1026	nicht	neutral[15]	_	
15-15	1027-1029	an	neutral[15]	_	
15-16	1030-1033	sie	neutral[15]	_	
15-17	1034-1038	hält	neutral[15]	_	
15-18	1038-1039	.	neutral[15]	_	

#Text=Mit Paragraphen verschnür'n sie doch nur  die auseinander brechende, alte Welt.
16-1	1040-1043	Mit	negative[16]	_	
16-2	1044-1055	Paragraphen	negative[16]	Politik/Soziales/Missstände	
16-3	1056-1067	verschnür'n	negative[16]	_	
16-4	1068-1071	sie	negative[16]	_	
16-5	1072-1076	doch	negative[16]	_	
16-6	1077-1080	nur	negative[16]	_	
16-7	1082-1085	die	negative[16]	_	
16-8	1086-1097	auseinander	negative[16]	Politik/Soziales/Missstände[21]	
16-9	1098-1107	brechende	negative[16]	Politik/Soziales/Missstände[21]	
16-10	1107-1108	,	negative[16]	Politik/Soziales/Missstände[21]	
16-11	1109-1113	alte	negative[16]	Politik/Soziales/Missstände[21]	
16-12	1114-1118	Welt	negative[16]	Politik/Soziales/Missstände[21]	
16-13	1118-1119	.	negative[16]	_	

#Text=Hinter all den Glitzerfassaden  wütet der Krebs und rollt sich der Schrott. wir haben keine Lust auf die Erklärung zu warten, für uns ist das System jetzt schon bankrott."
17-1	1120-1126	Hinter	negative[17]	_	
17-2	1127-1130	all	negative[17]	_	
17-3	1131-1134	den	negative[17]	_	
17-4	1135-1150	Glitzerfassaden	negative[17]	_	
17-5	1152-1157	wütet	negative[17]	_	
17-6	1158-1161	der	negative[17]	_	
17-7	1162-1167	Krebs	negative[17]	Gesundheit/Drogen	
17-8	1168-1171	und	negative[17]	_	
17-9	1172-1177	rollt	negative[17]	_	
17-10	1178-1182	sich	negative[17]	_	
17-11	1183-1186	der	negative[17]	_	
17-12	1187-1194	Schrott	negative[17]	_	
17-13	1194-1195	.	_	_	
17-14	1196-1199	wir	negative[18]	_	
17-15	1200-1205	haben	negative[18]	_	
17-16	1206-1211	keine	negative[18]	_	
17-17	1212-1216	Lust	negative[18]	_	
17-18	1217-1220	auf	negative[18]	_	
17-19	1221-1224	die	negative[18]	_	
17-20	1225-1234	Erklärung	negative[18]	_	
17-21	1235-1237	zu	negative[18]	_	
17-22	1238-1244	warten	negative[18]	_	
17-23	1244-1245	,	negative[18]	_	
17-24	1246-1249	für	negative[18]	_	
17-25	1250-1253	uns	negative[18]	_	
17-26	1254-1257	ist	negative[18]	_	
17-27	1258-1261	das	negative[18]	_	
17-28	1262-1268	System	negative[18]	_	
17-29	1269-1274	jetzt	negative[18]	_	
17-30	1275-1280	schon	negative[18]	_	
17-31	1281-1289	bankrott	negative[18]	Politik/Soziales/Missstände	
17-32	1289-1290	.	negative[18]	_	
17-33	1290-1291	"	negative[18]	_	

#Text=Deine Küsse war'n wie Feuer, und sie schmeckten nach Rock'n Roll und Rebellion.
18-1	1296-1301	Deine	positive[19]	_	
18-2	1302-1307	Küsse	positive[19]	Liebe/Partnerschaft	
18-3	1308-1313	war'n	positive[19]	_	
18-4	1314-1317	wie	positive[19]	_	
18-5	1318-1323	Feuer	positive[19]	_	
18-6	1323-1324	,	positive[19]	_	
18-7	1325-1328	und	positive[19]	_	
18-8	1329-1332	sie	positive[19]	_	
18-9	1333-1343	schmeckten	positive[19]	_	
18-10	1344-1348	nach	positive[19]	_	
18-11	1349-1355	Rock'n	positive[19]	Musik[22]	
18-12	1356-1360	Roll	positive[19]	Musik[22]	
18-13	1361-1364	und	positive[19]	_	
18-14	1365-1374	Rebellion	positive[19]	Politik/Soziales/Missstände	
18-15	1374-1375	.	positive[19]	_	
