#FORMAT=WebAnno TSV 3.2
#T_SP=webanno.custom.Sentiment|Polarity
#T_SP=webanno.custom.Topic|Topics


#Text=Ich spiel' Gitarre nur so nebenbei, die Harmonien sind nicht so lupenrein.
1-1	0-3	Ich	negative[1]	_	
1-2	4-9	spiel	negative[1]	Musik[11]	
1-3	9-10	'	negative[1]	Musik[11]	
1-4	11-18	Gitarre	negative[1]	Musik[11]	
1-5	19-22	nur	negative[1]	_	
1-6	23-25	so	negative[1]	_	
1-7	26-34	nebenbei	negative[1]	_	
1-8	34-35	,	negative[1]	_	
1-9	36-39	die	negative[1]	_	
1-10	40-49	Harmonien	negative[1]	Musik	
1-11	50-54	sind	negative[1]	_	
1-12	55-60	nicht	negative[1]	_	
1-13	61-63	so	negative[1]	_	
1-14	64-73	lupenrein	negative[1]	_	
1-15	73-74	.	negative[1]	_	

#Text=Doch das macht gar nichts, ich spitz' die Finger an und schalte meine Brüllbox ein.
2-1	75-79	Doch	positive[2]	_	
2-2	80-83	das	positive[2]	_	
2-3	84-89	macht	positive[2]	_	
2-4	90-93	gar	positive[2]	_	
2-5	94-100	nichts	positive[2]	_	
2-6	100-101	,	positive[2]	_	
2-7	102-105	ich	positive[2]	_	
2-8	106-111	spitz	positive[2]	_	
2-9	111-112	'	positive[2]	_	
2-10	113-116	die	positive[2]	_	
2-11	117-123	Finger	positive[2]	_	
2-12	124-126	an	positive[2]	_	
2-13	127-130	und	positive[2]	_	
2-14	131-138	schalte	positive[2]	_	
2-15	139-144	meine	positive[2]	_	
2-16	145-153	Brüllbox	positive[2]	Musik	
2-17	154-157	ein	positive[2]	_	
2-18	157-158	.	positive[2]	_	

#Text=Na und, was soll es?
3-1	163-165	Na	neutral[3]	_	
3-2	166-169	und	neutral[3]	_	
3-3	169-170	,	neutral[3]	_	
3-4	171-174	was	neutral[3]	_	
3-5	175-179	soll	neutral[3]	_	
3-6	180-182	es	neutral[3]	_	
3-7	182-183	?	neutral[3]	_	

#Text=Rock'n schock'n, rock'n roll es.
4-1	184-190	Rock'n	neutral[4]	Musik[12]	
4-2	191-199	schock'n	neutral[4]	Musik[12]	
4-3	199-200	,	neutral[4]	Musik[12]	
4-4	201-207	rock'n	neutral[4]	Musik[12]	
4-5	208-212	roll	neutral[4]	Musik[12]	
4-6	213-215	es	neutral[4]	_	
4-7	215-216	.	neutral[4]	_	

#Text=Dylan, Richard, Zappa, Clapton und Lee Lennon, Townshend, Cooper, Beck Page und Green, wir schießen alle mit demselben Colt in 1000 Volt.
5-1	217-222	Dylan	neutral[5]	Musik[13]	
5-2	222-223	,	neutral[5]	Musik[13]	
5-3	224-231	Richard	neutral[5]	Musik[13]	
5-4	231-232	,	neutral[5]	Musik[13]	
5-5	233-238	Zappa	neutral[5]	Musik[13]	
5-6	238-239	,	neutral[5]	Musik[13]	
5-7	240-247	Clapton	neutral[5]	Musik[13]	
5-8	248-251	und	neutral[5]	Musik[13]	
5-9	252-255	Lee	neutral[5]	Musik[13]	
5-10	256-262	Lennon	neutral[5]	Musik[13]	
5-11	262-263	,	neutral[5]	Musik[13]	
5-12	264-273	Townshend	neutral[5]	Musik[13]	
5-13	273-274	,	neutral[5]	Musik[13]	
5-14	275-281	Cooper	neutral[5]	Musik[13]	
5-15	281-282	,	neutral[5]	Musik[13]	
5-16	283-287	Beck	neutral[5]	Musik[13]	
5-17	288-292	Page	neutral[5]	Musik[13]	
5-18	293-296	und	neutral[5]	Musik[13]	
5-19	297-302	Green	neutral[5]	Musik[13]	
5-20	302-303	,	neutral[5]	_	
5-21	304-307	wir	neutral[5]	_	
5-22	308-316	schießen	neutral[5]	Politik/Soziales/Missstände	
5-23	317-321	alle	neutral[5]	_	
5-24	322-325	mit	neutral[5]	_	
5-25	326-335	demselben	neutral[5]	_	
5-26	336-340	Colt	neutral[5]	Politik/Soziales/Missstände	
5-27	341-343	in	neutral[5]	_	
5-28	344-348	1000	neutral[5]	_	
5-29	349-353	Volt	neutral[5]	_	
5-30	353-354	.	neutral[5]	_	

#Text=Ich stehe hier und weißt du außerdem singe ich nicht nur so nebenbei, mein Song ist manchen ziemlich unbequem, doch ich hasse, ich hasse faulen Apfelbrei.
6-1	359-362	Ich	negative[6]	_	
6-2	363-368	stehe	negative[6]	_	
6-3	369-373	hier	negative[6]	_	
6-4	374-377	und	negative[6]	_	
6-5	378-383	weißt	negative[6]	_	
6-6	384-386	du	negative[6]	_	
6-7	387-395	außerdem	negative[6]	_	
6-8	396-401	singe	negative[6]	Musik	
6-9	402-405	ich	negative[6]	_	
6-10	406-411	nicht	negative[6]	_	
6-11	412-415	nur	negative[6]	_	
6-12	416-418	so	negative[6]	_	
6-13	419-427	nebenbei	negative[6]	_	
6-14	427-428	,	negative[6]	_	
6-15	429-433	mein	negative[6]	_	
6-16	434-438	Song	negative[6]	Musik	
6-17	439-442	ist	negative[6]	Persönliches/Emotionen[14]	
6-18	443-450	manchen	negative[6]	Persönliches/Emotionen[14]	
6-19	451-459	ziemlich	negative[6]	Persönliches/Emotionen[14]	
6-20	460-468	unbequem	negative[6]	Persönliches/Emotionen[14]	
6-21	468-469	,	negative[6]	_	
6-22	470-474	doch	negative[6]	_	
6-23	475-478	ich	negative[6]	Persönliches/Emotionen[15]	
6-24	479-484	hasse	negative[6]	Persönliches/Emotionen[15]	
6-25	484-485	,	negative[6]	_	
6-26	486-489	ich	negative[6]	Persönliches/Emotionen[16]	
6-27	490-495	hasse	negative[6]	Persönliches/Emotionen[16]	
6-28	496-502	faulen	negative[6]	_	
6-29	503-512	Apfelbrei	negative[6]	_	
6-30	512-513	.	negative[6]	_	

#Text=Na und, was soll es?
7-1	518-520	Na	neutral[7]	_	
7-2	521-524	und	neutral[7]	_	
7-3	524-525	,	neutral[7]	_	
7-4	526-529	was	neutral[7]	_	
7-5	530-534	soll	neutral[7]	_	
7-6	535-537	es	neutral[7]	_	
7-7	537-538	?	neutral[7]	_	

#Text=Rock'n schock'n rock'n roll es.
8-1	539-545	Rock'n	neutral[8]	Musik[17]	
8-2	546-554	schock'n	neutral[8]	Musik[17]	
8-3	555-561	rock'n	neutral[8]	Musik[17]	
8-4	562-566	roll	neutral[8]	Musik[17]	
8-5	567-569	es	neutral[8]	_	
8-6	569-570	.	neutral[8]	_	

#Text=Dylan, Richard, Zappa, Clapton und Lee, Lennon, Townshend, Cooper, Beck Page und Green, wir schießen alle mit demselben Colt in 1000 Volt.
9-1	571-576	Dylan	neutral[9]	Musik[18]	
9-2	576-577	,	neutral[9]	Musik[18]	
9-3	578-585	Richard	neutral[9]	Musik[18]	
9-4	585-586	,	neutral[9]	Musik[18]	
9-5	587-592	Zappa	neutral[9]	Musik[18]	
9-6	592-593	,	neutral[9]	Musik[18]	
9-7	594-601	Clapton	neutral[9]	Musik[18]	
9-8	602-605	und	neutral[9]	Musik[18]	
9-9	606-609	Lee	neutral[9]	Musik[18]	
9-10	609-610	,	neutral[9]	Musik[18]	
9-11	611-617	Lennon	neutral[9]	Musik[18]	
9-12	617-618	,	neutral[9]	Musik[18]	
9-13	619-628	Townshend	neutral[9]	Musik[18]	
9-14	628-629	,	neutral[9]	Musik[18]	
9-15	630-636	Cooper	neutral[9]	Musik[18]	
9-16	636-637	,	neutral[9]	Musik[18]	
9-17	638-642	Beck	neutral[9]	Musik[18]	
9-18	643-647	Page	neutral[9]	Musik[18]	
9-19	648-651	und	neutral[9]	Musik[18]	
9-20	652-657	Green	neutral[9]	Musik[18]	
9-21	657-658	,	neutral[9]	_	
9-22	659-662	wir	neutral[9]	_	
9-23	663-671	schießen	neutral[9]	Politik/Soziales/Missstände	
9-24	672-676	alle	neutral[9]	_	
9-25	677-680	mit	neutral[9]	_	
9-26	681-690	demselben	neutral[9]	_	
9-27	691-695	Colt	neutral[9]	Politik/Soziales/Missstände	
9-28	696-698	in	neutral[9]	_	
9-29	699-703	1000	neutral[9]	_	
9-30	704-708	Volt	neutral[9]	_	
9-31	708-709	.	neutral[9]	_	

#Text=Ich spiel' Gitarre nur so nebenbei.
10-1	710-713	Ich	neutral[10]	_	
10-2	714-719	spiel	neutral[10]	Musik[19]	
10-3	719-720	'	neutral[10]	Musik[19]	
10-4	721-728	Gitarre	neutral[10]	Musik[19]	
10-5	729-732	nur	neutral[10]	_	
10-6	733-735	so	neutral[10]	_	
10-7	736-744	nebenbei	neutral[10]	_	
10-8	744-745	.	neutral[10]	_	
