#FORMAT=WebAnno TSV 3.2
#T_SP=webanno.custom.Sentiment|Polarity
#T_SP=webanno.custom.Topic|Topics


#Text=Wenn ich jetzt nicht geh', ist es bald zu spät, dann bleib ich hier für immer kleben.
1-1	0-4	Wenn	negative[1]	_	
1-2	5-8	ich	negative[1]	_	
1-3	9-14	jetzt	negative[1]	_	
1-4	15-20	nicht	negative[1]	_	
1-5	21-24	geh	negative[1]	_	
1-6	24-25	'	negative[1]	_	
1-7	25-26	,	negative[1]	_	
1-8	27-30	ist	negative[1]	_	
1-9	31-33	es	negative[1]	_	
1-10	34-38	bald	negative[1]	_	
1-11	39-41	zu	negative[1]	_	
1-12	42-46	spät	negative[1]	_	
1-13	46-47	,	negative[1]	_	
1-14	48-52	dann	negative[1]	_	
1-15	53-58	bleib	negative[1]	_	
1-16	59-62	ich	negative[1]	_	
1-17	63-67	hier	negative[1]	_	
1-18	68-71	für	negative[1]	_	
1-19	72-77	immer	negative[1]	_	
1-20	78-84	kleben	negative[1]	_	
1-21	84-85	.	negative[1]	_	

#Text=Ein Junge wie ich, ständig fragt der sich, ob das die stärkste Art ist zu leben.
2-1	86-89	Ein	neutral[2]	_	
2-2	90-95	Junge	neutral[2]	_	
2-3	96-99	wie	neutral[2]	_	
2-4	100-103	ich	neutral[2]	_	
2-5	103-104	,	neutral[2]	_	
2-6	105-112	ständig	neutral[2]	_	
2-7	113-118	fragt	neutral[2]	_	
2-8	119-122	der	neutral[2]	_	
2-9	123-127	sich	neutral[2]	_	
2-10	127-128	,	neutral[2]	_	
2-11	129-131	ob	neutral[2]	_	
2-12	132-135	das	neutral[2]	_	
2-13	136-139	die	neutral[2]	Persönliches/Emotionen[15]	
2-14	140-148	stärkste	neutral[2]	Persönliches/Emotionen[15]	
2-15	149-152	Art	neutral[2]	Persönliches/Emotionen[15]	
2-16	153-156	ist	neutral[2]	Persönliches/Emotionen[15]	
2-17	157-159	zu	neutral[2]	Persönliches/Emotionen[15]	
2-18	160-165	leben	neutral[2]	Persönliches/Emotionen[15]	
2-19	165-166	.	neutral[2]	_	

#Text=Es fällt mir wirklich schwer, so schwer, dich zu verlassen, denn ich lieb' dich sehr, doch jeder weitere Tag mit dir macht ihn kaputt, den Zigeuner in mir.
3-1	167-169	Es	negative[3]	_	
3-2	170-175	fällt	negative[3]	_	
3-3	176-179	mir	negative[3]	_	
3-4	180-188	wirklich	negative[3]	_	
3-5	189-195	schwer	negative[3]	_	
3-6	195-196	,	negative[3]	_	
3-7	197-199	so	negative[3]	_	
3-8	200-206	schwer	negative[3]	_	
3-9	206-207	,	negative[3]	_	
3-10	208-212	dich	negative[3]	Liebe/Partnerschaft[16]	
3-11	213-215	zu	negative[3]	Liebe/Partnerschaft[16]	
3-12	216-225	verlassen	negative[3]	Liebe/Partnerschaft[16]	
3-13	225-226	,	negative[3]	_	
3-14	227-231	denn	negative[3]	_	
3-15	232-235	ich	negative[3]	_	
3-16	236-240	lieb	negative[3]	Liebe/Partnerschaft[17]	
3-17	240-241	'	negative[3]	Liebe/Partnerschaft[17]	
3-18	242-246	dich	negative[3]	Liebe/Partnerschaft[17]	
3-19	247-251	sehr	negative[3]	Liebe/Partnerschaft[17]	
3-20	251-252	,	negative[3]	_	
3-21	253-257	doch	negative[3]	_	
3-22	258-263	jeder	negative[3]	_	
3-23	264-271	weitere	negative[3]	_	
3-24	272-275	Tag	negative[3]	_	
3-25	276-279	mit	negative[3]	_	
3-26	280-283	dir	negative[3]	_	
3-27	284-289	macht	negative[3]	_	
3-28	290-293	ihn	negative[3]	_	
3-29	294-300	kaputt	negative[3]	_	
3-30	300-301	,	negative[3]	_	
3-31	302-305	den	negative[3]	_	
3-32	306-314	Zigeuner	negative[3]	Persönliches/Emotionen[18]	
3-33	315-317	in	negative[3]	Persönliches/Emotionen[18]	
3-34	318-321	mir	negative[3]	Persönliches/Emotionen[18]	
3-35	321-322	.	negative[3]	_	

#Text=Ich muss doch erst noch den Amazonas runterrudern mit 'ner wilden Dschungelbraut und dann zum Himalaja, zum Schneemenschen Yeti bevor der wieder auftaut und außerdem mit meinem Rock 'n' Roll-Komplizen immer wieder müde Menschen wecken.
4-1	327-330	Ich	neutral[4]	_	
4-2	331-335	muss	neutral[4]	_	
4-3	336-340	doch	neutral[4]	_	
4-4	341-345	erst	neutral[4]	_	
4-5	346-350	noch	neutral[4]	_	
4-6	351-354	den	neutral[4]	_	
4-7	355-363	Amazonas	neutral[4]	Reisen[19]	
4-8	364-376	runterrudern	neutral[4]	Reisen[19]	
4-9	377-380	mit	neutral[4]	_	
4-10	381-382	'	neutral[4]	_	
4-11	382-385	ner	neutral[4]	_	
4-12	386-392	wilden	neutral[4]	Liebe/Partnerschaft[20]	
4-13	393-407	Dschungelbraut	neutral[4]	Liebe/Partnerschaft[20]	
4-14	408-411	und	neutral[4]	_	
4-15	412-416	dann	neutral[4]	_	
4-16	417-420	zum	neutral[4]	Reisen[21]	
4-17	421-429	Himalaja	neutral[4]	Reisen[21]	
4-18	429-430	,	neutral[4]	_	
4-19	431-434	zum	neutral[4]	_	
4-20	435-449	Schneemenschen	neutral[4]	_	
4-21	450-454	Yeti	neutral[4]	_	
4-22	455-460	bevor	neutral[4]	_	
4-23	461-464	der	neutral[4]	_	
4-24	465-471	wieder	neutral[4]	_	
4-25	472-479	auftaut	neutral[4]	_	
4-26	480-483	und	neutral[4]	_	
4-27	484-492	außerdem	neutral[4]	_	
4-28	493-496	mit	neutral[4]	_	
4-29	497-503	meinem	neutral[4]	_	
4-30	504-508	Rock	neutral[4]	Musik[22]	
4-31	509-510	'	neutral[4]	Musik[22]	
4-32	510-511	n	neutral[4]	Musik[22]	
4-33	511-512	'	neutral[4]	Musik[22]	
4-34	513-527	Roll-Komplizen	neutral[4]	Musik[22]	
4-35	528-533	immer	neutral[4]	_	
4-36	534-540	wieder	neutral[4]	_	
4-37	541-545	müde	neutral[4]	_	
4-38	546-554	Menschen	neutral[4]	_	
4-39	555-561	wecken	neutral[4]	_	
4-40	561-562	.	neutral[4]	_	

#Text=Bevor wir dann in einer Manhattan-Bar, an unserem Durchdreh-Lebensstil verrecken.
5-1	563-568	Bevor	negative[5]	_	
5-2	569-572	wir	negative[5]	_	
5-3	573-577	dann	negative[5]	_	
5-4	578-580	in	negative[5]	_	
5-5	581-586	einer	negative[5]	_	
5-6	587-600	Manhattan-Bar	negative[5]	Gesundheit/Drogen	
5-7	600-601	,	negative[5]	_	
5-8	602-604	an	negative[5]	_	
5-9	605-612	unserem	negative[5]	_	
5-10	613-633	Durchdreh-Lebensstil	negative[5]	Persönliches/Emotionen	
5-11	634-643	verrecken	negative[5]	_	
5-12	643-644	.	negative[5]	_	

#Text=Du wärst sie gewesen, die Frau, zu der ich mich bekenn', mit der ich durch ein ganzes Leben renn'.
6-1	649-651	Du	positive[6]	_	
6-2	652-657	wärst	positive[6]	_	
6-3	658-661	sie	positive[6]	_	
6-4	662-669	gewesen	positive[6]	_	
6-5	669-670	,	positive[6]	_	
6-6	671-674	die	positive[6]	_	
6-7	675-679	Frau	positive[6]	Liebe/Partnerschaft[23]	
6-8	679-680	,	positive[6]	Liebe/Partnerschaft[23]	
6-9	681-683	zu	positive[6]	Liebe/Partnerschaft[23]	
6-10	684-687	der	positive[6]	Liebe/Partnerschaft[23]	
6-11	688-691	ich	positive[6]	Liebe/Partnerschaft[23]	
6-12	692-696	mich	positive[6]	Liebe/Partnerschaft[23]	
6-13	697-703	bekenn	positive[6]	Liebe/Partnerschaft[23]	
6-14	703-704	'	positive[6]	_	
6-15	704-705	,	positive[6]	_	
6-16	706-709	mit	positive[6]	_	
6-17	710-713	der	positive[6]	_	
6-18	714-717	ich	positive[6]	_	
6-19	718-723	durch	positive[6]	_	
6-20	724-727	ein	positive[6]	_	
6-21	728-734	ganzes	positive[6]	_	
6-22	735-740	Leben	positive[6]	_	
6-23	741-745	renn	positive[6]	_	
6-24	745-746	'	positive[6]	_	
6-25	746-747	.	positive[6]	_	

#Text=Es zieht mich so zu dir hin, doch ich kann's nicht akzeptieren, weil ich tief drin ein Flipper bin.
7-1	748-750	Es	neutral[7]	Liebe/Partnerschaft[24]	
7-2	751-756	zieht	neutral[7]	Liebe/Partnerschaft[24]	
7-3	757-761	mich	neutral[7]	Liebe/Partnerschaft[24]	
7-4	762-764	so	neutral[7]	Liebe/Partnerschaft[24]	
7-5	765-767	zu	neutral[7]	Liebe/Partnerschaft[24]	
7-6	768-771	dir	neutral[7]	Liebe/Partnerschaft[24]	
7-7	772-775	hin	neutral[7]	Liebe/Partnerschaft[24]	
7-8	775-776	,	neutral[7]	_	
7-9	777-781	doch	neutral[7]	_	
7-10	782-785	ich	neutral[7]	_	
7-11	786-792	kann's	neutral[7]	_	
7-12	793-798	nicht	neutral[7]	_	
7-13	799-810	akzeptieren	neutral[7]	_	
7-14	810-811	,	neutral[7]	_	
7-15	812-816	weil	neutral[7]	_	
7-16	817-820	ich	neutral[7]	_	
7-17	821-825	tief	neutral[7]	_	
7-18	826-830	drin	neutral[7]	_	
7-19	831-834	ein	neutral[7]	_	
7-20	835-842	Flipper	neutral[7]	_	
7-21	843-846	bin	neutral[7]	_	
7-22	846-847	.	neutral[7]	_	

#Text=Wir hatten große Pläne, doch jetzt stehst du da und weinst.
8-1	852-855	Wir	negative[8]	_	
8-2	856-862	hatten	negative[8]	_	
8-3	863-868	große	negative[8]	_	
8-4	869-874	Pläne	negative[8]	_	
8-5	874-875	,	negative[8]	_	
8-6	876-880	doch	negative[8]	_	
8-7	881-886	jetzt	negative[8]	_	
8-8	887-893	stehst	negative[8]	_	
8-9	894-896	du	negative[8]	_	
8-10	897-899	da	negative[8]	_	
8-11	900-903	und	negative[8]	_	
8-12	904-910	weinst	negative[8]	Persönliches/Emotionen	
8-13	910-911	.	negative[8]	_	

#Text=Es tut mir sehr weh, es tut mir sehr leid und ich weiß, es ist hart zu versteh'n, dass ich wieder los muß.
9-1	912-914	Es	negative[9]	Persönliches/Emotionen[25]	
9-2	915-918	tut	negative[9]	Persönliches/Emotionen[25]	
9-3	919-922	mir	negative[9]	Persönliches/Emotionen[25]	
9-4	923-927	sehr	negative[9]	Persönliches/Emotionen[25]	
9-5	928-931	weh	negative[9]	Persönliches/Emotionen[25]	
9-6	931-932	,	negative[9]	_	
9-7	933-935	es	negative[9]	Persönliches/Emotionen[26]	
9-8	936-939	tut	negative[9]	Persönliches/Emotionen[26]	
9-9	940-943	mir	negative[9]	Persönliches/Emotionen[26]	
9-10	944-948	sehr	negative[9]	Persönliches/Emotionen[26]	
9-11	949-953	leid	negative[9]	Persönliches/Emotionen[26]	
9-12	954-957	und	negative[9]	_	
9-13	958-961	ich	negative[9]	_	
9-14	962-966	weiß	negative[9]	_	
9-15	966-967	,	negative[9]	_	
9-16	968-970	es	negative[9]	_	
9-17	971-974	ist	negative[9]	_	
9-18	975-979	hart	negative[9]	_	
9-19	980-982	zu	negative[9]	_	
9-20	983-992	versteh'n	negative[9]	_	
9-21	992-993	,	negative[9]	_	
9-22	994-998	dass	negative[9]	_	
9-23	999-1002	ich	negative[9]	_	
9-24	1003-1009	wieder	negative[9]	_	
9-25	1010-1013	los	negative[9]	_	
9-26	1014-1017	muß	negative[9]	_	
9-27	1017-1018	.	negative[9]	_	

#Text=Wir hatten eine viel zu starke Zeit.
10-1	1019-1022	Wir	positive[10]	_	
10-2	1023-1029	hatten	positive[10]	_	
10-3	1030-1034	eine	positive[10]	_	
10-4	1035-1039	viel	positive[10]	_	
10-5	1040-1042	zu	positive[10]	_	
10-6	1043-1049	starke	positive[10]	_	
10-7	1050-1054	Zeit	positive[10]	_	
10-8	1054-1055	.	positive[10]	_	

#Text=Ja, als ich ankam, war ich so sicher wir sind jetzt Romeo und Julia.
11-1	1056-1058	Ja	positive[11]	_	
11-2	1058-1059	,	positive[11]	_	
11-3	1060-1063	als	positive[11]	_	
11-4	1064-1067	ich	positive[11]	_	
11-5	1068-1073	ankam	positive[11]	_	
11-6	1073-1074	,	positive[11]	_	
11-7	1075-1078	war	positive[11]	_	
11-8	1079-1082	ich	positive[11]	_	
11-9	1083-1085	so	positive[11]	_	
11-10	1086-1092	sicher	positive[11]	_	
11-11	1093-1096	wir	positive[11]	_	
11-12	1097-1101	sind	positive[11]	_	
11-13	1102-1107	jetzt	positive[11]	_	
11-14	1108-1113	Romeo	positive[11]	Liebe/Partnerschaft[27]	
11-15	1114-1117	und	positive[11]	Liebe/Partnerschaft[27]	
11-16	1118-1123	Julia	positive[11]	Liebe/Partnerschaft[27]	
11-17	1123-1124	.	positive[11]	_	

#Text=Das lag bestimmt nicht an dir, dass es wieder nur Durchreise und immer noch nicht der letzte Bahnhof war.
12-1	1125-1128	Das	positive[12]	_	
12-2	1129-1132	lag	positive[12]	_	
12-3	1133-1141	bestimmt	positive[12]	_	
12-4	1142-1147	nicht	positive[12]	_	
12-5	1148-1150	an	positive[12]	_	
12-6	1151-1154	dir	positive[12]	_	
12-7	1154-1155	,	positive[12]	_	
12-8	1156-1160	dass	positive[12]	_	
12-9	1161-1163	es	positive[12]	_	
12-10	1164-1170	wieder	positive[12]	_	
12-11	1171-1174	nur	positive[12]	_	
12-12	1175-1185	Durchreise	positive[12]	Reisen	
12-13	1186-1189	und	positive[12]	_	
12-14	1190-1195	immer	positive[12]	_	
12-15	1196-1200	noch	positive[12]	_	
12-16	1201-1206	nicht	positive[12]	_	
12-17	1207-1210	der	positive[12]	_	
12-18	1211-1217	letzte	positive[12]	_	
12-19	1218-1225	Bahnhof	positive[12]	Reisen	
12-20	1226-1229	war	positive[12]	_	
12-21	1229-1230	.	positive[12]	_	

#Text=Schade, denn du wärst sie gewesen, die Frau, zu der ich mich bekenn', mit der ich durch ein ganzes Leben renn'.
13-1	1235-1241	Schade	negative[13]	_	
13-2	1241-1242	,	negative[13]	_	
13-3	1243-1247	denn	negative[13]	_	
13-4	1248-1250	du	negative[13]	_	
13-5	1251-1256	wärst	negative[13]	_	
13-6	1257-1260	sie	negative[13]	_	
13-7	1261-1268	gewesen	negative[13]	_	
13-8	1268-1269	,	negative[13]	_	
13-9	1270-1273	die	negative[13]	_	
13-10	1274-1278	Frau	negative[13]	Liebe/Partnerschaft[28]	
13-11	1278-1279	,	negative[13]	Liebe/Partnerschaft[28]	
13-12	1280-1282	zu	negative[13]	Liebe/Partnerschaft[28]	
13-13	1283-1286	der	negative[13]	Liebe/Partnerschaft[28]	
13-14	1287-1290	ich	negative[13]	Liebe/Partnerschaft[28]	
13-15	1291-1295	mich	negative[13]	Liebe/Partnerschaft[28]	
13-16	1296-1302	bekenn	negative[13]	Liebe/Partnerschaft[28]	
13-17	1302-1303	'	negative[13]	_	
13-18	1303-1304	,	negative[13]	_	
13-19	1305-1308	mit	negative[13]	_	
13-20	1309-1312	der	negative[13]	_	
13-21	1313-1316	ich	negative[13]	_	
13-22	1317-1322	durch	negative[13]	_	
13-23	1323-1326	ein	negative[13]	_	
13-24	1327-1333	ganzes	negative[13]	_	
13-25	1334-1339	Leben	negative[13]	_	
13-26	1340-1344	renn	negative[13]	_	
13-27	1344-1345	'	negative[13]	_	
13-28	1345-1346	.	negative[13]	_	

#Text=Ich gehör' zwar zu dir, trotzdem haut das nicht hin, weil ich doch leider nur ein Flipper bin.
14-1	1347-1350	Ich	negative[14]	Liebe/Partnerschaft[29]	
14-2	1351-1356	gehör	negative[14]	Liebe/Partnerschaft[29]	
14-3	1356-1357	'	negative[14]	Liebe/Partnerschaft[29]	
14-4	1358-1362	zwar	negative[14]	Liebe/Partnerschaft[29]	
14-5	1363-1365	zu	negative[14]	Liebe/Partnerschaft[29]	
14-6	1366-1369	dir	negative[14]	Liebe/Partnerschaft[29]	
14-7	1369-1370	,	negative[14]	_	
14-8	1371-1379	trotzdem	negative[14]	_	
14-9	1380-1384	haut	negative[14]	_	
14-10	1385-1388	das	negative[14]	_	
14-11	1389-1394	nicht	negative[14]	_	
14-12	1395-1398	hin	negative[14]	_	
14-13	1398-1399	,	negative[14]	_	
14-14	1400-1404	weil	negative[14]	_	
14-15	1405-1408	ich	negative[14]	_	
14-16	1409-1413	doch	negative[14]	_	
14-17	1414-1420	leider	negative[14]	_	
14-18	1421-1424	nur	negative[14]	_	
14-19	1425-1428	ein	negative[14]	_	
14-20	1429-1436	Flipper	negative[14]	_	
14-21	1437-1440	bin	negative[14]	_	
14-22	1440-1441	.	negative[14]	_	
