#FORMAT=WebAnno TSV 3.2
#T_SP=webanno.custom.Sentiment|Polarity
#T_SP=webanno.custom.Topic|Topics


#Text=Die kleine Stadt, die liegt so weit zurück .
1-1	0-3	Die	negative[1]	_	
1-2	4-10	kleine	negative[1]	_	
1-3	11-16	Stadt	negative[1]	_	
1-4	16-17	,	negative[1]	_	
1-5	18-21	die	negative[1]	_	
1-6	22-27	liegt	negative[1]	_	
1-7	28-30	so	negative[1]	_	
1-8	31-35	weit	negative[1]	_	
1-9	36-42	zurück	negative[1]	_	
1-10	43-44	.	_	_	

#Text=Sie war der Mittelpunkt der Welt .
2-1	45-48	Sie	positive[2]	_	
2-2	49-52	war	positive[2]	_	
2-3	53-56	der	positive[2]	_	
2-4	57-68	Mittelpunkt	positive[2]	Reisen[12]	
2-5	69-72	der	positive[2]	Reisen[12]	
2-6	73-77	Welt	positive[2]	Reisen[12]	
2-7	78-79	.	_	_	

#Text=Unsere enge Strasse war  breit, wie der Hollywood-Boulevard  und in der Kirche wohnte der liebe Gott , da war er noch nicht tot , da hat er sich noch um alles gekümmert.
3-1	80-86	Unsere	positive[3]	_	
3-2	87-91	enge	positive[3]	_	
3-3	92-99	Strasse	positive[3]	_	
3-4	100-103	war	positive[3]	_	
3-5	105-110	breit	positive[3]	_	
3-6	110-111	,	positive[3]	_	
3-7	112-115	wie	positive[3]	_	
3-8	116-119	der	positive[3]	_	
3-9	120-139	Hollywood-Boulevard	positive[3]	Reisen	
3-10	141-144	und	positive[3]	_	
3-11	145-147	in	positive[3]	_	
3-12	148-151	der	positive[3]	_	
3-13	152-158	Kirche	positive[3]	_	
3-14	159-165	wohnte	positive[3]	_	
3-15	166-169	der	positive[3]	Politik/Soziales/Missstände[13]	
3-16	170-175	liebe	positive[3]	Politik/Soziales/Missstände[13]	
3-17	176-180	Gott	positive[3]	Politik/Soziales/Missstände[13]	
3-18	181-182	,	positive[3]	_	
3-19	183-185	da	positive[3]	_	
3-20	186-189	war	positive[3]	_	
3-21	190-192	er	positive[3]	_	
3-22	193-197	noch	positive[3]	_	
3-23	198-203	nicht	positive[3]	_	
3-24	204-207	tot	positive[3]	_	
3-25	208-209	,	positive[3]	_	
3-26	210-212	da	positive[3]	_	
3-27	213-216	hat	positive[3]	_	
3-28	217-219	er	positive[3]	_	
3-29	220-224	sich	positive[3]	_	
3-30	225-229	noch	positive[3]	_	
3-31	230-232	um	positive[3]	_	
3-32	233-238	alles	positive[3]	_	
3-33	239-248	gekümmert	positive[3]	_	
3-34	248-249	.	_	_	

#Text=Und Mutter hing die Wäsche auf, im schmutzigen Wind hinter der Fabrik  und es gab auch ein Kino  und ich war sehr interessiert, was hinter der Leinwand passiert, ob es das wirklich alles gibt  und ich war in Brigitte Bardot verliebt  und stand stundenlang vor dem Schaukasten  und träumte.
4-1	254-257	Und	neutral[4]	_	
4-2	258-264	Mutter	neutral[4]	_	
4-3	265-269	hing	neutral[4]	_	
4-4	270-273	die	neutral[4]	_	
4-5	274-280	Wäsche	neutral[4]	_	
4-6	281-284	auf	neutral[4]	_	
4-7	284-285	,	neutral[4]	_	
4-8	286-288	im	neutral[4]	_	
4-9	289-300	schmutzigen	neutral[4]	_	
4-10	301-305	Wind	neutral[4]	_	
4-11	306-312	hinter	neutral[4]	_	
4-12	313-316	der	neutral[4]	_	
4-13	317-323	Fabrik	neutral[4]	Politik/Soziales/Missstände	
4-14	325-328	und	neutral[5]	_	
4-15	329-331	es	neutral[5]	_	
4-16	332-335	gab	neutral[5]	_	
4-17	336-340	auch	neutral[5]	_	
4-18	341-344	ein	neutral[5]	_	
4-19	345-349	Kino	neutral[5]	_	
4-20	351-354	und	neutral[5]	_	
4-21	355-358	ich	neutral[5]	_	
4-22	359-362	war	neutral[5]	_	
4-23	363-367	sehr	neutral[5]	Persönliches/Emotionen[14]	
4-24	368-380	interessiert	neutral[5]	Persönliches/Emotionen[14]	
4-25	380-381	,	neutral[5]	_	
4-26	382-385	was	neutral[5]	_	
4-27	386-392	hinter	neutral[5]	_	
4-28	393-396	der	neutral[5]	_	
4-29	397-405	Leinwand	neutral[5]	_	
4-30	406-414	passiert	neutral[5]	_	
4-31	414-415	,	neutral[5]	_	
4-32	416-418	ob	neutral[5]	_	
4-33	419-421	es	neutral[5]	_	
4-34	422-425	das	neutral[5]	_	
4-35	426-434	wirklich	neutral[5]	_	
4-36	435-440	alles	neutral[5]	_	
4-37	441-445	gibt	neutral[5]	_	
4-38	447-450	und	_	_	
4-39	451-454	ich	positive[6]	_	
4-40	455-458	war	positive[6]	_	
4-41	459-461	in	positive[6]	_	
4-42	462-470	Brigitte	positive[6]	Politik/Soziales/Missstände[15]	
4-43	471-477	Bardot	positive[6]	Politik/Soziales/Missstände[15]	
4-44	478-486	verliebt	positive[6]	_	
4-45	488-491	und	positive[6]	_	
4-46	492-497	stand	positive[6]	_	
4-47	498-509	stundenlang	positive[6]	_	
4-48	510-513	vor	positive[6]	_	
4-49	514-517	dem	positive[6]	_	
4-50	518-529	Schaukasten	positive[6]	_	
4-51	531-534	und	positive[6]	_	
4-52	535-542	träumte	positive[6]	Persönliches/Emotionen	
4-53	542-543	.	_	_	

#Text=Eine Sache war für mich damals schon völlig klar, wenn ich später groß bin gehe ich nach Amerika, bestimmt warten die da schon auf meines Vaters attraktiven Sohn  und dann werd' ich was Berühmtes und zu Hause hör'n sie alle davon.
5-1	548-552	Eine	positive[7]	_	
5-2	553-558	Sache	positive[7]	_	
5-3	559-562	war	positive[7]	_	
5-4	563-566	für	positive[7]	_	
5-5	567-571	mich	positive[7]	_	
5-6	572-578	damals	positive[7]	_	
5-7	579-584	schon	positive[7]	_	
5-8	585-591	völlig	positive[7]	_	
5-9	592-596	klar	positive[7]	_	
5-10	596-597	,	positive[7]	_	
5-11	598-602	wenn	positive[7]	_	
5-12	603-606	ich	positive[7]	_	
5-13	607-613	später	positive[7]	_	
5-14	614-618	groß	positive[7]	_	
5-15	619-622	bin	positive[7]	_	
5-16	623-627	gehe	positive[7]	_	
5-17	628-631	ich	positive[7]	_	
5-18	632-636	nach	positive[7]	_	
5-19	637-644	Amerika	positive[7]	Reisen	
5-20	644-645	,	positive[7]	_	
5-21	646-654	bestimmt	positive[7]	_	
5-22	655-661	warten	positive[7]	_	
5-23	662-665	die	positive[7]	_	
5-24	666-668	da	positive[7]	_	
5-25	669-674	schon	positive[7]	_	
5-26	675-678	auf	positive[7]	_	
5-27	679-685	meines	positive[7]	_	
5-28	686-692	Vaters	positive[7]	_	
5-29	693-704	attraktiven	positive[7]	_	
5-30	705-709	Sohn	positive[7]	_	
5-31	711-714	und	positive[7]	_	
5-32	715-719	dann	positive[7]	_	
5-33	720-724	werd	positive[7]	_	
5-34	724-725	'	positive[7]	_	
5-35	726-729	ich	positive[7]	_	
5-36	730-733	was	positive[7]	_	
5-37	734-743	Berühmtes	positive[7]	_	
5-38	744-747	und	positive[7]	_	
5-39	748-750	zu	positive[7]	_	
5-40	751-756	Hause	positive[7]	_	
5-41	757-762	hör'n	positive[7]	_	
5-42	763-766	sie	positive[7]	_	
5-43	767-771	alle	positive[7]	_	
5-44	772-777	davon	positive[7]	_	
5-45	777-778	.	_	_	

#Text=In der kleinen Stadt.
6-1	783-785	In	neutral[8]	_	
6-2	786-789	der	neutral[8]	_	
6-3	790-797	kleinen	neutral[8]	_	
6-4	798-803	Stadt	neutral[8]	_	
6-5	803-804	.	_	_	

#Text=Wenn ich da heute mal hinkomm', stelle ich fest, das gleiche miefige Nest, immer noch so kleinkariert, ist wirklich nicht viel passiert  und Du siehst ein paar andere kleine Jungs an der Ecke steh'n  und die bleiben auch nicht lange, so wie die ausseh'n.
7-1	805-809	Wenn	negative[9]	_	
7-2	810-813	ich	negative[9]	_	
7-3	814-816	da	negative[9]	_	
7-4	817-822	heute	negative[9]	_	
7-5	823-826	mal	negative[9]	_	
7-6	827-834	hinkomm	negative[9]	_	
7-7	834-835	'	negative[9]	_	
7-8	835-836	,	negative[9]	_	
7-9	837-843	stelle	negative[9]	_	
7-10	844-847	ich	negative[9]	_	
7-11	848-852	fest	negative[9]	_	
7-12	852-853	,	negative[9]	_	
7-13	854-857	das	negative[9]	Politik/Soziales/Missstände[16]	
7-14	858-865	gleiche	negative[9]	Politik/Soziales/Missstände[16]	
7-15	866-873	miefige	negative[9]	Politik/Soziales/Missstände[16]	
7-16	874-878	Nest	negative[9]	Politik/Soziales/Missstände[16]	
7-17	878-879	,	negative[9]	_	
7-18	880-885	immer	negative[9]	_	
7-19	886-890	noch	negative[9]	_	
7-20	891-893	so	negative[9]	_	
7-21	894-906	kleinkariert	negative[9]	Politik/Soziales/Missstände	
7-22	906-907	,	negative[9]	_	
7-23	908-911	ist	negative[9]	_	
7-24	912-920	wirklich	negative[9]	_	
7-25	921-926	nicht	negative[9]	_	
7-26	927-931	viel	negative[9]	_	
7-27	932-940	passiert	negative[9]	_	
7-28	942-945	und	negative[10]	_	
7-29	946-948	Du	negative[10]	_	
7-30	949-955	siehst	negative[10]	_	
7-31	956-959	ein	negative[10]	_	
7-32	960-964	paar	negative[10]	_	
7-33	965-971	andere	negative[10]	_	
7-34	972-978	kleine	negative[10]	_	
7-35	979-984	Jungs	negative[10]	_	
7-36	985-987	an	negative[10]	_	
7-37	988-991	der	negative[10]	_	
7-38	992-996	Ecke	negative[10]	_	
7-39	997-1003	steh'n	negative[10]	_	
7-40	1005-1008	und	negative[10]	_	
7-41	1009-1012	die	negative[10]	_	
7-42	1013-1020	bleiben	negative[10]	_	
7-43	1021-1025	auch	negative[10]	_	
7-44	1026-1031	nicht	negative[10]	_	
7-45	1032-1037	lange	negative[10]	_	
7-46	1037-1038	,	negative[10]	_	
7-47	1039-1041	so	negative[10]	_	
7-48	1042-1045	wie	negative[10]	_	
7-49	1046-1049	die	negative[10]	_	
7-50	1050-1058	ausseh'n	negative[10]	_	
7-51	1058-1059	.	_	_	

#Text=Eine Sache ist für die doch jetzt schon völlig klar:  wenn ich später groß bin gehe ich nach Amerika, bestimmt warten die da schon auf meines Vaters attraktiven Sohn  und dann werd' ich was Berühmtes und zu Hause hör'n sie alle davon.
8-1	1064-1068	Eine	positive[11]	_	
8-2	1069-1074	Sache	positive[11]	_	
8-3	1075-1078	ist	positive[11]	_	
8-4	1079-1082	für	positive[11]	_	
8-5	1083-1086	die	positive[11]	_	
8-6	1087-1091	doch	positive[11]	_	
8-7	1092-1097	jetzt	positive[11]	_	
8-8	1098-1103	schon	positive[11]	_	
8-9	1104-1110	völlig	positive[11]	_	
8-10	1111-1115	klar	positive[11]	_	
8-11	1115-1116	:	positive[11]	_	
8-12	1118-1122	wenn	positive[11]	_	
8-13	1123-1126	ich	positive[11]	_	
8-14	1127-1133	später	positive[11]	_	
8-15	1134-1138	groß	positive[11]	_	
8-16	1139-1142	bin	positive[11]	_	
8-17	1143-1147	gehe	positive[11]	_	
8-18	1148-1151	ich	positive[11]	_	
8-19	1152-1156	nach	positive[11]	_	
8-20	1157-1164	Amerika	positive[11]	Reisen	
8-21	1164-1165	,	positive[11]	_	
8-22	1166-1174	bestimmt	positive[11]	_	
8-23	1175-1181	warten	positive[11]	_	
8-24	1182-1185	die	positive[11]	_	
8-25	1186-1188	da	positive[11]	_	
8-26	1189-1194	schon	positive[11]	_	
8-27	1195-1198	auf	positive[11]	_	
8-28	1199-1205	meines	positive[11]	_	
8-29	1206-1212	Vaters	positive[11]	_	
8-30	1213-1224	attraktiven	positive[11]	_	
8-31	1225-1229	Sohn	positive[11]	_	
8-32	1231-1234	und	positive[11]	_	
8-33	1235-1239	dann	positive[11]	_	
8-34	1240-1244	werd	positive[11]	_	
8-35	1244-1245	'	positive[11]	_	
8-36	1246-1249	ich	positive[11]	_	
8-37	1250-1253	was	positive[11]	_	
8-38	1254-1263	Berühmtes	positive[11]	_	
8-39	1264-1267	und	positive[11]	_	
8-40	1268-1270	zu	positive[11]	_	
8-41	1271-1276	Hause	positive[11]	_	
8-42	1277-1282	hör'n	positive[11]	_	
8-43	1283-1286	sie	positive[11]	_	
8-44	1287-1291	alle	positive[11]	_	
8-45	1292-1297	davon	positive[11]	_	
8-46	1297-1298	.	_	_	
