#FORMAT=WebAnno TSV 3.2
#T_SP=webanno.custom.Sentiment|Polarity
#T_SP=webanno.custom.Topic|Topics


#Text=Boxer: "I did it again, I am the heavy weight champion."
1-1	0-5	Boxer	_	_	
1-2	5-6	:	_	_	
1-3	7-8	"	_	_	
1-4	8-9	I	_	_	
1-5	10-13	did	_	_	
1-6	14-16	it	_	_	
1-7	17-22	again	_	_	
1-8	22-23	,	_	_	
1-9	24-25	I	_	_	
1-10	26-28	am	_	_	
1-11	29-32	the	_	_	
1-12	33-38	heavy	_	_	
1-13	39-45	weight	_	_	
1-14	46-54	champion	_	_	
1-15	54-55	.	_	_	
1-16	55-56	"	_	_	

#Text=Raus aus der Halle, rein in den Benz, Weltmeistertitel, Millionen Fans, meine Promoter zählen die Gage, hysterische Frauen auf der Hoteletage.
2-1	61-65	Raus	positive[1]	_	
2-2	66-69	aus	positive[1]	_	
2-3	70-73	der	positive[1]	_	
2-4	74-79	Halle	positive[1]	_	
2-5	79-80	,	positive[1]	_	
2-6	81-85	rein	positive[1]	_	
2-7	86-88	in	positive[1]	_	
2-8	89-92	den	positive[1]	_	
2-9	93-97	Benz	positive[1]	Politik/Soziales/Missstände	
2-10	97-98	,	positive[1]	_	
2-11	99-115	Weltmeistertitel	positive[1]	Politik/Soziales/Missstände	
2-12	115-116	,	positive[1]	_	
2-13	117-126	Millionen	positive[1]	_	
2-14	127-131	Fans	positive[1]	_	
2-15	131-132	,	positive[1]	_	
2-16	133-138	meine	positive[1]	_	
2-17	139-147	Promoter	positive[1]	_	
2-18	148-154	zählen	positive[1]	_	
2-19	155-158	die	positive[1]	_	
2-20	159-163	Gage	positive[1]	_	
2-21	163-164	,	positive[1]	_	
2-22	165-176	hysterische	positive[1]	Politik/Soziales/Missstände[19]	
2-23	177-183	Frauen	positive[1]	Politik/Soziales/Missstände[19]	
2-24	184-187	auf	positive[1]	Politik/Soziales/Missstände[19]	
2-25	188-191	der	positive[1]	Politik/Soziales/Missstände[19]	
2-26	192-202	Hoteletage	positive[1]	Politik/Soziales/Missstände[19]	
2-27	202-203	.	positive[1]	_	

#Text=Und ich wusste, einer wird lachen, und ich wusste, einer wird weinen.
3-1	208-211	Und	neutral[2]	_	
3-2	212-215	ich	neutral[2]	_	
3-3	216-222	wusste	neutral[2]	_	
3-4	222-223	,	neutral[2]	_	
3-5	224-229	einer	neutral[2]	_	
3-6	230-234	wird	neutral[2]	_	
3-7	235-241	lachen	neutral[2]	Persönliches/Emotionen	
3-8	241-242	,	neutral[2]	_	
3-9	243-246	und	neutral[2]	_	
3-10	247-250	ich	neutral[2]	_	
3-11	251-257	wusste	neutral[2]	_	
3-12	257-258	,	neutral[2]	_	
3-13	259-264	einer	neutral[2]	_	
3-14	265-269	wird	neutral[2]	_	
3-15	270-276	weinen	neutral[2]	Persönliches/Emotionen	
3-16	276-277	.	neutral[2]	_	

#Text=Und jetzt hör' ich noch mal die ganze Halle schreien.
4-1	278-281	Und	neutral[3]	_	
4-2	282-287	jetzt	neutral[3]	_	
4-3	288-291	hör	neutral[3]	_	
4-4	291-292	'	neutral[3]	_	
4-5	293-296	ich	neutral[3]	_	
4-6	297-301	noch	neutral[3]	_	
4-7	302-305	mal	neutral[3]	_	
4-8	306-309	die	neutral[3]	_	
4-9	310-315	ganze	neutral[3]	_	
4-10	316-321	Halle	neutral[3]	_	
4-11	322-330	schreien	neutral[3]	_	
4-12	330-331	.	neutral[3]	_	

#Text=Oh - oh - oh.
5-1	332-334	Oh	neutral[4]	_	
5-2	335-336	-	neutral[4]	_	
5-3	337-339	oh	neutral[4]	_	
5-4	340-341	-	neutral[4]	_	
5-5	342-344	oh	neutral[4]	_	
5-6	344-345	.	neutral[4]	_	

#Text=Ich bin der Champ, wieder mal und meine Fäuste sind aus Stahl.
6-1	350-353	Ich	positive[5]	_	
6-2	354-357	bin	positive[5]	_	
6-3	358-361	der	positive[5]	_	
6-4	362-367	Champ	positive[5]	_	
6-5	367-368	,	positive[5]	_	
6-6	369-375	wieder	positive[5]	_	
6-7	376-379	mal	positive[5]	_	
6-8	380-383	und	positive[5]	_	
6-9	384-389	meine	positive[5]	Persönliches/Emotionen[20]	
6-10	390-396	Fäuste	positive[5]	Persönliches/Emotionen[20]	
6-11	397-401	sind	positive[5]	Persönliches/Emotionen[20]	
6-12	402-405	aus	positive[5]	Persönliches/Emotionen[20]	
6-13	406-411	Stahl	positive[5]	Persönliches/Emotionen[20]	
6-14	411-412	.	positive[5]	_	

#Text=Schmerz in den Knochen und auf der Haut, Krieg und Terror bis zum Knock Out.
7-1	413-420	Schmerz	negative[6]	Gesundheit/Drogen[21]	
7-2	421-423	in	negative[6]	Gesundheit/Drogen[21]	
7-3	424-427	den	negative[6]	Gesundheit/Drogen[21]	
7-4	428-435	Knochen	negative[6]	Gesundheit/Drogen[21]	
7-5	436-439	und	negative[6]	Gesundheit/Drogen[21]	
7-6	440-443	auf	negative[6]	Gesundheit/Drogen[21]	
7-7	444-447	der	negative[6]	Gesundheit/Drogen[21]	
7-8	448-452	Haut	negative[6]	Gesundheit/Drogen[21]	
7-9	452-453	,	negative[6]	_	
7-10	454-459	Krieg	negative[6]	Politik/Soziales/Missstände[22]	
7-11	460-463	und	negative[6]	Politik/Soziales/Missstände[22]	
7-12	464-470	Terror	negative[6]	Politik/Soziales/Missstände[22]	
7-13	471-474	bis	negative[6]	Politik/Soziales/Missstände[22]	
7-14	475-478	zum	negative[6]	Politik/Soziales/Missstände[22]	
7-15	479-484	Knock	negative[6]	Politik/Soziales/Missstände[22]	
7-16	485-488	Out	negative[6]	Politik/Soziales/Missstände[22]	
7-17	488-489	.	negative[6]	_	

#Text=Ausgepowert und leer trotz Ruhm und Geld.
8-1	490-501	Ausgepowert	negative[7]	Gesundheit/Drogen	
8-2	502-505	und	negative[7]	_	
8-3	506-510	leer	negative[7]	_	
8-4	511-516	trotz	negative[7]	_	
8-5	517-521	Ruhm	negative[7]	Politik/Soziales/Missstände[23]	
8-6	522-525	und	negative[7]	Politik/Soziales/Missstände[23]	
8-7	526-530	Geld	negative[7]	Politik/Soziales/Missstände[23]	
8-8	530-531	.	negative[7]	_	

#Text=Manchmal bin ich der einsamste Boxer der Welt.
9-1	532-540	Manchmal	negative[8]	_	
9-2	541-544	bin	negative[8]	_	
9-3	545-548	ich	negative[8]	_	
9-4	549-552	der	negative[8]	_	
9-5	553-562	einsamste	negative[8]	Persönliches/Emotionen[24]	
9-6	563-568	Boxer	negative[8]	Persönliches/Emotionen[24]	
9-7	569-572	der	negative[8]	Persönliches/Emotionen[24]	
9-8	573-577	Welt	negative[8]	Persönliches/Emotionen[24]	
9-9	577-578	.	negative[8]	_	

#Text=Und ich wusste, einer wird lachen, und ich wusste, einer wird weinen.
10-1	583-586	Und	neutral[9]	_	
10-2	587-590	ich	neutral[9]	_	
10-3	591-597	wusste	neutral[9]	_	
10-4	597-598	,	neutral[9]	_	
10-5	599-604	einer	neutral[9]	_	
10-6	605-609	wird	neutral[9]	_	
10-7	610-616	lachen	neutral[9]	Persönliches/Emotionen	
10-8	616-617	,	neutral[9]	_	
10-9	618-621	und	neutral[9]	_	
10-10	622-625	ich	neutral[9]	_	
10-11	626-632	wusste	neutral[9]	_	
10-12	632-633	,	neutral[9]	_	
10-13	634-639	einer	neutral[9]	_	
10-14	640-644	wird	neutral[9]	_	
10-15	645-651	weinen	neutral[9]	Persönliches/Emotionen	
10-16	651-652	.	neutral[9]	_	

#Text=Und jetzt hör ich nochmal  die ganze Halle schreien.
11-1	653-656	Und	neutral[10]	_	
11-2	657-662	jetzt	neutral[10]	_	
11-3	663-666	hör	neutral[10]	_	
11-4	667-670	ich	neutral[10]	_	
11-5	671-678	nochmal	neutral[10]	_	
11-6	680-683	die	neutral[10]	_	
11-7	684-689	ganze	neutral[10]	_	
11-8	690-695	Halle	neutral[10]	_	
11-9	696-704	schreien	neutral[10]	_	
11-10	704-705	.	neutral[10]	_	

#Text=Oh - oh - oh.
12-1	706-708	Oh	neutral[11]	_	
12-2	709-710	-	neutral[11]	_	
12-3	711-713	oh	neutral[11]	_	
12-4	714-715	-	neutral[11]	_	
12-5	716-718	oh	neutral[11]	_	
12-6	718-719	.	neutral[11]	_	

#Text=Ich bin der Champ, wieder mal und meine Fäuste sind aus Stahl.
13-1	724-727	Ich	positive[12]	_	
13-2	728-731	bin	positive[12]	_	
13-3	732-735	der	positive[12]	_	
13-4	736-741	Champ	positive[12]	_	
13-5	741-742	,	positive[12]	_	
13-6	743-749	wieder	positive[12]	_	
13-7	750-753	mal	positive[12]	_	
13-8	754-757	und	positive[12]	_	
13-9	758-763	meine	positive[12]	Persönliches/Emotionen[25]	
13-10	764-770	Fäuste	positive[12]	Persönliches/Emotionen[25]	
13-11	771-775	sind	positive[12]	Persönliches/Emotionen[25]	
13-12	776-779	aus	positive[12]	Persönliches/Emotionen[25]	
13-13	780-785	Stahl	positive[12]	Persönliches/Emotionen[25]	
13-14	785-786	.	positive[12]	_	

#Text=Ich bin der Champ, wieder mal, Fieber, Wahnsinn, Fäuste aus Stahl.
14-1	787-790	Ich	neutral[13]	_	
14-2	791-794	bin	neutral[13]	_	
14-3	795-798	der	neutral[13]	_	
14-4	799-804	Champ	neutral[13]	_	
14-5	804-805	,	neutral[13]	_	
14-6	806-812	wieder	neutral[13]	_	
14-7	813-816	mal	neutral[13]	_	
14-8	816-817	,	neutral[13]	_	
14-9	818-824	Fieber	neutral[13]	Persönliches/Emotionen[26]	
14-10	824-825	,	neutral[13]	Persönliches/Emotionen[26]	
14-11	826-834	Wahnsinn	neutral[13]	Persönliches/Emotionen[26]	
14-12	834-835	,	neutral[13]	Persönliches/Emotionen[26]	
14-13	836-842	Fäuste	neutral[13]	Persönliches/Emotionen[26]	
14-14	843-846	aus	neutral[13]	Persönliches/Emotionen[26]	
14-15	847-852	Stahl	neutral[13]	Persönliches/Emotionen[26]	
14-16	852-853	.	neutral[13]	_	

#Text=Jetzt bin ich ganz oben und atme die Luft voll Blut, Schweiß und Tränen.
15-1	858-863	Jetzt	negative[14]	_	
15-2	864-867	bin	negative[14]	_	
15-3	868-871	ich	negative[14]	_	
15-4	872-876	ganz	negative[14]	_	
15-5	877-881	oben	negative[14]	_	
15-6	882-885	und	negative[14]	_	
15-7	886-890	atme	negative[14]	_	
15-8	891-894	die	negative[14]	_	
15-9	895-899	Luft	negative[14]	_	
15-10	900-904	voll	negative[14]	_	
15-11	905-909	Blut	negative[14]	Politik/Soziales/Missstände[27]	
15-12	909-910	,	negative[14]	Politik/Soziales/Missstände[27]	
15-13	911-918	Schweiß	negative[14]	Politik/Soziales/Missstände[27]	
15-14	919-922	und	negative[14]	Politik/Soziales/Missstände[27]	
15-15	923-929	Tränen	negative[14]	Politik/Soziales/Missstände[27]	
15-16	929-930	.	negative[14]	_	

#Text=Die Luft hier oben ist dünn, wo soll ich jetzt noch hin?
16-1	931-934	Die	negative[15]	_	
16-2	935-939	Luft	negative[15]	_	
16-3	940-944	hier	negative[15]	_	
16-4	945-949	oben	negative[15]	_	
16-5	950-953	ist	negative[15]	_	
16-6	954-958	dünn	negative[15]	_	
16-7	958-959	,	negative[15]	_	
16-8	960-962	wo	negative[15]	_	
16-9	963-967	soll	negative[15]	_	
16-10	968-971	ich	negative[15]	_	
16-11	972-977	jetzt	negative[15]	_	
16-12	978-982	noch	negative[15]	_	
16-13	983-986	hin	negative[15]	_	
16-14	986-987	?	negative[15]	_	

#Text=Ich bin der Champ, wieder mal und meine Fäuste sind aus Stahl.
17-1	992-995	Ich	positive[16]	_	
17-2	996-999	bin	positive[16]	_	
17-3	1000-1003	der	positive[16]	_	
17-4	1004-1009	Champ	positive[16]	_	
17-5	1009-1010	,	positive[16]	_	
17-6	1011-1017	wieder	positive[16]	_	
17-7	1018-1021	mal	positive[16]	_	
17-8	1022-1025	und	positive[16]	_	
17-9	1026-1031	meine	positive[16]	Persönliches/Emotionen[28]	
17-10	1032-1038	Fäuste	positive[16]	Persönliches/Emotionen[28]	
17-11	1039-1043	sind	positive[16]	Persönliches/Emotionen[28]	
17-12	1044-1047	aus	positive[16]	Persönliches/Emotionen[28]	
17-13	1048-1053	Stahl	positive[16]	Persönliches/Emotionen[28]	
17-14	1053-1054	.	positive[16]	_	

#Text=Ausgepowert trotz Ruhm und Geld.
18-1	1055-1066	Ausgepowert	negative[17]	Gesundheit/Drogen	
18-2	1067-1072	trotz	negative[17]	_	
18-3	1073-1077	Ruhm	negative[17]	Politik/Soziales/Missstände[29]	
18-4	1078-1081	und	negative[17]	Politik/Soziales/Missstände[29]	
18-5	1082-1086	Geld	negative[17]	Politik/Soziales/Missstände[29]	
18-6	1086-1087	.	negative[17]	_	

#Text=Manchmal bin ich der einsamste Fighter der Welt.
19-1	1088-1096	Manchmal	negative[18]	_	
19-2	1097-1100	bin	negative[18]	_	
19-3	1101-1104	ich	negative[18]	_	
19-4	1105-1108	der	negative[18]	_	
19-5	1109-1118	einsamste	negative[18]	Persönliches/Emotionen[30]	
19-6	1119-1126	Fighter	negative[18]	Persönliches/Emotionen[30]	
19-7	1127-1130	der	negative[18]	Persönliches/Emotionen[30]	
19-8	1131-1135	Welt	negative[18]	Persönliches/Emotionen[30]	
19-9	1135-1136	.	negative[18]	_	
