#FORMAT=WebAnno TSV 3.2
#T_SP=webanno.custom.Sentiment|Polarity
#T_SP=webanno.custom.Topic|Topics


#Text=Du bist eingezogen, als mein Herz gerade frei war.
1-1	0-2	Du	neutral[1]	_	
1-2	3-7	bist	neutral[1]	_	
1-3	8-18	eingezogen	neutral[1]	_	
1-4	18-19	,	neutral[1]	_	
1-5	20-23	als	neutral[1]	_	
1-6	24-28	mein	neutral[1]	Liebe/Partnerschaft[18]	
1-7	29-33	Herz	neutral[1]	Liebe/Partnerschaft[18]	
1-8	34-40	gerade	neutral[1]	_	
1-9	41-45	frei	neutral[1]	_	
1-10	46-49	war	neutral[1]	_	
1-11	49-50	.	neutral[1]	_	

#Text=Plötzlich lag deine Zahnbürste da und dann das erste T-Shirt.
2-1	51-60	Plötzlich	neutral[2]	_	
2-2	61-64	lag	neutral[2]	_	
2-3	65-70	deine	neutral[2]	_	
2-4	71-81	Zahnbürste	neutral[2]	_	
2-5	82-84	da	neutral[2]	_	
2-6	85-88	und	neutral[2]	_	
2-7	89-93	dann	neutral[2]	_	
2-8	94-97	das	neutral[2]	_	
2-9	98-103	erste	neutral[2]	_	
2-10	104-111	T-Shirt	neutral[2]	_	
2-11	111-112	.	neutral[2]	_	

#Text=Hat mich eigentlich nicht gestört, genau genommen: Ich fand das ganz wunderbar.
3-1	113-116	Hat	positive[3]	_	
3-2	117-121	mich	positive[3]	_	
3-3	122-132	eigentlich	positive[3]	_	
3-4	133-138	nicht	positive[3]	Persönliches/Emotionen[19]	
3-5	139-146	gestört	positive[3]	Persönliches/Emotionen[19]	
3-6	146-147	,	positive[3]	_	
3-7	148-153	genau	positive[3]	_	
3-8	154-162	genommen	positive[3]	_	
3-9	162-163	:	positive[3]	_	
3-10	164-167	Ich	positive[3]	_	
3-11	168-172	fand	positive[3]	_	
3-12	173-176	das	positive[3]	_	
3-13	177-181	ganz	positive[3]	Persönliches/Emotionen[20]	
3-14	182-191	wunderbar	positive[3]	Persönliches/Emotionen[20]	
3-15	191-192	.	positive[3]	_	

#Text=Doch nach und nach hast du dich überall breitgemacht.
4-1	197-201	Doch	negative[4]	_	
4-2	202-206	nach	negative[4]	_	
4-3	207-210	und	negative[4]	_	
4-4	211-215	nach	negative[4]	_	
4-5	216-220	hast	negative[4]	_	
4-6	221-223	du	negative[4]	_	
4-7	224-228	dich	negative[4]	_	
4-8	229-236	überall	negative[4]	_	
4-9	237-249	breitgemacht	negative[4]	Persönliches/Emotionen	
4-10	249-250	.	negative[4]	_	

#Text=Herzbesetzung - nicht ganz legal.
5-1	251-264	Herzbesetzung	negative[5]	Liebe/Partnerschaft	
5-2	265-266	-	negative[5]	_	
5-3	267-272	nicht	negative[5]	Politik/Soziales/Missstände[21]	
5-4	273-277	ganz	negative[5]	Politik/Soziales/Missstände[21]	
5-5	278-283	legal	negative[5]	Politik/Soziales/Missstände[21]	
5-6	283-284	.	negative[5]	_	

#Text=Miete hast du nie bezahlt, aber mit der Tür geknallt, bis überall Risse in den Wänden war'n.
6-1	285-290	Miete	negative[6]	_	
6-2	291-295	hast	negative[6]	_	
6-3	296-298	du	negative[6]	_	
6-4	299-302	nie	negative[6]	_	
6-5	303-310	bezahlt	negative[6]	_	
6-6	310-311	,	negative[6]	_	
6-7	312-316	aber	negative[6]	_	
6-8	317-320	mit	negative[6]	_	
6-9	321-324	der	negative[6]	_	
6-10	325-328	Tür	negative[6]	_	
6-11	329-337	geknallt	negative[6]	_	
6-12	337-338	,	negative[6]	_	
6-13	339-342	bis	negative[6]	_	
6-14	343-350	überall	negative[6]	_	
6-15	351-356	Risse	negative[6]	_	
6-16	357-359	in	negative[6]	_	
6-17	360-363	den	negative[6]	_	
6-18	364-370	Wänden	negative[6]	_	
6-19	371-376	war'n	negative[6]	_	
6-20	376-377	.	negative[6]	_	

#Text=Ich will den Platz in meinem Herzen neu vermieten.
7-1	382-385	Ich	neutral[7]	_	
7-2	386-390	will	neutral[7]	_	
7-3	391-394	den	neutral[7]	_	
7-4	395-400	Platz	neutral[7]	Liebe/Partnerschaft[22]	
7-5	401-403	in	neutral[7]	Liebe/Partnerschaft[22]	
7-6	404-410	meinem	neutral[7]	Liebe/Partnerschaft[22]	
7-7	411-417	Herzen	neutral[7]	Liebe/Partnerschaft[22]	
7-8	418-421	neu	neutral[7]	Persönliches/Emotionen[23]	
7-9	422-431	vermieten	neutral[7]	Persönliches/Emotionen[23]	
7-10	431-432	.	neutral[7]	_	

#Text=Wann holst du deine Sachen endlich ab bei mir?
8-1	433-437	Wann	negative[8]	_	
8-2	438-443	holst	negative[8]	_	
8-3	444-446	du	negative[8]	_	
8-4	447-452	deine	negative[8]	Liebe/Partnerschaft[24]	
8-5	453-459	Sachen	negative[8]	Liebe/Partnerschaft[24]	
8-6	460-467	endlich	negative[8]	_	
8-7	468-470	ab	negative[8]	_	
8-8	471-474	bei	negative[8]	_	
8-9	475-478	mir	negative[8]	_	
8-10	478-479	?	negative[8]	_	

#Text=Es sind noch so'n paar zärtliche Gedanke,n die ich hin und wieder für dich verspür'.
9-1	480-482	Es	positive[9]	_	
9-2	483-487	sind	positive[9]	_	
9-3	488-492	noch	positive[9]	_	
9-4	493-497	so'n	positive[9]	_	
9-5	498-502	paar	positive[9]	_	
9-6	503-512	zärtliche	positive[9]	Liebe/Partnerschaft[25]	
9-7	513-520	Gedanke	positive[9]	Liebe/Partnerschaft[25]	
9-8	520-521	,	positive[9]	Liebe/Partnerschaft[25]	
9-9	521-522	n	positive[9]	Liebe/Partnerschaft[25]	
9-10	523-526	die	positive[9]	_	
9-11	527-530	ich	positive[9]	_	
9-12	531-534	hin	positive[9]	_	
9-13	535-538	und	positive[9]	_	
9-14	539-545	wieder	positive[9]	_	
9-15	546-549	für	positive[9]	_	
9-16	550-554	dich	positive[9]	_	
9-17	555-562	verspür	positive[9]	Persönliches/Emotionen	
9-18	562-563	'	positive[9]	_	
9-19	563-564	.	positive[9]	_	

#Text=Ich will den Platz in meinem Herzen neu vermieten, doch unterm Teppich, da liegt noch so'n Gefühl, nicht besonders groß und nicht besonders intensiv, aber irgendwie ein Gefühl zu viel.
10-1	569-572	Ich	negative[10]	_	
10-2	573-577	will	negative[10]	_	
10-3	578-581	den	negative[10]	_	
10-4	582-587	Platz	negative[10]	Liebe/Partnerschaft[26]	
10-5	588-590	in	negative[10]	Liebe/Partnerschaft[26]	
10-6	591-597	meinem	negative[10]	Liebe/Partnerschaft[26]	
10-7	598-604	Herzen	negative[10]	Liebe/Partnerschaft[26]	
10-8	605-608	neu	negative[10]	Persönliches/Emotionen[27]	
10-9	609-618	vermieten	negative[10]	Persönliches/Emotionen[27]	
10-10	618-619	,	negative[10]	_	
10-11	620-624	doch	negative[10]	_	
10-12	625-631	unterm	negative[10]	_	
10-13	632-639	Teppich	negative[10]	_	
10-14	639-640	,	negative[10]	_	
10-15	641-643	da	negative[10]	_	
10-16	644-649	liegt	negative[10]	_	
10-17	650-654	noch	negative[10]	_	
10-18	655-659	so'n	negative[10]	_	
10-19	660-666	Gefühl	negative[10]	Liebe/Partnerschaft	
10-20	666-667	,	negative[10]	_	
10-21	668-673	nicht	negative[10]	_	
10-22	674-683	besonders	negative[10]	_	
10-23	684-688	groß	negative[10]	_	
10-24	689-692	und	negative[10]	_	
10-25	693-698	nicht	negative[10]	Persönliches/Emotionen[28]	
10-26	699-708	besonders	negative[10]	Persönliches/Emotionen[28]	
10-27	709-717	intensiv	negative[10]	Persönliches/Emotionen[28]	
10-28	717-718	,	negative[10]	_	
10-29	719-723	aber	negative[10]	_	
10-30	724-733	irgendwie	negative[10]	_	
10-31	734-737	ein	negative[10]	_	
10-32	738-744	Gefühl	negative[10]	_	
10-33	745-747	zu	negative[10]	_	
10-34	748-752	viel	negative[10]	_	
10-35	752-753	.	negative[10]	_	

#Text=Mein Herz steht leer - bis es renoviert wird, ist ja auch ziemlich verwohnt und ganz schön ramponiert.
11-1	758-762	Mein	negative[11]	Liebe/Partnerschaft[29]	
11-2	763-767	Herz	negative[11]	Liebe/Partnerschaft[29]	
11-3	768-773	steht	negative[11]	Liebe/Partnerschaft[29]	
11-4	774-778	leer	negative[11]	Liebe/Partnerschaft[29]	
11-5	779-780	-	negative[11]	_	
11-6	781-784	bis	negative[11]	_	
11-7	785-787	es	negative[11]	_	
11-8	788-797	renoviert	negative[11]	_	
11-9	798-802	wird	negative[11]	_	
11-10	802-803	,	negative[11]	_	
11-11	804-807	ist	negative[11]	_	
11-12	808-810	ja	negative[11]	_	
11-13	811-815	auch	negative[11]	_	
11-14	816-824	ziemlich	negative[11]	_	
11-15	825-833	verwohnt	negative[11]	_	
11-16	834-837	und	negative[11]	_	
11-17	838-842	ganz	negative[11]	_	
11-18	843-848	schön	negative[11]	_	
11-19	849-859	ramponiert	negative[11]	Persönliches/Emotionen	
11-20	859-860	.	negative[11]	_	

#Text=Und dein Name steht noch an der Tür, als wohntest du noch immer hier.
12-1	861-864	Und	negative[12]	_	
12-2	865-869	dein	negative[12]	_	
12-3	870-874	Name	negative[12]	_	
12-4	875-880	steht	negative[12]	_	
12-5	881-885	noch	negative[12]	_	
12-6	886-888	an	negative[12]	_	
12-7	889-892	der	negative[12]	_	
12-8	893-896	Tür	negative[12]	_	
12-9	896-897	,	negative[12]	_	
12-10	898-901	als	negative[12]	_	
12-11	902-910	wohntest	negative[12]	_	
12-12	911-913	du	negative[12]	_	
12-13	914-918	noch	negative[12]	_	
12-14	919-924	immer	negative[12]	_	
12-15	925-929	hier	negative[12]	_	
12-16	929-930	.	negative[12]	_	

#Text=Doch was, wenn sich jemand Neues für mein Herz interessiert?
13-1	931-935	Doch	neutral[13]	_	
13-2	936-939	was	neutral[13]	_	
13-3	939-940	,	neutral[13]	_	
13-4	941-945	wenn	neutral[13]	_	
13-5	946-950	sich	neutral[13]	_	
13-6	951-957	jemand	neutral[13]	_	
13-7	958-963	Neues	neutral[13]	_	
13-8	964-967	für	neutral[13]	_	
13-9	968-972	mein	neutral[13]	Liebe/Partnerschaft[30]	
13-10	973-977	Herz	neutral[13]	Liebe/Partnerschaft[30]	
13-11	978-990	interessiert	neutral[13]	Persönliches/Emotionen	
13-12	990-991	?	neutral[13]	_	

#Text=Ich will den Platz in meinem Herzen neu vermieten.
14-1	996-999	Ich	neutral[14]	_	
14-2	1000-1004	will	neutral[14]	_	
14-3	1005-1008	den	neutral[14]	_	
14-4	1009-1014	Platz	neutral[14]	Liebe/Partnerschaft[31]	
14-5	1015-1017	in	neutral[14]	Liebe/Partnerschaft[31]	
14-6	1018-1024	meinem	neutral[14]	Liebe/Partnerschaft[31]	
14-7	1025-1031	Herzen	neutral[14]	Liebe/Partnerschaft[31]	
14-8	1032-1035	neu	neutral[14]	Persönliches/Emotionen[32]	
14-9	1036-1045	vermieten	neutral[14]	Persönliches/Emotionen[32]	
14-10	1045-1046	.	neutral[14]	_	

#Text=Wann holst du deine Sachen endlich ab bei mir?
15-1	1047-1051	Wann	negative[15]	_	
15-2	1052-1057	holst	negative[15]	_	
15-3	1058-1060	du	negative[15]	_	
15-4	1061-1066	deine	negative[15]	Liebe/Partnerschaft[33]	
15-5	1067-1073	Sachen	negative[15]	Liebe/Partnerschaft[33]	
15-6	1074-1081	endlich	negative[15]	_	
15-7	1082-1084	ab	negative[15]	_	
15-8	1085-1088	bei	negative[15]	_	
15-9	1089-1092	mir	negative[15]	_	
15-10	1092-1093	?	negative[15]	_	

#Text=Es sind noch so'n paar zärtliche Gendanken, die ich hin und wieder für dich verspür'.
16-1	1094-1096	Es	positive[16]	_	
16-2	1097-1101	sind	positive[16]	_	
16-3	1102-1106	noch	positive[16]	_	
16-4	1107-1111	so'n	positive[16]	_	
16-5	1112-1116	paar	positive[16]	_	
16-6	1117-1126	zärtliche	positive[16]	Liebe/Partnerschaft[34]	
16-7	1127-1136	Gendanken	positive[16]	Liebe/Partnerschaft[34]	
16-8	1136-1137	,	positive[16]	_	
16-9	1138-1141	die	positive[16]	_	
16-10	1142-1145	ich	positive[16]	_	
16-11	1146-1149	hin	positive[16]	_	
16-12	1150-1153	und	positive[16]	_	
16-13	1154-1160	wieder	positive[16]	_	
16-14	1161-1164	für	positive[16]	_	
16-15	1165-1169	dich	positive[16]	_	
16-16	1170-1177	verspür	positive[16]	Persönliches/Emotionen	
16-17	1177-1178	'	positive[16]	_	
16-18	1178-1179	.	positive[16]	_	

#Text=Ich will den Platz in meinem Herzen neu vermieten, doch unterm Teppich, da liegt noch so'n Gefühl, nicht besonders groß und nicht besonders intensiv, aber irgendwie ein Gefühl zu viel.
17-1	1184-1187	Ich	negative[17]	_	
17-2	1188-1192	will	negative[17]	_	
17-3	1193-1196	den	negative[17]	_	
17-4	1197-1202	Platz	negative[17]	Liebe/Partnerschaft[35]	
17-5	1203-1205	in	negative[17]	Liebe/Partnerschaft[35]	
17-6	1206-1212	meinem	negative[17]	Liebe/Partnerschaft[35]	
17-7	1213-1219	Herzen	negative[17]	Liebe/Partnerschaft[35]	
17-8	1220-1223	neu	negative[17]	Persönliches/Emotionen[36]	
17-9	1224-1233	vermieten	negative[17]	Persönliches/Emotionen[36]	
17-10	1233-1234	,	negative[17]	_	
17-11	1235-1239	doch	negative[17]	_	
17-12	1240-1246	unterm	negative[17]	_	
17-13	1247-1254	Teppich	negative[17]	_	
17-14	1254-1255	,	negative[17]	_	
17-15	1256-1258	da	negative[17]	_	
17-16	1259-1264	liegt	negative[17]	_	
17-17	1265-1269	noch	negative[17]	_	
17-18	1270-1274	so'n	negative[17]	Persönliches/Emotionen[37]	
17-19	1275-1281	Gefühl	negative[17]	Persönliches/Emotionen[37]	
17-20	1281-1282	,	negative[17]	_	
17-21	1283-1288	nicht	negative[17]	_	
17-22	1289-1298	besonders	negative[17]	_	
17-23	1299-1303	groß	negative[17]	_	
17-24	1304-1307	und	negative[17]	_	
17-25	1308-1313	nicht	negative[17]	Persönliches/Emotionen[38]	
17-26	1314-1323	besonders	negative[17]	Persönliches/Emotionen[38]	
17-27	1324-1332	intensiv	negative[17]	Persönliches/Emotionen[38]	
17-28	1332-1333	,	negative[17]	_	
17-29	1334-1338	aber	negative[17]	_	
17-30	1339-1348	irgendwie	negative[17]	_	
17-31	1349-1352	ein	negative[17]	_	
17-32	1353-1359	Gefühl	negative[17]	_	
17-33	1360-1362	zu	negative[17]	_	
17-34	1363-1367	viel	negative[17]	_	
17-35	1367-1368	.	negative[17]	_	
