#FORMAT=WebAnno TSV 3.2
#T_SP=webanno.custom.Sentiment|Polarity
#T_SP=webanno.custom.Topic|Topics


#Text=Straßen runter rasen schnell wie ein Orkan wie die unerreichbar vorne fahr'n.
1-1	0-7	Straßen	neutral[1]	Reisen[16]	
1-2	8-14	runter	neutral[1]	Reisen[16]	
1-3	15-20	rasen	neutral[1]	Reisen[16]	
1-4	21-28	schnell	neutral[1]	_	
1-5	29-32	wie	neutral[1]	_	
1-6	33-36	ein	neutral[1]	_	
1-7	37-42	Orkan	neutral[1]	_	
1-8	43-46	wie	neutral[1]	_	
1-9	47-50	die	neutral[1]	_	
1-10	51-63	unerreichbar	neutral[1]	Reisen[17]	
1-11	64-69	vorne	neutral[1]	Reisen[17]	
1-12	70-76	fahr'n	neutral[1]	Reisen[17]	
1-13	76-77	.	_	_	

#Text=Kannst' auch mal abschmier'n, kann jedem mal passier'n, nur nicht wieder aufsteh'n, heißt alles zu verlier'n.
2-1	78-84	Kannst	negative[2]	_	
2-2	84-85	'	negative[2]	_	
2-3	86-90	auch	negative[2]	_	
2-4	91-94	mal	negative[2]	_	
2-5	95-106	abschmier'n	negative[2]	_	
2-6	106-107	,	negative[2]	_	
2-7	108-112	kann	negative[2]	_	
2-8	113-118	jedem	negative[2]	_	
2-9	119-122	mal	negative[2]	_	
2-10	123-132	passier'n	negative[2]	_	
2-11	132-133	,	negative[2]	_	
2-12	134-137	nur	negative[2]	_	
2-13	138-143	nicht	negative[2]	_	
2-14	144-150	wieder	negative[2]	_	
2-15	151-160	aufsteh'n	negative[2]	_	
2-16	160-161	,	negative[2]	_	
2-17	162-167	heißt	negative[2]	_	
2-18	168-173	alles	negative[2]	_	
2-19	174-176	zu	negative[2]	_	
2-20	177-186	verlier'n	negative[2]	Persönliches/Emotionen	
2-21	186-187	.	negative[2]	_	

#Text=Alleine bin ich stark, doch auf die Dauer zusammen mit den andern hab ich noch viel mehr Power.
3-1	192-199	Alleine	positive[3]	Persönliches/Emotionen[18]	
3-2	200-203	bin	positive[3]	Persönliches/Emotionen[18]	
3-3	204-207	ich	positive[3]	Persönliches/Emotionen[18]	
3-4	208-213	stark	positive[3]	Persönliches/Emotionen[18]	
3-5	213-214	,	positive[3]	_	
3-6	215-219	doch	positive[3]	_	
3-7	220-223	auf	positive[3]	_	
3-8	224-227	die	positive[3]	_	
3-9	228-233	Dauer	positive[3]	_	
3-10	234-242	zusammen	positive[3]	_	
3-11	243-246	mit	positive[3]	_	
3-12	247-250	den	positive[3]	_	
3-13	251-257	andern	positive[3]	_	
3-14	258-261	hab	positive[3]	_	
3-15	262-265	ich	positive[3]	_	
3-16	266-270	noch	positive[3]	_	
3-17	271-275	viel	positive[3]	_	
3-18	276-280	mehr	positive[3]	_	
3-19	281-286	Power	positive[3]	_	
3-20	286-287	.	positive[3]	_	

#Text=Der nächste Berg, die nächste Qual, dahinter El Dorado, das goldene Tal.
4-1	288-291	Der	neutral[4]	_	
4-2	292-299	nächste	neutral[4]	_	
4-3	300-304	Berg	neutral[4]	_	
4-4	304-305	,	neutral[4]	_	
4-5	306-309	die	neutral[4]	Persönliches/Emotionen[19]	
4-6	310-317	nächste	neutral[4]	Persönliches/Emotionen[19]	
4-7	318-322	Qual	neutral[4]	Persönliches/Emotionen[19]	
4-8	322-323	,	neutral[4]	_	
4-9	324-332	dahinter	neutral[4]	_	
4-10	333-335	El	neutral[4]	Politik/Soziales/Missstände[20]	
4-11	336-342	Dorado	neutral[4]	Politik/Soziales/Missstände[20]	
4-12	342-343	,	neutral[4]	_	
4-13	344-347	das	neutral[4]	_	
4-14	348-355	goldene	neutral[4]	_	
4-15	356-359	Tal	neutral[4]	_	
4-16	359-360	.	neutral[4]	_	

#Text=Gegen den Strom, gegen den Wind, weil wir die Antwort auf eure Fragen sind.
5-1	365-370	Gegen	positive[5]	_	
5-2	371-374	den	positive[5]	_	
5-3	375-380	Strom	positive[5]	_	
5-4	380-381	,	positive[5]	_	
5-5	382-387	gegen	positive[5]	_	
5-6	388-391	den	positive[5]	_	
5-7	392-396	Wind	positive[5]	_	
5-8	396-397	,	positive[5]	_	
5-9	398-402	weil	positive[5]	_	
5-10	403-406	wir	positive[5]	_	
5-11	407-410	die	positive[5]	_	
5-12	411-418	Antwort	positive[5]	_	
5-13	419-422	auf	positive[5]	_	
5-14	423-427	eure	positive[5]	_	
5-15	428-434	Fragen	positive[5]	_	
5-16	435-439	sind	positive[5]	_	
5-17	439-440	.	positive[5]	_	

#Text=Bis zum Ende der Welt ist doch kein Problem, wenn unser Team zusammenhält.
6-1	441-444	Bis	positive[6]	_	
6-2	445-448	zum	positive[6]	_	
6-3	449-453	Ende	positive[6]	_	
6-4	454-457	der	positive[6]	_	
6-5	458-462	Welt	positive[6]	_	
6-6	463-466	ist	positive[6]	_	
6-7	467-471	doch	positive[6]	_	
6-8	472-476	kein	positive[6]	Persönliches/Emotionen[21]	
6-9	477-484	Problem	positive[6]	Persönliches/Emotionen[21]	
6-10	484-485	,	positive[6]	_	
6-11	486-490	wenn	positive[6]	Liebe/Partnerschaft[22]	
6-12	491-496	unser	positive[6]	Liebe/Partnerschaft[22]	
6-13	497-501	Team	positive[6]	Liebe/Partnerschaft[22]	
6-14	502-514	zusammenhält	positive[6]	Liebe/Partnerschaft[22]	
6-15	514-515	.	positive[6]	_	

#Text=Christopher Columbus und die Astronauten waren doch auch als erste da.
7-1	520-531	Christopher	neutral[7]	Reisen[23]	
7-2	532-540	Columbus	neutral[7]	Reisen[23]	
7-3	541-544	und	neutral[7]	_	
7-4	545-548	die	neutral[7]	_	
7-5	549-560	Astronauten	neutral[7]	Reisen	
7-6	561-566	waren	neutral[7]	_	
7-7	567-571	doch	neutral[7]	_	
7-8	572-576	auch	neutral[7]	_	
7-9	577-580	als	neutral[7]	_	
7-10	581-586	erste	neutral[7]	_	
7-11	587-589	da	neutral[7]	_	
7-12	589-590	.	neutral[7]	_	

#Text=Und ist das Ziel auch noch so weit, für uns ist der Triumph zum Greifen nah.
8-1	591-594	Und	positive[8]	_	
8-2	595-598	ist	positive[8]	_	
8-3	599-602	das	positive[8]	_	
8-4	603-607	Ziel	positive[8]	_	
8-5	608-612	auch	positive[8]	_	
8-6	613-617	noch	positive[8]	_	
8-7	618-620	so	positive[8]	_	
8-8	621-625	weit	positive[8]	_	
8-9	625-626	,	positive[8]	_	
8-10	627-630	für	positive[8]	_	
8-11	631-634	uns	positive[8]	_	
8-12	635-638	ist	positive[8]	_	
8-13	639-642	der	positive[8]	_	
8-14	643-650	Triumph	positive[8]	Persönliches/Emotionen	
8-15	651-654	zum	positive[8]	_	
8-16	655-662	Greifen	positive[8]	_	
8-17	663-666	nah	positive[8]	_	
8-18	666-667	.	positive[8]	_	

#Text=Gegen den Strom, gegen den Wind, weil wir die Antwort auf eure Fragen sind.
9-1	672-677	Gegen	positive[9]	_	
9-2	678-681	den	positive[9]	_	
9-3	682-687	Strom	positive[9]	_	
9-4	687-688	,	positive[9]	_	
9-5	689-694	gegen	positive[9]	_	
9-6	695-698	den	positive[9]	_	
9-7	699-703	Wind	positive[9]	_	
9-8	703-704	,	positive[9]	_	
9-9	705-709	weil	positive[9]	_	
9-10	710-713	wir	positive[9]	_	
9-11	714-717	die	positive[9]	_	
9-12	718-725	Antwort	positive[9]	_	
9-13	726-729	auf	positive[9]	_	
9-14	730-734	eure	positive[9]	_	
9-15	735-741	Fragen	positive[9]	_	
9-16	742-746	sind	positive[9]	_	
9-17	746-747	.	positive[9]	_	

#Text=Bis zum Ende der Welt ist doch kein Problem, wenn unser Team zusammenhält.
10-1	748-751	Bis	positive[10]	_	
10-2	752-755	zum	positive[10]	_	
10-3	756-760	Ende	positive[10]	_	
10-4	761-764	der	positive[10]	_	
10-5	765-769	Welt	positive[10]	_	
10-6	770-773	ist	positive[10]	_	
10-7	774-778	doch	positive[10]	_	
10-8	779-783	kein	positive[10]	Persönliches/Emotionen[24]	
10-9	784-791	Problem	positive[10]	Persönliches/Emotionen[24]	
10-10	791-792	,	positive[10]	_	
10-11	793-797	wenn	positive[10]	Liebe/Partnerschaft[25]	
10-12	798-803	unser	positive[10]	Liebe/Partnerschaft[25]	
10-13	804-808	Team	positive[10]	Liebe/Partnerschaft[25]	
10-14	809-821	zusammenhält	positive[10]	Liebe/Partnerschaft[25]	
10-15	821-822	.	positive[10]	_	

#Text=Gegen den Strom, gegen den Wind, weil wir die Antwort auf eure Fragen sind.
11-1	827-832	Gegen	positive[11]	_	
11-2	833-836	den	positive[11]	_	
11-3	837-842	Strom	positive[11]	_	
11-4	842-843	,	positive[11]	_	
11-5	844-849	gegen	positive[11]	_	
11-6	850-853	den	positive[11]	_	
11-7	854-858	Wind	positive[11]	_	
11-8	858-859	,	positive[11]	_	
11-9	860-864	weil	positive[11]	_	
11-10	865-868	wir	positive[11]	_	
11-11	869-872	die	positive[11]	_	
11-12	873-880	Antwort	positive[11]	_	
11-13	881-884	auf	positive[11]	_	
11-14	885-889	eure	positive[11]	_	
11-15	890-896	Fragen	positive[11]	_	
11-16	897-901	sind	positive[11]	_	
11-17	901-902	.	positive[11]	_	

#Text=Bis zum Ende der Welt ist doch kein Problem, wenn unser Team zusammenhält.
12-1	903-906	Bis	positive[12]	_	
12-2	907-910	zum	positive[12]	_	
12-3	911-915	Ende	positive[12]	_	
12-4	916-919	der	positive[12]	_	
12-5	920-924	Welt	positive[12]	_	
12-6	925-928	ist	positive[12]	_	
12-7	929-933	doch	positive[12]	_	
12-8	934-938	kein	positive[12]	Persönliches/Emotionen[26]	
12-9	939-946	Problem	positive[12]	Persönliches/Emotionen[26]	
12-10	946-947	,	positive[12]	_	
12-11	948-952	wenn	positive[12]	Liebe/Partnerschaft[27]	
12-12	953-958	unser	positive[12]	Liebe/Partnerschaft[27]	
12-13	959-963	Team	positive[12]	Liebe/Partnerschaft[27]	
12-14	964-976	zusammenhält	positive[12]	Liebe/Partnerschaft[27]	
12-15	976-977	.	positive[12]	_	

#Text=Konsequenz hat einen Namen, im Team ist alles möglich.
13-1	982-992	Konsequenz	positive[13]	_	
13-2	993-996	hat	positive[13]	_	
13-3	997-1002	einen	positive[13]	_	
13-4	1003-1008	Namen	positive[13]	_	
13-5	1008-1009	,	positive[13]	_	
13-6	1010-1012	im	positive[13]	Liebe/Partnerschaft[28]	
13-7	1013-1017	Team	positive[13]	Liebe/Partnerschaft[28]	
13-8	1018-1021	ist	positive[13]	Liebe/Partnerschaft[28]	
13-9	1022-1027	alles	positive[13]	Liebe/Partnerschaft[28]	
13-10	1028-1035	möglich	positive[13]	Liebe/Partnerschaft[28]	
13-11	1035-1036	.	positive[13]	_	

#Text=Gegen den Strom, gegen den Wind, weil wir die Antwort auf eure Fragen sind.
14-1	1037-1042	Gegen	positive[14]	_	
14-2	1043-1046	den	positive[14]	_	
14-3	1047-1052	Strom	positive[14]	_	
14-4	1052-1053	,	positive[14]	_	
14-5	1054-1059	gegen	positive[14]	_	
14-6	1060-1063	den	positive[14]	_	
14-7	1064-1068	Wind	positive[14]	_	
14-8	1068-1069	,	positive[14]	_	
14-9	1070-1074	weil	positive[14]	_	
14-10	1075-1078	wir	positive[14]	_	
14-11	1079-1082	die	positive[14]	_	
14-12	1083-1090	Antwort	positive[14]	_	
14-13	1091-1094	auf	positive[14]	_	
14-14	1095-1099	eure	positive[14]	_	
14-15	1100-1106	Fragen	positive[14]	_	
14-16	1107-1111	sind	positive[14]	_	
14-17	1111-1112	.	positive[14]	_	

#Text=Bis zum Ende der Welt ist doch kein Problem, wenn unser Team zusammenhält.
15-1	1113-1116	Bis	positive[15]	_	
15-2	1117-1120	zum	positive[15]	_	
15-3	1121-1125	Ende	positive[15]	_	
15-4	1126-1129	der	positive[15]	_	
15-5	1130-1134	Welt	positive[15]	_	
15-6	1135-1138	ist	positive[15]	_	
15-7	1139-1143	doch	positive[15]	_	
15-8	1144-1148	kein	positive[15]	Persönliches/Emotionen[29]	
15-9	1149-1156	Problem	positive[15]	Persönliches/Emotionen[29]	
15-10	1156-1157	,	positive[15]	_	
15-11	1158-1162	wenn	positive[15]	Liebe/Partnerschaft[30]	
15-12	1163-1168	unser	positive[15]	Liebe/Partnerschaft[30]	
15-13	1169-1173	Team	positive[15]	Liebe/Partnerschaft[30]	
15-14	1174-1186	zusammenhält	positive[15]	Liebe/Partnerschaft[30]	
15-15	1186-1187	.	positive[15]	Liebe/Partnerschaft[30]	
