#FORMAT=WebAnno TSV 3.2
#T_SP=webanno.custom.Sentiment|Polarity
#T_SP=webanno.custom.Topic|Topics


#Text=Ich bin wahrscheinlich Arzt, also lassen Sie mich mal durch, aus der Charité und der Klinik Hammerburg.
1-1	0-3	Ich	neutral[1]	_	
1-2	4-7	bin	neutral[1]	_	
1-3	8-22	wahrscheinlich	neutral[1]	_	
1-4	23-27	Arzt	neutral[1]	Gesundheit/Drogen	
1-5	27-28	,	neutral[1]	_	
1-6	29-33	also	neutral[1]	_	
1-7	34-40	lassen	neutral[1]	_	
1-8	41-44	Sie	neutral[1]	_	
1-9	45-49	mich	neutral[1]	_	
1-10	50-53	mal	neutral[1]	_	
1-11	54-59	durch	neutral[1]	_	
1-12	59-60	,	neutral[1]	_	
1-13	61-64	aus	neutral[1]	_	
1-14	65-68	der	neutral[1]	_	
1-15	69-76	Charité	neutral[1]	Gesundheit/Drogen	
1-16	77-80	und	neutral[1]	_	
1-17	81-84	der	neutral[1]	_	
1-18	85-91	Klinik	neutral[1]	Gesundheit/Drogen	
1-19	92-102	Hammerburg	neutral[1]	_	
1-20	102-103	.	_	_	

#Text=Hier ist Dr.
2-1	108-112	Hier	neutral[2]	_	
2-2	113-116	ist	neutral[2]	_	
2-3	117-119	Dr	neutral[2]	_	
2-4	119-120	.	_	_	

#Text=Feel Good, der Name ist Programm, machen Sie sich schon mal frei, ich schau mir das mal an.
3-1	121-125	Feel	neutral[3]	_	
3-2	126-130	Good	neutral[3]	_	
3-3	130-131	,	neutral[3]	_	
3-4	132-135	der	neutral[3]	_	
3-5	136-140	Name	neutral[3]	_	
3-6	141-144	ist	neutral[3]	_	
3-7	145-153	Programm	neutral[3]	_	
3-8	153-154	,	neutral[3]	_	
3-9	155-161	machen	neutral[3]	_	
3-10	162-165	Sie	neutral[3]	_	
3-11	166-170	sich	neutral[3]	_	
3-12	171-176	schon	neutral[3]	_	
3-13	177-180	mal	neutral[3]	_	
3-14	181-185	frei	neutral[3]	_	
3-15	185-186	,	neutral[3]	_	
3-16	187-190	ich	neutral[3]	_	
3-17	191-196	schau	neutral[3]	_	
3-18	197-200	mir	neutral[3]	_	
3-19	201-204	das	neutral[3]	_	
3-20	205-208	mal	neutral[3]	_	
3-21	209-211	an	neutral[3]	_	
3-22	211-212	.	_	_	

#Text=Ich bin der Spezialist für Udologie, unlösbare Fälle, die gab's bei mir noch nie.
4-1	213-216	Ich	positive[4]	_	
4-2	217-220	bin	positive[4]	_	
4-3	221-224	der	positive[4]	_	
4-4	225-235	Spezialist	positive[4]	_	
4-5	236-239	für	positive[4]	_	
4-6	240-248	Udologie	positive[4]	Musik	
4-7	248-249	,	positive[4]	_	
4-8	250-259	unlösbare	positive[4]	_	
4-9	260-265	Fälle	positive[4]	_	
4-10	265-266	,	positive[4]	_	
4-11	267-270	die	positive[4]	_	
4-12	271-276	gab's	positive[4]	_	
4-13	277-280	bei	positive[4]	_	
4-14	281-284	mir	positive[4]	_	
4-15	285-289	noch	positive[4]	_	
4-16	290-293	nie	positive[4]	_	
4-17	293-294	.	_	_	

#Text=Ihr Herz ist aus'm Rhythmus, seien Sie nicht geschockt, meine Diagnose: Sie sind völlig unterrockt.
5-1	295-298	Ihr	negative[5]	_	
5-2	299-303	Herz	negative[5]	_	
5-3	304-307	ist	negative[5]	_	
5-4	308-313	aus'm	negative[5]	_	
5-5	314-322	Rhythmus	negative[5]	_	
5-6	322-323	,	negative[5]	_	
5-7	324-329	seien	negative[5]	_	
5-8	330-333	Sie	negative[5]	_	
5-9	334-339	nicht	negative[5]	_	
5-10	340-349	geschockt	negative[5]	_	
5-11	349-350	,	negative[5]	_	
5-12	351-356	meine	negative[5]	_	
5-13	357-365	Diagnose	negative[5]	_	
5-14	365-366	:	negative[5]	_	
5-15	367-370	Sie	negative[5]	_	
5-16	371-375	sind	negative[5]	_	
5-17	376-382	völlig	negative[5]	_	
5-18	383-393	unterrockt	negative[5]	Musik	
5-19	393-394	.	_	_	

#Text=Bleiben Sie ganz locker, ich reparier' das schon.
6-1	395-402	Bleiben	positive[6]	_	
6-2	403-406	Sie	positive[6]	_	
6-3	407-411	ganz	positive[6]	_	
6-4	412-418	locker	positive[6]	_	
6-5	418-419	,	positive[6]	_	
6-6	420-423	ich	positive[6]	_	
6-7	424-432	reparier	positive[6]	_	
6-8	432-433	'	positive[6]	_	
6-9	434-437	das	positive[6]	_	
6-10	438-443	schon	positive[6]	_	
6-11	443-444	.	_	_	

#Text=Bitte, Schwester Christa, die Panikinfusion.
7-1	445-450	Bitte	neutral[7]	_	
7-2	450-451	,	neutral[7]	_	
7-3	452-461	Schwester	neutral[7]	_	
7-4	462-469	Christa	neutral[7]	_	
7-5	469-470	,	neutral[7]	_	
7-6	471-474	die	neutral[7]	_	
7-7	475-488	Panikinfusion	neutral[7]	_	
7-8	488-489	.	_	_	

#Text=Dr.
8-1	494-496	Dr	_	_	
8-2	496-497	.	_	_	

#Text=U - oh oh, Kistenweise Libido, Dr.
9-1	498-499	U	neutral[8]	_	
9-2	500-501	-	neutral[8]	_	
9-3	502-504	oh	neutral[8]	_	
9-4	505-507	oh	neutral[8]	_	
9-5	507-508	,	neutral[8]	_	
9-6	509-520	Kistenweise	neutral[8]	Liebe/Partnerschaft[24]	
9-7	521-527	Libido	neutral[8]	Liebe/Partnerschaft[24]	
9-8	527-528	,	neutral[8]	_	
9-9	529-531	Dr	neutral[8]	_	
9-10	531-532	.	neutral[8]	_	

#Text=U - oh oh, Ready Steady Go-Go-Go, Dr.
10-1	533-534	U	neutral[9]	_	
10-2	535-536	-	neutral[9]	_	
10-3	537-539	oh	neutral[9]	_	
10-4	540-542	oh	neutral[9]	_	
10-5	542-543	,	neutral[9]	_	
10-6	544-549	Ready	neutral[9]	_	
10-7	550-556	Steady	neutral[9]	_	
10-8	557-565	Go-Go-Go	neutral[9]	_	
10-9	565-566	,	neutral[9]	_	
10-10	567-569	Dr	neutral[9]	_	
10-11	569-570	.	_	_	

#Text=U - oh oh, Rock'n'Roll geht sofort ins Blut, das gibt's alles nur bei Dr.
11-1	571-572	U	neutral[10]	_	
11-2	573-574	-	neutral[10]	_	
11-3	575-577	oh	neutral[10]	_	
11-4	578-580	oh	neutral[10]	_	
11-5	580-581	,	neutral[10]	_	
11-6	582-593	Rock'n'Roll	neutral[10]	Musik	
11-7	594-598	geht	neutral[10]	_	
11-8	599-605	sofort	neutral[10]	_	
11-9	606-609	ins	neutral[10]	_	
11-10	610-614	Blut	neutral[10]	_	
11-11	614-615	,	neutral[10]	_	
11-12	616-619	das	neutral[10]	_	
11-13	620-626	gibt's	neutral[10]	_	
11-14	627-632	alles	neutral[10]	_	
11-15	633-636	nur	neutral[10]	_	
11-16	637-640	bei	neutral[10]	_	
11-17	641-643	Dr	neutral[10]	_	
11-18	643-644	.	_	_	

#Text=Feel Good.
12-1	645-649	Feel	_	_	
12-2	650-654	Good	_	_	
12-3	654-655	.	_	_	

#Text=Ich doktor hier nicht rum, ich muss nicht operieren, ihr braucht doch einfach nur den Panikvirus inhalieren.
13-1	660-663	Ich	positive[11]	_	
13-2	664-670	doktor	positive[11]	Gesundheit/Drogen	
13-3	671-675	hier	positive[11]	_	
13-4	676-681	nicht	positive[11]	_	
13-5	682-685	rum	positive[11]	_	
13-6	685-686	,	positive[11]	_	
13-7	687-690	ich	positive[11]	_	
13-8	691-695	muss	positive[11]	_	
13-9	696-701	nicht	positive[11]	_	
13-10	702-711	operieren	positive[11]	_	
13-11	711-712	,	positive[11]	_	
13-12	713-716	ihr	positive[11]	_	
13-13	717-724	braucht	positive[11]	_	
13-14	725-729	doch	positive[11]	_	
13-15	730-737	einfach	positive[11]	_	
13-16	738-741	nur	positive[11]	_	
13-17	742-745	den	positive[11]	_	
13-18	746-756	Panikvirus	positive[11]	Musik	
13-19	757-767	inhalieren	positive[11]	_	
13-20	767-768	.	_	_	

#Text=Immer, wenn ihr down seid, dann geb' ich euch 'ne Dosis    tödliche Doris für die Metamorphosis.
14-1	769-774	Immer	neutral[12]	_	
14-2	774-775	,	neutral[12]	_	
14-3	776-780	wenn	neutral[12]	_	
14-4	781-784	ihr	neutral[12]	_	
14-5	785-789	down	neutral[12]	_	
14-6	790-794	seid	neutral[12]	_	
14-7	794-795	,	neutral[12]	_	
14-8	796-800	dann	neutral[12]	_	
14-9	801-804	geb	neutral[12]	_	
14-10	804-805	'	neutral[12]	_	
14-11	806-809	ich	neutral[12]	_	
14-12	810-814	euch	neutral[12]	_	
14-13	815-816	'	neutral[12]	_	
14-14	816-818	ne	neutral[12]	_	
14-15	819-824	Dosis	neutral[12]	_	
14-16	828-836	tödliche	neutral[12]	_	
14-17	837-842	Doris	neutral[12]	_	
14-18	843-846	für	neutral[12]	_	
14-19	847-850	die	neutral[12]	_	
14-20	851-864	Metamorphosis	neutral[12]	_	
14-21	864-865	.	_	_	

#Text=So'n Schamane wie ich kennt jede Drogen-Kombi, krieg' jeden wieder hin, sogar den letzten Zombie.
15-1	866-870	So'n	positive[13]	_	
15-2	871-879	Schamane	positive[13]	_	
15-3	880-883	wie	positive[13]	_	
15-4	884-887	ich	positive[13]	_	
15-5	888-893	kennt	positive[13]	_	
15-6	894-898	jede	positive[13]	_	
15-7	899-911	Drogen-Kombi	positive[13]	Gesundheit/Drogen	
15-8	911-912	,	positive[13]	_	
15-9	913-918	krieg	positive[13]	_	
15-10	918-919	'	positive[13]	_	
15-11	920-925	jeden	positive[13]	_	
15-12	926-932	wieder	positive[13]	_	
15-13	933-936	hin	positive[13]	_	
15-14	936-937	,	positive[13]	_	
15-15	938-943	sogar	positive[13]	_	
15-16	944-947	den	positive[13]	_	
15-17	948-955	letzten	positive[13]	_	
15-18	956-962	Zombie	positive[13]	_	
15-19	962-963	.	_	_	

#Text=Das ist kein Voodoo und keine Zauberei, 'ne Ladung Heavy-Rock    und der Blues, der sagt: Goodbye.
16-1	964-967	Das	positive[14]	_	
16-2	968-971	ist	positive[14]	_	
16-3	972-976	kein	positive[14]	_	
16-4	977-983	Voodoo	positive[14]	_	
16-5	984-987	und	positive[14]	_	
16-6	988-993	keine	positive[14]	_	
16-7	994-1002	Zauberei	positive[14]	_	
16-8	1002-1003	,	positive[14]	_	
16-9	1004-1005	'	positive[14]	_	
16-10	1005-1007	ne	positive[14]	_	
16-11	1008-1014	Ladung	positive[14]	_	
16-12	1015-1025	Heavy-Rock	positive[14]	Musik	
16-13	1029-1032	und	positive[14]	_	
16-14	1033-1036	der	positive[14]	_	
16-15	1037-1042	Blues	positive[14]	Musik	
16-16	1042-1043	,	positive[14]	_	
16-17	1044-1047	der	positive[14]	_	
16-18	1048-1052	sagt	positive[14]	_	
16-19	1052-1053	:	positive[14]	_	
16-20	1054-1061	Goodbye	positive[14]	_	
16-21	1061-1062	.	_	_	

#Text=Dr.
17-1	1067-1069	Dr	_	_	
17-2	1069-1070	.	_	_	

#Text=U - oh oh, Kistenweise Libido, Dr.
18-1	1071-1072	U	_	_	
18-2	1073-1074	-	neutral[15]	_	
18-3	1075-1077	oh	neutral[15]	_	
18-4	1078-1080	oh	neutral[15]	_	
18-5	1080-1081	,	neutral[15]	_	
18-6	1082-1093	Kistenweise	neutral[15]	Liebe/Partnerschaft[25]	
18-7	1094-1100	Libido	neutral[15]	Liebe/Partnerschaft[25]	
18-8	1100-1101	,	neutral[15]	_	
18-9	1102-1104	Dr	neutral[15]	_	
18-10	1104-1105	.	_	_	

#Text=U - oh oh, Ready Steady Go-Go-Go, Dr.
19-1	1106-1107	U	neutral[16]	_	
19-2	1108-1109	-	neutral[16]	_	
19-3	1110-1112	oh	neutral[16]	_	
19-4	1113-1115	oh	neutral[16]	_	
19-5	1115-1116	,	neutral[16]	_	
19-6	1117-1122	Ready	neutral[16]	_	
19-7	1123-1129	Steady	neutral[16]	_	
19-8	1130-1138	Go-Go-Go	neutral[16]	_	
19-9	1138-1139	,	neutral[16]	_	
19-10	1140-1142	Dr	neutral[16]	_	
19-11	1142-1143	.	neutral[16]	_	

#Text=U - oh oh, Rock'n'Roll geht sofort ins Blut, das gibt's alles nur bei Dr.
20-1	1144-1145	U	neutral[17]	_	
20-2	1146-1147	-	neutral[17]	_	
20-3	1148-1150	oh	neutral[17]	_	
20-4	1151-1153	oh	neutral[17]	_	
20-5	1153-1154	,	neutral[17]	_	
20-6	1155-1166	Rock'n'Roll	neutral[17]	Musik	
20-7	1167-1171	geht	neutral[17]	_	
20-8	1172-1178	sofort	neutral[17]	_	
20-9	1179-1182	ins	neutral[17]	_	
20-10	1183-1187	Blut	neutral[17]	_	
20-11	1187-1188	,	neutral[17]	_	
20-12	1189-1192	das	neutral[17]	_	
20-13	1193-1199	gibt's	neutral[17]	_	
20-14	1200-1205	alles	neutral[17]	_	
20-15	1206-1209	nur	neutral[17]	_	
20-16	1210-1213	bei	neutral[17]	_	
20-17	1214-1216	Dr	neutral[17]	_	
20-18	1216-1217	.	_	_	

#Text=Feel Good.
21-1	1218-1222	Feel	neutral[18]	_	
21-2	1223-1227	Good	neutral[18]	_	
21-3	1227-1228	.	_	_	

#Text=Ich bin wahrscheinlich Arzt, also lassen Sie mich mal durch, aus der Charité und der Klinik Hammerburg.
22-1	1233-1236	Ich	neutral[19]	_	
22-2	1237-1240	bin	neutral[19]	_	
22-3	1241-1255	wahrscheinlich	neutral[19]	_	
22-4	1256-1260	Arzt	neutral[19]	Gesundheit/Drogen	
22-5	1260-1261	,	neutral[19]	_	
22-6	1262-1266	also	neutral[19]	_	
22-7	1267-1273	lassen	neutral[19]	_	
22-8	1274-1277	Sie	neutral[19]	_	
22-9	1278-1282	mich	neutral[19]	_	
22-10	1283-1286	mal	neutral[19]	_	
22-11	1287-1292	durch	neutral[19]	_	
22-12	1292-1293	,	neutral[19]	_	
22-13	1294-1297	aus	neutral[19]	_	
22-14	1298-1301	der	neutral[19]	_	
22-15	1302-1309	Charité	neutral[19]	Gesundheit/Drogen	
22-16	1310-1313	und	neutral[19]	_	
22-17	1314-1317	der	neutral[19]	_	
22-18	1318-1324	Klinik	neutral[19]	Gesundheit/Drogen	
22-19	1325-1335	Hammerburg	neutral[19]	_	
22-20	1335-1336	.	_	_	

#Text=Dr.
23-1	1341-1343	Dr	_	_	
23-2	1343-1344	.	_	_	

#Text=U - oh oh, Kistenweise Libido, Dr.
24-1	1345-1346	U	neutral[20]	_	
24-2	1347-1348	-	neutral[20]	_	
24-3	1349-1351	oh	neutral[20]	_	
24-4	1352-1354	oh	neutral[20]	_	
24-5	1354-1355	,	neutral[20]	_	
24-6	1356-1367	Kistenweise	neutral[20]	Liebe/Partnerschaft[26]	
24-7	1368-1374	Libido	neutral[20]	Liebe/Partnerschaft[26]	
24-8	1374-1375	,	neutral[20]	_	
24-9	1376-1378	Dr	neutral[20]	_	
24-10	1378-1379	.	neutral[20]	_	

#Text=U - oh oh, Ready Steady Go-Go-Go, Dr.
25-1	1380-1381	U	neutral[21]	_	
25-2	1382-1383	-	neutral[21]	_	
25-3	1384-1386	oh	neutral[21]	_	
25-4	1387-1389	oh	neutral[21]	_	
25-5	1389-1390	,	neutral[21]	_	
25-6	1391-1396	Ready	neutral[21]	_	
25-7	1397-1403	Steady	neutral[21]	_	
25-8	1404-1412	Go-Go-Go	neutral[21]	_	
25-9	1412-1413	,	neutral[21]	_	
25-10	1414-1416	Dr	neutral[21]	_	
25-11	1416-1417	.	neutral[21]	_	

#Text=U - oh oh, Rock'n'Roll geht sofort ins Blut, das gibt's alles nur bei Dr.
26-1	1418-1419	U	neutral[22]	_	
26-2	1420-1421	-	neutral[22]	_	
26-3	1422-1424	oh	neutral[22]	_	
26-4	1425-1427	oh	neutral[22]	_	
26-5	1427-1428	,	neutral[22]	_	
26-6	1429-1440	Rock'n'Roll	neutral[22]	Musik	
26-7	1441-1445	geht	neutral[22]	_	
26-8	1446-1452	sofort	neutral[22]	_	
26-9	1453-1456	ins	neutral[22]	_	
26-10	1457-1461	Blut	neutral[22]	_	
26-11	1461-1462	,	neutral[22]	_	
26-12	1463-1466	das	neutral[22]	_	
26-13	1467-1473	gibt's	neutral[22]	_	
26-14	1474-1479	alles	neutral[22]	_	
26-15	1480-1483	nur	neutral[22]	_	
26-16	1484-1487	bei	neutral[22]	_	
26-17	1488-1490	Dr	neutral[22]	_	
26-18	1490-1491	.	_	_	

#Text=Feel Good.
27-1	1492-1496	Feel	_	_	
27-2	1497-1501	Good	_	_	
27-3	1501-1502	.	_	_	

#Text=Rock'n'Roll geht sofort ins Blut, das gibt's alles nur bei Dr.
28-1	1507-1518	Rock'n'Roll	neutral[23]	Musik	
28-2	1519-1523	geht	neutral[23]	_	
28-3	1524-1530	sofort	neutral[23]	_	
28-4	1531-1534	ins	neutral[23]	_	
28-5	1535-1539	Blut	neutral[23]	_	
28-6	1539-1540	,	neutral[23]	_	
28-7	1541-1544	das	neutral[23]	_	
28-8	1545-1551	gibt's	neutral[23]	_	
28-9	1552-1557	alles	neutral[23]	_	
28-10	1558-1561	nur	neutral[23]	_	
28-11	1562-1565	bei	neutral[23]	_	
28-12	1566-1568	Dr	neutral[23]	_	
28-13	1568-1569	.	_	_	

#Text=Feel Good.
29-1	1570-1574	Feel	_	_	
29-2	1575-1579	Good	_	_	
29-3	1579-1580	.	_	_	
