#FORMAT=WebAnno TSV 3.2
#T_SP=webanno.custom.Sentiment|Polarity
#T_SP=webanno.custom.Topic|Topics


#Text=Hello, here speaks Franz Josef Mayr from New York, we want to have a big party and we want Udo here, the german music.
1-1	0-5	Hello	_	_	
1-2	5-6	,	_	_	
1-3	7-11	here	_	_	
1-4	12-18	speaks	_	_	
1-5	19-24	Franz	_	_	
1-6	25-30	Josef	_	_	
1-7	31-35	Mayr	_	_	
1-8	36-40	from	_	_	
1-9	41-44	New	_	_	
1-10	45-49	York	_	_	
1-11	49-50	,	_	_	
1-12	51-53	we	_	_	
1-13	54-58	want	_	_	
1-14	59-61	to	_	_	
1-15	62-66	have	_	_	
1-16	67-68	a	_	_	
1-17	69-72	big	_	_	
1-18	73-78	party	_	_	
1-19	79-82	and	_	_	
1-20	83-85	we	_	_	
1-21	86-90	want	_	_	
1-22	91-94	Udo	_	_	
1-23	95-99	here	_	_	
1-24	99-100	,	_	_	
1-25	101-104	the	_	_	
1-26	105-111	german	_	_	
1-27	112-117	music	_	_	
1-28	117-118	.	_	_	

#Text=Neulich rief ein Mr.
2-1	123-130	Neulich	_	_	
2-2	131-135	rief	_	_	
2-3	136-139	ein	_	_	
2-4	140-142	Mr	_	_	
2-5	142-143	.	_	_	

#Text=Mayr aus New York an, ob er den Udo mal engagieren kann, denn die hätten da, wie jedes Jahr, einen Heimatball a la Bavaria, außerdem gäb's 1.000 Dollar, ich sag: Okay, ich bin Ihr Mann !
3-1	144-148	Mayr	neutral[1]	_	
3-2	149-152	aus	neutral[1]	_	
3-3	153-156	New	neutral[1]	_	
3-4	157-161	York	neutral[1]	_	
3-5	162-164	an	neutral[1]	_	
3-6	164-165	,	neutral[1]	_	
3-7	166-168	ob	neutral[1]	_	
3-8	169-171	er	neutral[1]	_	
3-9	172-175	den	neutral[1]	_	
3-10	176-179	Udo	neutral[1]	_	
3-11	180-183	mal	neutral[1]	_	
3-12	184-194	engagieren	neutral[1]	_	
3-13	195-199	kann	neutral[1]	_	
3-14	199-200	,	neutral[1]	_	
3-15	201-205	denn	neutral[1]	_	
3-16	206-209	die	neutral[1]	_	
3-17	210-216	hätten	neutral[1]	_	
3-18	217-219	da	neutral[1]	_	
3-19	219-220	,	neutral[1]	_	
3-20	221-224	wie	neutral[1]	_	
3-21	225-230	jedes	neutral[1]	_	
3-22	231-235	Jahr	neutral[1]	_	
3-23	235-236	,	neutral[1]	_	
3-24	237-242	einen	neutral[1]	_	
3-25	243-253	Heimatball	neutral[1]	_	
3-26	254-255	a	neutral[1]	_	
3-27	256-258	la	neutral[1]	_	
3-28	259-266	Bavaria	neutral[1]	_	
3-29	266-267	,	neutral[1]	_	
3-30	268-276	außerdem	neutral[1]	_	
3-31	277-282	gäb's	neutral[1]	_	
3-32	283-288	1.000	neutral[1]	_	
3-33	289-295	Dollar	neutral[1]	_	
3-34	295-296	,	_	_	
3-35	297-300	ich	positive[2]	_	
3-36	301-304	sag	positive[2]	_	
3-37	304-305	:	positive[2]	_	
3-38	306-310	Okay	positive[2]	_	
3-39	310-311	,	positive[2]	_	
3-40	312-315	ich	positive[2]	_	
3-41	316-319	bin	positive[2]	_	
3-42	320-323	Ihr	positive[2]	_	
3-43	324-328	Mann	positive[2]	_	
3-44	329-330	!	positive[2]	_	

#Text=Und so flogen wir nach Manhattan, Deutsche Kolonie, so geweint haben die noch nie, denn sie brach zusammen, ihre heile Welt, sie drehten voll durch in ihrem Bayernzelt, denn da hatten sie doch leider den falschen Udo bestellt: Sie wollten Udo Jürgens.
4-1	331-334	Und	neutral[3]	_	
4-2	335-337	so	neutral[3]	_	
4-3	338-344	flogen	neutral[3]	Reisen	
4-4	345-348	wir	neutral[3]	_	
4-5	349-353	nach	neutral[3]	_	
4-6	354-363	Manhattan	neutral[3]	_	
4-7	363-364	,	neutral[3]	_	
4-8	365-373	Deutsche	neutral[3]	Politik/Soziales/Missstände[19]	
4-9	374-381	Kolonie	neutral[3]	Politik/Soziales/Missstände[19]	
4-10	381-382	,	_	_	
4-11	383-385	so	negative[4]	_	
4-12	386-393	geweint	negative[4]	_	
4-13	394-399	haben	negative[4]	_	
4-14	400-403	die	negative[4]	_	
4-15	404-408	noch	negative[4]	_	
4-16	409-412	nie	negative[4]	_	
4-17	412-413	,	negative[4]	_	
4-18	414-418	denn	negative[4]	_	
4-19	419-422	sie	negative[4]	_	
4-20	423-428	brach	negative[4]	_	
4-21	429-437	zusammen	negative[4]	_	
4-22	437-438	,	negative[4]	_	
4-23	439-443	ihre	negative[4]	_	
4-24	444-449	heile	negative[4]	_	
4-25	450-454	Welt	negative[4]	_	
4-26	454-455	,	negative[4]	_	
4-27	456-459	sie	negative[4]	_	
4-28	460-467	drehten	negative[4]	Persönliches/Emotionen[20]	
4-29	468-472	voll	negative[4]	Persönliches/Emotionen[20]	
4-30	473-478	durch	negative[4]	Persönliches/Emotionen[20]	
4-31	479-481	in	negative[4]	_	
4-32	482-487	ihrem	negative[4]	_	
4-33	488-498	Bayernzelt	negative[4]	_	
4-34	498-499	,	negative[4]	_	
4-35	500-504	denn	negative[4]	_	
4-36	505-507	da	negative[4]	_	
4-37	508-514	hatten	negative[4]	_	
4-38	515-518	sie	negative[4]	_	
4-39	519-523	doch	negative[4]	_	
4-40	524-530	leider	negative[4]	_	
4-41	531-534	den	negative[4]	_	
4-42	535-543	falschen	negative[4]	_	
4-43	544-547	Udo	negative[4]	_	
4-44	548-556	bestellt	negative[4]	_	
4-45	556-557	:	_	_	
4-46	558-561	Sie	neutral[5]	_	
4-47	562-569	wollten	neutral[5]	_	
4-48	570-573	Udo	neutral[5]	Politik/Soziales/Missstände[21]	
4-49	574-581	Jürgens	neutral[5]	Politik/Soziales/Missstände[21]	
4-50	581-582	.	neutral[5]	_	

#Text=Nein, sie wollten keine Panik, und sie wollten keinen Punk und sie fraßen Leberknödel den ganzen Tag lang und dann wollten sie schon schmeißen mit 'ner Maß Bier, ich sag: Avanti, Galoppi, nix wie weg hier, es gibt auch andere Möglichkeiten in USA - unbegrenzte sogar.
5-1	583-587	Nein	negative[6]	_	
5-2	587-588	,	negative[6]	_	
5-3	589-592	sie	negative[6]	_	
5-4	593-600	wollten	negative[6]	_	
5-5	601-606	keine	negative[6]	_	
5-6	607-612	Panik	negative[6]	_	
5-7	612-613	,	negative[6]	_	
5-8	614-617	und	negative[6]	_	
5-9	618-621	sie	negative[6]	_	
5-10	622-629	wollten	negative[6]	_	
5-11	630-636	keinen	negative[6]	_	
5-12	637-641	Punk	negative[6]	Musik	
5-13	642-645	und	neutral[7]	_	
5-14	646-649	sie	neutral[7]	_	
5-15	650-656	fraßen	neutral[7]	_	
5-16	657-668	Leberknödel	neutral[7]	_	
5-17	669-672	den	neutral[7]	_	
5-18	673-679	ganzen	neutral[7]	_	
5-19	680-683	Tag	neutral[7]	_	
5-20	684-688	lang	neutral[7]	_	
5-21	689-692	und	neutral[7]	_	
5-22	693-697	dann	neutral[7]	_	
5-23	698-705	wollten	neutral[7]	_	
5-24	706-709	sie	neutral[7]	_	
5-25	710-715	schon	neutral[7]	_	
5-26	716-725	schmeißen	neutral[7]	_	
5-27	726-729	mit	neutral[7]	_	
5-28	730-731	'	neutral[7]	_	
5-29	731-734	ner	neutral[7]	_	
5-30	735-738	Maß	neutral[7]	Gesundheit/Drogen[22]	
5-31	739-743	Bier	neutral[7]	Gesundheit/Drogen[22]	
5-32	743-744	,	_	_	
5-33	745-748	ich	positive[8]	_	
5-34	749-752	sag	positive[8]	_	
5-35	752-753	:	positive[8]	_	
5-36	754-760	Avanti	positive[8]	_	
5-37	760-761	,	positive[8]	_	
5-38	762-769	Galoppi	positive[8]	_	
5-39	769-770	,	positive[8]	_	
5-40	771-774	nix	positive[8]	_	
5-41	775-778	wie	positive[8]	_	
5-42	779-782	weg	positive[8]	_	
5-43	783-787	hier	positive[8]	_	
5-44	787-788	,	positive[8]	_	
5-45	789-791	es	positive[8]	_	
5-46	792-796	gibt	positive[8]	_	
5-47	797-801	auch	positive[8]	_	
5-48	802-808	andere	positive[8]	_	
5-49	809-822	Möglichkeiten	positive[8]	_	
5-50	823-825	in	positive[8]	_	
5-51	826-829	USA	positive[8]	_	
5-52	830-831	-	positive[8]	_	
5-53	832-843	unbegrenzte	positive[8]	_	
5-54	844-849	sogar	positive[8]	_	
5-55	849-850	.	_	_	

#Text=Und dann rockten und rollten wir los, in Max's Kansas City, im Bottom-Live und im CBGB's und die Amis flippten aus und sie sagten: Sehr extrem, so was Rausgeröntges haben wir ja noch nie gesehen und dann, im Madison Square Garden, hatten sie nicht genug Eintrittskarten.
6-1	855-858	Und	positive[9]	_	
6-2	859-863	dann	positive[9]	_	
6-3	864-871	rockten	positive[9]	Musik[23]	
6-4	872-875	und	positive[9]	Musik[23]	
6-5	876-883	rollten	positive[9]	Musik[23]	
6-6	884-887	wir	positive[9]	_	
6-7	888-891	los	positive[9]	_	
6-8	891-892	,	positive[9]	_	
6-9	893-895	in	positive[9]	_	
6-10	896-901	Max's	positive[9]	_	
6-11	902-908	Kansas	positive[9]	_	
6-12	909-913	City	positive[9]	_	
6-13	913-914	,	positive[9]	_	
6-14	915-917	im	positive[9]	_	
6-15	918-929	Bottom-Live	positive[9]	_	
6-16	930-933	und	positive[9]	_	
6-17	934-936	im	positive[9]	_	
6-18	937-943	CBGB's	positive[9]	_	
6-19	944-947	und	positive[9]	_	
6-20	948-951	die	positive[9]	_	
6-21	952-956	Amis	positive[9]	Politik/Soziales/Missstände	
6-22	957-965	flippten	positive[9]	Persönliches/Emotionen[24]	
6-23	966-969	aus	positive[9]	Persönliches/Emotionen[24]	
6-24	970-973	und	positive[10]	_	
6-25	974-977	sie	positive[10]	_	
6-26	978-984	sagten	positive[10]	_	
6-27	984-985	:	positive[10]	_	
6-28	986-990	Sehr	positive[10]	_	
6-29	991-997	extrem	positive[10]	_	
6-30	997-998	,	positive[10]	_	
6-31	999-1001	so	positive[10]	_	
6-32	1002-1005	was	positive[10]	_	
6-33	1006-1019	Rausgeröntges	positive[10]	_	
6-34	1020-1025	haben	positive[10]	_	
6-35	1026-1029	wir	positive[10]	_	
6-36	1030-1032	ja	positive[10]	_	
6-37	1033-1037	noch	positive[10]	_	
6-38	1038-1041	nie	positive[10]	_	
6-39	1042-1049	gesehen	positive[10]	_	
6-40	1050-1053	und	neutral[11]	_	
6-41	1054-1058	dann	neutral[11]	_	
6-42	1058-1059	,	neutral[11]	_	
6-43	1060-1062	im	neutral[11]	_	
6-44	1063-1070	Madison	neutral[11]	_	
6-45	1071-1077	Square	neutral[11]	_	
6-46	1078-1084	Garden	neutral[11]	_	
6-47	1084-1085	,	neutral[11]	_	
6-48	1086-1092	hatten	neutral[11]	_	
6-49	1093-1096	sie	neutral[11]	_	
6-50	1097-1102	nicht	neutral[11]	_	
6-51	1103-1108	genug	neutral[11]	_	
6-52	1109-1124	Eintrittskarten	neutral[11]	_	
6-53	1124-1125	.	_	_	

#Text=Und wir brachten unsere Panik und wir peitschten unseren Punk und wir heizten von Küste zu Küste, monatelang, ja, wir waren in Chicago und in Miami, Los Angeles und Boston und Washington DC, doch trotzdem haben wir nicht viel gesehen auf der Tour, immer nur Highways, Airports, Football-Stadien, 1.000 Motels und Cheeseburger-Imbiss.
7-1	1130-1133	Und	positive[12]	_	
7-2	1134-1137	wir	positive[12]	_	
7-3	1138-1146	brachten	positive[12]	_	
7-4	1147-1153	unsere	positive[12]	_	
7-5	1154-1159	Panik	positive[12]	_	
7-6	1160-1163	und	positive[12]	_	
7-7	1164-1167	wir	positive[12]	_	
7-8	1168-1178	peitschten	positive[12]	_	
7-9	1179-1186	unseren	positive[12]	_	
7-10	1187-1191	Punk	positive[12]	Musik	
7-11	1192-1195	und	positive[12]	_	
7-12	1196-1199	wir	positive[12]	_	
7-13	1200-1207	heizten	positive[12]	_	
7-14	1208-1211	von	positive[12]	Reisen[25]	
7-15	1212-1217	Küste	positive[12]	Reisen[25]	
7-16	1218-1220	zu	positive[12]	Reisen[25]	
7-17	1221-1226	Küste	positive[12]	Reisen[25]	
7-18	1226-1227	,	positive[12]	_	
7-19	1228-1238	monatelang	positive[12]	_	
7-20	1238-1239	,	_	_	
7-21	1240-1242	ja	negative[13]	_	
7-22	1242-1243	,	negative[13]	_	
7-23	1244-1247	wir	negative[13]	_	
7-24	1248-1253	waren	negative[13]	_	
7-25	1254-1256	in	negative[13]	_	
7-26	1257-1264	Chicago	negative[13]	_	
7-27	1265-1268	und	negative[13]	_	
7-28	1269-1271	in	negative[13]	_	
7-29	1272-1277	Miami	negative[13]	_	
7-30	1277-1278	,	negative[13]	_	
7-31	1279-1282	Los	negative[13]	_	
7-32	1283-1290	Angeles	negative[13]	_	
7-33	1291-1294	und	negative[13]	_	
7-34	1295-1301	Boston	negative[13]	_	
7-35	1302-1305	und	negative[13]	_	
7-36	1306-1316	Washington	negative[13]	_	
7-37	1317-1319	DC	negative[13]	_	
7-38	1319-1320	,	negative[13]	_	
7-39	1321-1325	doch	negative[13]	_	
7-40	1326-1334	trotzdem	negative[13]	_	
7-41	1335-1340	haben	negative[13]	_	
7-42	1341-1344	wir	negative[13]	_	
7-43	1345-1350	nicht	negative[13]	_	
7-44	1351-1355	viel	negative[13]	_	
7-45	1356-1363	gesehen	negative[13]	_	
7-46	1364-1367	auf	negative[13]	_	
7-47	1368-1371	der	negative[13]	_	
7-48	1372-1376	Tour	negative[13]	Musik	
7-49	1376-1377	,	negative[13]	_	
7-50	1378-1383	immer	negative[13]	_	
7-51	1384-1387	nur	negative[13]	_	
7-52	1388-1396	Highways	negative[13]	_	
7-53	1396-1397	,	negative[13]	_	
7-54	1398-1406	Airports	negative[13]	_	
7-55	1406-1407	,	negative[13]	_	
7-56	1408-1424	Football-Stadien	negative[13]	_	
7-57	1424-1425	,	negative[13]	_	
7-58	1426-1431	1.000	negative[13]	_	
7-59	1432-1438	Motels	negative[13]	_	
7-60	1439-1442	und	negative[13]	_	
7-61	1443-1462	Cheeseburger-Imbiss	negative[13]	_	
7-62	1462-1463	.	_	_	

#Text=Wir brachten unsere Panik und wir peitschten unseren Punk, doch die Show-Business-Maschine, sie machte mich krank.
8-1	1468-1471	Wir	negative[14]	_	
8-2	1472-1480	brachten	negative[14]	_	
8-3	1481-1487	unsere	negative[14]	_	
8-4	1488-1493	Panik	negative[14]	_	
8-5	1494-1497	und	negative[14]	_	
8-6	1498-1501	wir	negative[14]	_	
8-7	1502-1512	peitschten	negative[14]	_	
8-8	1513-1520	unseren	negative[14]	_	
8-9	1521-1525	Punk	negative[14]	Musik	
8-10	1525-1526	,	negative[14]	_	
8-11	1527-1531	doch	negative[14]	_	
8-12	1532-1535	die	negative[14]	_	
8-13	1536-1558	Show-Business-Maschine	negative[14]	Musik	
8-14	1558-1559	,	negative[14]	_	
8-15	1560-1563	sie	negative[14]	_	
8-16	1564-1570	machte	negative[14]	_	
8-17	1571-1575	mich	negative[14]	_	
8-18	1576-1581	krank	negative[14]	_	
8-19	1581-1582	.	_	_	

#Text=Und eines schönen Morgens, als der Manager noch schlief, da machte ich mich auf die Socken, wie ein Detektiv, denn ich wollte einfach wissen: Was ist denn genau los mit Amerika, was ist denn hier Hollywood und was ist wirklich wahr ?
9-1	1583-1586	Und	neutral[15]	_	
9-2	1587-1592	eines	neutral[15]	_	
9-3	1593-1600	schönen	neutral[15]	_	
9-4	1601-1608	Morgens	neutral[15]	_	
9-5	1608-1609	,	neutral[15]	_	
9-6	1610-1613	als	neutral[15]	_	
9-7	1614-1617	der	neutral[15]	_	
9-8	1618-1625	Manager	neutral[15]	Musik	
9-9	1626-1630	noch	neutral[15]	_	
9-10	1631-1638	schlief	neutral[15]	_	
9-11	1638-1639	,	neutral[15]	_	
9-12	1640-1642	da	neutral[15]	_	
9-13	1643-1649	machte	neutral[15]	_	
9-14	1650-1653	ich	neutral[15]	_	
9-15	1654-1658	mich	neutral[15]	_	
9-16	1659-1662	auf	neutral[15]	_	
9-17	1663-1666	die	neutral[15]	_	
9-18	1667-1673	Socken	neutral[15]	_	
9-19	1673-1674	,	neutral[15]	_	
9-20	1675-1678	wie	neutral[15]	_	
9-21	1679-1682	ein	neutral[15]	_	
9-22	1683-1691	Detektiv	neutral[15]	_	
9-23	1691-1692	,	neutral[15]	_	
9-24	1693-1697	denn	neutral[15]	_	
9-25	1698-1701	ich	neutral[15]	_	
9-26	1702-1708	wollte	neutral[15]	_	
9-27	1709-1716	einfach	neutral[15]	_	
9-28	1717-1723	wissen	neutral[15]	_	
9-29	1723-1724	:	_	_	
9-30	1725-1728	Was	neutral[16]	_	
9-31	1729-1732	ist	neutral[16]	_	
9-32	1733-1737	denn	neutral[16]	_	
9-33	1738-1743	genau	neutral[16]	_	
9-34	1744-1747	los	neutral[16]	_	
9-35	1748-1751	mit	neutral[16]	_	
9-36	1752-1759	Amerika	neutral[16]	_	
9-37	1759-1760	,	neutral[16]	_	
9-38	1761-1764	was	neutral[16]	_	
9-39	1765-1768	ist	neutral[16]	_	
9-40	1769-1773	denn	neutral[16]	_	
9-41	1774-1778	hier	neutral[16]	_	
9-42	1779-1788	Hollywood	neutral[16]	Politik/Soziales/Missstände	
9-43	1789-1792	und	neutral[16]	_	
9-44	1793-1796	was	neutral[16]	_	
9-45	1797-1800	ist	neutral[16]	_	
9-46	1801-1809	wirklich	neutral[16]	_	
9-47	1810-1814	wahr	neutral[16]	_	
9-48	1815-1816	?	neutral[16]	_	

#Text=Und so fuhr ich mit 'nem Chevy durch die Staaten kreuz und quer, auf der Suche nach dem Amerikanischen Traum oder gibt's den gar nicht mehr ?
10-1	1821-1824	Und	negative[17]	_	
10-2	1825-1827	so	negative[17]	_	
10-3	1828-1832	fuhr	negative[17]	_	
10-4	1833-1836	ich	negative[17]	_	
10-5	1837-1840	mit	negative[17]	_	
10-6	1841-1842	'	negative[17]	_	
10-7	1842-1845	nem	negative[17]	_	
10-8	1846-1851	Chevy	negative[17]	_	
10-9	1852-1857	durch	negative[17]	Reisen[26]	
10-10	1858-1861	die	negative[17]	Reisen[26]	
10-11	1862-1869	Staaten	negative[17]	Reisen[26]	
10-12	1870-1875	kreuz	negative[17]	Reisen[26]	
10-13	1876-1879	und	negative[17]	Reisen[26]	
10-14	1880-1884	quer	negative[17]	Reisen[26]	
10-15	1884-1885	,	negative[17]	_	
10-16	1886-1889	auf	negative[17]	_	
10-17	1890-1893	der	negative[17]	_	
10-18	1894-1899	Suche	negative[17]	_	
10-19	1900-1904	nach	negative[17]	_	
10-20	1905-1908	dem	negative[17]	_	
10-21	1909-1923	Amerikanischen	negative[17]	Politik/Soziales/Missstände[27]	
10-22	1924-1929	Traum	negative[17]	Politik/Soziales/Missstände[27]	
10-23	1930-1934	oder	negative[17]	_	
10-24	1935-1941	gibt's	negative[17]	_	
10-25	1942-1945	den	negative[17]	_	
10-26	1946-1949	gar	negative[17]	_	
10-27	1950-1955	nicht	negative[17]	_	
10-28	1956-1960	mehr	negative[17]	_	
10-29	1961-1962	?	negative[17]	_	

#Text=Von New Orleans nach Alaska, über'n ganzen Kontinent, spielte Black Jack in Las Vegas, fuhr Karussell in Disney Land und dann hoch in die Rocky Mountains . . .
11-1	1967-1970	Von	neutral[18]	_	
11-2	1971-1974	New	neutral[18]	_	
11-3	1975-1982	Orleans	neutral[18]	_	
11-4	1983-1987	nach	neutral[18]	_	
11-5	1988-1994	Alaska	neutral[18]	_	
11-6	1994-1995	,	neutral[18]	_	
11-7	1996-2002	über'n	neutral[18]	_	
11-8	2003-2009	ganzen	neutral[18]	_	
11-9	2010-2019	Kontinent	neutral[18]	_	
11-10	2019-2020	,	neutral[18]	_	
11-11	2021-2028	spielte	neutral[18]	_	
11-12	2029-2034	Black	neutral[18]	_	
11-13	2035-2039	Jack	neutral[18]	_	
11-14	2040-2042	in	neutral[18]	_	
11-15	2043-2046	Las	neutral[18]	_	
11-16	2047-2052	Vegas	neutral[18]	_	
11-17	2052-2053	,	neutral[18]	_	
11-18	2054-2058	fuhr	neutral[18]	_	
11-19	2059-2068	Karussell	neutral[18]	_	
11-20	2069-2071	in	neutral[18]	_	
11-21	2072-2078	Disney	neutral[18]	_	
11-22	2079-2083	Land	neutral[18]	_	
11-23	2084-2087	und	neutral[18]	_	
11-24	2088-2092	dann	neutral[18]	_	
11-25	2093-2097	hoch	neutral[18]	_	
11-26	2098-2100	in	neutral[18]	_	
11-27	2101-2104	die	neutral[18]	_	
11-28	2105-2110	Rocky	neutral[18]	_	
11-29	2111-2120	Mountains	neutral[18]	_	
11-30	2121-2122	.	_	_	
11-31	2123-2124	.	_	_	
11-32	2125-2126	.	_	_	
