#FORMAT=WebAnno TSV 3.2
#T_SP=webanno.custom.Sentiment|Polarity
#T_SP=webanno.custom.Topic|Topics


#Text=Die American Fruit Company machte mörderisch viel Money, Bananenplantagen - überall auf der Welt , containerweise Dollars - süchtig macht das Geld.
1-1	0-3	Die	positive[1]	_	
1-2	4-12	American	positive[1]	_	
1-3	13-18	Fruit	positive[1]	_	
1-4	19-26	Company	positive[1]	_	
1-5	27-33	machte	positive[1]	_	
1-6	34-44	mörderisch	positive[1]	Politik/Soziales/Missstände[24]	
1-7	45-49	viel	positive[1]	Politik/Soziales/Missstände[24]	
1-8	50-55	Money	positive[1]	Politik/Soziales/Missstände[24]	
1-9	55-56	,	positive[1]	_	
1-10	57-73	Bananenplantagen	positive[1]	_	
1-11	74-75	-	positive[1]	_	
1-12	76-83	überall	positive[1]	_	
1-13	84-87	auf	positive[1]	_	
1-14	88-91	der	positive[1]	_	
1-15	92-96	Welt	positive[1]	_	
1-16	97-98	,	positive[1]	_	
1-17	99-113	containerweise	positive[1]	Politik/Soziales/Missstände[25]	
1-18	114-121	Dollars	positive[1]	Politik/Soziales/Missstände[25]	
1-19	122-123	-	_	_	
1-20	124-131	süchtig	negative[2]	_	
1-21	132-137	macht	negative[2]	_	
1-22	138-141	das	negative[2]	_	
1-23	142-146	Geld	negative[2]	_	
1-24	146-147	.	_	_	

#Text=Der Chef Dagobert Picmac guckt in den Atlas rein . fischkalte Augen - da quiekt er wie ein Schwein . da gibt's ja noch 'n Land - daraus fließt noch kein Gewinn . da haben wir unsere Finger, die Finger noch nicht drin.
2-1	152-155	Der	neutral[3]	_	
2-2	156-160	Chef	neutral[3]	_	
2-3	161-169	Dagobert	neutral[3]	_	
2-4	170-176	Picmac	neutral[3]	_	
2-5	177-182	guckt	neutral[3]	_	
2-6	183-185	in	neutral[3]	_	
2-7	186-189	den	neutral[3]	_	
2-8	190-195	Atlas	neutral[3]	Reisen	
2-9	196-200	rein	neutral[3]	_	
2-10	201-202	.	_	_	
2-11	203-213	fischkalte	negative[4]	Persönliches/Emotionen[26]	
2-12	214-219	Augen	negative[4]	Persönliches/Emotionen[26]	
2-13	220-221	-	negative[4]	_	
2-14	222-224	da	negative[4]	_	
2-15	225-231	quiekt	negative[4]	_	
2-16	232-234	er	negative[4]	_	
2-17	235-238	wie	negative[4]	_	
2-18	239-242	ein	negative[4]	_	
2-19	243-250	Schwein	negative[4]	_	
2-20	251-252	.	_	_	
2-21	253-255	da	positive[5]	_	
2-22	256-262	gibt's	positive[5]	_	
2-23	263-265	ja	positive[5]	_	
2-24	266-270	noch	positive[5]	_	
2-25	271-272	'	positive[5]	_	
2-26	272-273	n	positive[5]	_	
2-27	274-278	Land	positive[5]	_	
2-28	279-280	-	positive[5]	_	
2-29	281-287	daraus	positive[5]	_	
2-30	288-294	fließt	positive[5]	_	
2-31	295-299	noch	positive[5]	_	
2-32	300-304	kein	positive[5]	Politik/Soziales/Missstände[27]	
2-33	305-311	Gewinn	positive[5]	Politik/Soziales/Missstände[27]	
2-34	312-313	.	_	_	
2-35	314-316	da	negative[6]	_	
2-36	317-322	haben	negative[6]	_	
2-37	323-326	wir	negative[6]	_	
2-38	327-333	unsere	negative[6]	_	
2-39	334-340	Finger	negative[6]	_	
2-40	340-341	,	negative[6]	_	
2-41	342-345	die	negative[6]	_	
2-42	346-352	Finger	negative[6]	_	
2-43	353-357	noch	negative[6]	_	
2-44	358-363	nicht	negative[6]	_	
2-45	364-368	drin	negative[6]	_	
2-46	368-369	.	_	_	

#Text=Das Businesspalaver zog sich 'n bisschen hin . da wurde Picmac sauer: "Was glauben die denn,  wer ich bin?"
3-1	374-377	Das	negative[7]	_	
3-2	378-393	Businesspalaver	negative[7]	Politik/Soziales/Missstände	
3-3	394-397	zog	negative[7]	_	
3-4	398-402	sich	negative[7]	_	
3-5	403-404	'	negative[7]	_	
3-6	404-405	n	negative[7]	_	
3-7	406-414	bisschen	negative[7]	_	
3-8	415-418	hin	negative[7]	_	
3-9	419-420	.	negative[7]	_	
3-10	421-423	da	negative[8]	_	
3-11	424-429	wurde	negative[8]	_	
3-12	430-436	Picmac	negative[8]	_	
3-13	437-442	sauer	negative[8]	Persönliches/Emotionen	
3-14	442-443	:	_	_	
3-15	444-445	"	_	_	
3-16	445-448	Was	negative[9]	_	
3-17	449-456	glauben	negative[9]	_	
3-18	457-460	die	negative[9]	_	
3-19	461-465	denn	negative[9]	_	
3-20	465-466	,	negative[9]	_	
3-21	468-471	wer	negative[9]	_	
3-22	472-475	ich	negative[9]	_	
3-23	476-479	bin	negative[9]	_	
3-24	479-480	?	_	_	
3-25	480-481	"	_	_	

#Text=Da kaufte er sich das ganze Land , mit Präsident und Parlament , mit allem, was dazu gehört , damit keiner die Geschäfte stört, Bananenrepublik .
4-1	483-485	Da	neutral[10]	_	
4-2	486-492	kaufte	neutral[10]	_	
4-3	493-495	er	neutral[10]	_	
4-4	496-500	sich	neutral[10]	_	
4-5	501-504	das	neutral[10]	_	
4-6	505-510	ganze	neutral[10]	_	
4-7	511-515	Land	neutral[10]	_	
4-8	516-517	,	neutral[10]	_	
4-9	518-521	mit	neutral[10]	_	
4-10	522-531	Präsident	neutral[10]	Politik/Soziales/Missstände	
4-11	532-535	und	neutral[10]	_	
4-12	536-545	Parlament	neutral[10]	Politik/Soziales/Missstände	
4-13	546-547	,	neutral[10]	_	
4-14	548-551	mit	neutral[10]	_	
4-15	552-557	allem	neutral[10]	_	
4-16	557-558	,	neutral[10]	_	
4-17	559-562	was	neutral[10]	_	
4-18	563-567	dazu	neutral[10]	_	
4-19	568-574	gehört	neutral[10]	_	
4-20	575-576	,	neutral[10]	_	
4-21	577-582	damit	neutral[10]	_	
4-22	583-589	keiner	neutral[10]	_	
4-23	590-593	die	neutral[10]	_	
4-24	594-603	Geschäfte	neutral[10]	Politik/Soziales/Missstände	
4-25	604-609	stört	neutral[10]	_	
4-26	609-610	,	neutral[10]	_	
4-27	611-626	Bananenrepublik	neutral[10]	Politik/Soziales/Missstände	
4-28	627-628	.	_	_	

#Text=Er kaufte sich das ganze Land , mit Polizei und Militär  und weg mit jedem, bitte sehr , der sagt, dass was nicht in Ordnung wär'.
5-1	629-631	Er	negative[11]	_	
5-2	632-638	kaufte	negative[11]	_	
5-3	639-643	sich	negative[11]	_	
5-4	644-647	das	negative[11]	_	
5-5	648-653	ganze	negative[11]	_	
5-6	654-658	Land	negative[11]	_	
5-7	659-660	,	negative[11]	_	
5-8	661-664	mit	negative[11]	_	
5-9	665-672	Polizei	negative[11]	Politik/Soziales/Missstände[28]	
5-10	673-676	und	negative[11]	Politik/Soziales/Missstände[28]	
5-11	677-684	Militär	negative[11]	Politik/Soziales/Missstände[28]	
5-12	686-689	und	negative[11]	_	
5-13	690-693	weg	negative[11]	_	
5-14	694-697	mit	negative[11]	_	
5-15	698-703	jedem	negative[11]	_	
5-16	703-704	,	negative[11]	_	
5-17	705-710	bitte	negative[11]	_	
5-18	711-715	sehr	negative[11]	_	
5-19	716-717	,	negative[11]	_	
5-20	718-721	der	negative[11]	_	
5-21	722-726	sagt	negative[11]	_	
5-22	726-727	,	negative[11]	_	
5-23	728-732	dass	negative[11]	_	
5-24	733-736	was	negative[11]	_	
5-25	737-742	nicht	negative[11]	_	
5-26	743-745	in	negative[11]	_	
5-27	746-753	Ordnung	negative[11]	_	
5-28	754-757	wär	negative[11]	_	
5-29	757-758	'	_	_	
5-30	758-759	.	_	_	

#Text=Bananenrepublik .
6-1	764-779	Bananenrepublik	neutral[12]	Politik/Soziales/Missstände	
6-2	780-781	.	neutral[12]	_	

#Text=Die Banane ist krumm , das ist doch klar , denn wenn die Banane gerade wär' , dann wär' sie keine Banane mehr.
7-1	782-785	Die	neutral[13]	_	
7-2	786-792	Banane	neutral[13]	_	
7-3	793-796	ist	neutral[13]	_	
7-4	797-802	krumm	neutral[13]	_	
7-5	803-804	,	neutral[13]	_	
7-6	805-808	das	neutral[13]	_	
7-7	809-812	ist	neutral[13]	_	
7-8	813-817	doch	neutral[13]	_	
7-9	818-822	klar	neutral[13]	_	
7-10	823-824	,	neutral[13]	_	
7-11	825-829	denn	neutral[13]	_	
7-12	830-834	wenn	neutral[13]	_	
7-13	835-838	die	neutral[13]	_	
7-14	839-845	Banane	neutral[13]	_	
7-15	846-852	gerade	neutral[13]	_	
7-16	853-856	wär	neutral[13]	_	
7-17	856-857	'	neutral[13]	_	
7-18	858-859	,	neutral[13]	_	
7-19	860-864	dann	neutral[13]	_	
7-20	865-868	wär	neutral[13]	_	
7-21	868-869	'	neutral[13]	_	
7-22	870-873	sie	neutral[13]	_	
7-23	874-879	keine	neutral[13]	_	
7-24	880-886	Banane	neutral[13]	_	
7-25	887-891	mehr	neutral[13]	_	
7-26	891-892	.	_	_	

#Text=Weiße Strände, blauer Himmel  und die Tropensonne auch  und die kleinen schwarzen Kinder  haben 'nen dicken Bauch .
8-1	897-902	Weiße	positive[14]	Reisen[29]	
8-2	903-910	Strände	positive[14]	Reisen[29]	
8-3	910-911	,	positive[14]	_	
8-4	912-918	blauer	positive[14]	_	
8-5	919-925	Himmel	positive[14]	_	
8-6	927-930	und	positive[14]	_	
8-7	931-934	die	positive[14]	_	
8-8	935-946	Tropensonne	positive[14]	Reisen	
8-9	947-951	auch	positive[14]	_	
8-10	953-956	und	positive[14]	_	
8-11	957-960	die	positive[14]	_	
8-12	961-968	kleinen	positive[14]	_	
8-13	969-978	schwarzen	positive[14]	_	
8-14	979-985	Kinder	positive[14]	_	
8-15	987-992	haben	positive[14]	_	
8-16	993-994	'	positive[14]	_	
8-17	994-997	nen	positive[14]	_	
8-18	998-1004	dicken	positive[14]	_	
8-19	1005-1010	Bauch	positive[14]	_	
8-20	1011-1012	.	_	_	

#Text=Meine Peoples da unten sind happy  und wer sagt, dass das nicht so ist , ist ein lausiger Lügner und 'n dirty Kommunist  und sollten mal wieder 'n paar undankbare Typen revoltieren , tja, dann lass ich mich beschützen von meinen Offizieren.
9-1	1013-1018	Meine	positive[15]	_	
9-2	1019-1026	Peoples	positive[15]	_	
9-3	1027-1029	da	positive[15]	_	
9-4	1030-1035	unten	positive[15]	_	
9-5	1036-1040	sind	positive[15]	_	
9-6	1041-1046	happy	positive[15]	_	
9-7	1048-1051	und	_	_	
9-8	1052-1055	wer	negative[16]	_	
9-9	1056-1060	sagt	negative[16]	_	
9-10	1060-1061	,	negative[16]	_	
9-11	1062-1066	dass	negative[16]	_	
9-12	1067-1070	das	negative[16]	_	
9-13	1071-1076	nicht	negative[16]	_	
9-14	1077-1079	so	negative[16]	_	
9-15	1080-1083	ist	negative[16]	_	
9-16	1084-1085	,	negative[16]	_	
9-17	1086-1089	ist	negative[16]	_	
9-18	1090-1093	ein	negative[16]	_	
9-19	1094-1102	lausiger	negative[16]	_	
9-20	1103-1109	Lügner	negative[16]	_	
9-21	1110-1113	und	negative[16]	_	
9-22	1114-1115	'	negative[16]	_	
9-23	1115-1116	n	negative[16]	_	
9-24	1117-1122	dirty	negative[16]	_	
9-25	1123-1132	Kommunist	negative[16]	Politik/Soziales/Missstände	
9-26	1134-1137	und	_	_	
9-27	1138-1145	sollten	negative[17]	_	
9-28	1146-1149	mal	negative[17]	_	
9-29	1150-1156	wieder	negative[17]	_	
9-30	1157-1158	'	negative[17]	_	
9-31	1158-1159	n	negative[17]	_	
9-32	1160-1164	paar	negative[17]	_	
9-33	1165-1175	undankbare	negative[17]	_	
9-34	1176-1181	Typen	negative[17]	_	
9-35	1182-1193	revoltieren	negative[17]	Politik/Soziales/Missstände	
9-36	1194-1195	,	negative[17]	_	
9-37	1196-1199	tja	negative[17]	_	
9-38	1199-1200	,	negative[17]	_	
9-39	1201-1205	dann	negative[17]	_	
9-40	1206-1210	lass	negative[17]	_	
9-41	1211-1214	ich	negative[17]	_	
9-42	1215-1219	mich	negative[17]	_	
9-43	1220-1230	beschützen	negative[17]	_	
9-44	1231-1234	von	negative[17]	_	
9-45	1235-1241	meinen	negative[17]	_	
9-46	1242-1252	Offizieren	negative[17]	Politik/Soziales/Missstände	
9-47	1252-1253	.	negative[17]	_	

#Text=Er kaufte sich das ganze Land , mit Präsident und Parlament , mit allem, was dazu gehört , damit keiner die Geschäfte stört, Bananenrepublik.
10-1	1258-1260	Er	neutral[18]	_	
10-2	1261-1267	kaufte	neutral[18]	_	
10-3	1268-1272	sich	neutral[18]	_	
10-4	1273-1276	das	neutral[18]	_	
10-5	1277-1282	ganze	neutral[18]	_	
10-6	1283-1287	Land	neutral[18]	_	
10-7	1288-1289	,	neutral[18]	_	
10-8	1290-1293	mit	neutral[18]	_	
10-9	1294-1303	Präsident	neutral[18]	Politik/Soziales/Missstände[30]	
10-10	1304-1307	und	neutral[18]	Politik/Soziales/Missstände[30]	
10-11	1308-1317	Parlament	neutral[18]	Politik/Soziales/Missstände[30]	
10-12	1318-1319	,	neutral[18]	_	
10-13	1320-1323	mit	neutral[18]	_	
10-14	1324-1329	allem	neutral[18]	_	
10-15	1329-1330	,	neutral[18]	_	
10-16	1331-1334	was	neutral[18]	_	
10-17	1335-1339	dazu	neutral[18]	_	
10-18	1340-1346	gehört	neutral[18]	_	
10-19	1347-1348	,	neutral[18]	_	
10-20	1349-1354	damit	neutral[18]	_	
10-21	1355-1361	keiner	neutral[18]	_	
10-22	1362-1365	die	neutral[18]	_	
10-23	1366-1375	Geschäfte	neutral[18]	Politik/Soziales/Missstände	
10-24	1376-1381	stört	neutral[18]	_	
10-25	1381-1382	,	neutral[18]	_	
10-26	1383-1398	Bananenrepublik	neutral[18]	Politik/Soziales/Missstände	
10-27	1398-1399	.	_	_	

#Text=Und jeden, dem es hier nicht passt , den steck' ich easy in den Knast . ich mach' ihn stumm , ich leg' ihn um , und die Banane , sie bleibt krumm , denn wenn die Banane gerade wär' , dann wär' sie keine Banane mehr  und das bleibt auch so und damit Schluss .
11-1	1404-1407	Und	negative[19]	_	
11-2	1408-1413	jeden	negative[19]	_	
11-3	1413-1414	,	negative[19]	_	
11-4	1415-1418	dem	negative[19]	_	
11-5	1419-1421	es	negative[19]	_	
11-6	1422-1426	hier	negative[19]	_	
11-7	1427-1432	nicht	negative[19]	_	
11-8	1433-1438	passt	negative[19]	_	
11-9	1439-1440	,	negative[19]	_	
11-10	1441-1444	den	negative[19]	_	
11-11	1445-1450	steck	negative[19]	_	
11-12	1450-1451	'	negative[19]	_	
11-13	1452-1455	ich	negative[19]	_	
11-14	1456-1460	easy	negative[19]	_	
11-15	1461-1463	in	negative[19]	_	
11-16	1464-1467	den	negative[19]	_	
11-17	1468-1473	Knast	negative[19]	Politik/Soziales/Missstände	
11-18	1474-1475	.	_	_	
11-19	1476-1479	ich	negative[20]	_	
11-20	1480-1484	mach	negative[20]	_	
11-21	1484-1485	'	negative[20]	_	
11-22	1486-1489	ihn	negative[20]	_	
11-23	1490-1495	stumm	negative[20]	_	
11-24	1496-1497	,	_	_	
11-25	1498-1501	ich	negative[21]	_	
11-26	1502-1505	leg	negative[21]	_	
11-27	1505-1506	'	negative[21]	_	
11-28	1507-1510	ihn	negative[21]	_	
11-29	1511-1513	um	negative[21]	_	
11-30	1514-1515	,	_	_	
11-31	1516-1519	und	_	_	
11-32	1520-1523	die	neutral[22]	_	
11-33	1524-1530	Banane	neutral[22]	_	
11-34	1531-1532	,	neutral[22]	_	
11-35	1533-1536	sie	neutral[22]	_	
11-36	1537-1543	bleibt	neutral[22]	_	
11-37	1544-1549	krumm	neutral[22]	_	
11-38	1550-1551	,	neutral[22]	_	
11-39	1552-1556	denn	neutral[22]	_	
11-40	1557-1561	wenn	neutral[22]	_	
11-41	1562-1565	die	neutral[22]	_	
11-42	1566-1572	Banane	neutral[22]	_	
11-43	1573-1579	gerade	neutral[22]	_	
11-44	1580-1583	wär	neutral[22]	_	
11-45	1583-1584	'	neutral[22]	_	
11-46	1585-1586	,	neutral[22]	_	
11-47	1587-1591	dann	neutral[22]	_	
11-48	1592-1595	wär	neutral[22]	_	
11-49	1595-1596	'	neutral[22]	_	
11-50	1597-1600	sie	neutral[22]	_	
11-51	1601-1606	keine	neutral[22]	_	
11-52	1607-1613	Banane	neutral[22]	_	
11-53	1614-1618	mehr	neutral[22]	_	
11-54	1620-1623	und	neutral[22]	_	
11-55	1624-1627	das	neutral[22]	_	
11-56	1628-1634	bleibt	neutral[22]	_	
11-57	1635-1639	auch	neutral[22]	_	
11-58	1640-1642	so	neutral[22]	_	
11-59	1643-1646	und	neutral[22]	_	
11-60	1647-1652	damit	neutral[22]	_	
11-61	1653-1660	Schluss	neutral[22]	_	
11-62	1661-1662	.	neutral[22]	_	

#Text=Bis zum Schluss, der kommen muss.
12-1	1663-1666	Bis	negative[23]	_	
12-2	1667-1670	zum	negative[23]	_	
12-3	1671-1678	Schluss	negative[23]	_	
12-4	1678-1679	,	negative[23]	_	
12-5	1680-1683	der	negative[23]	_	
12-6	1684-1690	kommen	negative[23]	_	
12-7	1691-1695	muss	negative[23]	_	
12-8	1695-1696	.	_	_	
