#FORMAT=WebAnno TSV 3.2
#T_SP=webanno.custom.Sentiment|Polarity
#T_SP=webanno.custom.Topic|Topics


#Text=Noch ist es dunkel, die Alster liegt still  und die Stadt weiß noch nicht, ob sie wach werden will.
1-1	0-4	Noch	neutral[1]	_	
1-2	5-8	ist	neutral[1]	_	
1-3	9-11	es	neutral[1]	_	
1-4	12-18	dunkel	neutral[1]	_	
1-5	18-19	,	neutral[1]	_	
1-6	20-23	die	neutral[1]	_	
1-7	24-30	Alster	neutral[1]	_	
1-8	31-36	liegt	neutral[1]	_	
1-9	37-42	still	neutral[1]	_	
1-10	44-47	und	neutral[1]	_	
1-11	48-51	die	neutral[1]	_	
1-12	52-57	Stadt	neutral[1]	_	
1-13	58-62	weiß	neutral[1]	_	
1-14	63-67	noch	neutral[1]	_	
1-15	68-73	nicht	neutral[1]	_	
1-16	73-74	,	neutral[1]	_	
1-17	75-77	ob	neutral[1]	_	
1-18	78-81	sie	neutral[1]	_	
1-19	82-86	wach	neutral[1]	_	
1-20	87-93	werden	neutral[1]	_	
1-21	94-98	will	neutral[1]	_	
1-22	98-99	.	_	_	

#Text=Wer jetzt noch kein Bett hat, der braucht keins mehr.
2-1	104-107	Wer	neutral[2]	_	
2-2	108-113	jetzt	neutral[2]	_	
2-3	114-118	noch	neutral[2]	_	
2-4	119-123	kein	neutral[2]	_	
2-5	124-128	Bett	neutral[2]	_	
2-6	129-132	hat	neutral[2]	_	
2-7	132-133	,	neutral[2]	_	
2-8	134-137	der	neutral[2]	_	
2-9	138-145	braucht	neutral[2]	_	
2-10	146-151	keins	neutral[2]	_	
2-11	152-156	mehr	neutral[2]	_	
2-12	156-157	.	_	_	

#Text=Die Sterne sagen Tschüss  und die Sonne kommt näher.
3-1	158-161	Die	neutral[3]	_	
3-2	162-168	Sterne	neutral[3]	_	
3-3	169-174	sagen	neutral[3]	_	
3-4	175-182	Tschüss	neutral[3]	_	
3-5	184-187	und	neutral[3]	_	
3-6	188-191	die	neutral[3]	_	
3-7	192-197	Sonne	neutral[3]	_	
3-8	198-203	kommt	neutral[3]	_	
3-9	204-209	näher	neutral[3]	_	
3-10	209-210	.	_	_	

#Text=Wo jetzt noch Zweifel sind, feg sie weg - Morgenwind.
4-1	215-217	Wo	neutral[4]	_	
4-2	218-223	jetzt	neutral[4]	_	
4-3	224-228	noch	neutral[4]	_	
4-4	229-236	Zweifel	neutral[4]	Persönliches/Emotionen	
4-5	237-241	sind	neutral[4]	_	
4-6	241-242	,	neutral[4]	_	
4-7	243-246	feg	neutral[4]	_	
4-8	247-250	sie	neutral[4]	_	
4-9	251-254	weg	neutral[4]	_	
4-10	255-256	-	neutral[4]	_	
4-11	257-267	Morgenwind	neutral[4]	_	
4-12	267-268	.	_	_	

#Text=Ich steh' am Fenster  und wart' auf den Tag.
5-1	273-276	Ich	neutral[5]	_	
5-2	277-281	steh	neutral[5]	_	
5-3	281-282	'	neutral[5]	_	
5-4	283-285	am	neutral[5]	_	
5-5	286-293	Fenster	neutral[5]	_	
5-6	295-298	und	neutral[5]	_	
5-7	299-303	wart	neutral[5]	_	
5-8	303-304	'	neutral[5]	_	
5-9	305-308	auf	neutral[5]	_	
5-10	309-312	den	neutral[5]	_	
5-11	313-316	Tag	neutral[5]	_	
5-12	316-317	.	_	_	

#Text=Nie war ich so müde  und gleichzeitig so wach.
6-1	318-321	Nie	neutral[6]	_	
6-2	322-325	war	neutral[6]	_	
6-3	326-329	ich	neutral[6]	_	
6-4	330-332	so	neutral[6]	_	
6-5	333-337	müde	neutral[6]	Persönliches/Emotionen	
6-6	339-342	und	neutral[6]	_	
6-7	343-355	gleichzeitig	neutral[6]	_	
6-8	356-358	so	neutral[6]	_	
6-9	359-363	wach	neutral[6]	Persönliches/Emotionen	
6-10	363-364	.	_	_	

#Text=Das ist die eine Minute, die mir die Welt erklärt.
7-1	369-372	Das	neutral[7]	_	
7-2	373-376	ist	neutral[7]	_	
7-3	377-380	die	neutral[7]	_	
7-4	381-385	eine	neutral[7]	_	
7-5	386-392	Minute	neutral[7]	_	
7-6	392-393	,	neutral[7]	_	
7-7	394-397	die	neutral[7]	_	
7-8	398-401	mir	neutral[7]	_	
7-9	402-405	die	neutral[7]	_	
7-10	406-410	Welt	neutral[7]	_	
7-11	411-418	erklärt	neutral[7]	_	
7-12	418-419	.	_	_	

#Text=Der eine Moment, da läuft nichts mehr verkehrt.
8-1	420-423	Der	positive[8]	_	
8-2	424-428	eine	positive[8]	_	
8-3	429-435	Moment	positive[8]	_	
8-4	435-436	,	positive[8]	_	
8-5	437-439	da	positive[8]	_	
8-6	440-445	läuft	positive[8]	_	
8-7	446-452	nichts	positive[8]	_	
8-8	453-457	mehr	positive[8]	_	
8-9	458-466	verkehrt	positive[8]	_	
8-10	466-467	.	_	_	

#Text=Ich steh' am Fenster und denk an dich.
9-1	472-475	Ich	neutral[9]	_	
9-2	476-480	steh	neutral[9]	_	
9-3	480-481	'	neutral[9]	_	
9-4	482-484	am	neutral[9]	_	
9-5	485-492	Fenster	neutral[9]	_	
9-6	493-496	und	neutral[9]	_	
9-7	497-501	denk	neutral[9]	Persönliches/Emotionen[31]	
9-8	502-504	an	neutral[9]	Persönliches/Emotionen[31]	
9-9	505-509	dich	neutral[9]	Persönliches/Emotionen[31]	
9-10	509-510	.	_	_	

#Text=Siehst du den gleichen Sonnenaufgang wie ich?
10-1	511-517	Siehst	neutral[10]	_	
10-2	518-520	du	neutral[10]	_	
10-3	521-524	den	neutral[10]	_	
10-4	525-533	gleichen	neutral[10]	_	
10-5	534-547	Sonnenaufgang	neutral[10]	_	
10-6	548-551	wie	neutral[10]	_	
10-7	552-555	ich	neutral[10]	_	
10-8	555-556	?	neutral[10]	_	

#Text=Du und ich und dann ganz lange gar nichts.
11-1	561-563	Du	neutral[11]	_	
11-2	564-567	und	neutral[11]	_	
11-3	568-571	ich	neutral[11]	_	
11-4	572-575	und	neutral[11]	_	
11-5	576-580	dann	neutral[11]	_	
11-6	581-585	ganz	neutral[11]	_	
11-7	586-591	lange	neutral[11]	_	
11-8	592-595	gar	neutral[11]	_	
11-9	596-602	nichts	neutral[11]	_	
11-10	602-603	.	_	_	

#Text=Du und ich und dann ganz lange gar nichts.
12-1	604-606	Du	neutral[12]	_	
12-2	607-610	und	neutral[12]	_	
12-3	611-614	ich	neutral[12]	_	
12-4	615-618	und	neutral[12]	_	
12-5	619-623	dann	neutral[12]	_	
12-6	624-628	ganz	neutral[12]	_	
12-7	629-634	lange	neutral[12]	_	
12-8	635-638	gar	neutral[12]	_	
12-9	639-645	nichts	neutral[12]	_	
12-10	645-646	.	neutral[12]	_	

#Text=Wie lang kann man blind  durch Nebel wandern  und sieht nicht den einzigen wirklichen Ander'n.
13-1	647-650	Wie	negative[13]	_	
13-2	651-655	lang	negative[13]	_	
13-3	656-660	kann	negative[13]	_	
13-4	661-664	man	negative[13]	_	
13-5	665-670	blind	negative[13]	Persönliches/Emotionen	
13-6	672-677	durch	negative[13]	_	
13-7	678-683	Nebel	negative[13]	_	
13-8	684-691	wandern	negative[13]	_	
13-9	693-696	und	negative[13]	_	
13-10	697-702	sieht	negative[13]	_	
13-11	703-708	nicht	negative[13]	_	
13-12	709-712	den	negative[13]	_	
13-13	713-721	einzigen	negative[13]	_	
13-14	722-732	wirklichen	negative[13]	_	
13-15	733-740	Ander'n	negative[13]	_	
13-16	740-741	.	negative[13]	_	

#Text=Du und ich und dann ganz lange gar nichts.
14-1	742-744	Du	neutral[14]	_	
14-2	745-748	und	neutral[14]	_	
14-3	749-752	ich	neutral[14]	_	
14-4	753-756	und	neutral[14]	_	
14-5	757-761	dann	neutral[14]	_	
14-6	762-766	ganz	neutral[14]	_	
14-7	767-772	lange	neutral[14]	_	
14-8	773-776	gar	neutral[14]	_	
14-9	777-783	nichts	neutral[14]	_	
14-10	783-784	.	neutral[14]	_	

#Text=Du und ich und dann ganz lange gar nichts.
15-1	785-787	Du	neutral[15]	_	
15-2	788-791	und	neutral[15]	_	
15-3	792-795	ich	neutral[15]	_	
15-4	796-799	und	neutral[15]	_	
15-5	800-804	dann	neutral[15]	_	
15-6	805-809	ganz	neutral[15]	_	
15-7	810-815	lange	neutral[15]	_	
15-8	816-819	gar	neutral[15]	_	
15-9	820-826	nichts	neutral[15]	_	
15-10	826-827	.	neutral[15]	_	

#Text=Dann kommt erstmal 'n paar Kilometer  Nichts und Niemand,  alles and're kommt später.
16-1	828-832	Dann	neutral[16]	_	
16-2	833-838	kommt	neutral[16]	_	
16-3	839-846	erstmal	neutral[16]	_	
16-4	847-848	'	neutral[16]	_	
16-5	848-849	n	neutral[16]	_	
16-6	850-854	paar	neutral[16]	_	
16-7	855-864	Kilometer	neutral[16]	_	
16-8	866-872	Nichts	neutral[16]	_	
16-9	873-876	und	neutral[16]	_	
16-10	877-884	Niemand	neutral[16]	_	
16-11	884-885	,	neutral[16]	_	
16-12	887-892	alles	neutral[16]	_	
16-13	893-899	and're	neutral[16]	_	
16-14	900-905	kommt	neutral[16]	_	
16-15	906-912	später	neutral[16]	_	
16-16	912-913	.	neutral[16]	_	

#Text=Wir haben uns getrennt. schwer zu versteh'n.
17-1	918-921	Wir	negative[17]	_	
17-2	922-927	haben	negative[17]	_	
17-3	928-931	uns	negative[17]	Liebe/Partnerschaft[32]	
17-4	932-940	getrennt	negative[17]	Liebe/Partnerschaft[32]	
17-5	940-941	.	negative[17]	_	
17-6	942-948	schwer	negative[17]	_	
17-7	949-951	zu	negative[17]	_	
17-8	952-961	versteh'n	negative[17]	_	
17-9	961-962	.	negative[17]	_	

#Text=Wie kann man die Wahrheit  einfach so überseh'n?
18-1	963-966	Wie	negative[18]	_	
18-2	967-971	kann	negative[18]	_	
18-3	972-975	man	negative[18]	_	
18-4	976-979	die	negative[18]	_	
18-5	980-988	Wahrheit	negative[18]	_	
18-6	990-997	einfach	negative[18]	_	
18-7	998-1000	so	negative[18]	_	
18-8	1001-1010	überseh'n	negative[18]	_	
18-9	1010-1011	?	negative[18]	_	

#Text=Hab' lange gebraucht,es tut mir leid.
19-1	1016-1019	Hab	negative[19]	_	
19-2	1019-1020	'	negative[19]	_	
19-3	1021-1026	lange	negative[19]	_	
19-4	1027-1036	gebraucht	negative[19]	_	
19-5	1036-1037	,	negative[19]	_	
19-6	1037-1039	es	negative[19]	Persönliches/Emotionen[33]	
19-7	1040-1043	tut	negative[19]	Persönliches/Emotionen[33]	
19-8	1044-1047	mir	negative[19]	Persönliches/Emotionen[33]	
19-9	1048-1052	leid	negative[19]	Persönliches/Emotionen[33]	
19-10	1052-1053	.	negative[19]	_	

#Text=Es ist schade um die verlorene Zeit.
20-1	1054-1056	Es	negative[20]	_	
20-2	1057-1060	ist	negative[20]	_	
20-3	1061-1067	schade	negative[20]	_	
20-4	1068-1070	um	negative[20]	_	
20-5	1071-1074	die	negative[20]	_	
20-6	1075-1084	verlorene	negative[20]	_	
20-7	1085-1089	Zeit	negative[20]	_	
20-8	1089-1090	.	negative[20]	_	

#Text=Wo jetzt noch Zweifel sind, weh sie weg - Morgenwind.
21-1	1095-1097	Wo	neutral[21]	_	
21-2	1098-1103	jetzt	neutral[21]	_	
21-3	1104-1108	noch	neutral[21]	_	
21-4	1109-1116	Zweifel	neutral[21]	Persönliches/Emotionen	
21-5	1117-1121	sind	neutral[21]	_	
21-6	1121-1122	,	neutral[21]	_	
21-7	1123-1126	weh	neutral[21]	_	
21-8	1127-1130	sie	neutral[21]	_	
21-9	1131-1134	weg	neutral[21]	_	
21-10	1135-1136	-	neutral[21]	_	
21-11	1137-1147	Morgenwind	neutral[21]	_	
21-12	1147-1148	.	neutral[21]	_	

#Text=Du und ich und dann ganz lange gar nichts.
22-1	1153-1155	Du	neutral[22]	_	
22-2	1156-1159	und	neutral[22]	_	
22-3	1160-1163	ich	neutral[22]	_	
22-4	1164-1167	und	neutral[22]	_	
22-5	1168-1172	dann	neutral[22]	_	
22-6	1173-1177	ganz	neutral[22]	_	
22-7	1178-1183	lange	neutral[22]	_	
22-8	1184-1187	gar	neutral[22]	_	
22-9	1188-1194	nichts	neutral[22]	_	
22-10	1194-1195	.	neutral[22]	_	

#Text=Du und ich und dann ganz lange gar nichts.
23-1	1196-1198	Du	neutral[23]	_	
23-2	1199-1202	und	neutral[23]	_	
23-3	1203-1206	ich	neutral[23]	_	
23-4	1207-1210	und	neutral[23]	_	
23-5	1211-1215	dann	neutral[23]	_	
23-6	1216-1220	ganz	neutral[23]	_	
23-7	1221-1226	lange	neutral[23]	_	
23-8	1227-1230	gar	neutral[23]	_	
23-9	1231-1237	nichts	neutral[23]	_	
23-10	1237-1238	.	neutral[23]	_	

#Text=Wie lang kann man blind  durch Nebel wandern  und sieht nicht den einzigen wirklichen Andern.
24-1	1239-1242	Wie	negative[24]	_	
24-2	1243-1247	lang	negative[24]	_	
24-3	1248-1252	kann	negative[24]	_	
24-4	1253-1256	man	negative[24]	_	
24-5	1257-1262	blind	negative[24]	Persönliches/Emotionen	
24-6	1264-1269	durch	negative[24]	_	
24-7	1270-1275	Nebel	negative[24]	_	
24-8	1276-1283	wandern	negative[24]	_	
24-9	1285-1288	und	negative[24]	_	
24-10	1289-1294	sieht	negative[24]	_	
24-11	1295-1300	nicht	negative[24]	_	
24-12	1301-1304	den	negative[24]	_	
24-13	1305-1313	einzigen	negative[24]	_	
24-14	1314-1324	wirklichen	negative[24]	_	
24-15	1325-1331	Andern	negative[24]	_	
24-16	1331-1332	.	negative[24]	_	

#Text=Du und ich und dann ganz lange gar nichts.
25-1	1333-1335	Du	neutral[25]	_	
25-2	1336-1339	und	neutral[25]	_	
25-3	1340-1343	ich	neutral[25]	_	
25-4	1344-1347	und	neutral[25]	_	
25-5	1348-1352	dann	neutral[25]	_	
25-6	1353-1357	ganz	neutral[25]	_	
25-7	1358-1363	lange	neutral[25]	_	
25-8	1364-1367	gar	neutral[25]	_	
25-9	1368-1374	nichts	neutral[25]	_	
25-10	1374-1375	.	neutral[25]	_	

#Text=Du und ich und dann ganz lange gar nichts.
26-1	1376-1378	Du	neutral[26]	_	
26-2	1379-1382	und	neutral[26]	_	
26-3	1383-1386	ich	neutral[26]	_	
26-4	1387-1390	und	neutral[26]	_	
26-5	1391-1395	dann	neutral[26]	_	
26-6	1396-1400	ganz	neutral[26]	_	
26-7	1401-1406	lange	neutral[26]	_	
26-8	1407-1410	gar	neutral[26]	_	
26-9	1411-1417	nichts	neutral[26]	_	
26-10	1417-1418	.	neutral[26]	_	

#Text=Dann kommt erstmal 'n paar Kilometer  Nichts und Niemand, alles andr'e kommt später.
27-1	1419-1423	Dann	neutral[27]	_	
27-2	1424-1429	kommt	neutral[27]	_	
27-3	1430-1437	erstmal	neutral[27]	_	
27-4	1438-1439	'	neutral[27]	_	
27-5	1439-1440	n	neutral[27]	_	
27-6	1441-1445	paar	neutral[27]	_	
27-7	1446-1455	Kilometer	neutral[27]	_	
27-8	1457-1463	Nichts	neutral[27]	_	
27-9	1464-1467	und	neutral[27]	_	
27-10	1468-1475	Niemand	neutral[27]	_	
27-11	1475-1476	,	neutral[27]	_	
27-12	1477-1482	alles	neutral[27]	_	
27-13	1483-1489	andr'e	neutral[27]	_	
27-14	1490-1495	kommt	neutral[27]	_	
27-15	1496-1502	später	neutral[27]	_	
27-16	1502-1503	.	neutral[27]	_	

#Text=Du und ich und dann ganz lange gar nichts.
28-1	1508-1510	Du	neutral[28]	_	
28-2	1511-1514	und	neutral[28]	_	
28-3	1515-1518	ich	neutral[28]	_	
28-4	1519-1522	und	neutral[28]	_	
28-5	1523-1527	dann	neutral[28]	_	
28-6	1528-1532	ganz	neutral[28]	_	
28-7	1533-1538	lange	neutral[28]	_	
28-8	1539-1542	gar	neutral[28]	_	
28-9	1543-1549	nichts	neutral[28]	_	
28-10	1549-1550	.	neutral[28]	_	

#Text=Du und ich und dann ganz lange gar nichts.
29-1	1551-1553	Du	neutral[29]	_	
29-2	1554-1557	und	neutral[29]	_	
29-3	1558-1561	ich	neutral[29]	_	
29-4	1562-1565	und	neutral[29]	_	
29-5	1566-1570	dann	neutral[29]	_	
29-6	1571-1575	ganz	neutral[29]	_	
29-7	1576-1581	lange	neutral[29]	_	
29-8	1582-1585	gar	neutral[29]	_	
29-9	1586-1592	nichts	neutral[29]	_	
29-10	1592-1593	.	neutral[29]	_	

#Text=Und ich erzähl' dem Morgenwind:  Geil, dass wir wieder zusammen sind...
30-1	1594-1597	Und	positive[30]	_	
30-2	1598-1601	ich	positive[30]	_	
30-3	1602-1608	erzähl	positive[30]	_	
30-4	1608-1609	'	positive[30]	_	
30-5	1610-1613	dem	positive[30]	_	
30-6	1614-1624	Morgenwind	positive[30]	_	
30-7	1624-1625	:	positive[30]	_	
30-8	1627-1631	Geil	positive[30]	Persönliches/Emotionen	
30-9	1631-1632	,	positive[30]	_	
30-10	1633-1637	dass	positive[30]	_	
30-11	1638-1641	wir	positive[30]	_	
30-12	1642-1648	wieder	positive[30]	Liebe/Partnerschaft[34]	
30-13	1649-1657	zusammen	positive[30]	Liebe/Partnerschaft[34]	
30-14	1658-1662	sind	positive[30]	_	
30-15	1662-1663	.	positive[30]	_	
30-16	1663-1664	.	positive[30]	_	
30-17	1664-1665	.	positive[30]	_	
