#FORMAT=WebAnno TSV 3.2
#T_SP=webanno.custom.Sentiment|Polarity
#T_SP=webanno.custom.Topic|Topics


#Text=Ich bin Rocker, ich bin Rocker, meine Gang nennt sich "Lucifer Mob".
1-1	0-3	Ich	neutral[1]	_	
1-2	4-7	bin	neutral[1]	_	
1-3	8-14	Rocker	neutral[1]	Musik	
1-4	14-15	,	neutral[1]	_	
1-5	16-19	ich	neutral[1]	_	
1-6	20-23	bin	neutral[1]	_	
1-7	24-30	Rocker	neutral[1]	Musik	
1-8	30-31	,	neutral[1]	_	
1-9	32-37	meine	neutral[1]	_	
1-10	38-42	Gang	neutral[1]	Liebe/Partnerschaft	
1-11	43-48	nennt	neutral[1]	_	
1-12	49-53	sich	neutral[1]	_	
1-13	54-55	"	neutral[1]	_	
1-14	55-62	Lucifer	neutral[1]	_	
1-15	63-66	Mob	neutral[1]	_	
1-16	66-67	"	neutral[1]	_	
1-17	67-68	.	neutral[1]	_	

#Text=Am Tage bin ich Schlosser, das ist 'n ziemlich mieser Job, aber abends hol' ich dann meinen Ofen aus dem Stall, in den Lederjackentaschen dicke Feuerwasserflaschen und zwischen den Knien der Tank voll Benzin.
2-1	69-71	Am	positive[2]	_	
2-2	72-76	Tage	positive[2]	_	
2-3	77-80	bin	positive[2]	_	
2-4	81-84	ich	positive[2]	_	
2-5	85-94	Schlosser	positive[2]	_	
2-6	94-95	,	positive[2]	_	
2-7	96-99	das	positive[2]	_	
2-8	100-103	ist	positive[2]	_	
2-9	104-105	'	positive[2]	_	
2-10	105-106	n	positive[2]	_	
2-11	107-115	ziemlich	positive[2]	_	
2-12	116-122	mieser	positive[2]	Politik/Soziales/Missstände[12]	
2-13	123-126	Job	positive[2]	Politik/Soziales/Missstände[12]	
2-14	126-127	,	positive[2]	_	
2-15	128-132	aber	positive[2]	_	
2-16	133-139	abends	positive[2]	_	
2-17	140-143	hol	positive[2]	_	
2-18	143-144	'	positive[2]	_	
2-19	145-148	ich	positive[2]	_	
2-20	149-153	dann	positive[2]	_	
2-21	154-160	meinen	positive[2]	_	
2-22	161-165	Ofen	positive[2]	_	
2-23	166-169	aus	positive[2]	_	
2-24	170-173	dem	positive[2]	_	
2-25	174-179	Stall	positive[2]	_	
2-26	179-180	,	positive[2]	_	
2-27	181-183	in	positive[2]	_	
2-28	184-187	den	positive[2]	_	
2-29	188-206	Lederjackentaschen	positive[2]	_	
2-30	207-212	dicke	positive[2]	Gesundheit/Drogen[13]	
2-31	213-232	Feuerwasserflaschen	positive[2]	Gesundheit/Drogen[13]	
2-32	233-236	und	positive[2]	_	
2-33	237-245	zwischen	positive[2]	_	
2-34	246-249	den	positive[2]	_	
2-35	250-255	Knien	positive[2]	_	
2-36	256-259	der	positive[2]	_	
2-37	260-264	Tank	positive[2]	_	
2-38	265-269	voll	positive[2]	_	
2-39	270-276	Benzin	positive[2]	_	
2-40	276-277	.	positive[2]	_	

#Text=Ich war früher viel allein, da war ich oft ganz schön down, dann stieg ich ein in den Verein.
3-1	282-285	Ich	neutral[3]	_	
3-2	286-289	war	neutral[3]	_	
3-3	290-296	früher	neutral[3]	_	
3-4	297-301	viel	neutral[3]	_	
3-5	302-308	allein	neutral[3]	Persönliches/Emotionen	
3-6	308-309	,	neutral[3]	_	
3-7	310-312	da	neutral[3]	_	
3-8	313-316	war	neutral[3]	_	
3-9	317-320	ich	neutral[3]	_	
3-10	321-324	oft	neutral[3]	_	
3-11	325-329	ganz	neutral[3]	_	
3-12	330-335	schön	neutral[3]	_	
3-13	336-340	down	neutral[3]	Persönliches/Emotionen	
3-14	340-341	,	neutral[3]	_	
3-15	342-346	dann	neutral[3]	_	
3-16	347-352	stieg	neutral[3]	_	
3-17	353-356	ich	neutral[3]	_	
3-18	357-360	ein	neutral[3]	_	
3-19	361-363	in	neutral[3]	_	
3-20	364-367	den	neutral[3]	_	
3-21	368-374	Verein	neutral[3]	Politik/Soziales/Missstände	
3-22	374-375	.	neutral[3]	_	

#Text=Jetzt hab' ich viele Kumpels und da gibts's auch Wahnsinnsfrauen, die sitzen auf dem Sozius und sagen: "Alter, nun heiz mal schön."
4-1	376-381	Jetzt	positive[4]	_	
4-2	382-385	hab	positive[4]	_	
4-3	385-386	'	positive[4]	_	
4-4	387-390	ich	positive[4]	_	
4-5	391-396	viele	positive[4]	Liebe/Partnerschaft[14]	
4-6	397-404	Kumpels	positive[4]	Liebe/Partnerschaft[14]	
4-7	405-408	und	positive[4]	_	
4-8	409-411	da	positive[4]	_	
4-9	412-419	gibts's	positive[4]	_	
4-10	420-424	auch	positive[4]	_	
4-11	425-440	Wahnsinnsfrauen	positive[4]	Liebe/Partnerschaft	
4-12	440-441	,	positive[4]	_	
4-13	442-445	die	positive[4]	_	
4-14	446-452	sitzen	positive[4]	_	
4-15	453-456	auf	positive[4]	_	
4-16	457-460	dem	positive[4]	_	
4-17	461-467	Sozius	positive[4]	_	
4-18	468-471	und	positive[4]	_	
4-19	472-477	sagen	positive[4]	_	
4-20	477-478	:	positive[4]	_	
4-21	479-480	"	positive[4]	_	
4-22	480-485	Alter	positive[4]	_	
4-23	485-486	,	positive[4]	_	
4-24	487-490	nun	positive[4]	_	
4-25	491-495	heiz	positive[4]	_	
4-26	496-499	mal	positive[4]	_	
4-27	500-505	schön	positive[4]	_	
4-28	505-506	.	positive[4]	_	
4-29	506-507	"	positive[4]	_	

#Text=Und dann geben sie mir 'n Kuss bei Tempo 110.
5-1	508-511	Und	positive[5]	_	
5-2	512-516	dann	positive[5]	_	
5-3	517-522	geben	positive[5]	_	
5-4	523-526	sie	positive[5]	_	
5-5	527-530	mir	positive[5]	_	
5-6	531-532	'	positive[5]	_	
5-7	532-533	n	positive[5]	_	
5-8	534-538	Kuss	positive[5]	Liebe/Partnerschaft	
5-9	539-542	bei	positive[5]	_	
5-10	543-548	Tempo	positive[5]	_	
5-11	549-552	110	positive[5]	_	
5-12	552-553	.	positive[5]	_	

#Text=Ich bin Rocker, ich bin Rocker, doch ich hätt' noch viel mehr Spaß dabei, wenn's unter uns nicht immer wieder so 'n paar Ochsen gäb', immer geil auf 'ne Schlägerei.
6-1	558-561	Ich	negative[6]	_	
6-2	562-565	bin	negative[6]	_	
6-3	566-572	Rocker	negative[6]	_	
6-4	572-573	,	negative[6]	_	
6-5	574-577	ich	negative[6]	_	
6-6	578-581	bin	negative[6]	_	
6-7	582-588	Rocker	negative[6]	_	
6-8	588-589	,	negative[6]	_	
6-9	590-594	doch	negative[6]	_	
6-10	595-598	ich	negative[6]	_	
6-11	599-603	hätt	negative[6]	_	
6-12	603-604	'	negative[6]	_	
6-13	605-609	noch	negative[6]	_	
6-14	610-614	viel	negative[6]	_	
6-15	615-619	mehr	negative[6]	_	
6-16	620-624	Spaß	negative[6]	Persönliches/Emotionen	
6-17	625-630	dabei	negative[6]	_	
6-18	630-631	,	negative[6]	_	
6-19	632-638	wenn's	negative[6]	_	
6-20	639-644	unter	negative[6]	_	
6-21	645-648	uns	negative[6]	_	
6-22	649-654	nicht	negative[6]	_	
6-23	655-660	immer	negative[6]	_	
6-24	661-667	wieder	negative[6]	_	
6-25	668-670	so	negative[6]	_	
6-26	671-672	'	negative[6]	_	
6-27	672-673	n	negative[6]	_	
6-28	674-678	paar	negative[6]	_	
6-29	679-685	Ochsen	negative[6]	Politik/Soziales/Missstände	
6-30	686-689	gäb	negative[6]	_	
6-31	689-690	'	negative[6]	_	
6-32	690-691	,	negative[6]	_	
6-33	692-697	immer	negative[6]	_	
6-34	698-702	geil	negative[6]	_	
6-35	703-706	auf	negative[6]	_	
6-36	707-708	'	negative[6]	_	
6-37	708-710	ne	negative[6]	_	
6-38	711-721	Schlägerei	negative[6]	Politik/Soziales/Missstände	
6-39	721-722	.	negative[6]	_	

#Text=Oder gestern in 'ner U-Bahn haben sie wieder so 'nen Scheiß gebracht, sie meinten zu 'ner Mutter: "Schmeiß dein Baby weg, es wird dir sofort 'n schönes neues gemacht."
7-1	723-727	Oder	negative[7]	_	
7-2	728-735	gestern	negative[7]	_	
7-3	736-738	in	negative[7]	_	
7-4	739-740	'	negative[7]	_	
7-5	740-743	ner	negative[7]	_	
7-6	744-750	U-Bahn	negative[7]	_	
7-7	751-756	haben	negative[7]	_	
7-8	757-760	sie	negative[7]	_	
7-9	761-767	wieder	negative[7]	_	
7-10	768-770	so	negative[7]	Politik/Soziales/Missstände[15]	
7-11	771-772	'	negative[7]	Politik/Soziales/Missstände[15]	
7-12	772-775	nen	negative[7]	Politik/Soziales/Missstände[15]	
7-13	776-782	Scheiß	negative[7]	Politik/Soziales/Missstände[15]	
7-14	783-791	gebracht	negative[7]	Politik/Soziales/Missstände[15]	
7-15	791-792	,	negative[7]	_	
7-16	793-796	sie	negative[7]	_	
7-17	797-804	meinten	negative[7]	_	
7-18	805-807	zu	negative[7]	_	
7-19	808-809	'	negative[7]	_	
7-20	809-812	ner	negative[7]	_	
7-21	813-819	Mutter	negative[7]	_	
7-22	819-820	:	negative[7]	_	
7-23	821-822	"	negative[7]	_	
7-24	822-829	Schmeiß	negative[7]	_	
7-25	830-834	dein	negative[7]	_	
7-26	835-839	Baby	negative[7]	_	
7-27	840-843	weg	negative[7]	_	
7-28	843-844	,	negative[7]	_	
7-29	845-847	es	negative[7]	_	
7-30	848-852	wird	negative[7]	_	
7-31	853-856	dir	negative[7]	_	
7-32	857-863	sofort	negative[7]	_	
7-33	864-865	'	negative[7]	_	
7-34	865-866	n	negative[7]	_	
7-35	867-874	schönes	negative[7]	_	
7-36	875-880	neues	negative[7]	_	
7-37	881-888	gemacht	negative[7]	_	
7-38	888-889	.	negative[7]	_	
7-39	889-890	"	negative[7]	_	

#Text=Manchen Rentner haben sie ausgeknockt und ihm die Kohle abgenommen und jede Menge alte Frauen sind auch schon voll auf den Horror gekommen.
8-1	891-898	Manchen	negative[8]	_	
8-2	899-906	Rentner	negative[8]	Politik/Soziales/Missstände[16]	
8-3	907-912	haben	negative[8]	Politik/Soziales/Missstände[16]	
8-4	913-916	sie	negative[8]	Politik/Soziales/Missstände[16]	
8-5	917-928	ausgeknockt	negative[8]	Politik/Soziales/Missstände[16]	
8-6	929-932	und	negative[8]	_	
8-7	933-936	ihm	negative[8]	_	
8-8	937-940	die	negative[8]	_	
8-9	941-946	Kohle	negative[8]	Politik/Soziales/Missstände[17]	
8-10	947-957	abgenommen	negative[8]	Politik/Soziales/Missstände[17]	
8-11	958-961	und	negative[8]	_	
8-12	962-966	jede	negative[8]	_	
8-13	967-972	Menge	negative[8]	_	
8-14	973-977	alte	negative[8]	_	
8-15	978-984	Frauen	negative[8]	_	
8-16	985-989	sind	negative[8]	_	
8-17	990-994	auch	negative[8]	_	
8-18	995-1000	schon	negative[8]	_	
8-19	1001-1005	voll	negative[8]	_	
8-20	1006-1009	auf	negative[8]	Persönliches/Emotionen[18]	
8-21	1010-1013	den	negative[8]	Persönliches/Emotionen[18]	
8-22	1014-1020	Horror	negative[8]	Persönliches/Emotionen[18]	
8-23	1021-1029	gekommen	negative[8]	Persönliches/Emotionen[18]	
8-24	1029-1030	.	negative[8]	_	

#Text=Ich bin Rocker, ich bin Rocker, doch ich steh' nicht auf Gewalt, ich bin nicht so 'n primitives Schwein und schlag 'nem Schwachen die Fresse ein.
9-1	1035-1038	Ich	negative[9]	_	
9-2	1039-1042	bin	negative[9]	_	
9-3	1043-1049	Rocker	negative[9]	_	
9-4	1049-1050	,	negative[9]	_	
9-5	1051-1054	ich	negative[9]	_	
9-6	1055-1058	bin	negative[9]	_	
9-7	1059-1065	Rocker	negative[9]	_	
9-8	1065-1066	,	negative[9]	_	
9-9	1067-1071	doch	negative[9]	_	
9-10	1072-1075	ich	negative[9]	_	
9-11	1076-1080	steh	negative[9]	Persönliches/Emotionen[19]	
9-12	1080-1081	'	negative[9]	Persönliches/Emotionen[19]	
9-13	1082-1087	nicht	negative[9]	Persönliches/Emotionen[19]	
9-14	1088-1091	auf	negative[9]	Persönliches/Emotionen[19]	
9-15	1092-1098	Gewalt	negative[9]	Persönliches/Emotionen[19]	
9-16	1098-1099	,	negative[9]	_	
9-17	1100-1103	ich	negative[9]	_	
9-18	1104-1107	bin	negative[9]	_	
9-19	1108-1113	nicht	negative[9]	_	
9-20	1114-1116	so	negative[9]	_	
9-21	1117-1118	'	negative[9]	_	
9-22	1118-1119	n	negative[9]	_	
9-23	1120-1130	primitives	negative[9]	Politik/Soziales/Missstände[20]	
9-24	1131-1138	Schwein	negative[9]	Politik/Soziales/Missstände[20]	
9-25	1139-1142	und	negative[9]	_	
9-26	1143-1149	schlag	negative[9]	Politik/Soziales/Missstände[21]	
9-27	1150-1151	'	negative[9]	Politik/Soziales/Missstände[21]	
9-28	1151-1154	nem	negative[9]	Politik/Soziales/Missstände[21]	
9-29	1155-1164	Schwachen	negative[9]	Politik/Soziales/Missstände[21]	
9-30	1165-1168	die	negative[9]	Politik/Soziales/Missstände[21]	
9-31	1169-1175	Fresse	negative[9]	Politik/Soziales/Missstände[21]	
9-32	1176-1179	ein	negative[9]	Politik/Soziales/Missstände[21]	
9-33	1179-1180	.	negative[9]	_	

#Text=Wir sind Rocker, wir sind Rocker, doch ohne amputiertes Gehirn.
10-1	1181-1184	Wir	negative[10]	_	
10-2	1185-1189	sind	negative[10]	_	
10-3	1190-1196	Rocker	negative[10]	_	
10-4	1196-1197	,	negative[10]	_	
10-5	1198-1201	wir	negative[10]	_	
10-6	1202-1206	sind	negative[10]	_	
10-7	1207-1213	Rocker	negative[10]	_	
10-8	1213-1214	,	negative[10]	_	
10-9	1215-1219	doch	negative[10]	_	
10-10	1220-1224	ohne	negative[10]	_	
10-11	1225-1236	amputiertes	negative[10]	Politik/Soziales/Missstände[22]	
10-12	1237-1243	Gehirn	negative[10]	Politik/Soziales/Missstände[22]	
10-13	1243-1244	.	negative[10]	_	

#Text=Und wenn man uns nicht dumm von der Seite anquatscht, dann kann auch nichts passieren.
11-1	1245-1248	Und	positive[11]	_	
11-2	1249-1253	wenn	positive[11]	_	
11-3	1254-1257	man	positive[11]	_	
11-4	1258-1261	uns	positive[11]	_	
11-5	1262-1267	nicht	positive[11]	_	
11-6	1268-1272	dumm	positive[11]	Politik/Soziales/Missstände[23]	
11-7	1273-1276	von	positive[11]	Politik/Soziales/Missstände[23]	
11-8	1277-1280	der	positive[11]	Politik/Soziales/Missstände[23]	
11-9	1281-1286	Seite	positive[11]	Politik/Soziales/Missstände[23]	
11-10	1287-1297	anquatscht	positive[11]	Politik/Soziales/Missstände[23]	
11-11	1297-1298	,	positive[11]	_	
11-12	1299-1303	dann	positive[11]	_	
11-13	1304-1308	kann	positive[11]	_	
11-14	1309-1313	auch	positive[11]	_	
11-15	1314-1320	nichts	positive[11]	_	
11-16	1321-1330	passieren	positive[11]	_	
11-17	1330-1331	.	positive[11]	_	
