#FORMAT=WebAnno TSV 3.2
#T_SP=webanno.custom.Sentiment|Polarity
#T_SP=webanno.custom.Topic|Topics


#Text=Goodbye, Norma Jean, ich habe dich nie gekannt, als du gegangen bist, da war ich noch ein Kind.
1-1	0-7	Goodbye	neutral[1]	_	
1-2	7-8	,	neutral[1]	_	
1-3	9-14	Norma	neutral[1]	_	
1-4	15-19	Jean	neutral[1]	_	
1-5	19-20	,	neutral[1]	_	
1-6	21-24	ich	neutral[1]	_	
1-7	25-29	habe	neutral[1]	_	
1-8	30-34	dich	neutral[1]	_	
1-9	35-38	nie	neutral[1]	Persönliches/Emotionen[3]	
1-10	39-46	gekannt	neutral[1]	Persönliches/Emotionen[3]	
1-11	46-47	,	neutral[1]	_	
1-12	48-51	als	neutral[1]	_	
1-13	52-54	du	neutral[1]	_	
1-14	55-63	gegangen	neutral[1]	_	
1-15	64-68	bist	neutral[1]	_	
1-16	68-69	,	neutral[1]	_	
1-17	70-72	da	neutral[1]	Persönliches/Emotionen[4]	
1-18	73-76	war	neutral[1]	Persönliches/Emotionen[4]	
1-19	77-80	ich	neutral[1]	Persönliches/Emotionen[4]	
1-20	81-85	noch	neutral[1]	Persönliches/Emotionen[4]	
1-21	86-89	ein	neutral[1]	Persönliches/Emotionen[4]	
1-22	90-94	Kind	neutral[1]	Persönliches/Emotionen[4]	
1-23	94-95	.	neutral[1]	_	

#Text=Und jetzt frag ich den Pförtner vom Filmatelier, ob er mir sagen kann, wo ich deine Spuren find'.
2-1	96-99	Und	neutral[2]	_	
2-2	100-105	jetzt	neutral[2]	_	
2-3	106-110	frag	neutral[2]	_	
2-4	111-114	ich	neutral[2]	_	
2-5	115-118	den	neutral[2]	_	
2-6	119-127	Pförtner	neutral[2]	_	
2-7	128-131	vom	neutral[2]	_	
2-8	132-143	Filmatelier	neutral[2]	_	
2-9	143-144	,	neutral[2]	_	
2-10	145-147	ob	neutral[2]	_	
2-11	148-150	er	neutral[2]	_	
2-12	151-154	mir	neutral[2]	_	
2-13	155-160	sagen	neutral[2]	_	
2-14	161-165	kann	neutral[2]	_	
2-15	165-166	,	neutral[2]	_	
2-16	167-169	wo	neutral[2]	_	
2-17	170-173	ich	neutral[2]	_	
2-18	174-179	deine	neutral[2]	_	
2-19	180-186	Spuren	neutral[2]	_	
2-20	187-191	find	neutral[2]	_	
2-21	191-192	'	neutral[2]	_	
2-22	192-193	.	neutral[2]	_	
