#FORMAT=WebAnno TSV 3.2
#T_SP=webanno.custom.Sentiment|Polarity
#T_SP=webanno.custom.Topic|Topics


#Text=Dieser Mann ist zweifellos rätselhaft und dubios , er betreibt das Werk des Teufels und sät die schmutzige Saat des Zweifels, verfassungsrechtlich ist er schwierig  und hygienisch äußerst schmierig . guckt ihn euch an, wie der schon rumläuft  und literweise Bier und Rum säuft.
1-1	0-6	Dieser	negative[1]	_	
1-2	7-11	Mann	negative[1]	_	
1-3	12-15	ist	negative[1]	_	
1-4	16-26	zweifellos	negative[1]	_	
1-5	27-37	rätselhaft	negative[1]	Persönliches/Emotionen[27]	
1-6	38-41	und	negative[1]	Persönliches/Emotionen[27]	
1-7	42-48	dubios	negative[1]	Persönliches/Emotionen[27]	
1-8	49-50	,	_	_	
1-9	51-53	er	negative[2]	_	
1-10	54-62	betreibt	negative[2]	_	
1-11	63-66	das	negative[2]	_	
1-12	67-71	Werk	negative[2]	Politik/Soziales/Missstände[28]	
1-13	72-75	des	negative[2]	Politik/Soziales/Missstände[28]	
1-14	76-83	Teufels	negative[2]	Politik/Soziales/Missstände[28]	
1-15	84-87	und	negative[2]	_	
1-16	88-91	sät	negative[2]	_	
1-17	92-95	die	negative[2]	_	
1-18	96-106	schmutzige	negative[2]	_	
1-19	107-111	Saat	negative[2]	_	
1-20	112-115	des	negative[2]	_	
1-21	116-124	Zweifels	negative[2]	_	
1-22	124-125	,	_	_	
1-23	126-146	verfassungsrechtlich	negative[3]	Politik/Soziales/Missstände	
1-24	147-150	ist	negative[3]	_	
1-25	151-153	er	negative[3]	_	
1-26	154-163	schwierig	negative[3]	_	
1-27	165-168	und	negative[3]	_	
1-28	169-179	hygienisch	negative[3]	_	
1-29	180-187	äußerst	negative[3]	_	
1-30	188-197	schmierig	negative[3]	_	
1-31	198-199	.	_	_	
1-32	200-205	guckt	negative[4]	_	
1-33	206-209	ihn	negative[4]	_	
1-34	210-214	euch	negative[4]	_	
1-35	215-217	an	negative[4]	_	
1-36	217-218	,	negative[4]	_	
1-37	219-222	wie	negative[4]	_	
1-38	223-226	der	negative[4]	_	
1-39	227-232	schon	negative[4]	_	
1-40	233-241	rumläuft	negative[4]	_	
1-41	243-246	und	negative[4]	_	
1-42	247-257	literweise	negative[4]	Gesundheit/Drogen[29]	
1-43	258-262	Bier	negative[4]	Gesundheit/Drogen[29]	
1-44	263-266	und	negative[4]	Gesundheit/Drogen[29]	
1-45	267-270	Rum	negative[4]	Gesundheit/Drogen[29]	
1-46	271-276	säuft	negative[4]	Gesundheit/Drogen[29]	
1-47	276-277	.	_	_	

#Text=D-471 81 61  
#Text= 
#Text=Kriegt 'ne Menge Geld dafür, dass er noch nicht mal singen kann (krächz-krächz), besitzt die Frechheit, unverschämt - nimmt die Kohle auch noch an , macht die ganze Heimat mies, schickt dem Kreml reichlich Kies und vom Rest, da kauft er sich  einen Sahara-Wüstenstrich.
2-1	282-283	D	negative[5]	_	
2-2	283-284	-	negative[5]	_	
2-3	284-287	471	negative[5]	_	
2-4	288-290	81	negative[5]	_	
2-5	291-293	61	negative[5]	_	
2-6	298-304	Kriegt	negative[5]	_	
2-7	305-306	'	negative[5]	_	
2-8	306-308	ne	negative[5]	_	
2-9	309-314	Menge	negative[5]	_	
2-10	315-319	Geld	negative[5]	_	
2-11	320-325	dafür	negative[5]	_	
2-12	325-326	,	negative[5]	_	
2-13	327-331	dass	negative[5]	_	
2-14	332-334	er	negative[5]	_	
2-15	335-339	noch	negative[5]	_	
2-16	340-345	nicht	negative[5]	_	
2-17	346-349	mal	negative[5]	_	
2-18	350-356	singen	negative[5]	Musik	
2-19	357-361	kann	negative[5]	_	
2-20	362-363	(	negative[5]	_	
2-21	363-376	krächz-krächz	negative[5]	Musik	
2-22	376-377	)	negative[5]	_	
2-23	377-378	,	negative[5]	_	
2-24	379-386	besitzt	negative[5]	_	
2-25	387-390	die	negative[5]	_	
2-26	391-400	Frechheit	negative[5]	_	
2-27	400-401	,	negative[5]	_	
2-28	402-413	unverschämt	negative[5]	_	
2-29	414-415	-	negative[5]	_	
2-30	416-421	nimmt	negative[6]	_	
2-31	422-425	die	negative[6]	_	
2-32	426-431	Kohle	negative[6]	Politik/Soziales/Missstände	
2-33	432-436	auch	negative[6]	_	
2-34	437-441	noch	negative[6]	_	
2-35	442-444	an	negative[6]	_	
2-36	445-446	,	negative[6]	_	
2-37	447-452	macht	negative[6]	_	
2-38	453-456	die	negative[6]	_	
2-39	457-462	ganze	negative[6]	_	
2-40	463-469	Heimat	negative[6]	_	
2-41	470-474	mies	negative[6]	_	
2-42	474-475	,	negative[6]	_	
2-43	476-483	schickt	negative[6]	Politik/Soziales/Missstände[30]	
2-44	484-487	dem	negative[6]	Politik/Soziales/Missstände[30]	
2-45	488-493	Kreml	negative[6]	Politik/Soziales/Missstände[30]	
2-46	494-503	reichlich	negative[6]	Politik/Soziales/Missstände[30]	
2-47	504-508	Kies	negative[6]	Politik/Soziales/Missstände[30]	
2-48	509-512	und	negative[6]	_	
2-49	513-516	vom	negative[6]	_	
2-50	517-521	Rest	negative[6]	_	
2-51	521-522	,	negative[6]	_	
2-52	523-525	da	negative[6]	_	
2-53	526-531	kauft	negative[6]	_	
2-54	532-534	er	negative[6]	_	
2-55	535-539	sich	negative[6]	_	
2-56	541-546	einen	negative[6]	_	
2-57	547-566	Sahara-Wüstenstrich	negative[6]	_	
2-58	566-567	.	_	_	

#Text=D-471 81 61, in der Sahara - was baut er sich da, 'ne Rollschuhbahn aus purem Gold, damit sein Rollschuh besser rollt.
3-1	572-573	D	neutral[7]	_	
3-2	573-574	-	neutral[7]	_	
3-3	574-577	471	neutral[7]	_	
3-4	578-580	81	neutral[7]	_	
3-5	581-583	61	neutral[7]	_	
3-6	583-584	,	neutral[7]	_	
3-7	585-587	in	neutral[7]	_	
3-8	588-591	der	neutral[7]	_	
3-9	592-598	Sahara	neutral[7]	_	
3-10	599-600	-	neutral[7]	_	
3-11	601-604	was	neutral[7]	_	
3-12	605-609	baut	neutral[7]	_	
3-13	610-612	er	neutral[7]	_	
3-14	613-617	sich	neutral[7]	_	
3-15	618-620	da	neutral[7]	_	
3-16	620-621	,	neutral[7]	_	
3-17	622-623	'	neutral[7]	_	
3-18	623-625	ne	neutral[7]	_	
3-19	626-639	Rollschuhbahn	neutral[7]	_	
3-20	640-643	aus	neutral[7]	_	
3-21	644-649	purem	neutral[7]	_	
3-22	650-654	Gold	neutral[7]	_	
3-23	654-655	,	neutral[7]	_	
3-24	656-661	damit	neutral[7]	_	
3-25	662-666	sein	neutral[7]	_	
3-26	667-676	Rollschuh	neutral[7]	_	
3-27	677-683	besser	neutral[7]	_	
3-28	684-689	rollt	neutral[7]	_	
3-29	689-690	.	_	_	

#Text=Zieht den Hut immer ganz tief runter, hat vielleicht 'ne Knarre drunter, ist ein übler Wehrzersetzer, moskaugesteuerter Friedenshetzer, dieser Kerl ist doch eklig, diese strähnigen Fetthaare, nein, nein, nein. meine Tochter hatte neulich Poster an der Wand, da hab ich gesagt runter, runter, runter, verbieten sollte man sowas!
4-1	695-700	Zieht	negative[8]	_	
4-2	701-704	den	negative[8]	_	
4-3	705-708	Hut	negative[8]	_	
4-4	709-714	immer	negative[8]	_	
4-5	715-719	ganz	negative[8]	_	
4-6	720-724	tief	negative[8]	_	
4-7	725-731	runter	negative[8]	_	
4-8	731-732	,	negative[8]	_	
4-9	733-736	hat	negative[8]	_	
4-10	737-747	vielleicht	negative[8]	_	
4-11	748-749	'	negative[8]	_	
4-12	749-751	ne	negative[8]	_	
4-13	752-758	Knarre	negative[8]	Politik/Soziales/Missstände	
4-14	759-766	drunter	negative[8]	_	
4-15	766-767	,	_	_	
4-16	768-771	ist	negative[9]	_	
4-17	772-775	ein	negative[9]	_	
4-18	776-781	übler	negative[9]	_	
4-19	782-795	Wehrzersetzer	negative[9]	Politik/Soziales/Missstände	
4-20	795-796	,	negative[9]	_	
4-21	797-814	moskaugesteuerter	negative[9]	Politik/Soziales/Missstände[31]	
4-22	815-829	Friedenshetzer	negative[9]	Politik/Soziales/Missstände[31]	
4-23	829-830	,	negative[9]	_	
4-24	831-837	dieser	negative[9]	_	
4-25	838-842	Kerl	negative[9]	_	
4-26	843-846	ist	negative[9]	_	
4-27	847-851	doch	negative[9]	_	
4-28	852-857	eklig	negative[9]	_	
4-29	857-858	,	negative[9]	_	
4-30	859-864	diese	negative[9]	_	
4-31	865-875	strähnigen	negative[9]	Persönliches/Emotionen[32]	
4-32	876-885	Fetthaare	negative[9]	Persönliches/Emotionen[32]	
4-33	885-886	,	negative[9]	_	
4-34	887-891	nein	negative[9]	_	
4-35	891-892	,	negative[9]	_	
4-36	893-897	nein	negative[9]	_	
4-37	897-898	,	negative[9]	_	
4-38	899-903	nein	negative[9]	_	
4-39	903-904	.	_	_	
4-40	905-910	meine	neutral[10]	_	
4-41	911-918	Tochter	neutral[10]	_	
4-42	919-924	hatte	neutral[10]	_	
4-43	925-932	neulich	neutral[10]	_	
4-44	933-939	Poster	neutral[10]	_	
4-45	940-942	an	neutral[10]	_	
4-46	943-946	der	neutral[10]	_	
4-47	947-951	Wand	neutral[10]	_	
4-48	951-952	,	_	_	
4-49	953-955	da	negative[11]	_	
4-50	956-959	hab	negative[11]	_	
4-51	960-963	ich	negative[11]	_	
4-52	964-970	gesagt	negative[11]	_	
4-53	971-977	runter	negative[11]	_	
4-54	977-978	,	negative[11]	_	
4-55	979-985	runter	negative[11]	_	
4-56	985-986	,	negative[11]	_	
4-57	987-993	runter	negative[11]	_	
4-58	993-994	,	negative[11]	_	
4-59	995-1004	verbieten	negative[11]	_	
4-60	1005-1011	sollte	negative[11]	_	
4-61	1012-1015	man	negative[11]	_	
4-62	1016-1021	sowas	negative[11]	_	
4-63	1021-1022	!	negative[11]	_	

#Text=Eltern warnen ihre Töchter, denn man weiß, mit jeder möcht' er (diese Sau-Sau-Sau), doch sie warnen auch ihre Söhne, denn er findet die Söhne auch nicht öhne (arrogant und cool - völlig schwul). doch wie man hört, kann er nicht bumsen, wenn in New York die Aktien plumpsen. er fängt erst wieder an zu geigen, wenn die Kurse wieder steigen.
5-1	1027-1033	Eltern	negative[12]	_	
5-2	1034-1040	warnen	negative[12]	_	
5-3	1041-1045	ihre	negative[12]	_	
5-4	1046-1053	Töchter	negative[12]	_	
5-5	1053-1054	,	negative[12]	_	
5-6	1055-1059	denn	negative[12]	_	
5-7	1060-1063	man	negative[12]	_	
5-8	1064-1068	weiß	negative[12]	_	
5-9	1068-1069	,	negative[12]	_	
5-10	1070-1073	mit	negative[12]	Liebe/Partnerschaft[33]	
5-11	1074-1079	jeder	negative[12]	Liebe/Partnerschaft[33]	
5-12	1080-1085	möcht	negative[12]	Liebe/Partnerschaft[33]	
5-13	1085-1086	'	negative[12]	Liebe/Partnerschaft[33]	
5-14	1087-1089	er	negative[12]	Liebe/Partnerschaft[33]	
5-15	1090-1091	(	negative[12]	_	
5-16	1091-1096	diese	negative[12]	_	
5-17	1097-1108	Sau-Sau-Sau	negative[12]	_	
5-18	1108-1109	)	negative[12]	_	
5-19	1109-1110	,	_	_	
5-20	1111-1115	doch	negative[13]	_	
5-21	1116-1119	sie	negative[13]	_	
5-22	1120-1126	warnen	negative[13]	_	
5-23	1127-1131	auch	negative[13]	_	
5-24	1132-1136	ihre	negative[13]	_	
5-25	1137-1142	Söhne	negative[13]	_	
5-26	1142-1143	,	negative[13]	_	
5-27	1144-1148	denn	negative[13]	_	
5-28	1149-1151	er	negative[13]	_	
5-29	1152-1158	findet	negative[13]	_	
5-30	1159-1162	die	negative[13]	_	
5-31	1163-1168	Söhne	negative[13]	_	
5-32	1169-1173	auch	negative[13]	_	
5-33	1174-1179	nicht	negative[13]	_	
5-34	1180-1184	öhne	negative[13]	_	
5-35	1185-1186	(	negative[13]	_	
5-36	1186-1194	arrogant	negative[13]	_	
5-37	1195-1198	und	negative[13]	_	
5-38	1199-1203	cool	negative[13]	_	
5-39	1204-1205	-	negative[13]	_	
5-40	1206-1212	völlig	negative[13]	_	
5-41	1213-1219	schwul	negative[13]	_	
5-42	1219-1220	)	negative[13]	_	
5-43	1220-1221	.	negative[13]	_	
5-44	1222-1226	doch	neutral[14]	_	
5-45	1227-1230	wie	neutral[14]	_	
5-46	1231-1234	man	neutral[14]	_	
5-47	1235-1239	hört	neutral[14]	_	
5-48	1239-1240	,	neutral[14]	_	
5-49	1241-1245	kann	neutral[14]	_	
5-50	1246-1248	er	neutral[14]	_	
5-51	1249-1254	nicht	neutral[14]	_	
5-52	1255-1261	bumsen	neutral[14]	Liebe/Partnerschaft	
5-53	1261-1262	,	neutral[14]	_	
5-54	1263-1267	wenn	neutral[14]	_	
5-55	1268-1270	in	neutral[14]	_	
5-56	1271-1274	New	neutral[14]	_	
5-57	1275-1279	York	neutral[14]	_	
5-58	1280-1283	die	neutral[14]	_	
5-59	1284-1290	Aktien	neutral[14]	Politik/Soziales/Missstände[34]	
5-60	1291-1299	plumpsen	neutral[14]	Politik/Soziales/Missstände[34]	
5-61	1299-1300	.	_	_	
5-62	1301-1303	er	neutral[15]	_	
5-63	1304-1309	fängt	neutral[15]	_	
5-64	1310-1314	erst	neutral[15]	_	
5-65	1315-1321	wieder	neutral[15]	_	
5-66	1322-1324	an	neutral[15]	_	
5-67	1325-1327	zu	neutral[15]	_	
5-68	1328-1334	geigen	neutral[15]	_	
5-69	1334-1335	,	neutral[15]	_	
5-70	1336-1340	wenn	neutral[15]	_	
5-71	1341-1344	die	neutral[15]	_	
5-72	1345-1350	Kurse	neutral[15]	Politik/Soziales/Missstände[35]	
5-73	1351-1357	wieder	neutral[15]	Politik/Soziales/Missstände[35]	
5-74	1358-1365	steigen	neutral[15]	Politik/Soziales/Missstände[35]	
5-75	1365-1366	.	_	_	

#Text=D-471 81 61, wo legt er sein Vermögen an, bei der Hochzinsbank vom Vatikan.
6-1	1371-1372	D	neutral[16]	_	
6-2	1372-1373	-	neutral[16]	_	
6-3	1373-1376	471	neutral[16]	_	
6-4	1377-1379	81	neutral[16]	_	
6-5	1380-1382	61	neutral[16]	_	
6-6	1382-1383	,	neutral[16]	_	
6-7	1384-1386	wo	neutral[16]	_	
6-8	1387-1391	legt	neutral[16]	_	
6-9	1392-1394	er	neutral[16]	_	
6-10	1395-1399	sein	neutral[16]	_	
6-11	1400-1408	Vermögen	neutral[16]	Politik/Soziales/Missstände	
6-12	1409-1411	an	neutral[16]	_	
6-13	1411-1412	,	neutral[16]	_	
6-14	1413-1416	bei	neutral[16]	_	
6-15	1417-1420	der	neutral[16]	_	
6-16	1421-1433	Hochzinsbank	neutral[16]	Politik/Soziales/Missstände[36]	
6-17	1434-1437	vom	neutral[16]	Politik/Soziales/Missstände[36]	
6-18	1438-1445	Vatikan	neutral[16]	Politik/Soziales/Missstände[36]	
6-19	1445-1446	.	_	_	

#Text=Der schickt doch 'n paar Millionen an staatsfeindliche Organisationen, pfui, wahrscheinlich nimmt der auch noch Hasch oder drückt der?
7-1	1451-1454	Der	negative[17]	_	
7-2	1455-1462	schickt	negative[17]	_	
7-3	1463-1467	doch	negative[17]	_	
7-4	1468-1469	'	negative[17]	_	
7-5	1469-1470	n	negative[17]	_	
7-6	1471-1475	paar	negative[17]	_	
7-7	1476-1485	Millionen	negative[17]	_	
7-8	1486-1488	an	negative[17]	_	
7-9	1489-1505	staatsfeindliche	negative[17]	Politik/Soziales/Missstände[37]	
7-10	1506-1520	Organisationen	negative[17]	Politik/Soziales/Missstände[37]	
7-11	1520-1521	,	negative[17]	_	
7-12	1522-1526	pfui	negative[17]	_	
7-13	1526-1527	,	negative[17]	_	
7-14	1528-1542	wahrscheinlich	negative[17]	_	
7-15	1543-1548	nimmt	negative[17]	_	
7-16	1549-1552	der	negative[17]	_	
7-17	1553-1557	auch	negative[17]	_	
7-18	1558-1562	noch	negative[17]	_	
7-19	1563-1568	Hasch	negative[17]	Gesundheit/Drogen	
7-20	1569-1573	oder	negative[17]	Gesundheit/Drogen[38]	
7-21	1574-1580	drückt	negative[17]	Gesundheit/Drogen[38]	
7-22	1581-1584	der	negative[17]	Gesundheit/Drogen[38]	
7-23	1584-1585	?	negative[17]	_	

#Text=das weiß ich nicht so genau, weil ich öffentliche Toiletten überhaupt nicht benutze. hat die Nase tief im Schnee, grüßt Leute von der DKP, er blamiert ganz Deutschland!
8-1	1586-1589	das	positive[18]	_	
8-2	1590-1594	weiß	positive[18]	_	
8-3	1595-1598	ich	positive[18]	_	
8-4	1599-1604	nicht	positive[18]	_	
8-5	1605-1607	so	positive[18]	_	
8-6	1608-1613	genau	positive[18]	_	
8-7	1613-1614	,	positive[18]	_	
8-8	1615-1619	weil	positive[18]	_	
8-9	1620-1623	ich	positive[18]	_	
8-10	1624-1635	öffentliche	positive[18]	_	
8-11	1636-1645	Toiletten	positive[18]	_	
8-12	1646-1655	überhaupt	positive[18]	_	
8-13	1656-1661	nicht	positive[18]	_	
8-14	1662-1669	benutze	positive[18]	_	
8-15	1669-1670	.	positive[18]	_	
8-16	1671-1674	hat	positive[18]	_	
8-17	1675-1678	die	positive[18]	_	
8-18	1679-1683	Nase	positive[18]	Gesundheit/Drogen[39]	
8-19	1684-1688	tief	positive[18]	Gesundheit/Drogen[39]	
8-20	1689-1691	im	positive[18]	Gesundheit/Drogen[39]	
8-21	1692-1698	Schnee	positive[18]	Gesundheit/Drogen[39]	
8-22	1698-1699	,	positive[18]	_	
8-23	1700-1705	grüßt	positive[18]	_	
8-24	1706-1711	Leute	positive[18]	_	
8-25	1712-1715	von	positive[18]	_	
8-26	1716-1719	der	positive[18]	_	
8-27	1720-1723	DKP	positive[18]	_	
8-28	1723-1724	,	positive[18]	_	
8-29	1725-1727	er	positive[18]	_	
8-30	1728-1736	blamiert	positive[18]	_	
8-31	1737-1741	ganz	positive[18]	_	
8-32	1742-1753	Deutschland	positive[18]	_	
8-33	1753-1754	!	positive[18]	_	

#Text=Fährt bekifft mit Wolfgang Neuss durch Ost-Berlin im Pink Rolls Royce, sagt: Weißte, ich bin neben Kohl Deutschlands größtes Sex-Idol.
9-1	1759-1764	Fährt	neutral[19]	_	
9-2	1765-1772	bekifft	neutral[19]	Gesundheit/Drogen	
9-3	1773-1776	mit	neutral[19]	_	
9-4	1777-1785	Wolfgang	neutral[19]	_	
9-5	1786-1791	Neuss	neutral[19]	_	
9-6	1792-1797	durch	neutral[19]	_	
9-7	1798-1808	Ost-Berlin	neutral[19]	_	
9-8	1809-1811	im	neutral[19]	_	
9-9	1812-1816	Pink	neutral[19]	_	
9-10	1817-1822	Rolls	neutral[19]	_	
9-11	1823-1828	Royce	neutral[19]	_	
9-12	1828-1829	,	_	_	
9-13	1830-1834	sagt	neutral[20]	_	
9-14	1834-1835	:	neutral[20]	_	
9-15	1836-1842	Weißte	neutral[20]	_	
9-16	1842-1843	,	neutral[20]	_	
9-17	1844-1847	ich	neutral[20]	_	
9-18	1848-1851	bin	neutral[20]	_	
9-19	1852-1857	neben	neutral[20]	_	
9-20	1858-1862	Kohl	neutral[20]	_	
9-21	1863-1875	Deutschlands	neutral[20]	_	
9-22	1876-1883	größtes	neutral[20]	_	
9-23	1884-1892	Sex-Idol	neutral[20]	_	
9-24	1892-1893	.	_	_	

#Text=Er schickt mit teuren Nasa-Sonden seine Schweine-Texte und Hieroglyphen zu den fernen Space-Bewohnern zum philosophischen Überprüfen.
10-1	1894-1896	Er	negative[21]	_	
10-2	1897-1904	schickt	negative[21]	_	
10-3	1905-1908	mit	negative[21]	_	
10-4	1909-1915	teuren	negative[21]	_	
10-5	1916-1927	Nasa-Sonden	negative[21]	_	
10-6	1928-1933	seine	negative[21]	_	
10-7	1934-1948	Schweine-Texte	negative[21]	Musik	
10-8	1949-1952	und	negative[21]	_	
10-9	1953-1965	Hieroglyphen	negative[21]	_	
10-10	1966-1968	zu	negative[21]	_	
10-11	1969-1972	den	negative[21]	_	
10-12	1973-1979	fernen	negative[21]	Reisen[40]	
10-13	1980-1995	Space-Bewohnern	negative[21]	Reisen[40]	
10-14	1996-1999	zum	negative[21]	_	
10-15	2000-2015	philosophischen	negative[21]	_	
10-16	2016-2026	Überprüfen	negative[21]	_	
10-17	2026-2027	.	_	_	

#Text=Und das Letzte: Unglaublich!
11-1	2032-2035	Und	negative[22]	_	
11-2	2036-2039	das	negative[22]	_	
11-3	2040-2046	Letzte	negative[22]	_	
11-4	2046-2047	:	negative[22]	_	
11-5	2048-2059	Unglaublich	negative[22]	_	
11-6	2059-2060	!	_	_	

#Text=benennt 'ne ganze Stadt nach sich, im Allgäu besitzt er mit J.
12-1	2061-2068	benennt	neutral[23]	_	
12-2	2069-2070	'	neutral[23]	_	
12-3	2070-2072	ne	neutral[23]	_	
12-4	2073-2078	ganze	neutral[23]	_	
12-5	2079-2084	Stadt	neutral[23]	_	
12-6	2085-2089	nach	neutral[23]	_	
12-7	2090-2094	sich	neutral[23]	_	
12-8	2094-2095	,	neutral[23]	_	
12-9	2096-2098	im	neutral[23]	_	
12-10	2099-2105	Allgäu	neutral[23]	_	
12-11	2106-2113	besitzt	neutral[23]	_	
12-12	2114-2116	er	neutral[23]	_	
12-13	2117-2120	mit	neutral[23]	_	
12-14	2121-2122	J	_	_	
12-15	2122-2123	.	_	_	

#Text=R.
13-1	2124-2125	R	_	_	
13-2	2125-2126	.	_	_	

#Text=Flick 'ne Käsefabrik.
14-1	2127-2132	Flick	neutral[24]	_	
14-2	2133-2134	'	neutral[24]	_	
14-3	2134-2136	ne	neutral[24]	_	
14-4	2137-2147	Käsefabrik	neutral[24]	_	
14-5	2147-2148	.	_	_	

#Text=Ekelhaft, widerlich, wann schickt man in den Osten Dich, D-471 81 61, sagt die Wahrheit ungeniert, ist am Arsche tätowiert.
15-1	2153-2161	Ekelhaft	negative[25]	_	
15-2	2161-2162	,	negative[25]	_	
15-3	2163-2172	widerlich	negative[25]	_	
15-4	2172-2173	,	negative[25]	_	
15-5	2174-2178	wann	negative[25]	_	
15-6	2179-2186	schickt	negative[25]	_	
15-7	2187-2190	man	negative[25]	_	
15-8	2191-2193	in	negative[25]	_	
15-9	2194-2197	den	negative[25]	_	
15-10	2198-2203	Osten	negative[25]	_	
15-11	2204-2208	Dich	negative[25]	_	
15-12	2208-2209	,	_	_	
15-13	2210-2211	D	negative[26]	_	
15-14	2211-2212	-	negative[26]	_	
15-15	2212-2215	471	negative[26]	_	
15-16	2216-2218	81	negative[26]	_	
15-17	2219-2221	61	negative[26]	_	
15-18	2221-2222	,	negative[26]	_	
15-19	2223-2227	sagt	negative[26]	_	
15-20	2228-2231	die	negative[26]	_	
15-21	2232-2240	Wahrheit	negative[26]	_	
15-22	2241-2250	ungeniert	negative[26]	_	
15-23	2250-2251	,	negative[26]	_	
15-24	2252-2255	ist	negative[26]	_	
15-25	2256-2258	am	negative[26]	_	
15-26	2259-2265	Arsche	negative[26]	_	
15-27	2266-2275	tätowiert	negative[26]	_	
15-28	2275-2276	.	_	_	
