#FORMAT=WebAnno TSV 3.2
#T_SP=webanno.custom.Sentiment|Polarity
#T_SP=webanno.custom.Topic|Topics


#Text=Es fährt ein Schnellzug nach Berlin und da sitzt sie ganz alleine, ums Herz ist ihr ein bisschen bang und die Reise ist so lang. 1930 - Hermine ist ihr Name aus Gronau, eine kleine Stadt, in der man viele Träume hat.
1-1	0-2	Es	negative[1]	_	
1-2	3-8	fährt	negative[1]	_	
1-3	9-12	ein	negative[1]	_	
1-4	13-23	Schnellzug	negative[1]	Reisen	
1-5	24-28	nach	negative[1]	_	
1-6	29-35	Berlin	negative[1]	_	
1-7	36-39	und	negative[1]	_	
1-8	40-42	da	negative[1]	_	
1-9	43-48	sitzt	negative[1]	_	
1-10	49-52	sie	negative[1]	_	
1-11	53-57	ganz	negative[1]	Persönliches/Emotionen[17]	
1-12	58-65	alleine	negative[1]	Persönliches/Emotionen[17]	
1-13	65-66	,	negative[1]	_	
1-14	67-70	ums	negative[1]	_	
1-15	71-75	Herz	negative[1]	_	
1-16	76-79	ist	negative[1]	_	
1-17	80-83	ihr	negative[1]	_	
1-18	84-87	ein	negative[1]	_	
1-19	88-96	bisschen	negative[1]	_	
1-20	97-101	bang	negative[1]	_	
1-21	102-105	und	negative[1]	_	
1-22	106-109	die	negative[1]	_	
1-23	110-115	Reise	negative[1]	_	
1-24	116-119	ist	negative[1]	_	
1-25	120-122	so	negative[1]	_	
1-26	123-127	lang	negative[1]	_	
1-27	127-128	.	negative[1]	_	
1-28	129-133	1930	positive[2]	_	
1-29	134-135	-	positive[2]	_	
1-30	136-143	Hermine	positive[2]	_	
1-31	144-147	ist	positive[2]	_	
1-32	148-151	ihr	positive[2]	_	
1-33	152-156	Name	positive[2]	_	
1-34	157-160	aus	positive[2]	_	
1-35	161-167	Gronau	positive[2]	_	
1-36	167-168	,	positive[2]	_	
1-37	169-173	eine	positive[2]	_	
1-38	174-180	kleine	positive[2]	_	
1-39	181-186	Stadt	positive[2]	_	
1-40	186-187	,	positive[2]	_	
1-41	188-190	in	positive[2]	_	
1-42	191-194	der	positive[2]	_	
1-43	195-198	man	positive[2]	_	
1-44	199-204	viele	positive[2]	_	
1-45	205-211	Träume	positive[2]	_	
1-46	212-215	hat	positive[2]	_	
1-47	215-216	.	positive[2]	_	

#Text=Und ihre Augen sind groß und der Kopf ist ganz wirr.
2-1	221-224	Und	neutral[3]	_	
2-2	225-229	ihre	neutral[3]	_	
2-3	230-235	Augen	neutral[3]	_	
2-4	236-240	sind	neutral[3]	_	
2-5	241-245	groß	neutral[3]	_	
2-6	246-249	und	neutral[3]	_	
2-7	250-253	der	neutral[3]	_	
2-8	254-258	Kopf	neutral[3]	_	
2-9	259-262	ist	neutral[3]	_	
2-10	263-267	ganz	neutral[3]	Persönliches/Emotionen[18]	
2-11	268-272	wirr	neutral[3]	Persönliches/Emotionen[18]	
2-12	272-273	.	neutral[3]	_	

#Text=Die Lichter von Berlin, die zeigen ihr arme Gesichter und noble Fratzen, stoßen und fallen und suchen und hetzen.
3-1	274-277	Die	negative[4]	_	
3-2	278-285	Lichter	negative[4]	_	
3-3	286-289	von	negative[4]	_	
3-4	290-296	Berlin	negative[4]	_	
3-5	296-297	,	negative[4]	_	
3-6	298-301	die	negative[4]	_	
3-7	302-308	zeigen	negative[4]	_	
3-8	309-312	ihr	negative[4]	_	
3-9	313-317	arme	negative[4]	_	
3-10	318-327	Gesichter	negative[4]	_	
3-11	328-331	und	negative[4]	_	
3-12	332-337	noble	negative[4]	_	
3-13	338-345	Fratzen	negative[4]	_	
3-14	345-346	,	negative[4]	_	
3-15	347-353	stoßen	negative[4]	_	
3-16	354-357	und	negative[4]	_	
3-17	358-364	fallen	negative[4]	_	
3-18	365-368	und	negative[4]	_	
3-19	369-375	suchen	negative[4]	_	
3-20	376-379	und	negative[4]	_	
3-21	380-386	hetzen	negative[4]	_	
3-22	386-387	.	negative[4]	_	

#Text=Sie geht über helle Straßen, die Großstadt blendet ihr Gesicht, sie schaut in hohe Säale, Tangotänzer in blauem Licht.
4-1	392-395	Sie	neutral[5]	_	
4-2	396-400	geht	neutral[5]	_	
4-3	401-405	über	neutral[5]	_	
4-4	406-411	helle	neutral[5]	_	
4-5	412-419	Straßen	neutral[5]	_	
4-6	419-420	,	neutral[5]	_	
4-7	421-424	die	neutral[5]	_	
4-8	425-434	Großstadt	neutral[5]	_	
4-9	435-442	blendet	neutral[5]	_	
4-10	443-446	ihr	neutral[5]	_	
4-11	447-454	Gesicht	neutral[5]	_	
4-12	454-455	,	neutral[5]	_	
4-13	456-459	sie	neutral[5]	_	
4-14	460-466	schaut	neutral[5]	_	
4-15	467-469	in	neutral[5]	_	
4-16	470-474	hohe	neutral[5]	_	
4-17	475-480	Säale	neutral[5]	_	
4-18	480-481	,	neutral[5]	_	
4-19	482-493	Tangotänzer	neutral[5]	Musik	
4-20	494-496	in	neutral[5]	_	
4-21	497-503	blauem	neutral[5]	_	
4-22	504-509	Licht	neutral[5]	_	
4-23	509-510	.	neutral[5]	_	

#Text=In den Bars schlaue Männer und mondän maskierte Frauen.
5-1	511-513	In	neutral[6]	_	
5-2	514-517	den	neutral[6]	_	
5-3	518-522	Bars	neutral[6]	Gesundheit/Drogen	
5-4	523-530	schlaue	neutral[6]	_	
5-5	531-537	Männer	neutral[6]	_	
5-6	538-541	und	neutral[6]	_	
5-7	542-548	mondän	neutral[6]	_	
5-8	549-558	maskierte	neutral[6]	_	
5-9	559-565	Frauen	neutral[6]	_	
5-10	565-566	.	neutral[6]	_	

#Text=Niemals hätte sie gedacht, dass das schöne Leben so einsam macht.
6-1	567-574	Niemals	negative[7]	_	
6-2	575-580	hätte	negative[7]	_	
6-3	581-584	sie	negative[7]	_	
6-4	585-592	gedacht	negative[7]	_	
6-5	592-593	,	negative[7]	_	
6-6	594-598	dass	negative[7]	_	
6-7	599-602	das	negative[7]	_	
6-8	603-609	schöne	negative[7]	_	
6-9	610-615	Leben	negative[7]	_	
6-10	616-618	so	negative[7]	_	
6-11	619-625	einsam	negative[7]	Persönliches/Emotionen	
6-12	626-631	macht	negative[7]	_	
6-13	631-632	.	negative[7]	_	

#Text=Und ihre Augen sind groß und der Kopf ist ganz wirr.
7-1	637-640	Und	neutral[8]	_	
7-2	641-645	ihre	neutral[8]	_	
7-3	646-651	Augen	neutral[8]	_	
7-4	652-656	sind	neutral[8]	_	
7-5	657-661	groß	neutral[8]	_	
7-6	662-665	und	neutral[8]	_	
7-7	666-669	der	neutral[8]	_	
7-8	670-674	Kopf	neutral[8]	Persönliches/Emotionen[19]	
7-9	675-678	ist	neutral[8]	Persönliches/Emotionen[19]	
7-10	679-683	ganz	neutral[8]	Persönliches/Emotionen[19]	
7-11	684-688	wirr	neutral[8]	Persönliches/Emotionen[19]	
7-12	688-689	.	neutral[8]	_	

#Text=Die Lichter von Berlin, die zeigen ihr arme Gesichter und noble Fratzen, stoßen und fallen und suchen und hetzen.
8-1	690-693	Die	negative[9]	_	
8-2	694-701	Lichter	negative[9]	_	
8-3	702-705	von	negative[9]	_	
8-4	706-712	Berlin	negative[9]	_	
8-5	712-713	,	negative[9]	_	
8-6	714-717	die	negative[9]	_	
8-7	718-724	zeigen	negative[9]	_	
8-8	725-728	ihr	negative[9]	_	
8-9	729-733	arme	negative[9]	_	
8-10	734-743	Gesichter	negative[9]	_	
8-11	744-747	und	negative[9]	_	
8-12	748-753	noble	negative[9]	Politik/Soziales/Missstände[20]	
8-13	754-761	Fratzen	negative[9]	Politik/Soziales/Missstände[20]	
8-14	761-762	,	negative[9]	_	
8-15	763-769	stoßen	negative[9]	_	
8-16	770-773	und	negative[9]	_	
8-17	774-780	fallen	negative[9]	_	
8-18	781-784	und	negative[9]	_	
8-19	785-791	suchen	negative[9]	_	
8-20	792-795	und	negative[9]	_	
8-21	796-802	hetzen	negative[9]	_	
8-22	802-803	.	negative[9]	_	

#Text=Sie möcht' so gerne leben.
9-1	808-811	Sie	neutral[10]	_	
9-2	812-817	möcht	neutral[10]	_	
9-3	817-818	'	neutral[10]	_	
9-4	819-821	so	neutral[10]	_	
9-5	822-827	gerne	neutral[10]	_	
9-6	828-833	leben	neutral[10]	Persönliches/Emotionen	
9-7	833-834	.	neutral[10]	_	

#Text=Sie möcht' so gerne lachen.
10-1	835-838	Sie	neutral[11]	_	
10-2	839-844	möcht	neutral[11]	_	
10-3	844-845	'	neutral[11]	_	
10-4	846-848	so	neutral[11]	_	
10-5	849-854	gerne	neutral[11]	_	
10-6	855-861	lachen	neutral[11]	Persönliches/Emotionen	
10-7	861-862	.	neutral[11]	_	

#Text=Mit dem Koffer in der Hand steht sie vorm Vaterland.
11-1	863-866	Mit	neutral[12]	_	
11-2	867-870	dem	neutral[12]	_	
11-3	871-877	Koffer	neutral[12]	_	
11-4	878-880	in	neutral[12]	_	
11-5	881-884	der	neutral[12]	_	
11-6	885-889	Hand	neutral[12]	_	
11-7	890-895	steht	neutral[12]	_	
11-8	896-899	sie	neutral[12]	_	
11-9	900-904	vorm	neutral[12]	_	
11-10	905-914	Vaterland	neutral[12]	Politik/Soziales/Missstände	
11-11	914-915	.	neutral[12]	_	

#Text="Det is nur wat für die Fremden, Meedchen, komm mit, anderswo ist deen Glick."
12-1	920-921	"	neutral[13]	_	
12-2	921-924	Det	neutral[13]	_	
12-3	925-927	is	neutral[13]	_	
12-4	928-931	nur	neutral[13]	_	
12-5	932-935	wat	neutral[13]	_	
12-6	936-939	für	neutral[13]	_	
12-7	940-943	die	neutral[13]	_	
12-8	944-951	Fremden	neutral[13]	_	
12-9	951-952	,	neutral[13]	_	
12-10	953-961	Meedchen	neutral[13]	_	
12-11	961-962	,	neutral[13]	_	
12-12	963-967	komm	neutral[13]	_	
12-13	968-971	mit	neutral[13]	_	
12-14	971-972	,	neutral[13]	_	
12-15	973-981	anderswo	neutral[13]	_	
12-16	982-985	ist	neutral[13]	_	
12-17	986-990	deen	neutral[13]	_	
12-18	991-996	Glick	neutral[13]	_	
12-19	996-997	.	neutral[13]	_	
12-20	997-998	"	neutral[13]	_	

#Text=Sein Haar glänzt schwarz, die Augen sind ganz wach: "Gustav heeß ick und det, det is dein Tach."
13-1	1003-1007	Sein	positive[14]	_	
13-2	1008-1012	Haar	positive[14]	_	
13-3	1013-1019	glänzt	positive[14]	_	
13-4	1020-1027	schwarz	positive[14]	_	
13-5	1027-1028	,	positive[14]	_	
13-6	1029-1032	die	positive[14]	_	
13-7	1033-1038	Augen	positive[14]	_	
13-8	1039-1043	sind	positive[14]	_	
13-9	1044-1048	ganz	positive[14]	_	
13-10	1049-1053	wach	positive[14]	_	
13-11	1053-1054	:	positive[14]	_	
13-12	1055-1056	"	positive[14]	_	
13-13	1056-1062	Gustav	positive[14]	Liebe/Partnerschaft	
13-14	1063-1067	heeß	positive[14]	_	
13-15	1068-1071	ick	positive[14]	_	
13-16	1072-1075	und	positive[14]	_	
13-17	1076-1079	det	positive[14]	_	
13-18	1079-1080	,	positive[14]	_	
13-19	1081-1084	det	positive[14]	_	
13-20	1085-1087	is	positive[14]	_	
13-21	1088-1092	dein	positive[14]	_	
13-22	1093-1097	Tach	positive[14]	_	
13-23	1097-1098	.	positive[14]	_	
13-24	1098-1099	"	positive[14]	_	

#Text=Hermine?
14-1	1104-1111	Hermine	neutral[15]	Liebe/Partnerschaft	
14-2	1111-1112	?	neutral[15]	_	

#Text=Hermine, komm mit.
15-1	1113-1120	Hermine	neutral[16]	Liebe/Partnerschaft	
15-2	1120-1121	,	neutral[16]	_	
15-3	1122-1126	komm	neutral[16]	_	
15-4	1127-1130	mit	neutral[16]	_	
15-5	1130-1131	.	neutral[16]	_	
