#FORMAT=WebAnno TSV 3.2
#T_SP=webanno.custom.Sentiment|Polarity
#T_SP=webanno.custom.Topic|Topics


#Text=Als ich Dich gesehen hab' das erste Mal, war der Blick 'n Tick zu lang, war wie'n Signal - total.
1-1	0-3	Als	neutral[1]	_	
1-2	4-7	ich	neutral[1]	_	
1-3	8-12	Dich	neutral[1]	_	
1-4	13-20	gesehen	neutral[1]	_	
1-5	21-24	hab	neutral[1]	_	
1-6	24-25	'	neutral[1]	_	
1-7	26-29	das	neutral[1]	_	
1-8	30-35	erste	neutral[1]	_	
1-9	36-39	Mal	neutral[1]	_	
1-10	39-40	,	neutral[1]	_	
1-11	41-44	war	neutral[1]	_	
1-12	45-48	der	neutral[1]	_	
1-13	49-54	Blick	neutral[1]	_	
1-14	55-56	'	neutral[1]	_	
1-15	56-57	n	neutral[1]	_	
1-16	58-62	Tick	neutral[1]	_	
1-17	63-65	zu	neutral[1]	_	
1-18	66-70	lang	neutral[1]	_	
1-19	70-71	,	neutral[1]	_	
1-20	72-75	war	neutral[1]	_	
1-21	76-81	wie'n	neutral[1]	_	
1-22	82-88	Signal	neutral[1]	_	
1-23	89-90	-	neutral[1]	_	
1-24	91-96	total	neutral[1]	_	
1-25	96-97	.	_	_	

#Text=Ich hab geglaubt, ich wär so cool und mal wieder frei  und dachte einfach weitergeh'n, das geht schon vorbei -  zu spät, ich kann das nicht mehr anhalten.
2-1	98-101	Ich	neutral[2]	_	
2-2	102-105	hab	neutral[2]	_	
2-3	106-114	geglaubt	neutral[2]	_	
2-4	114-115	,	neutral[2]	_	
2-5	116-119	ich	neutral[2]	Persönliches/Emotionen[14]	
2-6	120-123	wär	neutral[2]	Persönliches/Emotionen[14]	
2-7	124-126	so	neutral[2]	Persönliches/Emotionen[14]	
2-8	127-131	cool	neutral[2]	Persönliches/Emotionen[14]	
2-9	132-135	und	neutral[2]	_	
2-10	136-139	mal	neutral[2]	_	
2-11	140-146	wieder	neutral[2]	_	
2-12	147-151	frei	neutral[2]	_	
2-13	153-156	und	neutral[2]	_	
2-14	157-163	dachte	neutral[2]	_	
2-15	164-171	einfach	neutral[2]	_	
2-16	172-183	weitergeh'n	neutral[2]	_	
2-17	183-184	,	neutral[2]	_	
2-18	185-188	das	neutral[2]	_	
2-19	189-193	geht	neutral[2]	_	
2-20	194-199	schon	neutral[2]	_	
2-21	200-206	vorbei	neutral[2]	_	
2-22	207-208	-	_	_	
2-23	210-212	zu	_	_	
2-24	213-217	spät	negative[3]	_	
2-25	217-218	,	negative[3]	_	
2-26	219-222	ich	negative[3]	_	
2-27	223-227	kann	negative[3]	_	
2-28	228-231	das	negative[3]	_	
2-29	232-237	nicht	negative[3]	_	
2-30	238-242	mehr	negative[3]	_	
2-31	243-251	anhalten	negative[3]	_	
2-32	251-252	.	_	_	

#Text=Der Countdown läuft, ich bin verrückt nach Dir, gibt kein Zurück mehr, du gehörst zu mir.
3-1	257-260	Der	positive[4]	_	
3-2	261-270	Countdown	positive[4]	_	
3-3	271-276	läuft	positive[4]	_	
3-4	276-277	,	positive[4]	_	
3-5	278-281	ich	positive[4]	_	
3-6	282-285	bin	positive[4]	_	
3-7	286-294	verrückt	positive[4]	Liebe/Partnerschaft[15]	
3-8	295-299	nach	positive[4]	Liebe/Partnerschaft[15]	
3-9	300-303	Dir	positive[4]	Liebe/Partnerschaft[15]	
3-10	303-304	,	positive[4]	_	
3-11	305-309	gibt	positive[4]	_	
3-12	310-314	kein	positive[4]	_	
3-13	315-321	Zurück	positive[4]	_	
3-14	322-326	mehr	positive[4]	_	
3-15	326-327	,	positive[4]	_	
3-16	328-330	du	positive[4]	_	
3-17	331-338	gehörst	positive[4]	Liebe/Partnerschaft[16]	
3-18	339-341	zu	positive[4]	Liebe/Partnerschaft[16]	
3-19	342-345	mir	positive[4]	Liebe/Partnerschaft[16]	
3-20	345-346	.	_	_	

#Text=Es ist doch ganz klar, an dir komm' ich nicht vorbei.
4-1	347-349	Es	positive[5]	_	
4-2	350-353	ist	positive[5]	_	
4-3	354-358	doch	positive[5]	_	
4-4	359-363	ganz	positive[5]	_	
4-5	364-368	klar	positive[5]	_	
4-6	368-369	,	positive[5]	_	
4-7	370-372	an	positive[5]	_	
4-8	373-376	dir	positive[5]	_	
4-9	377-381	komm	positive[5]	_	
4-10	381-382	'	positive[5]	_	
4-11	383-386	ich	positive[5]	_	
4-12	387-392	nicht	positive[5]	_	
4-13	393-399	vorbei	positive[5]	_	
4-14	399-400	.	_	_	

#Text=Der Countdown läuft, ich bin verrückt nach Dir, gibt kein Zurück mehr, du gehörst zu mir.
5-1	405-408	Der	positive[6]	_	
5-2	409-418	Countdown	positive[6]	_	
5-3	419-424	läuft	positive[6]	_	
5-4	424-425	,	positive[6]	_	
5-5	426-429	ich	positive[6]	_	
5-6	430-433	bin	positive[6]	_	
5-7	434-442	verrückt	positive[6]	Liebe/Partnerschaft[17]	
5-8	443-447	nach	positive[6]	Liebe/Partnerschaft[17]	
5-9	448-451	Dir	positive[6]	Liebe/Partnerschaft[17]	
5-10	451-452	,	positive[6]	_	
5-11	453-457	gibt	positive[6]	_	
5-12	458-462	kein	positive[6]	_	
5-13	463-469	Zurück	positive[6]	_	
5-14	470-474	mehr	positive[6]	_	
5-15	474-475	,	positive[6]	_	
5-16	476-478	du	positive[6]	_	
5-17	479-486	gehörst	positive[6]	Liebe/Partnerschaft[18]	
5-18	487-489	zu	positive[6]	Liebe/Partnerschaft[18]	
5-19	490-493	mir	positive[6]	Liebe/Partnerschaft[18]	
5-20	493-494	.	_	_	

#Text=Es ist doch ganz klar, an dir komm' ich nicht vorbei.
6-1	495-497	Es	positive[7]	_	
6-2	498-501	ist	positive[7]	_	
6-3	502-506	doch	positive[7]	_	
6-4	507-511	ganz	positive[7]	_	
6-5	512-516	klar	positive[7]	_	
6-6	516-517	,	positive[7]	_	
6-7	518-520	an	positive[7]	_	
6-8	521-524	dir	positive[7]	_	
6-9	525-529	komm	positive[7]	_	
6-10	529-530	'	positive[7]	_	
6-11	531-534	ich	positive[7]	_	
6-12	535-540	nicht	positive[7]	_	
6-13	541-547	vorbei	positive[7]	_	
6-14	547-548	.	_	_	

#Text=Als Gott den Stahl erfand, hat er an dich gedacht, denn, wenn du was willst, dann wird das auch gemacht - stahlhart.
7-1	553-556	Als	positive[8]	_	
7-2	557-561	Gott	positive[8]	_	
7-3	562-565	den	positive[8]	_	
7-4	566-571	Stahl	positive[8]	_	
7-5	572-578	erfand	positive[8]	_	
7-6	578-579	,	positive[8]	_	
7-7	580-583	hat	positive[8]	_	
7-8	584-586	er	positive[8]	_	
7-9	587-589	an	positive[8]	Liebe/Partnerschaft[19]	
7-10	590-594	dich	positive[8]	Liebe/Partnerschaft[19]	
7-11	595-602	gedacht	positive[8]	Liebe/Partnerschaft[19]	
7-12	602-603	,	positive[8]	_	
7-13	604-608	denn	positive[8]	_	
7-14	608-609	,	positive[8]	_	
7-15	610-614	wenn	positive[8]	_	
7-16	615-617	du	positive[8]	_	
7-17	618-621	was	positive[8]	_	
7-18	622-628	willst	positive[8]	_	
7-19	628-629	,	positive[8]	_	
7-20	630-634	dann	positive[8]	_	
7-21	635-639	wird	positive[8]	_	
7-22	640-643	das	positive[8]	_	
7-23	644-648	auch	positive[8]	_	
7-24	649-656	gemacht	positive[8]	_	
7-25	657-658	-	positive[8]	_	
7-26	659-668	stahlhart	positive[8]	_	
7-27	668-669	.	positive[8]	_	

#Text=Und als Gott den Samt erfand, hast du ihn inspiriert.
8-1	670-673	Und	positive[9]	_	
8-2	674-677	als	positive[9]	_	
8-3	678-682	Gott	positive[9]	_	
8-4	683-686	den	positive[9]	_	
8-5	687-691	Samt	positive[9]	_	
8-6	692-698	erfand	positive[9]	_	
8-7	698-699	,	positive[9]	_	
8-8	700-704	hast	positive[9]	_	
8-9	705-707	du	positive[9]	_	
8-10	708-711	ihn	positive[9]	_	
8-11	712-722	inspiriert	positive[9]	_	
8-12	722-723	.	_	_	

#Text=Bist der Stoff aus dem Träume sind, ganz weich und ganz schön raffiniert.
9-1	724-728	Bist	positive[10]	_	
9-2	729-732	der	positive[10]	_	
9-3	733-738	Stoff	positive[10]	_	
9-4	739-742	aus	positive[10]	_	
9-5	743-746	dem	positive[10]	_	
9-6	747-753	Träume	positive[10]	_	
9-7	754-758	sind	positive[10]	_	
9-8	758-759	,	positive[10]	_	
9-9	760-764	ganz	positive[10]	_	
9-10	765-770	weich	positive[10]	_	
9-11	771-774	und	positive[10]	_	
9-12	775-779	ganz	positive[10]	_	
9-13	780-785	schön	positive[10]	_	
9-14	786-796	raffiniert	positive[10]	_	
9-15	796-797	.	_	_	

#Text=Du bist beides: hart und zärtlich.
10-1	798-800	Du	positive[11]	_	
10-2	801-805	bist	positive[11]	_	
10-3	806-812	beides	positive[11]	_	
10-4	812-813	:	positive[11]	_	
10-5	814-818	hart	positive[11]	_	
10-6	819-822	und	positive[11]	_	
10-7	823-831	zärtlich	positive[11]	_	
10-8	831-832	.	_	_	

#Text=Der Countdown läuft, ich bin verrückt nach Dir, gibt kein Zurück mehr, du gehörst zu mir.
11-1	837-840	Der	positive[12]	_	
11-2	841-850	Countdown	positive[12]	_	
11-3	851-856	läuft	positive[12]	_	
11-4	856-857	,	positive[12]	_	
11-5	858-861	ich	positive[12]	_	
11-6	862-865	bin	positive[12]	_	
11-7	866-874	verrückt	positive[12]	Liebe/Partnerschaft[20]	
11-8	875-879	nach	positive[12]	Liebe/Partnerschaft[20]	
11-9	880-883	Dir	positive[12]	Liebe/Partnerschaft[20]	
11-10	883-884	,	positive[12]	_	
11-11	885-889	gibt	positive[12]	_	
11-12	890-894	kein	positive[12]	_	
11-13	895-901	Zurück	positive[12]	_	
11-14	902-906	mehr	positive[12]	_	
11-15	906-907	,	positive[12]	_	
11-16	908-910	du	positive[12]	_	
11-17	911-918	gehörst	positive[12]	Liebe/Partnerschaft[21]	
11-18	919-921	zu	positive[12]	Liebe/Partnerschaft[21]	
11-19	922-925	mir	positive[12]	Liebe/Partnerschaft[21]	
11-20	925-926	.	_	_	

#Text=Es ist doch ganz klar an dir komm' ich nicht vorbei, 90 000 Sekunden täglich für Dich da, mindestens 1000 Tage jedes Jahr und ich sag' dir auch an mir  kommst du nicht vorbei.
12-1	927-929	Es	positive[13]	_	
12-2	930-933	ist	positive[13]	_	
12-3	934-938	doch	positive[13]	_	
12-4	939-943	ganz	positive[13]	_	
12-5	944-948	klar	positive[13]	_	
12-6	949-951	an	positive[13]	_	
12-7	952-955	dir	positive[13]	_	
12-8	956-960	komm	positive[13]	_	
12-9	960-961	'	positive[13]	_	
12-10	962-965	ich	positive[13]	_	
12-11	966-971	nicht	positive[13]	_	
12-12	972-978	vorbei	positive[13]	_	
12-13	978-979	,	positive[13]	_	
12-14	980-982	90	positive[13]	_	
12-15	983-986	000	positive[13]	_	
12-16	987-995	Sekunden	positive[13]	_	
12-17	996-1003	täglich	positive[13]	_	
12-18	1004-1007	für	positive[13]	Liebe/Partnerschaft[22]	
12-19	1008-1012	Dich	positive[13]	Liebe/Partnerschaft[22]	
12-20	1013-1015	da	positive[13]	Liebe/Partnerschaft[22]	
12-21	1015-1016	,	positive[13]	_	
12-22	1017-1027	mindestens	positive[13]	_	
12-23	1028-1032	1000	positive[13]	_	
12-24	1033-1037	Tage	positive[13]	_	
12-25	1038-1043	jedes	positive[13]	_	
12-26	1044-1048	Jahr	positive[13]	_	
12-27	1049-1052	und	positive[13]	_	
12-28	1053-1056	ich	positive[13]	_	
12-29	1057-1060	sag	positive[13]	_	
12-30	1060-1061	'	positive[13]	_	
12-31	1062-1065	dir	positive[13]	_	
12-32	1066-1070	auch	positive[13]	_	
12-33	1071-1073	an	positive[13]	_	
12-34	1074-1077	mir	positive[13]	_	
12-35	1079-1085	kommst	positive[13]	_	
12-36	1086-1088	du	positive[13]	_	
12-37	1089-1094	nicht	positive[13]	_	
12-38	1095-1101	vorbei	positive[13]	_	
12-39	1101-1102	.	_	_	
