#FORMAT=WebAnno TSV 3.2
#T_SP=webanno.custom.Sentiment|Polarity
#T_SP=webanno.custom.Topic|Topics


#Text=Deutsche Männer mit starken Beinen  und schnellen Füßen - sie kämpfen in Spanien  und sie schießen das Weltmeister-Tor . ja, das kommt bei uns auch schon mal vor , bei uns in Spanien, bei uns in Spanien.
1-1	0-8	Deutsche	positive[1]	Politik/Soziales/Missstände[28]	
1-2	9-15	Männer	positive[1]	Politik/Soziales/Missstände[28]	
1-3	16-19	mit	positive[1]	_	
1-4	20-27	starken	positive[1]	Gesundheit/Drogen[29]	
1-5	28-34	Beinen	positive[1]	Gesundheit/Drogen[29]	
1-6	36-39	und	positive[1]	_	
1-7	40-49	schnellen	positive[1]	Gesundheit/Drogen[30]	
1-8	50-55	Füßen	positive[1]	Gesundheit/Drogen[30]	
1-9	56-57	-	positive[1]	_	
1-10	58-61	sie	positive[1]	_	
1-11	62-69	kämpfen	positive[1]	Politik/Soziales/Missstände	
1-12	70-72	in	positive[1]	_	
1-13	73-80	Spanien	positive[1]	_	
1-14	82-85	und	positive[1]	_	
1-15	86-89	sie	positive[1]	_	
1-16	90-98	schießen	positive[1]	Politik/Soziales/Missstände	
1-17	99-102	das	positive[1]	_	
1-18	103-118	Weltmeister-Tor	positive[1]	_	
1-19	119-120	.	_	_	
1-20	121-123	ja	positive[2]	_	
1-21	123-124	,	positive[2]	_	
1-22	125-128	das	positive[2]	_	
1-23	129-134	kommt	positive[2]	_	
1-24	135-138	bei	positive[2]	_	
1-25	139-142	uns	positive[2]	_	
1-26	143-147	auch	positive[2]	_	
1-27	148-153	schon	positive[2]	_	
1-28	154-157	mal	positive[2]	_	
1-29	158-161	vor	positive[2]	_	
1-30	162-163	,	positive[2]	_	
1-31	164-167	bei	positive[2]	_	
1-32	168-171	uns	positive[2]	_	
1-33	172-174	in	positive[2]	_	
1-34	175-182	Spanien	positive[2]	Reisen	
1-35	182-183	,	positive[2]	_	
1-36	184-187	bei	positive[2]	_	
1-37	188-191	uns	positive[2]	_	
1-38	192-194	in	positive[2]	_	
1-39	195-202	Spanien	positive[2]	Reisen	
1-40	202-203	.	_	_	

#Text=Deutsche Männer, das weiß doch wohl jeder , sie treten das Leder direkt in das Netz hinein . ein Torero schaut fassungslos zu  und sein Stier sagt nur leise noch: Schubidu . bei uns in Spanien, ja, in Spananien.
2-1	208-216	Deutsche	positive[3]	Politik/Soziales/Missstände[31]	
2-2	217-223	Männer	positive[3]	Politik/Soziales/Missstände[31]	
2-3	223-224	,	positive[3]	_	
2-4	225-228	das	positive[3]	_	
2-5	229-233	weiß	positive[3]	_	
2-6	234-238	doch	positive[3]	_	
2-7	239-243	wohl	positive[3]	_	
2-8	244-249	jeder	positive[3]	_	
2-9	250-251	,	positive[3]	_	
2-10	252-255	sie	positive[3]	_	
2-11	256-262	treten	positive[3]	_	
2-12	263-266	das	positive[3]	_	
2-13	267-272	Leder	positive[3]	_	
2-14	273-279	direkt	positive[3]	_	
2-15	280-282	in	positive[3]	_	
2-16	283-286	das	positive[3]	_	
2-17	287-291	Netz	positive[3]	_	
2-18	292-298	hinein	positive[3]	_	
2-19	299-300	.	_	_	
2-20	301-304	ein	neutral[4]	_	
2-21	305-311	Torero	neutral[4]	_	
2-22	312-318	schaut	neutral[4]	_	
2-23	319-330	fassungslos	neutral[4]	_	
2-24	331-333	zu	neutral[4]	_	
2-25	335-338	und	neutral[4]	_	
2-26	339-343	sein	neutral[4]	_	
2-27	344-349	Stier	neutral[4]	_	
2-28	350-354	sagt	neutral[4]	_	
2-29	355-358	nur	neutral[4]	_	
2-30	359-364	leise	neutral[4]	_	
2-31	365-369	noch	neutral[4]	_	
2-32	369-370	:	_	_	
2-33	371-379	Schubidu	_	_	
2-34	380-381	.	_	_	
2-35	382-385	bei	neutral[5]	_	
2-36	386-389	uns	neutral[5]	_	
2-37	390-392	in	neutral[5]	_	
2-38	393-400	Spanien	neutral[5]	Reisen	
2-39	400-401	,	neutral[5]	_	
2-40	402-404	ja	neutral[5]	_	
2-41	404-405	,	neutral[5]	_	
2-42	406-408	in	neutral[5]	_	
2-43	409-418	Spananien	neutral[5]	_	
2-44	418-419	.	neutral[5]	_	

#Text=Toni hält seine Bälle wie sonst keiner auf der Welt.
3-1	424-428	Toni	positive[6]	_	
3-2	429-433	hält	positive[6]	_	
3-3	434-439	seine	positive[6]	_	
3-4	440-445	Bälle	positive[6]	_	
3-5	446-449	wie	positive[6]	_	
3-6	450-455	sonst	positive[6]	_	
3-7	456-462	keiner	positive[6]	_	
3-8	463-466	auf	positive[6]	_	
3-9	467-470	der	positive[6]	_	
3-10	471-475	Welt	positive[6]	_	
3-11	475-476	.	_	_	

#Text=Ayatollah Paule schießt den Schuss , der vergoldet werden muss. dann die Bananenflanke von Manfaredo Kaltz  auf den ungeheuren Zauberschädel, und dann knallt's.
4-1	477-486	Ayatollah	positive[7]	_	
4-2	487-492	Paule	positive[7]	_	
4-3	493-500	schießt	positive[7]	Politik/Soziales/Missstände[32]	
4-4	501-504	den	positive[7]	Politik/Soziales/Missstände[32]	
4-5	505-511	Schuss	positive[7]	Politik/Soziales/Missstände[32]	
4-6	512-513	,	positive[7]	_	
4-7	514-517	der	positive[7]	_	
4-8	518-527	vergoldet	positive[7]	_	
4-9	528-534	werden	positive[7]	_	
4-10	535-539	muss	positive[7]	_	
4-11	539-540	.	_	_	
4-12	541-545	dann	neutral[8]	_	
4-13	546-549	die	neutral[8]	_	
4-14	550-563	Bananenflanke	neutral[8]	_	
4-15	564-567	von	neutral[8]	_	
4-16	568-577	Manfaredo	neutral[8]	_	
4-17	578-583	Kaltz	neutral[8]	_	
4-18	585-588	auf	neutral[8]	_	
4-19	589-592	den	neutral[8]	_	
4-20	593-603	ungeheuren	neutral[8]	_	
4-21	604-617	Zauberschädel	neutral[8]	_	
4-22	617-618	,	neutral[8]	_	
4-23	619-622	und	neutral[8]	_	
4-24	623-627	dann	neutral[8]	_	
4-25	628-636	knallt's	neutral[8]	Politik/Soziales/Missstände	
4-26	636-637	.	_	_	

#Text=Deutsche Männer mit starker Abwehr und starkem Angriff , vernichten und sie schlagen den Feind  und die Träne des feindlichen Trainers , ja, sie wird so bitterlich geweint . bei uns in Spanien, ja, in Spananien.
5-1	642-650	Deutsche	positive[9]	Politik/Soziales/Missstände[33]	
5-2	651-657	Männer	positive[9]	Politik/Soziales/Missstände[33]	
5-3	658-661	mit	positive[9]	_	
5-4	662-669	starker	positive[9]	Politik/Soziales/Missstände[34]	
5-5	670-676	Abwehr	positive[9]	Politik/Soziales/Missstände[34]	
5-6	677-680	und	positive[9]	_	
5-7	681-688	starkem	positive[9]	Politik/Soziales/Missstände[35]	
5-8	689-696	Angriff	positive[9]	Politik/Soziales/Missstände[35]	
5-9	697-698	,	positive[9]	_	
5-10	699-709	vernichten	positive[9]	Politik/Soziales/Missstände	
5-11	710-713	und	positive[9]	_	
5-12	714-717	sie	positive[9]	_	
5-13	718-726	schlagen	positive[9]	Politik/Soziales/Missstände[36]	
5-14	727-730	den	positive[9]	Politik/Soziales/Missstände[36]	
5-15	731-736	Feind	positive[9]	Politik/Soziales/Missstände[36]	
5-16	738-741	und	_	_	
5-17	742-745	die	negative[10]	_	
5-18	746-751	Träne	negative[10]	_	
5-19	752-755	des	negative[10]	_	
5-20	756-767	feindlichen	negative[10]	Politik/Soziales/Missstände	
5-21	768-776	Trainers	negative[10]	_	
5-22	777-778	,	negative[10]	_	
5-23	779-781	ja	negative[10]	_	
5-24	781-782	,	negative[10]	_	
5-25	783-786	sie	negative[10]	_	
5-26	787-791	wird	negative[10]	_	
5-27	792-794	so	negative[10]	_	
5-28	795-805	bitterlich	negative[10]	Persönliches/Emotionen[37]	
5-29	806-813	geweint	negative[10]	Persönliches/Emotionen[37]	
5-30	814-815	.	_	_	
5-31	816-819	bei	neutral[11]	_	
5-32	820-823	uns	neutral[11]	_	
5-33	824-826	in	neutral[11]	_	
5-34	827-834	Spanien	neutral[11]	Reisen	
5-35	834-835	,	neutral[11]	_	
5-36	836-838	ja	neutral[11]	_	
5-37	838-839	,	neutral[11]	_	
5-38	840-842	in	neutral[11]	_	
5-39	843-852	Spananien	neutral[11]	_	
5-40	852-853	.	_	_	

#Text=Deutsche Männer, sie wurden nicht vergessen , als der liebe Gott den Stahl erfand . welche Lust, welcher Stolz, ganz vorherragend. welche Lust, welcher Stolz, was für ein Land . bei uns in Spanien, ja, in Spananien.
6-1	858-866	Deutsche	positive[12]	Politik/Soziales/Missstände[38]	
6-2	867-873	Männer	positive[12]	Politik/Soziales/Missstände[38]	
6-3	873-874	,	positive[12]	_	
6-4	875-878	sie	positive[12]	_	
6-5	879-885	wurden	positive[12]	_	
6-6	886-891	nicht	positive[12]	_	
6-7	892-901	vergessen	positive[12]	_	
6-8	902-903	,	positive[12]	_	
6-9	904-907	als	positive[12]	_	
6-10	908-911	der	positive[12]	_	
6-11	912-917	liebe	positive[12]	_	
6-12	918-922	Gott	positive[12]	_	
6-13	923-926	den	positive[12]	_	
6-14	927-932	Stahl	positive[12]	_	
6-15	933-939	erfand	positive[12]	_	
6-16	940-941	.	_	_	
6-17	942-948	welche	positive[13]	_	
6-18	949-953	Lust	positive[13]	_	
6-19	953-954	,	positive[13]	_	
6-20	955-962	welcher	positive[13]	_	
6-21	963-968	Stolz	positive[13]	_	
6-22	968-969	,	positive[13]	_	
6-23	970-974	ganz	positive[13]	_	
6-24	975-987	vorherragend	positive[13]	_	
6-25	987-988	.	_	_	
6-26	989-995	welche	positive[14]	_	
6-27	996-1000	Lust	positive[14]	_	
6-28	1000-1001	,	positive[14]	_	
6-29	1002-1009	welcher	positive[14]	_	
6-30	1010-1015	Stolz	positive[14]	_	
6-31	1015-1016	,	positive[14]	_	
6-32	1017-1020	was	positive[14]	_	
6-33	1021-1024	für	positive[14]	_	
6-34	1025-1028	ein	positive[14]	_	
6-35	1029-1033	Land	positive[14]	_	
6-36	1034-1035	.	_	_	
6-37	1036-1039	bei	neutral[15]	_	
6-38	1040-1043	uns	neutral[15]	_	
6-39	1044-1046	in	neutral[15]	_	
6-40	1047-1054	Spanien	neutral[15]	Reisen	
6-41	1054-1055	,	neutral[15]	_	
6-42	1056-1058	ja	neutral[15]	_	
6-43	1058-1059	,	neutral[15]	_	
6-44	1060-1062	in	neutral[15]	_	
6-45	1063-1072	Spananien	neutral[15]	_	
6-46	1072-1073	.	neutral[15]	_	

#Text=Häuptling Silberlocke schickt seine Männer  in das gegnerische Feld : "Deutschland vor, noch ein Tor  und wieder zeigen wir's der ganzen Welt!"
7-1	1078-1087	Häuptling	neutral[16]	_	
7-2	1088-1099	Silberlocke	neutral[16]	_	
7-3	1100-1107	schickt	neutral[16]	_	
7-4	1108-1113	seine	neutral[16]	_	
7-5	1114-1120	Männer	neutral[16]	_	
7-6	1122-1124	in	neutral[16]	_	
7-7	1125-1128	das	neutral[16]	_	
7-8	1129-1140	gegnerische	neutral[16]	Politik/Soziales/Missstände[39]	
7-9	1141-1145	Feld	neutral[16]	Politik/Soziales/Missstände[39]	
7-10	1146-1147	:	_	_	
7-11	1148-1149	"	_	_	
7-12	1149-1160	Deutschland	positive[17]	Politik/Soziales/Missstände	
7-13	1161-1164	vor	positive[17]	_	
7-14	1164-1165	,	positive[17]	_	
7-15	1166-1170	noch	positive[17]	_	
7-16	1171-1174	ein	positive[17]	_	
7-17	1175-1178	Tor	positive[17]	_	
7-18	1180-1183	und	positive[17]	_	
7-19	1184-1190	wieder	positive[17]	_	
7-20	1191-1197	zeigen	positive[17]	_	
7-21	1198-1203	wir's	positive[17]	_	
7-22	1204-1207	der	positive[17]	_	
7-23	1208-1214	ganzen	positive[17]	_	
7-24	1215-1219	Welt	positive[17]	_	
7-25	1219-1220	!	positive[17]	_	
7-26	1220-1221	"	_	_	

#Text=Die Nation ist im Rausch , alle wollen den totalen Sieg  und ich hör' den Reporter ausflippen  und ich ich frag' mich, ist jetzt Krieg?
8-1	1223-1226	Die	positive[18]	_	
8-2	1227-1233	Nation	positive[18]	_	
8-3	1234-1237	ist	positive[18]	_	
8-4	1238-1240	im	positive[18]	_	
8-5	1241-1247	Rausch	positive[18]	_	
8-6	1248-1249	,	positive[18]	_	
8-7	1250-1254	alle	positive[18]	_	
8-8	1255-1261	wollen	positive[18]	_	
8-9	1262-1265	den	positive[18]	Politik/Soziales/Missstände[40]	
8-10	1266-1273	totalen	positive[18]	Politik/Soziales/Missstände[40]	
8-11	1274-1278	Sieg	positive[18]	Politik/Soziales/Missstände[40]	
8-12	1280-1283	und	_	_	
8-13	1284-1287	ich	positive[19]	_	
8-14	1288-1291	hör	positive[19]	_	
8-15	1291-1292	'	positive[19]	_	
8-16	1293-1296	den	positive[19]	_	
8-17	1297-1305	Reporter	positive[19]	_	
8-18	1306-1316	ausflippen	positive[19]	_	
8-19	1318-1321	und	_	_	
8-20	1322-1325	ich	_	_	
8-21	1326-1329	ich	negative[20]	_	
8-22	1330-1334	frag	negative[20]	_	
8-23	1334-1335	'	negative[20]	_	
8-24	1336-1340	mich	negative[20]	_	
8-25	1340-1341	,	negative[20]	_	
8-26	1342-1345	ist	negative[20]	_	
8-27	1346-1351	jetzt	negative[20]	_	
8-28	1352-1357	Krieg	negative[20]	Politik/Soziales/Missstände	
8-29	1357-1358	?	negative[20]	_	

#Text="Und da, da steigt er hoch im gegnerischen Strafraum, ja, die Abwehr ist durchbrochen  und die Deutschen bezwingen die Verteidigung , die heute alt aussieht . der Feind wurde in unglaublicher Präzision niedergewälzt , allegemacht, einfach ausradiert .
9-1	1363-1364	"	_	_	
9-2	1364-1367	Und	positive[21]	_	
9-3	1368-1370	da	positive[21]	_	
9-4	1370-1371	,	positive[21]	_	
9-5	1372-1374	da	positive[21]	_	
9-6	1375-1381	steigt	positive[21]	_	
9-7	1382-1384	er	positive[21]	_	
9-8	1385-1389	hoch	positive[21]	_	
9-9	1390-1392	im	positive[21]	_	
9-10	1393-1405	gegnerischen	positive[21]	_	
9-11	1406-1415	Strafraum	positive[21]	_	
9-12	1415-1416	,	positive[21]	_	
9-13	1417-1419	ja	positive[21]	_	
9-14	1419-1420	,	positive[21]	_	
9-15	1421-1424	die	positive[21]	_	
9-16	1425-1431	Abwehr	positive[21]	_	
9-17	1432-1435	ist	positive[21]	_	
9-18	1436-1448	durchbrochen	positive[21]	_	
9-19	1450-1453	und	_	_	
9-20	1454-1457	die	positive[22]	_	
9-21	1458-1467	Deutschen	positive[22]	Politik/Soziales/Missstände	
9-22	1468-1477	bezwingen	positive[22]	_	
9-23	1478-1481	die	positive[22]	_	
9-24	1482-1494	Verteidigung	positive[22]	_	
9-25	1495-1496	,	positive[22]	_	
9-26	1497-1500	die	positive[22]	_	
9-27	1501-1506	heute	positive[22]	_	
9-28	1507-1510	alt	positive[22]	_	
9-29	1511-1519	aussieht	positive[22]	_	
9-30	1520-1521	.	_	_	
9-31	1522-1525	der	positive[23]	_	
9-32	1526-1531	Feind	positive[23]	Politik/Soziales/Missstände	
9-33	1532-1537	wurde	positive[23]	_	
9-34	1538-1540	in	positive[23]	_	
9-35	1541-1554	unglaublicher	positive[23]	_	
9-36	1555-1564	Präzision	positive[23]	_	
9-37	1565-1578	niedergewälzt	positive[23]	_	
9-38	1579-1580	,	positive[23]	_	
9-39	1581-1592	allegemacht	positive[23]	_	
9-40	1592-1593	,	positive[23]	_	
9-41	1594-1601	einfach	positive[23]	_	
9-42	1602-1612	ausradiert	positive[23]	Politik/Soziales/Missstände	
9-43	1613-1614	.	_	_	

#Text=Sie können sich nicht vorstellen, welche Stimmung  hier aufkommt, meine Damen und Herren . die deutschen Schlachtenbummler , sie stimmen ein Lied an:  "Deutschland, Deutschland über alles"  "So ein Tag, so wunderschön wie heute"
10-1	1615-1618	Sie	positive[24]	_	
10-2	1619-1625	können	positive[24]	_	
10-3	1626-1630	sich	positive[24]	_	
10-4	1631-1636	nicht	positive[24]	_	
10-5	1637-1647	vorstellen	positive[24]	_	
10-6	1647-1648	,	positive[24]	_	
10-7	1649-1655	welche	positive[24]	_	
10-8	1656-1664	Stimmung	positive[24]	_	
10-9	1666-1670	hier	positive[24]	_	
10-10	1671-1679	aufkommt	positive[24]	_	
10-11	1679-1680	,	positive[24]	_	
10-12	1681-1686	meine	positive[24]	_	
10-13	1687-1692	Damen	positive[24]	_	
10-14	1693-1696	und	positive[24]	_	
10-15	1697-1703	Herren	positive[24]	_	
10-16	1704-1705	.	_	_	
10-17	1706-1709	die	positive[25]	_	
10-18	1710-1719	deutschen	positive[25]	Politik/Soziales/Missstände[41]	
10-19	1720-1737	Schlachtenbummler	positive[25]	Politik/Soziales/Missstände[41]	
10-20	1738-1739	,	positive[25]	_	
10-21	1740-1743	sie	positive[25]	_	
10-22	1744-1751	stimmen	positive[25]	_	
10-23	1752-1755	ein	positive[25]	_	
10-24	1756-1760	Lied	positive[25]	_	
10-25	1761-1763	an	positive[25]	_	
10-26	1763-1764	:	_	_	
10-27	1766-1767	"	_	_	
10-28	1767-1778	Deutschland	positive[26]	Politik/Soziales/Missstände[42]	
10-29	1778-1779	,	positive[26]	Politik/Soziales/Missstände[42]	
10-30	1780-1791	Deutschland	positive[26]	Politik/Soziales/Missstände[42]	
10-31	1792-1796	über	positive[26]	Politik/Soziales/Missstände[42]	
10-32	1797-1802	alles	positive[26]	Politik/Soziales/Missstände[42]	
10-33	1802-1803	"	_	_	
10-34	1805-1806	"	_	_	
10-35	1806-1808	So	positive[27]	_	
10-36	1809-1812	ein	positive[27]	_	
10-37	1813-1816	Tag	positive[27]	_	
10-38	1816-1817	,	positive[27]	_	
10-39	1818-1820	so	positive[27]	_	
10-40	1821-1832	wunderschön	positive[27]	_	
10-41	1833-1836	wie	positive[27]	_	
10-42	1837-1842	heute	positive[27]	_	
10-43	1842-1843	"	_	_	
