#FORMAT=WebAnno TSV 3.2
#T_SP=webanno.custom.Sentiment|Polarity
#T_SP=webanno.custom.Topic|Topics


#Text=Als wir das letzte Mal mit unserer Band hier waren , standst du da unten im Saal , und ich sang gerade unseren Hammer-Hit  zum 150.
1-1	0-3	Als	neutral[1]	_	
1-2	4-7	wir	neutral[1]	_	
1-3	8-11	das	neutral[1]	_	
1-4	12-18	letzte	neutral[1]	_	
1-5	19-22	Mal	neutral[1]	_	
1-6	23-26	mit	neutral[1]	_	
1-7	27-34	unserer	neutral[1]	_	
1-8	35-39	Band	neutral[1]	Musik	
1-9	40-44	hier	neutral[1]	_	
1-10	45-50	waren	neutral[1]	_	
1-11	51-52	,	neutral[1]	_	
1-12	53-60	standst	neutral[1]	_	
1-13	61-63	du	neutral[1]	_	
1-14	64-66	da	neutral[1]	_	
1-15	67-72	unten	neutral[1]	_	
1-16	73-75	im	neutral[1]	_	
1-17	76-80	Saal	neutral[1]	_	
1-18	81-82	,	neutral[1]	_	
1-19	83-86	und	neutral[1]	_	
1-20	87-90	ich	neutral[1]	_	
1-21	91-95	sang	neutral[1]	Musik	
1-22	96-102	gerade	neutral[1]	_	
1-23	103-110	unseren	neutral[1]	_	
1-24	111-121	Hammer-Hit	neutral[1]	Musik	
1-25	123-126	zum	neutral[1]	_	
1-26	127-130	150	neutral[1]	_	
1-27	130-131	.	neutral[1]	_	

#Text=Mal . der Trommler hinter mir rockte los, wie 'n Verrückter  und der Typ da am Bass, wie ein vom Jenseits Geschickter . das Panik-Orchester haute mich um  und dann auch noch du , du flipptest da rum.
2-1	132-135	Mal	_	_	
2-2	136-137	.	_	_	
2-3	138-141	der	positive[2]	_	
2-4	142-150	Trommler	positive[2]	Musik	
2-5	151-157	hinter	positive[2]	_	
2-6	158-161	mir	positive[2]	_	
2-7	162-168	rockte	positive[2]	Musik	
2-8	169-172	los	positive[2]	_	
2-9	172-173	,	positive[2]	_	
2-10	174-177	wie	positive[2]	_	
2-11	178-179	'	positive[2]	_	
2-12	179-180	n	positive[2]	_	
2-13	181-191	Verrückter	positive[2]	_	
2-14	193-196	und	_	_	
2-15	197-200	der	positive[3]	_	
2-16	201-204	Typ	positive[3]	_	
2-17	205-207	da	positive[3]	_	
2-18	208-210	am	positive[3]	_	
2-19	211-215	Bass	positive[3]	Musik	
2-20	215-216	,	positive[3]	_	
2-21	217-220	wie	positive[3]	_	
2-22	221-224	ein	positive[3]	_	
2-23	225-228	vom	positive[3]	_	
2-24	229-237	Jenseits	positive[3]	_	
2-25	238-249	Geschickter	positive[3]	_	
2-26	250-251	.	_	_	
2-27	252-255	das	positive[4]	_	
2-28	256-271	Panik-Orchester	positive[4]	Musik	
2-29	272-277	haute	positive[4]	_	
2-30	278-282	mich	positive[4]	_	
2-31	283-285	um	positive[4]	_	
2-32	287-290	und	_	_	
2-33	291-295	dann	positive[5]	_	
2-34	296-300	auch	positive[5]	_	
2-35	301-305	noch	positive[5]	_	
2-36	306-308	du	positive[5]	_	
2-37	309-310	,	positive[5]	_	
2-38	311-313	du	positive[5]	_	
2-39	314-323	flipptest	positive[5]	_	
2-40	324-326	da	positive[5]	_	
2-41	327-330	rum	positive[5]	_	
2-42	330-331	.	_	_	

#Text=Boogie-Woogie-Mädchen , rote Haare im Scheinwerferlicht  und ganz nass im Gesicht .
3-1	336-357	Boogie-Woogie-Mädchen	neutral[6]	Musik	
3-2	358-359	,	neutral[6]	_	
3-3	360-364	rote	neutral[6]	_	
3-4	365-370	Haare	neutral[6]	_	
3-5	371-373	im	neutral[6]	_	
3-6	374-391	Scheinwerferlicht	neutral[6]	Musik	
3-7	393-396	und	neutral[6]	_	
3-8	397-401	ganz	neutral[6]	_	
3-9	402-406	nass	neutral[6]	_	
3-10	407-409	im	neutral[6]	_	
3-11	410-417	Gesicht	neutral[6]	_	
3-12	418-419	.	_	_	

#Text=Boogie-Woogie-Mädchen , die Jeans saßen knapp, und dann hoben wir ab.
4-1	420-441	Boogie-Woogie-Mädchen	positive[7]	Musik	
4-2	442-443	,	positive[7]	_	
4-3	444-447	die	positive[7]	_	
4-4	448-453	Jeans	positive[7]	_	
4-5	454-459	saßen	positive[7]	_	
4-6	460-465	knapp	positive[7]	_	
4-7	465-466	,	positive[7]	_	
4-8	467-470	und	positive[7]	_	
4-9	471-475	dann	positive[7]	_	
4-10	476-481	hoben	positive[7]	_	
4-11	482-485	wir	positive[7]	_	
4-12	486-488	ab	positive[7]	_	
4-13	488-489	.	_	_	

#Text=In der Pause kamst du hinter die Bühne  und dann hast du zu mir gesagt:  Ich fühl' mich so gut , ihr habt mich so hochgebracht .
5-1	494-496	In	neutral[8]	_	
5-2	497-500	der	neutral[8]	_	
5-3	501-506	Pause	neutral[8]	_	
5-4	507-512	kamst	neutral[8]	_	
5-5	513-515	du	neutral[8]	_	
5-6	516-522	hinter	neutral[8]	_	
5-7	523-526	die	neutral[8]	_	
5-8	527-532	Bühne	neutral[8]	Musik	
5-9	534-537	und	_	_	
5-10	538-542	dann	positive[9]	_	
5-11	543-547	hast	positive[9]	_	
5-12	548-550	du	positive[9]	_	
5-13	551-553	zu	positive[9]	_	
5-14	554-557	mir	positive[9]	_	
5-15	558-564	gesagt	positive[9]	_	
5-16	564-565	:	positive[9]	_	
5-17	567-570	Ich	positive[9]	Persönliches/Emotionen[18]	
5-18	571-575	fühl	positive[9]	Persönliches/Emotionen[18]	
5-19	575-576	'	positive[9]	Persönliches/Emotionen[18]	
5-20	577-581	mich	positive[9]	Persönliches/Emotionen[18]	
5-21	582-584	so	positive[9]	Persönliches/Emotionen[18]	
5-22	585-588	gut	positive[9]	Persönliches/Emotionen[18]	
5-23	589-590	,	positive[9]	_	
5-24	591-594	ihr	positive[9]	_	
5-25	595-599	habt	positive[9]	_	
5-26	600-604	mich	positive[9]	_	
5-27	605-607	so	positive[9]	_	
5-28	608-620	hochgebracht	positive[9]	Persönliches/Emotionen	
5-29	621-622	.	_	_	

#Text=Mädchen, die Welt, in der du sonst so lebst, war plötzlich nicht mehr da , an dem Abend warst du mehr so 'n New Yorker , Andy Warhol Superstar.
6-1	623-630	Mädchen	neutral[10]	_	
6-2	630-631	,	neutral[10]	_	
6-3	632-635	die	neutral[10]	_	
6-4	636-640	Welt	neutral[10]	_	
6-5	640-641	,	neutral[10]	_	
6-6	642-644	in	neutral[10]	_	
6-7	645-648	der	neutral[10]	_	
6-8	649-651	du	neutral[10]	_	
6-9	652-657	sonst	neutral[10]	_	
6-10	658-660	so	neutral[10]	_	
6-11	661-666	lebst	neutral[10]	_	
6-12	666-667	,	neutral[10]	_	
6-13	668-671	war	neutral[10]	_	
6-14	672-681	plötzlich	neutral[10]	_	
6-15	682-687	nicht	neutral[10]	_	
6-16	688-692	mehr	neutral[10]	_	
6-17	693-695	da	neutral[10]	_	
6-18	696-697	,	_	_	
6-19	698-700	an	positive[11]	_	
6-20	701-704	dem	positive[11]	_	
6-21	705-710	Abend	positive[11]	_	
6-22	711-716	warst	positive[11]	_	
6-23	717-719	du	positive[11]	_	
6-24	720-724	mehr	positive[11]	_	
6-25	725-727	so	positive[11]	_	
6-26	728-729	'	positive[11]	_	
6-27	729-730	n	positive[11]	_	
6-28	731-734	New	positive[11]	_	
6-29	735-741	Yorker	positive[11]	_	
6-30	742-743	,	positive[11]	_	
6-31	744-748	Andy	positive[11]	_	
6-32	749-755	Warhol	positive[11]	_	
6-33	756-765	Superstar	positive[11]	_	
6-34	765-766	.	_	_	

#Text=Und heute sind wir wieder hier  und ich hab dich noch gar nicht gesehen . ich hoffe, du gehörst jetzt nicht schon zu den Leuten , die nicht mehr zu den Bands hingeh'n . der Trommler hinter mir rockt los, wie 'n Verrückter  und der Typ da am Bass , wie ein vom Jenseits Geschickter . das Panik-Orchester haut mich um  und da bist du ja wieder, da flippst du rum.
7-1	771-774	Und	negative[12]	_	
7-2	775-780	heute	negative[12]	_	
7-3	781-785	sind	negative[12]	_	
7-4	786-789	wir	negative[12]	_	
7-5	790-796	wieder	negative[12]	_	
7-6	797-801	hier	negative[12]	_	
7-7	803-806	und	negative[12]	_	
7-8	807-810	ich	negative[12]	_	
7-9	811-814	hab	negative[12]	_	
7-10	815-819	dich	negative[12]	_	
7-11	820-824	noch	negative[12]	_	
7-12	825-828	gar	negative[12]	_	
7-13	829-834	nicht	negative[12]	_	
7-14	835-842	gesehen	negative[12]	_	
7-15	843-844	.	_	_	
7-16	845-848	ich	negative[13]	_	
7-17	849-854	hoffe	negative[13]	_	
7-18	854-855	,	negative[13]	_	
7-19	856-858	du	negative[13]	_	
7-20	859-866	gehörst	negative[13]	_	
7-21	867-872	jetzt	negative[13]	_	
7-22	873-878	nicht	negative[13]	_	
7-23	879-884	schon	negative[13]	_	
7-24	885-887	zu	negative[13]	_	
7-25	888-891	den	negative[13]	_	
7-26	892-898	Leuten	negative[13]	_	
7-27	899-900	,	negative[13]	_	
7-28	901-904	die	negative[13]	_	
7-29	905-910	nicht	negative[13]	_	
7-30	911-915	mehr	negative[13]	_	
7-31	916-918	zu	negative[13]	_	
7-32	919-922	den	negative[13]	_	
7-33	923-928	Bands	negative[13]	Musik	
7-34	929-937	hingeh'n	negative[13]	_	
7-35	938-939	.	_	_	
7-36	940-943	der	positive[14]	_	
7-37	944-952	Trommler	positive[14]	Musik	
7-38	953-959	hinter	positive[14]	_	
7-39	960-963	mir	positive[14]	_	
7-40	964-969	rockt	positive[14]	Musik	
7-41	970-973	los	positive[14]	_	
7-42	973-974	,	positive[14]	_	
7-43	975-978	wie	positive[14]	_	
7-44	979-980	'	positive[14]	_	
7-45	980-981	n	positive[14]	_	
7-46	982-992	Verrückter	positive[14]	_	
7-47	994-997	und	_	_	
7-48	998-1001	der	positive[15]	_	
7-49	1002-1005	Typ	positive[15]	_	
7-50	1006-1008	da	positive[15]	_	
7-51	1009-1011	am	positive[15]	_	
7-52	1012-1016	Bass	positive[15]	Musik	
7-53	1017-1018	,	positive[15]	_	
7-54	1019-1022	wie	positive[15]	_	
7-55	1023-1026	ein	positive[15]	_	
7-56	1027-1030	vom	positive[15]	_	
7-57	1031-1039	Jenseits	positive[15]	_	
7-58	1040-1051	Geschickter	positive[15]	_	
7-59	1052-1053	.	_	_	
7-60	1054-1057	das	positive[16]	_	
7-61	1058-1073	Panik-Orchester	positive[16]	Musik	
7-62	1074-1078	haut	positive[16]	_	
7-63	1079-1083	mich	positive[16]	_	
7-64	1084-1086	um	positive[16]	_	
7-65	1088-1091	und	_	_	
7-66	1092-1094	da	positive[17]	_	
7-67	1095-1099	bist	positive[17]	_	
7-68	1100-1102	du	positive[17]	_	
7-69	1103-1105	ja	positive[17]	_	
7-70	1106-1112	wieder	positive[17]	_	
7-71	1112-1113	,	positive[17]	_	
7-72	1114-1116	da	positive[17]	_	
7-73	1117-1124	flippst	positive[17]	_	
7-74	1125-1127	du	positive[17]	_	
7-75	1128-1131	rum	positive[17]	_	
7-76	1131-1132	.	_	_	
