#FORMAT=WebAnno TSV 3.2
#T_SP=webanno.custom.Sentiment|Polarity
#T_SP=webanno.custom.Topic|Topics


#Text=Hast du etwas Zeit für mich, ohne Gummi mach' ich's nicht nur mit 98 Luftballons Blausygel und auch Fronques.
1-1	0-4	Hast	neutral[1]	_	
1-2	5-7	du	neutral[1]	_	
1-3	8-13	etwas	neutral[1]	_	
1-4	14-18	Zeit	neutral[1]	_	
1-5	19-22	für	neutral[1]	_	
1-6	23-27	mich	neutral[1]	_	
1-7	27-28	,	neutral[1]	_	
1-8	29-33	ohne	neutral[1]	_	
1-9	34-39	Gummi	neutral[1]	Liebe/Partnerschaft	
1-10	40-44	mach	neutral[1]	_	
1-11	44-45	'	neutral[1]	_	
1-12	46-51	ich's	neutral[1]	_	
1-13	52-57	nicht	neutral[1]	_	
1-14	58-61	nur	neutral[1]	_	
1-15	62-65	mit	neutral[1]	_	
1-16	66-68	98	neutral[1]	_	
1-17	69-80	Luftballons	neutral[1]	_	
1-18	81-90	Blausygel	neutral[1]	_	
1-19	91-94	und	neutral[1]	_	
1-20	95-99	auch	neutral[1]	_	
1-21	100-108	Fronques	neutral[1]	_	
1-22	108-109	.	neutral[1]	_	

#Text=Ich geh' so gern mit dir ins Bett, aber bitte kein russisches Roulette, ich möcht' sehr gern noch weiterleben und darum sage ich dir eben:  
#Text= 
#Text=Hast du etwas Zeit für mich, ohne Gummi mach' ich's nicht nur mit 98 Luftballons Blausygel und auch Fronques.
2-1	114-117	Ich	neutral[2]	_	
2-2	118-121	geh	neutral[2]	_	
2-3	121-122	'	neutral[2]	_	
2-4	123-125	so	neutral[2]	_	
2-5	126-130	gern	neutral[2]	_	
2-6	131-134	mit	neutral[2]	_	
2-7	135-138	dir	neutral[2]	_	
2-8	139-142	ins	neutral[2]	_	
2-9	143-147	Bett	neutral[2]	Liebe/Partnerschaft	
2-10	147-148	,	neutral[2]	_	
2-11	149-153	aber	neutral[2]	_	
2-12	154-159	bitte	neutral[2]	_	
2-13	160-164	kein	neutral[2]	_	
2-14	165-175	russisches	neutral[2]	_	
2-15	176-184	Roulette	neutral[2]	_	
2-16	184-185	,	neutral[2]	_	
2-17	186-189	ich	neutral[2]	_	
2-18	190-195	möcht	neutral[2]	_	
2-19	195-196	'	neutral[2]	_	
2-20	197-201	sehr	neutral[2]	_	
2-21	202-206	gern	neutral[2]	_	
2-22	207-211	noch	neutral[2]	_	
2-23	212-223	weiterleben	neutral[2]	_	
2-24	224-227	und	neutral[2]	_	
2-25	228-233	darum	neutral[2]	_	
2-26	234-238	sage	neutral[2]	_	
2-27	239-242	ich	neutral[2]	_	
2-28	243-246	dir	neutral[2]	_	
2-29	247-251	eben	neutral[2]	_	
2-30	251-252	:	neutral[2]	_	
2-31	257-261	Hast	neutral[2]	_	
2-32	262-264	du	neutral[2]	_	
2-33	265-270	etwas	neutral[2]	_	
2-34	271-275	Zeit	neutral[2]	_	
2-35	276-279	für	neutral[2]	_	
2-36	280-284	mich	neutral[2]	_	
2-37	284-285	,	neutral[2]	_	
2-38	286-290	ohne	neutral[2]	_	
2-39	291-296	Gummi	neutral[2]	Liebe/Partnerschaft	
2-40	297-301	mach	neutral[2]	_	
2-41	301-302	'	neutral[2]	_	
2-42	303-308	ich's	neutral[2]	_	
2-43	309-314	nicht	neutral[2]	_	
2-44	315-318	nur	neutral[2]	_	
2-45	319-322	mit	neutral[2]	_	
2-46	323-325	98	neutral[2]	_	
2-47	326-337	Luftballons	neutral[2]	_	
2-48	338-347	Blausygel	neutral[2]	_	
2-49	348-351	und	neutral[2]	_	
2-50	352-356	auch	neutral[2]	_	
2-51	357-365	Fronques	neutral[2]	_	
2-52	365-366	.	neutral[2]	_	

#Text=Ich geh' so gern mit dir ins Bett, aber bitte kein russisches Roulette, ich möcht' sehr gern noch weiterleben und darum sage ich dir eben:  
#Text= 
#Text=Hast du etwas Zeit für mich, ohne Gummi mach' ich's nicht nur mit 98 Luftballons blaue London short and long.
3-1	371-374	Ich	positive[3]	_	
3-2	375-378	geh	positive[3]	_	
3-3	378-379	'	positive[3]	_	
3-4	380-382	so	positive[3]	_	
3-5	383-387	gern	positive[3]	_	
3-6	388-391	mit	positive[3]	_	
3-7	392-395	dir	positive[3]	_	
3-8	396-399	ins	positive[3]	_	
3-9	400-404	Bett	positive[3]	Liebe/Partnerschaft	
3-10	404-405	,	positive[3]	_	
3-11	406-410	aber	positive[3]	_	
3-12	411-416	bitte	positive[3]	_	
3-13	417-421	kein	positive[3]	_	
3-14	422-432	russisches	positive[3]	_	
3-15	433-441	Roulette	positive[3]	_	
3-16	441-442	,	positive[3]	_	
3-17	443-446	ich	positive[3]	_	
3-18	447-452	möcht	positive[3]	_	
3-19	452-453	'	positive[3]	_	
3-20	454-458	sehr	positive[3]	_	
3-21	459-463	gern	positive[3]	_	
3-22	464-468	noch	positive[3]	_	
3-23	469-480	weiterleben	positive[3]	_	
3-24	481-484	und	positive[3]	_	
3-25	485-490	darum	positive[3]	_	
3-26	491-495	sage	positive[3]	_	
3-27	496-499	ich	positive[3]	_	
3-28	500-503	dir	positive[3]	_	
3-29	504-508	eben	positive[3]	_	
3-30	508-509	:	positive[3]	_	
3-31	514-518	Hast	positive[3]	_	
3-32	519-521	du	positive[3]	_	
3-33	522-527	etwas	positive[3]	_	
3-34	528-532	Zeit	positive[3]	_	
3-35	533-536	für	positive[3]	_	
3-36	537-541	mich	positive[3]	_	
3-37	541-542	,	positive[3]	_	
3-38	543-547	ohne	positive[3]	_	
3-39	548-553	Gummi	positive[3]	Liebe/Partnerschaft	
3-40	554-558	mach	positive[3]	_	
3-41	558-559	'	positive[3]	_	
3-42	560-565	ich's	positive[3]	_	
3-43	566-571	nicht	positive[3]	_	
3-44	572-575	nur	positive[3]	_	
3-45	576-579	mit	positive[3]	_	
3-46	580-582	98	positive[3]	_	
3-47	583-594	Luftballons	positive[3]	_	
3-48	595-600	blaue	positive[3]	_	
3-49	601-607	London	positive[3]	_	
3-50	608-613	short	positive[3]	_	
3-51	614-617	and	positive[3]	_	
3-52	618-622	long	positive[3]	_	
3-53	622-623	.	positive[3]	_	

#Text=Ich geh' so gern mit dir ins Bett, aber bitte kein russisches Roulette, ich möcht' sehr gern noch weiterleben und darum 98 Lustballons.
4-1	628-631	Ich	positive[4]	_	
4-2	632-635	geh	positive[4]	_	
4-3	635-636	'	positive[4]	_	
4-4	637-639	so	positive[4]	_	
4-5	640-644	gern	positive[4]	_	
4-6	645-648	mit	positive[4]	_	
4-7	649-652	dir	positive[4]	_	
4-8	653-656	ins	positive[4]	_	
4-9	657-661	Bett	positive[4]	Liebe/Partnerschaft	
4-10	661-662	,	positive[4]	_	
4-11	663-667	aber	positive[4]	_	
4-12	668-673	bitte	positive[4]	_	
4-13	674-678	kein	positive[4]	_	
4-14	679-689	russisches	positive[4]	_	
4-15	690-698	Roulette	positive[4]	_	
4-16	698-699	,	positive[4]	_	
4-17	700-703	ich	positive[4]	_	
4-18	704-709	möcht	positive[4]	_	
4-19	709-710	'	positive[4]	_	
4-20	711-715	sehr	positive[4]	_	
4-21	716-720	gern	positive[4]	_	
4-22	721-725	noch	positive[4]	_	
4-23	726-737	weiterleben	positive[4]	_	
4-24	738-741	und	positive[4]	_	
4-25	742-747	darum	positive[4]	_	
4-26	748-750	98	positive[4]	_	
4-27	751-762	Lustballons	positive[4]	Liebe/Partnerschaft	
4-28	762-763	.	positive[4]	_	
