#FORMAT=WebAnno TSV 3.2
#T_SP=webanno.custom.Sentiment|Polarity
#T_SP=webanno.custom.Topic|Topics


#Text=Fragen, die nie ein Mensch gestellt, ich spreche mit ihm über ihn und die Welt.
1-1	0-6	Fragen	neutral[1]	_	
1-2	6-7	,	neutral[1]	_	
1-3	8-11	die	neutral[1]	_	
1-4	12-15	nie	neutral[1]	_	
1-5	16-19	ein	neutral[1]	_	
1-6	20-26	Mensch	neutral[1]	_	
1-7	27-35	gestellt	neutral[1]	_	
1-8	35-36	,	neutral[1]	_	
1-9	37-40	ich	neutral[1]	_	
1-10	41-48	spreche	neutral[1]	_	
1-11	49-52	mit	neutral[1]	_	
1-12	53-56	ihm	neutral[1]	_	
1-13	57-61	über	neutral[1]	Politik/Soziales/Missstände[28]	
1-14	62-65	ihn	neutral[1]	Politik/Soziales/Missstände[28]	
1-15	66-69	und	neutral[1]	Politik/Soziales/Missstände[28]	
1-16	70-73	die	neutral[1]	Politik/Soziales/Missstände[28]	
1-17	74-78	Welt	neutral[1]	Politik/Soziales/Missstände[28]	
1-18	78-79	.	neutral[1]	_	

#Text=Er war lange weg, wir sprechen exklusiv über sein Comeback.
2-1	80-82	Er	neutral[2]	_	
2-2	83-86	war	neutral[2]	_	
2-3	87-92	lange	neutral[2]	_	
2-4	93-96	weg	neutral[2]	_	
2-5	96-97	,	neutral[2]	_	
2-6	98-101	wir	neutral[2]	_	
2-7	102-110	sprechen	neutral[2]	_	
2-8	111-119	exklusiv	neutral[2]	_	
2-9	120-124	über	neutral[2]	_	
2-10	125-129	sein	neutral[2]	Musik[29]	
2-11	130-138	Comeback	neutral[2]	Musik[29]	
2-12	138-139	.	neutral[2]	_	

#Text="Ey, wieso lässt du uns so hängen?"
3-1	144-145	"	negative[3]	_	
3-2	145-147	Ey	negative[3]	_	
3-3	147-148	,	negative[3]	_	
3-4	149-154	wieso	negative[3]	_	
3-5	155-160	lässt	negative[3]	Persönliches/Emotionen[30]	
3-6	161-163	du	negative[3]	Persönliches/Emotionen[30]	
3-7	164-167	uns	negative[3]	Persönliches/Emotionen[30]	
3-8	168-170	so	negative[3]	Persönliches/Emotionen[30]	
3-9	171-177	hängen	negative[3]	Persönliches/Emotionen[30]	
3-10	177-178	?	negative[3]	_	
3-11	178-179	"	negative[3]	_	

#Text=, beginne ich mein Interview.
4-1	179-180	,	_	_	
4-2	181-188	beginne	neutral[4]	_	
4-3	189-192	ich	neutral[4]	_	
4-4	193-197	mein	neutral[4]	_	
4-5	198-207	Interview	neutral[4]	_	
4-6	207-208	.	neutral[4]	_	

#Text="Wenn du doch der liebe Gott bist, warum lässt du dann Kriege zu?
5-1	209-210	"	negative[5]	_	
5-2	210-214	Wenn	negative[5]	_	
5-3	215-217	du	negative[5]	_	
5-4	218-222	doch	negative[5]	_	
5-5	223-226	der	negative[5]	_	
5-6	227-232	liebe	negative[5]	_	
5-7	233-237	Gott	negative[5]	_	
5-8	238-242	bist	negative[5]	_	
5-9	242-243	,	negative[5]	_	
5-10	244-249	warum	negative[5]	_	
5-11	250-255	lässt	negative[5]	_	
5-12	256-258	du	negative[5]	_	
5-13	259-263	dann	negative[5]	_	
5-14	264-270	Kriege	negative[5]	Politik/Soziales/Missstände	
5-15	271-273	zu	negative[5]	_	
5-16	273-274	?	negative[5]	_	

#Text=Du schickst auch keine Schutzengel runter, runter in den Sudan.
6-1	279-281	Du	negative[6]	_	
6-2	282-290	schickst	negative[6]	_	
6-3	291-295	auch	negative[6]	_	
6-4	296-301	keine	negative[6]	_	
6-5	302-313	Schutzengel	negative[6]	_	
6-6	314-320	runter	negative[6]	_	
6-7	320-321	,	negative[6]	_	
6-8	322-328	runter	negative[6]	_	
6-9	329-331	in	negative[6]	_	
6-10	332-335	den	negative[6]	_	
6-11	336-341	Sudan	negative[6]	Politik/Soziales/Missstände	
6-12	341-342	.	negative[6]	_	

#Text=Die krepier'n da und ich vermute, du guckst es dir nicht mal mehr an."
7-1	343-346	Die	negative[7]	Politik/Soziales/Missstände[31]	
7-2	347-356	krepier'n	negative[7]	Politik/Soziales/Missstände[31]	
7-3	357-359	da	negative[7]	Politik/Soziales/Missstände[31]	
7-4	360-363	und	negative[7]	_	
7-5	364-367	ich	negative[7]	_	
7-6	368-375	vermute	negative[7]	_	
7-7	375-376	,	negative[7]	_	
7-8	377-379	du	negative[7]	_	
7-9	380-386	guckst	negative[7]	_	
7-10	387-389	es	negative[7]	_	
7-11	390-393	dir	negative[7]	_	
7-12	394-399	nicht	negative[7]	_	
7-13	400-403	mal	negative[7]	_	
7-14	404-408	mehr	negative[7]	_	
7-15	409-411	an	negative[7]	_	
7-16	411-412	.	negative[7]	_	
7-17	412-413	"	negative[7]	_	

#Text=Gleich nach dem Werbeblock mach' ich das Interview mit Gott.
8-1	418-424	Gleich	neutral[8]	_	
8-2	425-429	nach	neutral[8]	_	
8-3	430-433	dem	neutral[8]	_	
8-4	434-444	Werbeblock	neutral[8]	_	
8-5	445-449	mach	neutral[8]	_	
8-6	449-450	'	neutral[8]	_	
8-7	451-454	ich	neutral[8]	_	
8-8	455-458	das	neutral[8]	_	
8-9	459-468	Interview	neutral[8]	_	
8-10	469-472	mit	neutral[8]	_	
8-11	473-477	Gott	neutral[8]	_	
8-12	477-478	.	neutral[8]	_	

#Text=Gleich nach dem Werbespot der Liebe Gott.
9-1	479-485	Gleich	neutral[9]	_	
9-2	486-490	nach	neutral[9]	_	
9-3	491-494	dem	neutral[9]	_	
9-4	495-504	Werbespot	neutral[9]	_	
9-5	505-508	der	neutral[9]	_	
9-6	509-514	Liebe	neutral[9]	_	
9-7	515-519	Gott	neutral[9]	_	
9-8	519-520	.	neutral[9]	_	

#Text=Seine Herrlichkeit zur besten Sendezeit.
10-1	521-526	Seine	positive[10]	Politik/Soziales/Missstände[32]	
10-2	527-539	Herrlichkeit	positive[10]	Politik/Soziales/Missstände[32]	
10-3	540-543	zur	positive[10]	_	
10-4	544-550	besten	positive[10]	_	
10-5	551-560	Sendezeit	positive[10]	_	
10-6	560-561	.	positive[10]	_	

#Text=Einschaltquote: hundert Prozent.
11-1	562-576	Einschaltquote	positive[11]	_	
11-2	576-577	:	positive[11]	_	
11-3	578-585	hundert	positive[11]	_	
11-4	586-593	Prozent	positive[11]	_	
11-5	593-594	.	positive[11]	_	

#Text=Er sagt, man hat als Gott 'n Job am Kopp, der ist ziemlich hart.
12-1	599-601	Er	negative[12]	_	
12-2	602-606	sagt	negative[12]	_	
12-3	606-607	,	negative[12]	_	
12-4	608-611	man	negative[12]	_	
12-5	612-615	hat	negative[12]	_	
12-6	616-619	als	negative[12]	_	
12-7	620-624	Gott	negative[12]	_	
12-8	625-626	'	negative[12]	_	
12-9	626-627	n	negative[12]	Politik/Soziales/Missstände[33]	
12-10	628-631	Job	negative[12]	Politik/Soziales/Missstände[33]	
12-11	632-634	am	negative[12]	Politik/Soziales/Missstände[33]	
12-12	635-639	Kopp	negative[12]	Politik/Soziales/Missstände[33]	
12-13	639-640	,	negative[12]	_	
12-14	641-644	der	negative[12]	_	
12-15	645-648	ist	negative[12]	_	
12-16	649-657	ziemlich	negative[12]	Persönliches/Emotionen[34]	
12-17	658-662	hart	negative[12]	Persönliches/Emotionen[34]	
12-18	662-663	.	negative[12]	_	

#Text=Man kennt's doch, rauf und runter, diese Story hat 'n langen Bart.
13-1	664-667	Man	negative[13]	_	
13-2	668-675	kennt's	negative[13]	_	
13-3	676-680	doch	negative[13]	_	
13-4	680-681	,	negative[13]	_	
13-5	682-686	rauf	negative[13]	_	
13-6	687-690	und	negative[13]	_	
13-7	691-697	runter	negative[13]	_	
13-8	697-698	,	negative[13]	_	
13-9	699-704	diese	negative[13]	_	
13-10	705-710	Story	negative[13]	_	
13-11	711-714	hat	negative[13]	_	
13-12	715-716	'	negative[13]	_	
13-13	716-717	n	negative[13]	_	
13-14	718-724	langen	negative[13]	_	
13-15	725-729	Bart	negative[13]	_	
13-16	729-730	.	negative[13]	_	

#Text="Ihr wisst doch, ich habe Eure Welt so schön für Euch erschaffen.
14-1	735-736	"	positive[14]	_	
14-2	736-739	Ihr	positive[14]	_	
14-3	740-745	wisst	positive[14]	_	
14-4	746-750	doch	positive[14]	_	
14-5	750-751	,	positive[14]	_	
14-6	752-755	ich	positive[14]	_	
14-7	756-760	habe	positive[14]	_	
14-8	761-765	Eure	positive[14]	Politik/Soziales/Missstände[35]	
14-9	766-770	Welt	positive[14]	Politik/Soziales/Missstände[35]	
14-10	771-773	so	positive[14]	_	
14-11	774-779	schön	positive[14]	_	
14-12	780-783	für	positive[14]	_	
14-13	784-788	Euch	positive[14]	_	
14-14	789-799	erschaffen	positive[14]	_	
14-15	799-800	.	positive[14]	_	

#Text=Doch ihr, ihr habt sie vollgeknallt, vollgeknallt mit Waffen.
15-1	801-805	Doch	negative[15]	_	
15-2	806-809	ihr	negative[15]	_	
15-3	809-810	,	negative[15]	_	
15-4	811-814	ihr	negative[15]	_	
15-5	815-819	habt	negative[15]	_	
15-6	820-823	sie	negative[15]	_	
15-7	824-836	vollgeknallt	negative[15]	Politik/Soziales/Missstände[36]	
15-8	836-837	,	negative[15]	Politik/Soziales/Missstände[36]	
15-9	838-850	vollgeknallt	negative[15]	Politik/Soziales/Missstände[36]	
15-10	851-854	mit	negative[15]	Politik/Soziales/Missstände[36]	
15-11	855-861	Waffen	negative[15]	Politik/Soziales/Missstände[36]	
15-12	861-862	.	negative[15]	_	

#Text=Und ich schickte Euch doch immer schon meine besten Top-Berater: Ob's nun Jesus war, Ghandi, Einstein und auch noch den scheinheiligen Vater.
16-1	863-866	Und	positive[16]	_	
16-2	867-870	ich	positive[16]	_	
16-3	871-879	schickte	positive[16]	_	
16-4	880-884	Euch	positive[16]	_	
16-5	885-889	doch	positive[16]	_	
16-6	890-895	immer	positive[16]	_	
16-7	896-901	schon	positive[16]	_	
16-8	902-907	meine	positive[16]	_	
16-9	908-914	besten	positive[16]	_	
16-10	915-926	Top-Berater	positive[16]	_	
16-11	926-927	:	positive[16]	_	
16-12	928-932	Ob's	positive[16]	_	
16-13	933-936	nun	positive[16]	_	
16-14	937-942	Jesus	positive[16]	Politik/Soziales/Missstände	
16-15	943-946	war	positive[16]	_	
16-16	946-947	,	positive[16]	_	
16-17	948-954	Ghandi	positive[16]	Politik/Soziales/Missstände	
16-18	954-955	,	positive[16]	_	
16-19	956-964	Einstein	positive[16]	Politik/Soziales/Missstände	
16-20	965-968	und	positive[16]	_	
16-21	969-973	auch	positive[16]	_	
16-22	974-978	noch	positive[16]	_	
16-23	979-982	den	positive[16]	_	
16-24	983-997	scheinheiligen	positive[16]	_	
16-25	998-1003	Vater	positive[16]	_	
16-26	1003-1004	.	positive[16]	_	

#Text=Doch es nützt ja nix, was hat's gebracht, seid immer noch die alten Idioten.
17-1	1005-1009	Doch	negative[17]	_	
17-2	1010-1012	es	negative[17]	_	
17-3	1013-1018	nützt	negative[17]	Persönliches/Emotionen[37]	
17-4	1019-1021	ja	negative[17]	Persönliches/Emotionen[37]	
17-5	1022-1025	nix	negative[17]	Persönliches/Emotionen[37]	
17-6	1025-1026	,	negative[17]	_	
17-7	1027-1030	was	negative[17]	_	
17-8	1031-1036	hat's	negative[17]	_	
17-9	1037-1045	gebracht	negative[17]	_	
17-10	1045-1046	,	negative[17]	_	
17-11	1047-1051	seid	negative[17]	_	
17-12	1052-1057	immer	negative[17]	_	
17-13	1058-1062	noch	negative[17]	_	
17-14	1063-1066	die	negative[17]	Politik/Soziales/Missstände[38]	
17-15	1067-1072	alten	negative[17]	Politik/Soziales/Missstände[38]	
17-16	1073-1080	Idioten	negative[17]	Politik/Soziales/Missstände[38]	
17-17	1080-1081	.	negative[17]	_	

#Text=Klebt an Kirche und Religion mit Millionen und Millionen von Toten.
18-1	1082-1087	Klebt	negative[18]	_	
18-2	1088-1090	an	negative[18]	_	
18-3	1091-1097	Kirche	negative[18]	Politik/Soziales/Missstände[39]	
18-4	1098-1101	und	negative[18]	Politik/Soziales/Missstände[39]	
18-5	1102-1110	Religion	negative[18]	Politik/Soziales/Missstände[39]	
18-6	1111-1114	mit	negative[18]	_	
18-7	1115-1124	Millionen	negative[18]	_	
18-8	1125-1128	und	negative[18]	_	
18-9	1129-1138	Millionen	negative[18]	_	
18-10	1139-1142	von	negative[18]	_	
18-11	1143-1148	Toten	negative[18]	Politik/Soziales/Missstände	
18-12	1148-1149	.	negative[18]	_	

#Text=Gleich nach dem Werbeblock mach' ich das Interview mit Gott.
19-1	1154-1160	Gleich	neutral[19]	_	
19-2	1161-1165	nach	neutral[19]	_	
19-3	1166-1169	dem	neutral[19]	_	
19-4	1170-1180	Werbeblock	neutral[19]	_	
19-5	1181-1185	mach	neutral[19]	_	
19-6	1185-1186	'	neutral[19]	_	
19-7	1187-1190	ich	neutral[19]	_	
19-8	1191-1194	das	neutral[19]	_	
19-9	1195-1204	Interview	neutral[19]	_	
19-10	1205-1208	mit	neutral[19]	_	
19-11	1209-1213	Gott	neutral[19]	_	
19-12	1213-1214	.	neutral[19]	_	

#Text=Gleich nach dem Werbespot der Liebe Gott.
20-1	1215-1221	Gleich	neutral[20]	_	
20-2	1222-1226	nach	neutral[20]	_	
20-3	1227-1230	dem	neutral[20]	_	
20-4	1231-1240	Werbespot	neutral[20]	_	
20-5	1241-1244	der	neutral[20]	_	
20-6	1245-1250	Liebe	neutral[20]	_	
20-7	1251-1255	Gott	neutral[20]	_	
20-8	1255-1256	.	neutral[20]	_	

#Text=Seine Herrlichkeit zur besten Sendezeit.
21-1	1257-1262	Seine	positive[21]	Politik/Soziales/Missstände[40]	
21-2	1263-1275	Herrlichkeit	positive[21]	Politik/Soziales/Missstände[40]	
21-3	1276-1279	zur	positive[21]	_	
21-4	1280-1286	besten	positive[21]	_	
21-5	1287-1296	Sendezeit	positive[21]	_	
21-6	1296-1297	.	positive[21]	_	

#Text=Einschaltquote: hundert Prozent.
22-1	1298-1312	Einschaltquote	positive[22]	_	
22-2	1312-1313	:	positive[22]	_	
22-3	1314-1321	hundert	positive[22]	_	
22-4	1322-1329	Prozent	positive[22]	_	
22-5	1329-1330	.	positive[22]	_	

#Text=Ja, wenn der Mensch nicht weiter weiß, dann macht er mir den Himmel heiß.
23-1	1335-1337	Ja	negative[23]	_	
23-2	1337-1338	,	negative[23]	_	
23-3	1339-1343	wenn	negative[23]	_	
23-4	1344-1347	der	negative[23]	_	
23-5	1348-1354	Mensch	negative[23]	_	
23-6	1355-1360	nicht	negative[23]	Persönliches/Emotionen[41]	
23-7	1361-1367	weiter	negative[23]	Persönliches/Emotionen[41]	
23-8	1368-1372	weiß	negative[23]	Persönliches/Emotionen[41]	
23-9	1372-1373	,	negative[23]	_	
23-10	1374-1378	dann	negative[23]	_	
23-11	1379-1384	macht	negative[23]	Persönliches/Emotionen[42]	
23-12	1385-1387	er	negative[23]	Persönliches/Emotionen[42]	
23-13	1388-1391	mir	negative[23]	Persönliches/Emotionen[42]	
23-14	1392-1395	den	negative[23]	Persönliches/Emotionen[42]	
23-15	1396-1402	Himmel	negative[23]	Persönliches/Emotionen[42]	
23-16	1403-1407	heiß	negative[23]	Persönliches/Emotionen[42]	
23-17	1407-1408	.	negative[23]	_	

#Text=Doch es nützt kein Beichten, nee, es nützt kein Beten, kümmert euch jetzt mal selber um euern Planeten.
24-1	1409-1413	Doch	negative[24]	_	
24-2	1414-1416	es	negative[24]	_	
24-3	1417-1422	nützt	negative[24]	_	
24-4	1423-1427	kein	negative[24]	_	
24-5	1428-1436	Beichten	negative[24]	Politik/Soziales/Missstände	
24-6	1436-1437	,	negative[24]	_	
24-7	1438-1441	nee	negative[24]	_	
24-8	1441-1442	,	negative[24]	_	
24-9	1443-1445	es	negative[24]	_	
24-10	1446-1451	nützt	negative[24]	_	
24-11	1452-1456	kein	negative[24]	_	
24-12	1457-1462	Beten	negative[24]	Politik/Soziales/Missstände	
24-13	1462-1463	,	negative[24]	_	
24-14	1464-1471	kümmert	negative[24]	_	
24-15	1472-1476	euch	negative[24]	_	
24-16	1477-1482	jetzt	negative[24]	_	
24-17	1483-1486	mal	negative[24]	_	
24-18	1487-1493	selber	negative[24]	_	
24-19	1494-1496	um	negative[24]	_	
24-20	1497-1502	euern	negative[24]	_	
24-21	1503-1511	Planeten	negative[24]	Politik/Soziales/Missstände	
24-22	1511-1512	.	negative[24]	_	

#Text=Ja, es war ganz nett, es war 'n großes Ding, mich mal zu interviewen.
25-1	1517-1519	Ja	positive[25]	_	
25-2	1519-1520	,	positive[25]	_	
25-3	1521-1523	es	positive[25]	_	
25-4	1524-1527	war	positive[25]	_	
25-5	1528-1532	ganz	positive[25]	Persönliches/Emotionen[43]	
25-6	1533-1537	nett	positive[25]	Persönliches/Emotionen[43]	
25-7	1537-1538	,	positive[25]	_	
25-8	1539-1541	es	positive[25]	_	
25-9	1542-1545	war	positive[25]	_	
25-10	1546-1547	'	positive[25]	Persönliches/Emotionen[44]	
25-11	1547-1548	n	positive[25]	Persönliches/Emotionen[44]	
25-12	1549-1555	großes	positive[25]	Persönliches/Emotionen[44]	
25-13	1556-1560	Ding	positive[25]	Persönliches/Emotionen[44]	
25-14	1560-1561	,	positive[25]	_	
25-15	1562-1566	mich	positive[25]	_	
25-16	1567-1570	mal	positive[25]	_	
25-17	1571-1573	zu	positive[25]	_	
25-18	1574-1585	interviewen	positive[25]	_	
25-19	1585-1586	.	positive[25]	_	

#Text=Doch Leute, tschüss, ich muss jetzt echt wieder weiter.
26-1	1587-1591	Doch	negative[26]	_	
26-2	1592-1597	Leute	negative[26]	_	
26-3	1597-1598	,	negative[26]	_	
26-4	1599-1606	tschüss	negative[26]	_	
26-5	1606-1607	,	negative[26]	_	
26-6	1608-1611	ich	negative[26]	_	
26-7	1612-1616	muss	negative[26]	_	
26-8	1617-1622	jetzt	negative[26]	_	
26-9	1623-1627	echt	negative[26]	_	
26-10	1628-1634	wieder	negative[26]	_	
26-11	1635-1641	weiter	negative[26]	_	
26-12	1641-1642	.	negative[26]	_	

#Text=Man hat ja als Gott auch noch was and'res zu tun."
27-1	1643-1646	Man	neutral[27]	_	
27-2	1647-1650	hat	neutral[27]	_	
27-3	1651-1653	ja	neutral[27]	_	
27-4	1654-1657	als	neutral[27]	_	
27-5	1658-1662	Gott	neutral[27]	_	
27-6	1663-1667	auch	neutral[27]	_	
27-7	1668-1672	noch	neutral[27]	_	
27-8	1673-1676	was	neutral[27]	_	
27-9	1677-1684	and'res	neutral[27]	_	
27-10	1685-1687	zu	neutral[27]	_	
27-11	1688-1691	tun	neutral[27]	_	
27-12	1691-1692	.	neutral[27]	_	
27-13	1692-1693	"	neutral[27]	_	
