#FORMAT=WebAnno TSV 3.2
#T_SP=webanno.custom.Sentiment|Polarity
#T_SP=webanno.custom.Topic|Topics


#Text=Ich träume oft davon, ein Segelboot zu klau'n und einfach abzuhau'n.
1-1	0-3	Ich	neutral[1]	_	
1-2	4-10	träume	neutral[1]	_	
1-3	11-14	oft	neutral[1]	_	
1-4	15-20	davon	neutral[1]	_	
1-5	20-21	,	neutral[1]	_	
1-6	22-25	ein	neutral[1]	_	
1-7	26-35	Segelboot	neutral[1]	Reisen	
1-8	36-38	zu	neutral[1]	_	
1-9	39-45	klau'n	neutral[1]	Politik/Soziales/Missstände	
1-10	46-49	und	neutral[1]	_	
1-11	50-57	einfach	neutral[1]	_	
1-12	58-67	abzuhau'n	neutral[1]	_	
1-13	67-68	.	neutral[1]	_	

#Text=Ich weiß noch nicht, wohin.
2-1	69-72	Ich	neutral[2]	_	
2-2	73-77	weiß	neutral[2]	_	
2-3	78-82	noch	neutral[2]	_	
2-4	83-88	nicht	neutral[2]	_	
2-5	88-89	,	neutral[2]	_	
2-6	90-95	wohin	neutral[2]	_	
2-7	95-96	.	neutral[2]	_	

#Text=Hauptsache, dass ich nicht mehr zuhause bin, mit den Alten haut das nicht mehr hin.
3-1	97-107	Hauptsache	negative[3]	_	
3-2	107-108	,	negative[3]	_	
3-3	109-113	dass	negative[3]	_	
3-4	114-117	ich	negative[3]	_	
3-5	118-123	nicht	negative[3]	_	
3-6	124-128	mehr	negative[3]	_	
3-7	129-136	zuhause	negative[3]	_	
3-8	137-140	bin	negative[3]	_	
3-9	140-141	,	negative[3]	_	
3-10	142-145	mit	negative[3]	Persönliches/Emotionen[6]	
3-11	146-149	den	negative[3]	Persönliches/Emotionen[6]	
3-12	150-155	Alten	negative[3]	Persönliches/Emotionen[6]	
3-13	156-160	haut	negative[3]	Persönliches/Emotionen[6]	
3-14	161-164	das	negative[3]	Persönliches/Emotionen[6]	
3-15	165-170	nicht	negative[3]	Persönliches/Emotionen[6]	
3-16	171-175	mehr	negative[3]	Persönliches/Emotionen[6]	
3-17	176-179	hin	negative[3]	Persönliches/Emotionen[6]	
3-18	179-180	.	negative[3]	_	

#Text=Jetzt woll'n wir doch mal seh'n, wie weit die Reise geht und wohin der Wind mich weht.
4-1	185-190	Jetzt	neutral[4]	_	
4-2	191-197	woll'n	neutral[4]	_	
4-3	198-201	wir	neutral[4]	_	
4-4	202-206	doch	neutral[4]	_	
4-5	207-210	mal	neutral[4]	_	
4-6	211-216	seh'n	neutral[4]	_	
4-7	216-217	,	neutral[4]	_	
4-8	218-221	wie	neutral[4]	_	
4-9	222-226	weit	neutral[4]	_	
4-10	227-230	die	neutral[4]	_	
4-11	231-236	Reise	neutral[4]	Reisen	
4-12	237-241	geht	neutral[4]	_	
4-13	242-245	und	neutral[4]	_	
4-14	246-251	wohin	neutral[4]	Reisen[7]	
4-15	252-255	der	neutral[4]	Reisen[7]	
4-16	256-260	Wind	neutral[4]	Reisen[7]	
4-17	261-265	mich	neutral[4]	Reisen[7]	
4-18	266-270	weht	neutral[4]	Reisen[7]	
4-19	270-271	.	neutral[4]	_	

#Text=Es muss doch irgendwo 'ne Gegend geben für so 'n richtig verschärftes Leben und da will ich jetzt hin.
5-1	272-274	Es	positive[5]	_	
5-2	275-279	muss	positive[5]	_	
5-3	280-284	doch	positive[5]	_	
5-4	285-293	irgendwo	positive[5]	Reisen[8]	
5-5	294-295	'	positive[5]	Reisen[8]	
5-6	295-297	ne	positive[5]	Reisen[8]	
5-7	298-304	Gegend	positive[5]	Reisen[8]	
5-8	305-310	geben	positive[5]	_	
5-9	311-314	für	positive[5]	_	
5-10	315-317	so	positive[5]	_	
5-11	318-319	'	positive[5]	_	
5-12	319-320	n	positive[5]	_	
5-13	321-328	richtig	positive[5]	Persönliches/Emotionen[9]	
5-14	329-341	verschärftes	positive[5]	Persönliches/Emotionen[9]	
5-15	342-347	Leben	positive[5]	Persönliches/Emotionen[9]	
5-16	348-351	und	positive[5]	_	
5-17	352-354	da	positive[5]	Reisen[10]	
5-18	355-359	will	positive[5]	Reisen[10]	
5-19	360-363	ich	positive[5]	Reisen[10]	
5-20	364-369	jetzt	positive[5]	Reisen[10]	
5-21	370-373	hin	positive[5]	Reisen[10]	
5-22	373-374	.	positive[5]	_	
