#FORMAT=WebAnno TSV 3.2
#T_SP=webanno.custom.Sentiment|Polarity
#T_SP=webanno.custom.Topic|Topics


#Text=Heut' morgen hab' ich angerufen bei dir, ich wollte einfach nur fragen, wie's geht und was du machst.
1-1	0-4	Heut	neutral[1]	_	
1-2	4-5	'	neutral[1]	_	
1-3	6-12	morgen	neutral[1]	_	
1-4	13-16	hab	neutral[1]	_	
1-5	16-17	'	neutral[1]	_	
1-6	18-21	ich	neutral[1]	_	
1-7	22-31	angerufen	neutral[1]	_	
1-8	32-35	bei	neutral[1]	_	
1-9	36-39	dir	neutral[1]	_	
1-10	39-40	,	neutral[1]	_	
1-11	41-44	ich	neutral[1]	_	
1-12	45-51	wollte	neutral[1]	_	
1-13	52-59	einfach	neutral[1]	_	
1-14	60-63	nur	neutral[1]	_	
1-15	64-70	fragen	neutral[1]	_	
1-16	70-71	,	neutral[1]	_	
1-17	72-77	wie's	neutral[1]	_	
1-18	78-82	geht	neutral[1]	_	
1-19	83-86	und	neutral[1]	_	
1-20	87-90	was	neutral[1]	_	
1-21	91-93	du	neutral[1]	_	
1-22	94-100	machst	neutral[1]	_	
1-23	100-101	.	neutral[1]	_	

#Text=Sofort hab' ich gemerkt, du bist nicht alleine, du hast so komisch geredet mit mir.
2-1	102-108	Sofort	negative[2]	_	
2-2	109-112	hab	negative[2]	_	
2-3	112-113	'	negative[2]	_	
2-4	114-117	ich	negative[2]	_	
2-5	118-125	gemerkt	negative[2]	_	
2-6	125-126	,	negative[2]	_	
2-7	127-129	du	negative[2]	_	
2-8	130-134	bist	negative[2]	_	
2-9	135-140	nicht	negative[2]	Persönliches/Emotionen[26]	
2-10	141-148	alleine	negative[2]	Persönliches/Emotionen[26]	
2-11	148-149	,	negative[2]	_	
2-12	150-152	du	negative[2]	_	
2-13	153-157	hast	negative[2]	_	
2-14	158-160	so	negative[2]	_	
2-15	161-168	komisch	negative[2]	Persönliches/Emotionen[27]	
2-16	169-176	geredet	negative[2]	Persönliches/Emotionen[27]	
2-17	177-180	mit	negative[2]	_	
2-18	181-184	mir	negative[2]	_	
2-19	184-185	.	negative[2]	_	

#Text=Da war irgendwas Neues und ich dachte ich sterbe, das war völlig klar, da lag jemand neben dir.
3-1	186-188	Da	negative[3]	_	
3-2	189-192	war	negative[3]	_	
3-3	193-202	irgendwas	negative[3]	_	
3-4	203-208	Neues	negative[3]	_	
3-5	209-212	und	negative[3]	_	
3-6	213-216	ich	negative[3]	Persönliches/Emotionen[28]	
3-7	217-223	dachte	negative[3]	Persönliches/Emotionen[28]	
3-8	224-227	ich	negative[3]	Persönliches/Emotionen[28]	
3-9	228-234	sterbe	negative[3]	Persönliches/Emotionen[28]	
3-10	234-235	,	negative[3]	_	
3-11	236-239	das	negative[3]	_	
3-12	240-243	war	negative[3]	_	
3-13	244-250	völlig	negative[3]	_	
3-14	251-255	klar	negative[3]	_	
3-15	255-256	,	negative[3]	_	
3-16	257-259	da	negative[3]	Liebe/Partnerschaft[29]	
3-17	260-263	lag	negative[3]	Liebe/Partnerschaft[29]	
3-18	264-270	jemand	negative[3]	Liebe/Partnerschaft[29]	
3-19	271-276	neben	negative[3]	Liebe/Partnerschaft[29]	
3-20	277-280	dir	negative[3]	Liebe/Partnerschaft[29]	
3-21	280-281	.	negative[3]	_	

#Text=Und jetzt bist du weg, kommst nicht mehr und Freunde sein, fällt uns so schwer.
4-1	286-289	Und	negative[4]	_	
4-2	290-295	jetzt	negative[4]	_	
4-3	296-300	bist	negative[4]	_	
4-4	301-303	du	negative[4]	_	
4-5	304-307	weg	negative[4]	_	
4-6	307-308	,	negative[4]	_	
4-7	309-315	kommst	negative[4]	_	
4-8	316-321	nicht	negative[4]	_	
4-9	322-326	mehr	negative[4]	_	
4-10	327-330	und	negative[4]	_	
4-11	331-338	Freunde	negative[4]	Liebe/Partnerschaft[30]	
4-12	339-343	sein	negative[4]	Liebe/Partnerschaft[30]	
4-13	343-344	,	negative[4]	_	
4-14	345-350	fällt	negative[4]	Persönliches/Emotionen[31]	
4-15	351-354	uns	negative[4]	Persönliches/Emotionen[31]	
4-16	355-357	so	negative[4]	Persönliches/Emotionen[31]	
4-17	358-364	schwer	negative[4]	Persönliches/Emotionen[31]	
4-18	364-365	.	negative[4]	_	

#Text=Was sonst, was kann ich tun, soll ich dir aus dem Weg geh'n?
5-1	366-369	Was	neutral[5]	_	
5-2	370-375	sonst	neutral[5]	_	
5-3	375-376	,	neutral[5]	_	
5-4	377-380	was	neutral[5]	_	
5-5	381-385	kann	neutral[5]	_	
5-6	386-389	ich	neutral[5]	_	
5-7	390-393	tun	neutral[5]	_	
5-8	393-394	,	neutral[5]	_	
5-9	395-399	soll	neutral[5]	_	
5-10	400-403	ich	neutral[5]	_	
5-11	404-407	dir	neutral[5]	Liebe/Partnerschaft[32]	
5-12	408-411	aus	neutral[5]	Liebe/Partnerschaft[32]	
5-13	412-415	dem	neutral[5]	Liebe/Partnerschaft[32]	
5-14	416-419	Weg	neutral[5]	Liebe/Partnerschaft[32]	
5-15	420-425	geh'n	neutral[5]	Liebe/Partnerschaft[32]	
5-16	425-426	?	neutral[5]	_	

#Text=Und jetzt bist du weg.
6-1	427-430	Und	negative[6]	_	
6-2	431-436	jetzt	negative[6]	_	
6-3	437-441	bist	negative[6]	_	
6-4	442-444	du	negative[6]	_	
6-5	445-448	weg	negative[6]	_	
6-6	448-449	.	negative[6]	_	

#Text=Ach, ich weiß nicht, ist es meine Schuld?
7-1	450-453	Ach	negative[7]	_	
7-2	453-454	,	negative[7]	_	
7-3	455-458	ich	negative[7]	_	
7-4	459-463	weiß	negative[7]	_	
7-5	464-469	nicht	negative[7]	_	
7-6	469-470	,	negative[7]	_	
7-7	471-474	ist	negative[7]	_	
7-8	475-477	es	negative[7]	_	
7-9	478-483	meine	negative[7]	Persönliches/Emotionen[33]	
7-10	484-490	Schuld	negative[7]	Persönliches/Emotionen[33]	
7-11	490-491	?	negative[7]	_	

#Text=Vielleicht.
8-1	492-502	Vielleicht	neutral[8]	_	
8-2	502-503	.	neutral[8]	_	

#Text=Ich wünsche mir, dass ich dich endlich vergessen kann.
9-1	504-507	Ich	neutral[9]	_	
9-2	508-515	wünsche	neutral[9]	_	
9-3	516-519	mir	neutral[9]	_	
9-4	519-520	,	neutral[9]	_	
9-5	521-525	dass	neutral[9]	_	
9-6	526-529	ich	neutral[9]	_	
9-7	530-534	dich	neutral[9]	Liebe/Partnerschaft[34]	
9-8	535-542	endlich	neutral[9]	Liebe/Partnerschaft[34]	
9-9	543-552	vergessen	neutral[9]	Liebe/Partnerschaft[34]	
9-10	553-557	kann	neutral[9]	_	
9-11	557-558	.	neutral[9]	_	

#Text=Wir beide wollten immer zusammen sein, doch vor 'n paar Wochen hab'n wir gemerkt, irgendwie geht das nicht mehr.
10-1	563-566	Wir	negative[10]	_	
10-2	567-572	beide	negative[10]	_	
10-3	573-580	wollten	negative[10]	_	
10-4	581-586	immer	negative[10]	Liebe/Partnerschaft[35]	
10-5	587-595	zusammen	negative[10]	Liebe/Partnerschaft[35]	
10-6	596-600	sein	negative[10]	Liebe/Partnerschaft[35]	
10-7	600-601	,	negative[10]	_	
10-8	602-606	doch	negative[10]	_	
10-9	607-610	vor	negative[10]	_	
10-10	611-612	'	negative[10]	_	
10-11	612-613	n	negative[10]	_	
10-12	614-618	paar	negative[10]	_	
10-13	619-625	Wochen	negative[10]	_	
10-14	626-631	hab'n	negative[10]	_	
10-15	632-635	wir	negative[10]	_	
10-16	636-643	gemerkt	negative[10]	_	
10-17	643-644	,	negative[10]	_	
10-18	645-654	irgendwie	negative[10]	_	
10-19	655-659	geht	negative[10]	_	
10-20	660-663	das	negative[10]	_	
10-21	664-669	nicht	negative[10]	_	
10-22	670-674	mehr	negative[10]	_	
10-23	674-675	.	negative[10]	_	

#Text=Es sollte ohne Streit und Eifersucht laufen, wir wollten richtige Freunde sein.
11-1	676-678	Es	positive[11]	_	
11-2	679-685	sollte	positive[11]	_	
11-3	686-690	ohne	positive[11]	_	
11-4	691-697	Streit	positive[11]	Liebe/Partnerschaft[36]	
11-5	698-701	und	positive[11]	Liebe/Partnerschaft[36]	
11-6	702-712	Eifersucht	positive[11]	Liebe/Partnerschaft[36]	
11-7	713-719	laufen	positive[11]	_	
11-8	719-720	,	positive[11]	_	
11-9	721-724	wir	positive[11]	_	
11-10	725-732	wollten	positive[11]	_	
11-11	733-741	richtige	positive[11]	Liebe/Partnerschaft[37]	
11-12	742-749	Freunde	positive[11]	Liebe/Partnerschaft[37]	
11-13	750-754	sein	positive[11]	Liebe/Partnerschaft[37]	
11-14	754-755	.	positive[11]	_	

#Text=Ich fühl' mich aber so verlassen, weil von den Jahren nur wenig übrig blieb.
12-1	756-759	Ich	negative[12]	_	
12-2	760-764	fühl	negative[12]	_	
12-3	764-765	'	negative[12]	_	
12-4	766-770	mich	negative[12]	_	
12-5	771-775	aber	negative[12]	_	
12-6	776-778	so	negative[12]	_	
12-7	779-788	verlassen	negative[12]	Persönliches/Emotionen	
12-8	788-789	,	negative[12]	_	
12-9	790-794	weil	negative[12]	_	
12-10	795-798	von	negative[12]	_	
12-11	799-802	den	negative[12]	_	
12-12	803-809	Jahren	negative[12]	_	
12-13	810-813	nur	negative[12]	_	
12-14	814-819	wenig	negative[12]	_	
12-15	820-825	übrig	negative[12]	_	
12-16	826-831	blieb	negative[12]	_	
12-17	831-832	.	negative[12]	_	

#Text=Ich hab' dich immer noch so lieb.
13-1	833-836	Ich	positive[13]	_	
13-2	837-840	hab	positive[13]	Liebe/Partnerschaft[38]	
13-3	840-841	'	positive[13]	Liebe/Partnerschaft[38]	
13-4	842-846	dich	positive[13]	Liebe/Partnerschaft[38]	
13-5	847-852	immer	positive[13]	Liebe/Partnerschaft[38]	
13-6	853-857	noch	positive[13]	Liebe/Partnerschaft[38]	
13-7	858-860	so	positive[13]	Liebe/Partnerschaft[38]	
13-8	861-865	lieb	positive[13]	Liebe/Partnerschaft[38]	
13-9	865-866	.	positive[13]	_	

#Text=Und jetzt bist du weg, kommst nicht mehr, und Freunde sein fällt uns so schwer.
14-1	871-874	Und	negative[14]	_	
14-2	875-880	jetzt	negative[14]	_	
14-3	881-885	bist	negative[14]	_	
14-4	886-888	du	negative[14]	_	
14-5	889-892	weg	negative[14]	_	
14-6	892-893	,	negative[14]	_	
14-7	894-900	kommst	negative[14]	_	
14-8	901-906	nicht	negative[14]	_	
14-9	907-911	mehr	negative[14]	_	
14-10	911-912	,	negative[14]	_	
14-11	913-916	und	negative[14]	_	
14-12	917-924	Freunde	negative[14]	Liebe/Partnerschaft[39]	
14-13	925-929	sein	negative[14]	Liebe/Partnerschaft[39]	
14-14	930-935	fällt	negative[14]	Persönliches/Emotionen[40]	
14-15	936-939	uns	negative[14]	Persönliches/Emotionen[40]	
14-16	940-942	so	negative[14]	Persönliches/Emotionen[40]	
14-17	943-949	schwer	negative[14]	Persönliches/Emotionen[40]	
14-18	949-950	.	negative[14]	_	

#Text=Was sonst, was kann ich tun, soll ich dir aus dem Weg geh'n?
15-1	951-954	Was	neutral[15]	_	
15-2	955-960	sonst	neutral[15]	_	
15-3	960-961	,	neutral[15]	_	
15-4	962-965	was	neutral[15]	_	
15-5	966-970	kann	neutral[15]	_	
15-6	971-974	ich	neutral[15]	_	
15-7	975-978	tun	neutral[15]	_	
15-8	978-979	,	neutral[15]	_	
15-9	980-984	soll	neutral[15]	_	
15-10	985-988	ich	neutral[15]	_	
15-11	989-992	dir	neutral[15]	Liebe/Partnerschaft[41]	
15-12	993-996	aus	neutral[15]	Liebe/Partnerschaft[41]	
15-13	997-1000	dem	neutral[15]	Liebe/Partnerschaft[41]	
15-14	1001-1004	Weg	neutral[15]	Liebe/Partnerschaft[41]	
15-15	1005-1010	geh'n	neutral[15]	Liebe/Partnerschaft[41]	
15-16	1010-1011	?	neutral[15]	_	

#Text=Und jetzt bist du weg, hm, ich weiß nicht, ist es meine Schuld?
16-1	1012-1015	Und	negative[16]	_	
16-2	1016-1021	jetzt	negative[16]	_	
16-3	1022-1026	bist	negative[16]	_	
16-4	1027-1029	du	negative[16]	_	
16-5	1030-1033	weg	negative[16]	_	
16-6	1033-1034	,	negative[16]	_	
16-7	1035-1037	hm	negative[16]	_	
16-8	1037-1038	,	negative[16]	_	
16-9	1039-1042	ich	negative[16]	_	
16-10	1043-1047	weiß	negative[16]	_	
16-11	1048-1053	nicht	negative[16]	_	
16-12	1053-1054	,	negative[16]	_	
16-13	1055-1058	ist	negative[16]	_	
16-14	1059-1061	es	negative[16]	_	
16-15	1062-1067	meine	negative[16]	Persönliches/Emotionen[42]	
16-16	1068-1074	Schuld	negative[16]	Persönliches/Emotionen[42]	
16-17	1074-1075	?	negative[16]	_	

#Text=Vielleicht.
17-1	1076-1086	Vielleicht	neutral[17]	_	
17-2	1086-1087	.	neutral[17]	_	

#Text=Ich wünsche mir, dass ich dich endlich vergessen kann.
18-1	1088-1091	Ich	neutral[18]	_	
18-2	1092-1099	wünsche	neutral[18]	_	
18-3	1100-1103	mir	neutral[18]	_	
18-4	1103-1104	,	neutral[18]	_	
18-5	1105-1109	dass	neutral[18]	_	
18-6	1110-1113	ich	neutral[18]	_	
18-7	1114-1118	dich	neutral[18]	Liebe/Partnerschaft[43]	
18-8	1119-1126	endlich	neutral[18]	Liebe/Partnerschaft[43]	
18-9	1127-1136	vergessen	neutral[18]	Liebe/Partnerschaft[43]	
18-10	1137-1141	kann	neutral[18]	_	
18-11	1141-1142	.	neutral[18]	_	

#Text=Wenn wir uns irgendwann wiederseh'n, könn' wir vielleicht zusammen auf einer neuen Straße weitergeh'n, weitergeh'n.
19-1	1147-1151	Wenn	positive[19]	_	
19-2	1152-1155	wir	positive[19]	_	
19-3	1156-1159	uns	positive[19]	_	
19-4	1160-1170	irgendwann	positive[19]	_	
19-5	1171-1182	wiederseh'n	positive[19]	_	
19-6	1182-1183	,	positive[19]	_	
19-7	1184-1188	könn	positive[19]	_	
19-8	1188-1189	'	positive[19]	_	
19-9	1190-1193	wir	positive[19]	_	
19-10	1194-1204	vielleicht	positive[19]	_	
19-11	1205-1213	zusammen	positive[19]	Liebe/Partnerschaft[44]	
19-12	1214-1217	auf	positive[19]	Liebe/Partnerschaft[44]	
19-13	1218-1223	einer	positive[19]	Liebe/Partnerschaft[44]	
19-14	1224-1229	neuen	positive[19]	Liebe/Partnerschaft[44]	
19-15	1230-1236	Straße	positive[19]	Liebe/Partnerschaft[44]	
19-16	1237-1248	weitergeh'n	positive[19]	Liebe/Partnerschaft[44]	
19-17	1248-1249	,	positive[19]	_	
19-18	1250-1261	weitergeh'n	positive[19]	_	
19-19	1261-1262	.	positive[19]	_	

#Text=Und jetzt bist du weg, kommst nicht mehr, und Freunde sein fällt uns so schwer.
20-1	1267-1270	Und	negative[20]	_	
20-2	1271-1276	jetzt	negative[20]	_	
20-3	1277-1281	bist	negative[20]	_	
20-4	1282-1284	du	negative[20]	_	
20-5	1285-1288	weg	negative[20]	_	
20-6	1288-1289	,	negative[20]	_	
20-7	1290-1296	kommst	negative[20]	_	
20-8	1297-1302	nicht	negative[20]	_	
20-9	1303-1307	mehr	negative[20]	_	
20-10	1307-1308	,	negative[20]	_	
20-11	1309-1312	und	negative[20]	_	
20-12	1313-1320	Freunde	negative[20]	Liebe/Partnerschaft[45]	
20-13	1321-1325	sein	negative[20]	Liebe/Partnerschaft[45]	
20-14	1326-1331	fällt	negative[20]	Persönliches/Emotionen[46]	
20-15	1332-1335	uns	negative[20]	Persönliches/Emotionen[46]	
20-16	1336-1338	so	negative[20]	Persönliches/Emotionen[46]	
20-17	1339-1345	schwer	negative[20]	Persönliches/Emotionen[46]	
20-18	1345-1346	.	negative[20]	_	

#Text=Was sonst, was kann ich tun, soll ich dir aus dem Weg geh'n?
21-1	1347-1350	Was	neutral[21]	_	
21-2	1351-1356	sonst	neutral[21]	_	
21-3	1356-1357	,	neutral[21]	_	
21-4	1358-1361	was	neutral[21]	_	
21-5	1362-1366	kann	neutral[21]	_	
21-6	1367-1370	ich	neutral[21]	_	
21-7	1371-1374	tun	neutral[21]	_	
21-8	1374-1375	,	neutral[21]	_	
21-9	1376-1380	soll	neutral[21]	_	
21-10	1381-1384	ich	neutral[21]	_	
21-11	1385-1388	dir	neutral[21]	Liebe/Partnerschaft[47]	
21-12	1389-1392	aus	neutral[21]	Liebe/Partnerschaft[47]	
21-13	1393-1396	dem	neutral[21]	Liebe/Partnerschaft[47]	
21-14	1397-1400	Weg	neutral[21]	Liebe/Partnerschaft[47]	
21-15	1401-1406	geh'n	neutral[21]	Liebe/Partnerschaft[47]	
21-16	1406-1407	?	neutral[21]	_	

#Text=Und jetzt bist du weg.
22-1	1408-1411	Und	negative[22]	_	
22-2	1412-1417	jetzt	negative[22]	_	
22-3	1418-1422	bist	negative[22]	_	
22-4	1423-1425	du	negative[22]	_	
22-5	1426-1429	weg	negative[22]	_	
22-6	1429-1430	.	negative[22]	_	

#Text=Ach, ich weiß nicht, ist es meine Schuld?
23-1	1431-1434	Ach	negative[23]	_	
23-2	1434-1435	,	negative[23]	_	
23-3	1436-1439	ich	negative[23]	_	
23-4	1440-1444	weiß	negative[23]	_	
23-5	1445-1450	nicht	negative[23]	_	
23-6	1450-1451	,	negative[23]	_	
23-7	1452-1455	ist	negative[23]	_	
23-8	1456-1458	es	negative[23]	_	
23-9	1459-1464	meine	negative[23]	Persönliches/Emotionen[48]	
23-10	1465-1471	Schuld	negative[23]	Persönliches/Emotionen[48]	
23-11	1471-1472	?	negative[23]	_	

#Text=Vielleicht.
24-1	1473-1483	Vielleicht	neutral[24]	_	
24-2	1483-1484	.	neutral[24]	_	

#Text=Ich wünsche mir, dass ich dich endlich vergessen kann.
25-1	1485-1488	Ich	neutral[25]	_	
25-2	1489-1496	wünsche	neutral[25]	_	
25-3	1497-1500	mir	neutral[25]	_	
25-4	1500-1501	,	neutral[25]	_	
25-5	1502-1506	dass	neutral[25]	_	
25-6	1507-1510	ich	neutral[25]	_	
25-7	1511-1515	dich	neutral[25]	Liebe/Partnerschaft[49]	
25-8	1516-1523	endlich	neutral[25]	Liebe/Partnerschaft[49]	
25-9	1524-1533	vergessen	neutral[25]	Liebe/Partnerschaft[49]	
25-10	1534-1538	kann	neutral[25]	_	
25-11	1538-1539	.	_	_	
