#FORMAT=WebAnno TSV 3.2
#T_SP=webanno.custom.Sentiment|Polarity
#T_SP=webanno.custom.Topic|Topics


#Text=Du bist so komisch anzuseh'n,  denkst Du vielleicht, das find' ich schön?
1-1	0-2	Du	negative[1]	_	
1-2	3-7	bist	negative[1]	_	
1-3	8-10	so	negative[1]	_	
1-4	11-18	komisch	negative[1]	Persönliches/Emotionen[41]	
1-5	19-28	anzuseh'n	negative[1]	Persönliches/Emotionen[41]	
1-6	28-29	,	negative[1]	_	
1-7	31-37	denkst	negative[1]	_	
1-8	38-40	Du	negative[1]	_	
1-9	41-51	vielleicht	negative[1]	_	
1-10	51-52	,	negative[1]	_	
1-11	53-56	das	negative[1]	_	
1-12	57-61	find	negative[1]	Persönliches/Emotionen[42]	
1-13	61-62	'	negative[1]	Persönliches/Emotionen[42]	
1-14	63-66	ich	negative[1]	Persönliches/Emotionen[42]	
1-15	67-72	schön	negative[1]	Persönliches/Emotionen[42]	
1-16	72-73	?	negative[1]	_	

#Text=Wenn Du mich gar nicht mehr verstehst, mir nur noch auf die Nerven gehst.
2-1	75-79	Wenn	negative[2]	_	
2-2	80-82	Du	negative[2]	_	
2-3	83-87	mich	negative[2]	_	
2-4	88-91	gar	negative[2]	_	
2-5	92-97	nicht	negative[2]	_	
2-6	98-102	mehr	negative[2]	_	
2-7	103-112	verstehst	negative[2]	_	
2-8	112-113	,	negative[2]	_	
2-9	114-117	mir	negative[2]	_	
2-10	118-121	nur	negative[2]	_	
2-11	122-126	noch	negative[2]	_	
2-12	127-130	auf	negative[2]	Persönliches/Emotionen[43]	
2-13	131-134	die	negative[2]	Persönliches/Emotionen[43]	
2-14	135-141	Nerven	negative[2]	Persönliches/Emotionen[43]	
2-15	142-147	gehst	negative[2]	Persönliches/Emotionen[43]	
2-16	147-148	.	negative[2]	_	

#Text=Ich trinke schon die halbe Nacht  und hab' mir endlich klar gemacht.
3-1	149-152	Ich	neutral[3]	_	
3-2	153-159	trinke	neutral[3]	Gesundheit/Drogen	
3-3	160-165	schon	neutral[3]	_	
3-4	166-169	die	neutral[3]	_	
3-5	170-175	halbe	neutral[3]	_	
3-6	176-181	Nacht	neutral[3]	_	
3-7	183-186	und	neutral[3]	_	
3-8	187-190	hab	neutral[3]	_	
3-9	190-191	'	neutral[3]	_	
3-10	192-195	mir	neutral[3]	_	
3-11	196-203	endlich	neutral[3]	_	
3-12	204-208	klar	neutral[3]	_	
3-13	209-216	gemacht	neutral[3]	_	
3-14	216-217	.	_	_	

#Text=Ich muss es Dir jetzt mal gesteh'n:  Ich kann Dich einfach nicht mehr seh'n!
4-1	218-221	Ich	negative[4]	_	
4-2	222-226	muss	negative[4]	_	
4-3	227-229	es	negative[4]	_	
4-4	230-233	Dir	negative[4]	_	
4-5	234-239	jetzt	negative[4]	_	
4-6	240-243	mal	negative[4]	_	
4-7	244-252	gesteh'n	negative[4]	Persönliches/Emotionen	
4-8	252-253	:	negative[4]	_	
4-9	255-258	Ich	negative[4]	_	
4-10	259-263	kann	negative[4]	_	
4-11	264-268	Dich	negative[4]	_	
4-12	269-276	einfach	negative[4]	_	
4-13	277-282	nicht	negative[4]	_	
4-14	283-287	mehr	negative[4]	_	
4-15	288-293	seh'n	negative[4]	_	
4-16	293-294	!	negative[4]	_	

#Text=Mit Deiner schlampigen Figur, gehst Du mir gegen die Natur.
5-1	295-298	Mit	negative[5]	_	
5-2	299-305	Deiner	negative[5]	_	
5-3	306-317	schlampigen	negative[5]	Politik/Soziales/Missstände[44]	
5-4	318-323	Figur	negative[5]	Politik/Soziales/Missstände[44]	
5-5	323-324	,	negative[5]	_	
5-6	325-330	gehst	negative[5]	_	
5-7	331-333	Du	negative[5]	_	
5-8	334-337	mir	negative[5]	_	
5-9	338-343	gegen	negative[5]	_	
5-10	344-347	die	negative[5]	_	
5-11	348-353	Natur	negative[5]	_	
5-12	353-354	.	_	_	

#Text=Du läufst im Bademantel 'rum, ziehst Dich für mich auch nicht mehr um.
6-1	355-357	Du	negative[6]	_	
6-2	358-364	läufst	negative[6]	_	
6-3	365-367	im	negative[6]	_	
6-4	368-378	Bademantel	negative[6]	_	
6-5	379-380	'	negative[6]	_	
6-6	380-383	rum	negative[6]	_	
6-7	383-384	,	negative[6]	_	
6-8	385-391	ziehst	negative[6]	_	
6-9	392-396	Dich	negative[6]	_	
6-10	397-400	für	negative[6]	_	
6-11	401-405	mich	negative[6]	_	
6-12	406-410	auch	negative[6]	_	
6-13	411-416	nicht	negative[6]	_	
6-14	417-421	mehr	negative[6]	_	
6-15	422-424	um	negative[6]	_	
6-16	424-425	.	_	_	

#Text=Dein Haar, da baumeln kreuz und quer  die Lockenwickler hin und her.
7-1	426-430	Dein	negative[7]	_	
7-2	431-435	Haar	negative[7]	_	
7-3	435-436	,	negative[7]	_	
7-4	437-439	da	negative[7]	_	
7-5	440-447	baumeln	negative[7]	_	
7-6	448-453	kreuz	negative[7]	_	
7-7	454-457	und	negative[7]	_	
7-8	458-462	quer	negative[7]	_	
7-9	464-467	die	negative[7]	_	
7-10	468-481	Lockenwickler	negative[7]	_	
7-11	482-485	hin	negative[7]	_	
7-12	486-489	und	negative[7]	_	
7-13	490-493	her	negative[7]	_	
7-14	493-494	.	_	_	

#Text=Kein Deodorant, auch wenn Du schwitzt, den ganzen Tag vor'm Fernseher sitzt.
8-1	495-499	Kein	negative[8]	_	
8-2	500-509	Deodorant	negative[8]	_	
8-3	509-510	,	negative[8]	_	
8-4	511-515	auch	negative[8]	_	
8-5	516-520	wenn	negative[8]	_	
8-6	521-523	Du	negative[8]	_	
8-7	524-532	schwitzt	negative[8]	_	
8-8	532-533	,	negative[8]	_	
8-9	534-537	den	negative[8]	_	
8-10	538-544	ganzen	negative[8]	_	
8-11	545-548	Tag	negative[8]	_	
8-12	549-554	vor'm	negative[8]	_	
8-13	555-564	Fernseher	negative[8]	_	
8-14	565-570	sitzt	negative[8]	_	
8-15	570-571	.	_	_	

#Text=Ich kann Hans Meiser nicht mehr seh'n, Ilona Christen außerdem.
9-1	572-575	Ich	negative[9]	_	
9-2	576-580	kann	negative[9]	_	
9-3	581-585	Hans	negative[9]	Politik/Soziales/Missstände[45]	
9-4	586-592	Meiser	negative[9]	Politik/Soziales/Missstände[45]	
9-5	593-598	nicht	negative[9]	_	
9-6	599-603	mehr	negative[9]	_	
9-7	604-609	seh'n	negative[9]	_	
9-8	609-610	,	negative[9]	_	
9-9	611-616	Ilona	negative[9]	Politik/Soziales/Missstände[46]	
9-10	617-625	Christen	negative[9]	Politik/Soziales/Missstände[46]	
9-11	626-634	außerdem	negative[9]	_	
9-12	634-635	.	_	_	

#Text=Es ist zum Heulen, ganz extrem.
10-1	636-638	Es	negative[10]	_	
10-2	639-642	ist	negative[10]	_	
10-3	643-646	zum	negative[10]	Persönliches/Emotionen[47]	
10-4	647-653	Heulen	negative[10]	Persönliches/Emotionen[47]	
10-5	653-654	,	negative[10]	_	
10-6	655-659	ganz	negative[10]	_	
10-7	660-666	extrem	negative[10]	_	
10-8	666-667	.	_	_	

#Text=Du lässt Dich geh'n.
11-1	668-670	Du	negative[11]	_	
11-2	671-676	lässt	negative[11]	_	
11-3	677-681	Dich	negative[11]	_	
11-4	682-687	geh'n	negative[11]	_	
11-5	687-688	.	negative[11]	_	

#Text=Du lässt Dich geh'n.
12-1	689-691	Du	negative[12]	_	
12-2	692-697	lässt	negative[12]	_	
12-3	698-702	Dich	negative[12]	_	
12-4	703-708	geh'n	negative[12]	_	
12-5	708-709	.	negative[12]	_	

#Text=Denk an die schöne Zeit zurück, die Liebe auf den ersten Blick.
13-1	714-718	Denk	positive[13]	_	
13-2	719-721	an	positive[13]	_	
13-3	722-725	die	positive[13]	_	
13-4	726-732	schöne	positive[13]	Liebe/Partnerschaft[48]	
13-5	733-737	Zeit	positive[13]	Liebe/Partnerschaft[48]	
13-6	738-744	zurück	positive[13]	_	
13-7	744-745	,	positive[13]	_	
13-8	746-749	die	positive[13]	_	
13-9	750-755	Liebe	positive[13]	Liebe/Partnerschaft[49]	
13-10	756-759	auf	positive[13]	Liebe/Partnerschaft[49]	
13-11	760-763	den	positive[13]	Liebe/Partnerschaft[49]	
13-12	764-770	ersten	positive[13]	Liebe/Partnerschaft[49]	
13-13	771-776	Blick	positive[13]	Liebe/Partnerschaft[49]	
13-14	776-777	.	_	_	

#Text=Du lässt Dich geh'n.
14-1	778-780	Du	negative[14]	_	
14-2	781-786	lässt	negative[14]	_	
14-3	787-791	Dich	negative[14]	_	
14-4	792-797	geh'n	negative[14]	_	
14-5	797-798	.	negative[14]	_	

#Text=Du lässt Dich geh'n.
15-1	799-801	Du	negative[15]	_	
15-2	802-807	lässt	negative[15]	_	
15-3	808-812	Dich	negative[15]	_	
15-4	813-818	geh'n	negative[15]	_	
15-5	818-819	.	negative[15]	_	

#Text=Ey, weißt Du noch wie es begann?
16-1	820-822	Ey	neutral[16]	_	
16-2	822-823	,	neutral[16]	_	
16-3	824-829	weißt	neutral[16]	_	
16-4	830-832	Du	neutral[16]	_	
16-5	833-837	noch	neutral[16]	_	
16-6	838-841	wie	neutral[16]	_	
16-7	842-844	es	neutral[16]	_	
16-8	845-851	begann	neutral[16]	_	
16-9	851-852	?	neutral[16]	_	

#Text=Die ganze Welt, sie hielt den Atem an.
17-1	854-857	Die	neutral[17]	_	
17-2	858-863	ganze	neutral[17]	_	
17-3	864-868	Welt	neutral[17]	_	
17-4	868-869	,	neutral[17]	_	
17-5	870-873	sie	neutral[17]	_	
17-6	874-879	hielt	neutral[17]	_	
17-7	880-883	den	neutral[17]	_	
17-8	884-888	Atem	neutral[17]	_	
17-9	889-891	an	neutral[17]	_	
17-10	891-892	.	neutral[17]	_	

#Text=Du lässt Dich geh'n.
18-1	893-895	Du	negative[18]	_	
18-2	896-901	lässt	negative[18]	_	
18-3	902-906	Dich	negative[18]	_	
18-4	907-912	geh'n	negative[18]	_	
18-5	912-913	.	negative[18]	_	

#Text=Du lässt Dich geh'n.
19-1	914-916	Du	negative[19]	_	
19-2	917-922	lässt	negative[19]	_	
19-3	923-927	Dich	negative[19]	_	
19-4	928-933	geh'n	negative[19]	_	
19-5	933-934	.	negative[19]	_	

#Text=Ich möcht's mal wieder mit Dir tun, bist Du denn völlig sex-immun?
20-1	939-942	Ich	negative[20]	_	
20-2	943-950	möcht's	negative[20]	_	
20-3	951-954	mal	negative[20]	_	
20-4	955-961	wieder	negative[20]	_	
20-5	962-965	mit	negative[20]	Liebe/Partnerschaft[50]	
20-6	966-969	Dir	negative[20]	Liebe/Partnerschaft[50]	
20-7	970-973	tun	negative[20]	Liebe/Partnerschaft[50]	
20-8	973-974	,	negative[20]	_	
20-9	975-979	bist	negative[20]	_	
20-10	980-982	Du	negative[20]	_	
20-11	983-987	denn	negative[20]	_	
20-12	988-994	völlig	negative[20]	_	
20-13	995-1004	sex-immun	negative[20]	Liebe/Partnerschaft	
20-14	1004-1005	?	negative[20]	_	

#Text=Einmal im Monat oder so, wo ist sie hin, die Libido?
21-1	1007-1013	Einmal	negative[21]	_	
21-2	1014-1016	im	negative[21]	_	
21-3	1017-1022	Monat	negative[21]	_	
21-4	1023-1027	oder	negative[21]	_	
21-5	1028-1030	so	negative[21]	_	
21-6	1030-1031	,	negative[21]	_	
21-7	1032-1034	wo	negative[21]	_	
21-8	1035-1038	ist	negative[21]	_	
21-9	1039-1042	sie	negative[21]	_	
21-10	1043-1046	hin	negative[21]	_	
21-11	1046-1047	,	negative[21]	_	
21-12	1048-1051	die	negative[21]	_	
21-13	1052-1058	Libido	negative[21]	Liebe/Partnerschaft	
21-14	1058-1059	?	negative[21]	_	

#Text=Sag mir doch dass Du mich noch liebst, wenn Du Dir etwas Mühe gibst.
22-1	1061-1064	Sag	neutral[22]	_	
22-2	1065-1068	mir	neutral[22]	_	
22-3	1069-1073	doch	neutral[22]	_	
22-4	1074-1078	dass	neutral[22]	_	
22-5	1079-1081	Du	neutral[22]	_	
22-6	1082-1086	mich	neutral[22]	_	
22-7	1087-1091	noch	neutral[22]	_	
22-8	1092-1098	liebst	neutral[22]	Liebe/Partnerschaft	
22-9	1098-1099	,	neutral[22]	_	
22-10	1100-1104	wenn	neutral[22]	_	
22-11	1105-1107	Du	neutral[22]	_	
22-12	1108-1111	Dir	neutral[22]	_	
22-13	1112-1117	etwas	neutral[22]	_	
22-14	1118-1122	Mühe	neutral[22]	_	
22-15	1123-1128	gibst	neutral[22]	_	
22-16	1128-1129	.	neutral[22]	_	

#Text=Mit einem kleinen Lächeln nur und tu' auch was für die Figur.
23-1	1130-1133	Mit	neutral[23]	_	
23-2	1134-1139	einem	neutral[23]	_	
23-3	1140-1147	kleinen	neutral[23]	_	
23-4	1148-1155	Lächeln	neutral[23]	_	
23-5	1156-1159	nur	neutral[23]	_	
23-6	1160-1163	und	neutral[23]	_	
23-7	1164-1166	tu	neutral[23]	_	
23-8	1166-1167	'	neutral[23]	_	
23-9	1168-1172	auch	neutral[23]	_	
23-10	1173-1176	was	neutral[23]	_	
23-11	1177-1180	für	neutral[23]	_	
23-12	1181-1184	die	neutral[23]	_	
23-13	1185-1190	Figur	neutral[23]	_	
23-14	1190-1191	.	neutral[23]	_	

#Text=Muss ja kein Bodybuilding sein, es reicht der Damenturnverein.
24-1	1192-1196	Muss	neutral[24]	_	
24-2	1197-1199	ja	neutral[24]	_	
24-3	1200-1204	kein	neutral[24]	_	
24-4	1205-1217	Bodybuilding	neutral[24]	Gesundheit/Drogen	
24-5	1218-1222	sein	neutral[24]	_	
24-6	1222-1223	,	neutral[24]	_	
24-7	1224-1226	es	neutral[24]	_	
24-8	1227-1233	reicht	neutral[24]	_	
24-9	1234-1237	der	neutral[24]	_	
24-10	1238-1253	Damenturnverein	neutral[24]	Gesundheit/Drogen	
24-11	1253-1254	.	_	_	

#Text=Denk an die schöne Zeit zurück, die Liebe auf den ersten Blick.
25-1	1255-1259	Denk	positive[25]	_	
25-2	1260-1262	an	positive[25]	_	
25-3	1263-1266	die	positive[25]	_	
25-4	1267-1273	schöne	positive[25]	Liebe/Partnerschaft[51]	
25-5	1274-1278	Zeit	positive[25]	Liebe/Partnerschaft[51]	
25-6	1279-1285	zurück	positive[25]	_	
25-7	1285-1286	,	positive[25]	_	
25-8	1287-1290	die	positive[25]	_	
25-9	1291-1296	Liebe	positive[25]	Liebe/Partnerschaft[52]	
25-10	1297-1300	auf	positive[25]	Liebe/Partnerschaft[52]	
25-11	1301-1304	den	positive[25]	Liebe/Partnerschaft[52]	
25-12	1305-1311	ersten	positive[25]	Liebe/Partnerschaft[52]	
25-13	1312-1317	Blick	positive[25]	Liebe/Partnerschaft[52]	
25-14	1317-1318	.	_	_	

#Text=Ich nahm die Sonnenbrille ab, ich brach zusammen, total schlapp.
26-1	1319-1322	Ich	negative[26]	_	
26-2	1323-1327	nahm	negative[26]	_	
26-3	1328-1331	die	negative[26]	_	
26-4	1332-1344	Sonnenbrille	negative[26]	_	
26-5	1345-1347	ab	negative[26]	_	
26-6	1347-1348	,	negative[26]	_	
26-7	1349-1352	ich	negative[26]	_	
26-8	1353-1358	brach	negative[26]	_	
26-9	1359-1367	zusammen	negative[26]	_	
26-10	1367-1368	,	negative[26]	_	
26-11	1369-1374	total	negative[26]	_	
26-12	1375-1382	schlapp	negative[26]	_	
26-13	1382-1383	.	_	_	

#Text=Als ich dann wieder zu mir kam und Dich in meine Arme nahm.
27-1	1384-1387	Als	neutral[27]	_	
27-2	1388-1391	ich	neutral[27]	_	
27-3	1392-1396	dann	neutral[27]	_	
27-4	1397-1403	wieder	neutral[27]	_	
27-5	1404-1406	zu	neutral[27]	_	
27-6	1407-1410	mir	neutral[27]	_	
27-7	1411-1414	kam	neutral[27]	_	
27-8	1415-1418	und	neutral[27]	_	
27-9	1419-1423	Dich	neutral[27]	_	
27-10	1424-1426	in	neutral[27]	Liebe/Partnerschaft[53]	
27-11	1427-1432	meine	neutral[27]	Liebe/Partnerschaft[53]	
27-12	1433-1437	Arme	neutral[27]	Liebe/Partnerschaft[53]	
27-13	1438-1442	nahm	neutral[27]	Liebe/Partnerschaft[53]	
27-14	1442-1443	.	_	_	

#Text=Das war so schön, war das nicht schön?
28-1	1444-1447	Das	positive[28]	_	
28-2	1448-1451	war	positive[28]	_	
28-3	1452-1454	so	positive[28]	_	
28-4	1455-1460	schön	positive[28]	_	
28-5	1460-1461	,	positive[28]	_	
28-6	1462-1465	war	positive[28]	_	
28-7	1466-1469	das	positive[28]	_	
28-8	1470-1475	nicht	positive[28]	_	
28-9	1476-1481	schön	positive[28]	_	
28-10	1481-1482	?	positive[28]	_	

#Text=Du lässt Dich geh'n, lass Dich nicht geh'!
29-1	1484-1486	Du	negative[29]	_	
29-2	1487-1492	lässt	negative[29]	_	
29-3	1493-1497	Dich	negative[29]	_	
29-4	1498-1503	geh'n	negative[29]	_	
29-5	1503-1504	,	negative[29]	_	
29-6	1505-1509	lass	negative[29]	_	
29-7	1510-1514	Dich	negative[29]	_	
29-8	1515-1520	nicht	negative[29]	_	
29-9	1521-1524	geh	negative[29]	_	
29-10	1524-1525	'	negative[29]	_	
29-11	1525-1526	!	negative[29]	_	

#Text=Du lässt Dich geh'n.
30-1	1531-1533	Du	negative[30]	_	
30-2	1534-1539	lässt	negative[30]	_	
30-3	1540-1544	Dich	negative[30]	_	
30-4	1545-1550	geh'n	negative[30]	_	
30-5	1550-1551	.	negative[30]	_	

#Text=Du lässt Dich geh'n.
31-1	1552-1554	Du	negative[31]	_	
31-2	1555-1560	lässt	negative[31]	_	
31-3	1561-1565	Dich	negative[31]	_	
31-4	1566-1571	geh'n	negative[31]	_	
31-5	1571-1572	.	negative[31]	_	

#Text=Denk an die schöne Zeit zurück, die Liebe auf den ersten Blick.
32-1	1573-1577	Denk	positive[32]	_	
32-2	1578-1580	an	positive[32]	_	
32-3	1581-1584	die	positive[32]	_	
32-4	1585-1591	schöne	positive[32]	Liebe/Partnerschaft[54]	
32-5	1592-1596	Zeit	positive[32]	Liebe/Partnerschaft[54]	
32-6	1597-1603	zurück	positive[32]	_	
32-7	1603-1604	,	positive[32]	_	
32-8	1605-1608	die	positive[32]	_	
32-9	1609-1614	Liebe	positive[32]	Liebe/Partnerschaft[55]	
32-10	1615-1618	auf	positive[32]	Liebe/Partnerschaft[55]	
32-11	1619-1622	den	positive[32]	Liebe/Partnerschaft[55]	
32-12	1623-1629	ersten	positive[32]	Liebe/Partnerschaft[55]	
32-13	1630-1635	Blick	positive[32]	Liebe/Partnerschaft[55]	
32-14	1635-1636	.	positive[32]	_	

#Text=Du lässt Dich geh'n.
33-1	1637-1639	Du	negative[33]	_	
33-2	1640-1645	lässt	negative[33]	_	
33-3	1646-1650	Dich	negative[33]	_	
33-4	1651-1656	geh'n	negative[33]	_	
33-5	1656-1657	.	_	_	

#Text=Du lässt Dich geh'n.
34-1	1658-1660	Du	negative[34]	_	
34-2	1661-1666	lässt	negative[34]	_	
34-3	1667-1671	Dich	negative[34]	_	
34-4	1672-1677	geh'n	negative[34]	_	
34-5	1677-1678	.	negative[34]	_	

#Text=Ey, weißt Du noch wie es begann?
35-1	1679-1681	Ey	neutral[35]	_	
35-2	1681-1682	,	neutral[35]	_	
35-3	1683-1688	weißt	neutral[35]	_	
35-4	1689-1691	Du	neutral[35]	_	
35-5	1692-1696	noch	neutral[35]	_	
35-6	1697-1700	wie	neutral[35]	_	
35-7	1701-1703	es	neutral[35]	_	
35-8	1704-1710	begann	neutral[35]	_	
35-9	1710-1711	?	neutral[35]	_	

#Text=Die ganze Welt, sie hielt den Atem an.
36-1	1713-1716	Die	neutral[36]	_	
36-2	1717-1722	ganze	neutral[36]	_	
36-3	1723-1727	Welt	neutral[36]	_	
36-4	1727-1728	,	neutral[36]	_	
36-5	1729-1732	sie	neutral[36]	_	
36-6	1733-1738	hielt	neutral[36]	_	
36-7	1739-1742	den	neutral[36]	_	
36-8	1743-1747	Atem	neutral[36]	_	
36-9	1748-1750	an	neutral[36]	_	
36-10	1750-1751	.	neutral[36]	_	

#Text=Du lässt Dich geh'n.
37-1	1756-1758	Du	negative[37]	_	
37-2	1759-1764	lässt	negative[37]	_	
37-3	1765-1769	Dich	negative[37]	_	
37-4	1770-1775	geh'n	negative[37]	_	
37-5	1775-1776	.	negative[37]	_	

#Text=Du lässt Dich geh'n.
38-1	1777-1779	Du	negative[38]	_	
38-2	1780-1785	lässt	negative[38]	_	
38-3	1786-1790	Dich	negative[38]	_	
38-4	1791-1796	geh'n	negative[38]	_	
38-5	1796-1797	.	negative[38]	_	

#Text=Du lässt Dich geh'n.
39-1	1798-1800	Du	negative[39]	_	
39-2	1801-1806	lässt	negative[39]	_	
39-3	1807-1811	Dich	negative[39]	_	
39-4	1812-1817	geh'n	negative[39]	_	
39-5	1817-1818	.	negative[39]	_	

#Text=Du lässt Dich geh'n.
40-1	1819-1821	Du	negative[40]	_	
40-2	1822-1827	lässt	negative[40]	_	
40-3	1828-1832	Dich	negative[40]	_	
40-4	1833-1838	geh'n	negative[40]	_	
40-5	1838-1839	.	_	_	
