#FORMAT=WebAnno TSV 3.2
#T_SP=webanno.custom.Sentiment|Polarity
#T_SP=webanno.custom.Topic|Topics


#Text=Ich fuhr so vor mich hin, auf der Autobahn da stand ein Typ und winkte, und ich dachte, hältst mal an.
1-1	0-3	Ich	neutral[1]	_	
1-2	4-8	fuhr	neutral[1]	Reisen[12]	
1-3	9-11	so	neutral[1]	Reisen[12]	
1-4	12-15	vor	neutral[1]	Reisen[12]	
1-5	16-20	mich	neutral[1]	Reisen[12]	
1-6	21-24	hin	neutral[1]	Reisen[12]	
1-7	24-25	,	neutral[1]	_	
1-8	26-29	auf	neutral[1]	_	
1-9	30-33	der	neutral[1]	_	
1-10	34-42	Autobahn	neutral[1]	Reisen	
1-11	43-45	da	neutral[1]	_	
1-12	46-51	stand	neutral[1]	_	
1-13	52-55	ein	neutral[1]	_	
1-14	56-59	Typ	neutral[1]	_	
1-15	60-63	und	neutral[1]	_	
1-16	64-70	winkte	neutral[1]	_	
1-17	70-71	,	neutral[1]	_	
1-18	72-75	und	neutral[1]	_	
1-19	76-79	ich	neutral[1]	_	
1-20	80-86	dachte	neutral[1]	_	
1-21	86-87	,	neutral[1]	_	
1-22	88-94	hältst	neutral[1]	_	
1-23	95-98	mal	neutral[1]	_	
1-24	99-101	an	neutral[1]	_	
1-25	101-102	.	neutral[1]	_	

#Text=Doch dann, als ich so allmählich näher kam so etwas Komisches, ganz seltsam.
2-1	103-107	Doch	negative[2]	_	
2-2	108-112	dann	negative[2]	_	
2-3	112-113	,	negative[2]	_	
2-4	114-117	als	negative[2]	_	
2-5	118-121	ich	negative[2]	_	
2-6	122-124	so	negative[2]	_	
2-7	125-135	allmählich	negative[2]	_	
2-8	136-141	näher	negative[2]	_	
2-9	142-145	kam	negative[2]	_	
2-10	146-148	so	negative[2]	_	
2-11	149-154	etwas	negative[2]	_	
2-12	155-164	Komisches	negative[2]	_	
2-13	164-165	,	negative[2]	_	
2-14	166-170	ganz	negative[2]	Persönliches/Emotionen[13]	
2-15	171-178	seltsam	negative[2]	Persönliches/Emotionen[13]	
2-16	178-179	.	negative[2]	_	

#Text=Er hatte Drähte an der Nase und Antennen an den Ohren, ganz grün im Gesicht, und dann beugt er sich leicht nach vorn und er sagt: "...§,/.!?
3-1	184-186	Er	neutral[3]	_	
3-2	187-192	hatte	neutral[3]	_	
3-3	193-199	Drähte	neutral[3]	_	
3-4	200-202	an	neutral[3]	_	
3-5	203-206	der	neutral[3]	_	
3-6	207-211	Nase	neutral[3]	_	
3-7	212-215	und	neutral[3]	_	
3-8	216-224	Antennen	neutral[3]	_	
3-9	225-227	an	neutral[3]	_	
3-10	228-231	den	neutral[3]	_	
3-11	232-237	Ohren	neutral[3]	_	
3-12	237-238	,	neutral[3]	_	
3-13	239-243	ganz	neutral[3]	_	
3-14	244-248	grün	neutral[3]	_	
3-15	249-251	im	neutral[3]	_	
3-16	252-259	Gesicht	neutral[3]	_	
3-17	259-260	,	neutral[3]	_	
3-18	261-264	und	neutral[3]	_	
3-19	265-269	dann	neutral[3]	_	
3-20	270-275	beugt	neutral[3]	_	
3-21	276-278	er	neutral[3]	_	
3-22	279-283	sich	neutral[3]	_	
3-23	284-290	leicht	neutral[3]	_	
3-24	291-295	nach	neutral[3]	_	
3-25	296-300	vorn	neutral[3]	_	
3-26	301-304	und	neutral[3]	_	
3-27	305-307	er	neutral[3]	_	
3-28	308-312	sagt	neutral[3]	_	
3-29	312-313	:	neutral[3]	_	
3-30	314-315	"	neutral[3]	_	
3-31	315-316	.	neutral[3]	_	
3-32	316-317	.	neutral[3]	_	
3-33	317-318	.	neutral[3]	_	
3-34	318-319	§	neutral[3]	_	
3-35	319-320	,	neutral[3]	_	
3-36	320-321	/	neutral[3]	_	
3-37	321-322	.	neutral[3]	_	
3-38	322-323	!	neutral[3]	_	
3-39	323-324	?	neutral[3]	_	

#Text=-..;/§%...?
4-1	324-325	-	_	_	
4-2	325-326	.	_	_	
4-3	326-327	.	_	_	
4-4	327-328	;	_	_	
4-5	328-329	/	_	_	
4-6	329-330	§	_	_	
4-7	330-331	%	_	_	
4-8	331-332	.	_	_	
4-9	332-333	.	_	_	
4-10	333-334	.	_	_	
4-11	334-335	?	_	_	

#Text=, sehr angenehm, mein Name ist Gerhard Gösebrecht aus dem dreizehnten Sonnensystem."
5-1	335-336	,	_	_	
5-2	337-341	sehr	neutral[4]	_	
5-3	342-350	angenehm	neutral[4]	_	
5-4	350-351	,	neutral[4]	_	
5-5	352-356	mein	neutral[4]	_	
5-6	357-361	Name	neutral[4]	_	
5-7	362-365	ist	neutral[4]	_	
5-8	366-373	Gerhard	neutral[4]	_	
5-9	374-384	Gösebrecht	neutral[4]	_	
5-10	385-388	aus	neutral[4]	_	
5-11	389-392	dem	neutral[4]	_	
5-12	393-404	dreizehnten	neutral[4]	Reisen[14]	
5-13	405-417	Sonnensystem	neutral[4]	Reisen[14]	
5-14	417-418	.	neutral[4]	_	
5-15	418-419	"	neutral[4]	_	

#Text=Na ja, ich dachte, die machen hier gerade 'n Film, so 'ne Science Fiction Show, das sind Dreharbeiten.
6-1	424-426	Na	neutral[5]	_	
6-2	427-429	ja	neutral[5]	_	
6-3	429-430	,	neutral[5]	_	
6-4	431-434	ich	neutral[5]	_	
6-5	435-441	dachte	neutral[5]	_	
6-6	441-442	,	neutral[5]	_	
6-7	443-446	die	neutral[5]	_	
6-8	447-453	machen	neutral[5]	_	
6-9	454-458	hier	neutral[5]	_	
6-10	459-465	gerade	neutral[5]	_	
6-11	466-467	'	neutral[5]	_	
6-12	467-468	n	neutral[5]	_	
6-13	469-473	Film	neutral[5]	_	
6-14	473-474	,	neutral[5]	_	
6-15	475-477	so	neutral[5]	_	
6-16	478-479	'	neutral[5]	_	
6-17	479-481	ne	neutral[5]	_	
6-18	482-489	Science	neutral[5]	_	
6-19	490-497	Fiction	neutral[5]	_	
6-20	498-502	Show	neutral[5]	_	
6-21	502-503	,	neutral[5]	_	
6-22	504-507	das	neutral[5]	_	
6-23	508-512	sind	neutral[5]	_	
6-24	513-525	Dreharbeiten	neutral[5]	_	
6-25	525-526	.	neutral[5]	_	

#Text=Doch dann sah ich da hinten ein gigantisches Ufo, das sah so beängstigend echt aus, gar nicht wie 'ne Attrappe und Gerhard lächelt und fragt: "Glaubst du denn, wir kommen mit 'm Flugzeug aus Pappe?"
7-1	527-531	Doch	negative[6]	_	
7-2	532-536	dann	negative[6]	_	
7-3	537-540	sah	negative[6]	_	
7-4	541-544	ich	negative[6]	_	
7-5	545-547	da	negative[6]	_	
7-6	548-554	hinten	negative[6]	_	
7-7	555-558	ein	negative[6]	_	
7-8	559-571	gigantisches	negative[6]	Reisen[15]	
7-9	572-575	Ufo	negative[6]	Reisen[15]	
7-10	575-576	,	negative[6]	_	
7-11	577-580	das	negative[6]	_	
7-12	581-584	sah	negative[6]	_	
7-13	585-587	so	negative[6]	_	
7-14	588-600	beängstigend	negative[6]	Persönliches/Emotionen	
7-15	601-605	echt	negative[6]	_	
7-16	606-609	aus	negative[6]	_	
7-17	609-610	,	negative[6]	_	
7-18	611-614	gar	negative[6]	_	
7-19	615-620	nicht	negative[6]	_	
7-20	621-624	wie	negative[6]	_	
7-21	625-626	'	negative[6]	_	
7-22	626-628	ne	negative[6]	_	
7-23	629-637	Attrappe	negative[6]	_	
7-24	638-641	und	negative[6]	_	
7-25	642-649	Gerhard	negative[6]	_	
7-26	650-657	lächelt	negative[6]	_	
7-27	658-661	und	negative[6]	_	
7-28	662-667	fragt	negative[6]	_	
7-29	667-668	:	negative[6]	_	
7-30	669-670	"	negative[6]	_	
7-31	670-677	Glaubst	negative[6]	_	
7-32	678-680	du	negative[6]	_	
7-33	681-685	denn	negative[6]	_	
7-34	685-686	,	negative[6]	_	
7-35	687-690	wir	negative[6]	_	
7-36	691-697	kommen	negative[6]	_	
7-37	698-701	mit	negative[6]	_	
7-38	702-703	'	negative[6]	_	
7-39	703-704	m	negative[6]	_	
7-40	705-713	Flugzeug	negative[6]	Reisen[16]	
7-41	714-717	aus	negative[6]	Reisen[16]	
7-42	718-723	Pappe	negative[6]	Reisen[16]	
7-43	723-724	?	negative[6]	_	
7-44	724-725	"	negative[6]	_	

#Text=Ich dachte, Moment mal, das gibt's doch nicht, das krieg' ich in meinen Kopf nicht rein, doch da stieg Kosmos-Gerhard auch schon in mein Auto ein.
8-1	730-733	Ich	neutral[7]	_	
8-2	734-740	dachte	neutral[7]	_	
8-3	740-741	,	neutral[7]	_	
8-4	742-748	Moment	neutral[7]	_	
8-5	749-752	mal	neutral[7]	_	
8-6	752-753	,	neutral[7]	_	
8-7	754-757	das	neutral[7]	_	
8-8	758-764	gibt's	neutral[7]	_	
8-9	765-769	doch	neutral[7]	_	
8-10	770-775	nicht	neutral[7]	_	
8-11	775-776	,	neutral[7]	_	
8-12	777-780	das	neutral[7]	_	
8-13	781-786	krieg	neutral[7]	Persönliches/Emotionen[17]	
8-14	786-787	'	neutral[7]	Persönliches/Emotionen[17]	
8-15	788-791	ich	neutral[7]	Persönliches/Emotionen[17]	
8-16	792-794	in	neutral[7]	Persönliches/Emotionen[17]	
8-17	795-801	meinen	neutral[7]	Persönliches/Emotionen[17]	
8-18	802-806	Kopf	neutral[7]	Persönliches/Emotionen[17]	
8-19	807-812	nicht	neutral[7]	Persönliches/Emotionen[17]	
8-20	813-817	rein	neutral[7]	Persönliches/Emotionen[17]	
8-21	817-818	,	neutral[7]	_	
8-22	819-823	doch	neutral[7]	_	
8-23	824-826	da	neutral[7]	_	
8-24	827-832	stieg	neutral[7]	_	
8-25	833-847	Kosmos-Gerhard	neutral[7]	_	
8-26	848-852	auch	neutral[7]	_	
8-27	853-858	schon	neutral[7]	_	
8-28	859-861	in	neutral[7]	_	
8-29	862-866	mein	neutral[7]	_	
8-30	867-871	Auto	neutral[7]	_	
8-31	872-875	ein	neutral[7]	_	
8-32	875-876	.	neutral[7]	_	

#Text=Er meinte: "Pass mal auf, wir fahren jetzt noch eben zu dir nach Haus, da packst du alles ein, was du brauchst, und dann fliegen wir ins Weltall raus.
9-1	877-879	Er	neutral[8]	_	
9-2	880-886	meinte	neutral[8]	_	
9-3	886-887	:	neutral[8]	_	
9-4	888-889	"	neutral[8]	_	
9-5	889-893	Pass	neutral[8]	_	
9-6	894-897	mal	neutral[8]	_	
9-7	898-901	auf	neutral[8]	_	
9-8	901-902	,	neutral[8]	_	
9-9	903-906	wir	neutral[8]	_	
9-10	907-913	fahren	neutral[8]	_	
9-11	914-919	jetzt	neutral[8]	_	
9-12	920-924	noch	neutral[8]	_	
9-13	925-929	eben	neutral[8]	_	
9-14	930-932	zu	neutral[8]	_	
9-15	933-936	dir	neutral[8]	_	
9-16	937-941	nach	neutral[8]	_	
9-17	942-946	Haus	neutral[8]	_	
9-18	946-947	,	neutral[8]	_	
9-19	948-950	da	neutral[8]	_	
9-20	951-957	packst	neutral[8]	_	
9-21	958-960	du	neutral[8]	_	
9-22	961-966	alles	neutral[8]	_	
9-23	967-970	ein	neutral[8]	_	
9-24	970-971	,	neutral[8]	_	
9-25	972-975	was	neutral[8]	_	
9-26	976-978	du	neutral[8]	_	
9-27	979-987	brauchst	neutral[8]	_	
9-28	987-988	,	neutral[8]	_	
9-29	989-992	und	neutral[8]	_	
9-30	993-997	dann	neutral[8]	_	
9-31	998-1005	fliegen	neutral[8]	Reisen[18]	
9-32	1006-1009	wir	neutral[8]	Reisen[18]	
9-33	1010-1013	ins	neutral[8]	Reisen[18]	
9-34	1014-1021	Weltall	neutral[8]	Reisen[18]	
9-35	1022-1026	raus	neutral[8]	Reisen[18]	
9-36	1026-1027	.	neutral[8]	_	

#Text=Wir fliegen zu einem fernen Planet, auf dem's musikalisch nicht mehr weitergeht, nur noch Robotersounds und Computerklänge.
10-1	1032-1035	Wir	negative[9]	Reisen[19]	
10-2	1036-1043	fliegen	negative[9]	Reisen[19]	
10-3	1044-1046	zu	negative[9]	Reisen[19]	
10-4	1047-1052	einem	negative[9]	Reisen[19]	
10-5	1053-1059	fernen	negative[9]	Reisen[19]	
10-6	1060-1066	Planet	negative[9]	Reisen[19]	
10-7	1066-1067	,	negative[9]	_	
10-8	1068-1071	auf	negative[9]	_	
10-9	1072-1077	dem's	negative[9]	_	
10-10	1078-1089	musikalisch	negative[9]	Musik	
10-11	1090-1095	nicht	negative[9]	_	
10-12	1096-1100	mehr	negative[9]	_	
10-13	1101-1111	weitergeht	negative[9]	_	
10-14	1111-1112	,	negative[9]	_	
10-15	1113-1116	nur	negative[9]	_	
10-16	1117-1121	noch	negative[9]	_	
10-17	1122-1135	Robotersounds	negative[9]	Musik[20]	
10-18	1136-1139	und	negative[9]	Musik[20]	
10-19	1140-1154	Computerklänge	negative[9]	Musik[20]	
10-20	1154-1155	.	negative[9]	_	

#Text=Wir brauchen in unserem Imperium dich fürs Musikministerium.
11-1	1156-1159	Wir	neutral[10]	_	
11-2	1160-1168	brauchen	neutral[10]	_	
11-3	1169-1171	in	neutral[10]	_	
11-4	1172-1179	unserem	neutral[10]	_	
11-5	1180-1188	Imperium	neutral[10]	Politik/Soziales/Missstände	
11-6	1189-1193	dich	neutral[10]	_	
11-7	1194-1198	fürs	neutral[10]	_	
11-8	1199-1215	Musikministerium	neutral[10]	Musik	
11-9	1215-1216	.	neutral[10]	_	

#Text=Wir haben die Nase vom Kosmosrock voll wir wollen jetzt den irdischen Rock 'n' Roll."
12-1	1217-1220	Wir	neutral[11]	_	
12-2	1221-1226	haben	neutral[11]	_	
12-3	1227-1230	die	neutral[11]	_	
12-4	1231-1235	Nase	neutral[11]	_	
12-5	1236-1239	vom	neutral[11]	_	
12-6	1240-1250	Kosmosrock	neutral[11]	Musik	
12-7	1251-1255	voll	neutral[11]	_	
12-8	1256-1259	wir	neutral[11]	_	
12-9	1260-1266	wollen	neutral[11]	_	
12-10	1267-1272	jetzt	neutral[11]	_	
12-11	1273-1276	den	neutral[11]	_	
12-12	1277-1286	irdischen	neutral[11]	Musik[21]	
12-13	1287-1291	Rock	neutral[11]	Musik[21]	
12-14	1292-1293	'	neutral[11]	Musik[21]	
12-15	1293-1294	n	neutral[11]	Musik[21]	
12-16	1294-1295	'	neutral[11]	Musik[21]	
12-17	1296-1300	Roll	neutral[11]	Musik[21]	
12-18	1300-1301	.	neutral[11]	_	
12-19	1301-1302	"	neutral[11]	_	
