#FORMAT=WebAnno TSV 3.2
#T_SP=webanno.custom.Sentiment|Polarity
#T_SP=webanno.custom.Topic|Topics


#Text=Sonntagnachmittag, draußen Regen, Langeweile, und es wurde immer schlimmer, während die anderen saßen und Kuchen fraßen nebenan im Flimmerkastenzimmer.
1-1	0-17	Sonntagnachmittag	negative[1]	_	
1-2	17-18	,	negative[1]	_	
1-3	19-26	draußen	negative[1]	_	
1-4	27-32	Regen	negative[1]	_	
1-5	32-33	,	negative[1]	_	
1-6	34-44	Langeweile	negative[1]	Persönliches/Emotionen	
1-7	44-45	,	negative[1]	_	
1-8	46-49	und	negative[1]	_	
1-9	50-52	es	negative[1]	_	
1-10	53-58	wurde	negative[1]	_	
1-11	59-64	immer	negative[1]	_	
1-12	65-74	schlimmer	negative[1]	_	
1-13	74-75	,	negative[1]	_	
1-14	76-83	während	negative[1]	_	
1-15	84-87	die	negative[1]	_	
1-16	88-95	anderen	negative[1]	_	
1-17	96-101	saßen	negative[1]	_	
1-18	102-105	und	negative[1]	_	
1-19	106-112	Kuchen	negative[1]	_	
1-20	113-119	fraßen	negative[1]	_	
1-21	120-127	nebenan	negative[1]	_	
1-22	128-130	im	negative[1]	_	
1-23	131-150	Flimmerkastenzimmer	negative[1]	_	
1-24	150-151	.	negative[1]	_	

#Text=Er war sechzehn Jahre alt und zum Abendbrot präsentiererte Köpke zwischen Käse und Kakao Katastrophen, Krieg und Krisen und diese ganze blöde Welt in der Tagesschau.
2-1	156-158	Er	negative[2]	_	
2-2	159-162	war	negative[2]	_	
2-3	163-171	sechzehn	negative[2]	_	
2-4	172-177	Jahre	negative[2]	_	
2-5	178-181	alt	negative[2]	_	
2-6	182-185	und	negative[2]	_	
2-7	186-189	zum	negative[2]	_	
2-8	190-199	Abendbrot	negative[2]	_	
2-9	200-214	präsentiererte	negative[2]	_	
2-10	215-220	Köpke	negative[2]	_	
2-11	221-229	zwischen	negative[2]	_	
2-12	230-234	Käse	negative[2]	_	
2-13	235-238	und	negative[2]	_	
2-14	239-244	Kakao	negative[2]	_	
2-15	245-257	Katastrophen	negative[2]	Politik/Soziales/Missstände[21]	
2-16	257-258	,	negative[2]	Politik/Soziales/Missstände[21]	
2-17	259-264	Krieg	negative[2]	Politik/Soziales/Missstände[21]	
2-18	265-268	und	negative[2]	Politik/Soziales/Missstände[21]	
2-19	269-275	Krisen	negative[2]	Politik/Soziales/Missstände[21]	
2-20	276-279	und	negative[2]	_	
2-21	280-285	diese	negative[2]	Politik/Soziales/Missstände[22]	
2-22	286-291	ganze	negative[2]	Politik/Soziales/Missstände[22]	
2-23	292-297	blöde	negative[2]	Politik/Soziales/Missstände[22]	
2-24	298-302	Welt	negative[2]	Politik/Soziales/Missstände[22]	
2-25	303-305	in	negative[2]	_	
2-26	306-309	der	negative[2]	_	
2-27	310-320	Tagesschau	negative[2]	_	
2-28	320-321	.	negative[2]	_	

#Text=Und er hatte genug von alldem und er ging in die Kneipe und ballerte sich zu.
3-1	326-329	Und	negative[3]	_	
3-2	330-332	er	negative[3]	_	
3-3	333-338	hatte	negative[3]	Persönliches/Emotionen[23]	
3-4	339-344	genug	negative[3]	Persönliches/Emotionen[23]	
3-5	345-348	von	negative[3]	Persönliches/Emotionen[23]	
3-6	349-355	alldem	negative[3]	Persönliches/Emotionen[23]	
3-7	356-359	und	negative[3]	_	
3-8	360-362	er	negative[3]	_	
3-9	363-367	ging	negative[3]	_	
3-10	368-370	in	negative[3]	_	
3-11	371-374	die	negative[3]	_	
3-12	375-381	Kneipe	negative[3]	Gesundheit/Drogen	
3-13	382-385	und	negative[3]	_	
3-14	386-394	ballerte	negative[3]	Gesundheit/Drogen[24]	
3-15	395-399	sich	negative[3]	Gesundheit/Drogen[24]	
3-16	400-402	zu	negative[3]	Gesundheit/Drogen[24]	
3-17	402-403	.	negative[3]	_	

#Text=Und die Wirtin sagte: "Na du süßer Bengel, du!"
4-1	404-407	Und	neutral[4]	_	
4-2	408-411	die	neutral[4]	_	
4-3	412-418	Wirtin	neutral[4]	Gesundheit/Drogen	
4-4	419-424	sagte	neutral[4]	_	
4-5	424-425	:	neutral[4]	_	
4-6	426-427	"	neutral[4]	_	
4-7	427-429	Na	neutral[4]	_	
4-8	430-432	du	neutral[4]	_	
4-9	433-438	süßer	neutral[4]	_	
4-10	439-445	Bengel	neutral[4]	_	
4-11	445-446	,	neutral[4]	_	
4-12	447-449	du	neutral[4]	_	
4-13	449-450	!	neutral[4]	_	
4-14	450-451	"	neutral[4]	_	

#Text=Und er war der blaue Engel und er goss sich einen rein.
5-1	452-455	Und	neutral[5]	_	
5-2	456-458	er	neutral[5]	_	
5-3	459-462	war	neutral[5]	_	
5-4	463-466	der	neutral[5]	_	
5-5	467-472	blaue	neutral[5]	_	
5-6	473-478	Engel	neutral[5]	_	
5-7	479-482	und	neutral[5]	_	
5-8	483-485	er	neutral[5]	_	
5-9	486-490	goss	neutral[5]	Gesundheit/Drogen[25]	
5-10	491-495	sich	neutral[5]	Gesundheit/Drogen[25]	
5-11	496-501	einen	neutral[5]	Gesundheit/Drogen[25]	
5-12	502-506	rein	neutral[5]	Gesundheit/Drogen[25]	
5-13	506-507	.	neutral[5]	_	

#Text=Diese Welt kann doch trotzdem so unbeschreiblich schön sein.
6-1	508-513	Diese	positive[6]	_	
6-2	514-518	Welt	positive[6]	_	
6-3	519-523	kann	positive[6]	_	
6-4	524-528	doch	positive[6]	_	
6-5	529-537	trotzdem	positive[6]	_	
6-6	538-540	so	positive[6]	_	
6-7	541-556	unbeschreiblich	positive[6]	Persönliches/Emotionen[26]	
6-8	557-562	schön	positive[6]	Persönliches/Emotionen[26]	
6-9	563-567	sein	positive[6]	_	
6-10	567-568	.	positive[6]	_	

#Text=Und mit der hochprozentigen Braut wurde er bekannt, die er wahnsinnig berauschend und am nächsten Morgen zum Kotzen fand.
7-1	573-576	Und	negative[7]	_	
7-2	577-580	mit	negative[7]	_	
7-3	581-584	der	negative[7]	_	
7-4	585-600	hochprozentigen	negative[7]	Liebe/Partnerschaft[27]	
7-5	601-606	Braut	negative[7]	Liebe/Partnerschaft[27]	
7-6	607-612	wurde	negative[7]	_	
7-7	613-615	er	negative[7]	_	
7-8	616-623	bekannt	negative[7]	_	
7-9	623-624	,	negative[7]	_	
7-10	625-628	die	negative[7]	_	
7-11	629-631	er	negative[7]	_	
7-12	632-642	wahnsinnig	negative[7]	Persönliches/Emotionen[28]	
7-13	643-654	berauschend	negative[7]	Persönliches/Emotionen[28]	
7-14	655-658	und	negative[7]	_	
7-15	659-661	am	negative[7]	_	
7-16	662-670	nächsten	negative[7]	_	
7-17	671-677	Morgen	negative[7]	_	
7-18	678-681	zum	negative[7]	Persönliches/Emotionen[29]	
7-19	682-688	Kotzen	negative[7]	Persönliches/Emotionen[29]	
7-20	689-693	fand	negative[7]	_	
7-21	693-694	.	negative[7]	_	

#Text=Lady Whisky.
8-1	695-699	Lady	neutral[8]	Gesundheit/Drogen[30]	
8-2	700-706	Whisky	neutral[8]	Gesundheit/Drogen[30]	
8-3	706-707	.	neutral[8]	_	

#Text=Sie hat so schöne braune Augen, brauchst nur auszusaugen.
9-1	708-711	Sie	positive[9]	_	
9-2	712-715	hat	positive[9]	_	
9-3	716-718	so	positive[9]	_	
9-4	719-725	schöne	positive[9]	_	
9-5	726-732	braune	positive[9]	_	
9-6	733-738	Augen	positive[9]	_	
9-7	738-739	,	positive[9]	_	
9-8	740-748	brauchst	positive[9]	_	
9-9	749-752	nur	positive[9]	_	
9-10	753-764	auszusaugen	positive[9]	_	
9-11	764-765	.	positive[9]	_	

#Text=All die Jahre hindurch, wenn er traurig war, war sie immer, immer für ihn da.
10-1	770-773	All	positive[10]	_	
10-2	774-777	die	positive[10]	_	
10-3	778-783	Jahre	positive[10]	_	
10-4	784-792	hindurch	positive[10]	_	
10-5	792-793	,	positive[10]	_	
10-6	794-798	wenn	positive[10]	_	
10-7	799-801	er	positive[10]	_	
10-8	802-809	traurig	positive[10]	Persönliches/Emotionen	
10-9	810-813	war	positive[10]	_	
10-10	813-814	,	positive[10]	_	
10-11	815-818	war	positive[10]	_	
10-12	819-822	sie	positive[10]	_	
10-13	823-828	immer	positive[10]	_	
10-14	828-829	,	positive[10]	_	
10-15	830-835	immer	positive[10]	Liebe/Partnerschaft[31]	
10-16	836-839	für	positive[10]	Liebe/Partnerschaft[31]	
10-17	840-843	ihn	positive[10]	Liebe/Partnerschaft[31]	
10-18	844-846	da	positive[10]	Liebe/Partnerschaft[31]	
10-19	846-847	.	positive[10]	_	

#Text=Wenn die Welt so höllisch und der Himmel verschlossen und der liebe Gott mal wieder auf fernen Reisen war.
11-1	848-852	Wenn	neutral[11]	_	
11-2	853-856	die	neutral[11]	_	
11-3	857-861	Welt	neutral[11]	Politik/Soziales/Missstände[32]	
11-4	862-864	so	neutral[11]	Politik/Soziales/Missstände[32]	
11-5	865-873	höllisch	neutral[11]	Politik/Soziales/Missstände[32]	
11-6	874-877	und	neutral[11]	_	
11-7	878-881	der	neutral[11]	_	
11-8	882-888	Himmel	neutral[11]	Politik/Soziales/Missstände[33]	
11-9	889-901	verschlossen	neutral[11]	Politik/Soziales/Missstände[33]	
11-10	902-905	und	neutral[11]	_	
11-11	906-909	der	neutral[11]	_	
11-12	910-915	liebe	neutral[11]	_	
11-13	916-920	Gott	neutral[11]	_	
11-14	921-924	mal	neutral[11]	_	
11-15	925-931	wieder	neutral[11]	_	
11-16	932-935	auf	neutral[11]	_	
11-17	936-942	fernen	neutral[11]	_	
11-18	943-949	Reisen	neutral[11]	_	
11-19	950-953	war	neutral[11]	_	
11-20	953-954	.	neutral[11]	_	

#Text=Aber auch wenn es ihm gut ging, sie war immer dabei und gab ihm, ihre nassen, scharfen Küsse.
12-1	959-963	Aber	positive[12]	_	
12-2	964-968	auch	positive[12]	_	
12-3	969-973	wenn	positive[12]	_	
12-4	974-976	es	positive[12]	_	
12-5	977-980	ihm	positive[12]	_	
12-6	981-984	gut	positive[12]	Persönliches/Emotionen[34]	
12-7	985-989	ging	positive[12]	Persönliches/Emotionen[34]	
12-8	989-990	,	positive[12]	_	
12-9	991-994	sie	positive[12]	Liebe/Partnerschaft[35]	
12-10	995-998	war	positive[12]	Liebe/Partnerschaft[35]	
12-11	999-1004	immer	positive[12]	Liebe/Partnerschaft[35]	
12-12	1005-1010	dabei	positive[12]	Liebe/Partnerschaft[35]	
12-13	1011-1014	und	positive[12]	_	
12-14	1015-1018	gab	positive[12]	_	
12-15	1019-1022	ihm	positive[12]	_	
12-16	1022-1023	,	positive[12]	_	
12-17	1024-1028	ihre	positive[12]	_	
12-18	1029-1035	nassen	positive[12]	Liebe/Partnerschaft[36]	
12-19	1035-1036	,	positive[12]	Liebe/Partnerschaft[36]	
12-20	1037-1045	scharfen	positive[12]	Liebe/Partnerschaft[36]	
12-21	1046-1051	Küsse	positive[12]	Liebe/Partnerschaft[36]	
12-22	1051-1052	.	positive[12]	_	

#Text=Und die Sonne ging auf und sein Kopf ging unter und langsam ertrank er in der Alkoholpfütze.
13-1	1053-1056	Und	negative[13]	_	
13-2	1057-1060	die	negative[13]	_	
13-3	1061-1066	Sonne	negative[13]	_	
13-4	1067-1071	ging	negative[13]	_	
13-5	1072-1075	auf	negative[13]	_	
13-6	1076-1079	und	negative[13]	_	
13-7	1080-1084	sein	negative[13]	_	
13-8	1085-1089	Kopf	negative[13]	_	
13-9	1090-1094	ging	negative[13]	_	
13-10	1095-1100	unter	negative[13]	_	
13-11	1101-1104	und	negative[13]	_	
13-12	1105-1112	langsam	negative[13]	_	
13-13	1113-1120	ertrank	negative[13]	_	
13-14	1121-1123	er	negative[13]	_	
13-15	1124-1126	in	negative[13]	_	
13-16	1127-1130	der	negative[13]	_	
13-17	1131-1144	Alkoholpfütze	negative[13]	Gesundheit/Drogen	
13-18	1144-1145	.	negative[13]	_	

#Text=Und dann, ganz tief in der Grütze merkte er: "Die bringt mich ja um.
14-1	1150-1153	Und	negative[14]	_	
14-2	1154-1158	dann	negative[14]	_	
14-3	1158-1159	,	negative[14]	_	
14-4	1160-1164	ganz	negative[14]	_	
14-5	1165-1169	tief	negative[14]	_	
14-6	1170-1172	in	negative[14]	_	
14-7	1173-1176	der	negative[14]	_	
14-8	1177-1183	Grütze	negative[14]	Gesundheit/Drogen	
14-9	1184-1190	merkte	negative[14]	_	
14-10	1191-1193	er	negative[14]	_	
14-11	1193-1194	:	negative[14]	_	
14-12	1195-1196	"	negative[14]	_	
14-13	1196-1199	Die	negative[14]	_	
14-14	1200-1206	bringt	negative[14]	_	
14-15	1207-1211	mich	negative[14]	_	
14-16	1212-1214	ja	negative[14]	_	
14-17	1215-1217	um	negative[14]	_	
14-18	1217-1218	.	negative[14]	_	

#Text=Sie hat mich belogen und betrogen.
15-1	1219-1222	Sie	negative[15]	_	
15-2	1223-1226	hat	negative[15]	_	
15-3	1227-1231	mich	negative[15]	_	
15-4	1232-1239	belogen	negative[15]	Persönliches/Emotionen[37]	
15-5	1240-1243	und	negative[15]	Persönliches/Emotionen[37]	
15-6	1244-1252	betrogen	negative[15]	Persönliches/Emotionen[37]	
15-7	1252-1253	.	negative[15]	_	

#Text=Nein, ich bin micht mehr dein blauer Engel.
16-1	1254-1258	Nein	negative[16]	_	
16-2	1258-1259	,	negative[16]	_	
16-3	1260-1263	ich	negative[16]	_	
16-4	1264-1267	bin	negative[16]	_	
16-5	1268-1273	micht	negative[16]	_	
16-6	1274-1278	mehr	negative[16]	_	
16-7	1279-1283	dein	negative[16]	_	
16-8	1284-1290	blauer	negative[16]	_	
16-9	1291-1296	Engel	negative[16]	_	
16-10	1296-1297	.	negative[16]	_	

#Text=Ich will mich von dir befreien.
17-1	1298-1301	Ich	neutral[17]	_	
17-2	1302-1306	will	neutral[17]	_	
17-3	1307-1311	mich	neutral[17]	_	
17-4	1312-1315	von	neutral[17]	Liebe/Partnerschaft[38]	
17-5	1316-1319	dir	neutral[17]	Liebe/Partnerschaft[38]	
17-6	1320-1328	befreien	neutral[17]	Liebe/Partnerschaft[38]	
17-7	1328-1329	.	neutral[17]	_	

#Text=Dass du mich beinah' gekillt hast, das werde ich dir nie verzeihen.
18-1	1330-1334	Dass	negative[18]	_	
18-2	1335-1337	du	negative[18]	_	
18-3	1338-1342	mich	negative[18]	_	
18-4	1343-1349	beinah	negative[18]	_	
18-5	1349-1350	'	negative[18]	_	
18-6	1351-1358	gekillt	negative[18]	_	
18-7	1359-1363	hast	negative[18]	_	
18-8	1363-1364	,	negative[18]	_	
18-9	1365-1368	das	negative[18]	_	
18-10	1369-1374	werde	negative[18]	_	
18-11	1375-1378	ich	negative[18]	_	
18-12	1379-1382	dir	negative[18]	_	
18-13	1383-1386	nie	negative[18]	Persönliches/Emotionen[39]	
18-14	1387-1396	verzeihen	negative[18]	Persönliches/Emotionen[39]	
18-15	1396-1397	.	negative[18]	_	

#Text=Ich guck' morgens in den Spiegel, meine Augen stumpf und rot.
19-1	1398-1401	Ich	negative[19]	_	
19-2	1402-1406	guck	negative[19]	_	
19-3	1406-1407	'	negative[19]	_	
19-4	1408-1415	morgens	negative[19]	_	
19-5	1416-1418	in	negative[19]	_	
19-6	1419-1422	den	negative[19]	_	
19-7	1423-1430	Spiegel	negative[19]	_	
19-8	1430-1431	,	negative[19]	_	
19-9	1432-1437	meine	negative[19]	_	
19-10	1438-1443	Augen	negative[19]	_	
19-11	1444-1450	stumpf	negative[19]	_	
19-12	1451-1454	und	negative[19]	_	
19-13	1455-1458	rot	negative[19]	_	
19-14	1458-1459	.	negative[19]	_	

#Text=Lady Whisky, du falsche Schlange, du sprichst vom Leben und machst mich langsam tot!
20-1	1460-1464	Lady	negative[20]	Gesundheit/Drogen[40]	
20-2	1465-1471	Whisky	negative[20]	Gesundheit/Drogen[40]	
20-3	1471-1472	,	negative[20]	_	
20-4	1473-1475	du	negative[20]	_	
20-5	1476-1483	falsche	negative[20]	_	
20-6	1484-1492	Schlange	negative[20]	_	
20-7	1492-1493	,	negative[20]	_	
20-8	1494-1496	du	negative[20]	_	
20-9	1497-1505	sprichst	negative[20]	_	
20-10	1506-1509	vom	negative[20]	_	
20-11	1510-1515	Leben	negative[20]	_	
20-12	1516-1519	und	negative[20]	_	
20-13	1520-1526	machst	negative[20]	_	
20-14	1527-1531	mich	negative[20]	_	
20-15	1532-1539	langsam	negative[20]	_	
20-16	1540-1543	tot	negative[20]	_	
20-17	1543-1544	!	negative[20]	_	
