#FORMAT=WebAnno TSV 3.2
#T_SP=webanno.custom.Sentiment|Polarity
#T_SP=webanno.custom.Topic|Topics


#Text=Es tut nicht mehr weh, endlich nicht mehr weh, wenn ich dich zufällig mal wiederseh'.
1-1	0-2	Es	positive[1]	_	
1-2	3-6	tut	positive[1]	Persönliches/Emotionen[19]	
1-3	7-12	nicht	positive[1]	Persönliches/Emotionen[19]	
1-4	13-17	mehr	positive[1]	Persönliches/Emotionen[19]	
1-5	18-21	weh	positive[1]	Persönliches/Emotionen[19]	
1-6	21-22	,	positive[1]	_	
1-7	23-30	endlich	positive[1]	_	
1-8	31-36	nicht	positive[1]	_	
1-9	37-41	mehr	positive[1]	_	
1-10	42-45	weh	positive[1]	_	
1-11	45-46	,	positive[1]	_	
1-12	47-51	wenn	positive[1]	_	
1-13	52-55	ich	positive[1]	_	
1-14	56-60	dich	positive[1]	_	
1-15	61-69	zufällig	positive[1]	_	
1-16	70-73	mal	positive[1]	_	
1-17	74-83	wiederseh	positive[1]	_	
1-18	83-84	'	positive[1]	_	
1-19	84-85	.	positive[1]	_	

#Text=Es ist mir egal, sowas von egal und mein Puls geht ganz normal.
2-1	86-88	Es	positive[2]	Persönliches/Emotionen[20]	
2-2	89-92	ist	positive[2]	Persönliches/Emotionen[20]	
2-3	93-96	mir	positive[2]	Persönliches/Emotionen[20]	
2-4	97-101	egal	positive[2]	Persönliches/Emotionen[20]	
2-5	101-102	,	positive[2]	_	
2-6	103-108	sowas	positive[2]	_	
2-7	109-112	von	positive[2]	_	
2-8	113-117	egal	positive[2]	_	
2-9	118-121	und	positive[2]	_	
2-10	122-126	mein	positive[2]	Persönliches/Emotionen[21]	
2-11	127-131	Puls	positive[2]	Persönliches/Emotionen[21]	
2-12	132-136	geht	positive[2]	Persönliches/Emotionen[21]	
2-13	137-141	ganz	positive[2]	Persönliches/Emotionen[21]	
2-14	142-148	normal	positive[2]	Persönliches/Emotionen[21]	
2-15	148-149	.	positive[2]	_	

#Text=Musst nicht glauben, dass ich ohne dich nicht klarkomm', ich komm' sehr gut zurecht.
3-1	150-155	Musst	positive[3]	_	
3-2	156-161	nicht	positive[3]	_	
3-3	162-169	glauben	positive[3]	_	
3-4	169-170	,	positive[3]	_	
3-5	171-175	dass	positive[3]	_	
3-6	176-179	ich	positive[3]	_	
3-7	180-184	ohne	positive[3]	_	
3-8	185-189	dich	positive[3]	_	
3-9	190-195	nicht	positive[3]	_	
3-10	196-204	klarkomm	positive[3]	_	
3-11	204-205	'	positive[3]	_	
3-12	205-206	,	positive[3]	_	
3-13	207-210	ich	positive[3]	_	
3-14	211-215	komm	positive[3]	Persönliches/Emotionen[22]	
3-15	215-216	'	positive[3]	Persönliches/Emotionen[22]	
3-16	217-221	sehr	positive[3]	Persönliches/Emotionen[22]	
3-17	222-225	gut	positive[3]	Persönliches/Emotionen[22]	
3-18	226-233	zurecht	positive[3]	Persönliches/Emotionen[22]	
3-19	233-234	.	positive[3]	_	

#Text=Kannst ruhig glauben.
4-1	235-241	Kannst	neutral[4]	_	
4-2	242-247	ruhig	neutral[4]	_	
4-3	248-255	glauben	neutral[4]	_	
4-4	255-256	.	neutral[4]	_	

#Text=All die ander'n Frauen, die sind auch nicht schlecht.
5-1	257-260	All	positive[5]	_	
5-2	261-264	die	positive[5]	_	
5-3	265-272	ander'n	positive[5]	Liebe/Partnerschaft[23]	
5-4	273-279	Frauen	positive[5]	Liebe/Partnerschaft[23]	
5-5	279-280	,	positive[5]	_	
5-6	281-284	die	positive[5]	_	
5-7	285-289	sind	positive[5]	_	
5-8	290-294	auch	positive[5]	_	
5-9	295-300	nicht	positive[5]	_	
5-10	301-309	schlecht	positive[5]	_	
5-11	309-310	.	positive[5]	_	

#Text=Ich lieb' dich überhaupt nicht mehr, das ist aus, vorbei und lange her.
6-1	315-318	Ich	neutral[6]	Liebe/Partnerschaft[24]	
6-2	319-323	lieb	neutral[6]	Liebe/Partnerschaft[24]	
6-3	323-324	'	neutral[6]	Liebe/Partnerschaft[24]	
6-4	325-329	dich	neutral[6]	Liebe/Partnerschaft[24]	
6-5	330-339	überhaupt	neutral[6]	Liebe/Partnerschaft[24]	
6-6	340-345	nicht	neutral[6]	Liebe/Partnerschaft[24]	
6-7	346-350	mehr	neutral[6]	Liebe/Partnerschaft[24]	
6-8	350-351	,	neutral[6]	_	
6-9	352-355	das	neutral[6]	_	
6-10	356-359	ist	neutral[6]	_	
6-11	360-363	aus	neutral[6]	_	
6-12	363-364	,	neutral[6]	_	
6-13	365-371	vorbei	neutral[6]	_	
6-14	372-375	und	neutral[6]	_	
6-15	376-381	lange	neutral[6]	_	
6-16	382-385	her	neutral[6]	_	
6-17	385-386	.	neutral[6]	_	

#Text=Endlich geht's mir wieder gut und ich hab' jede Menge Mut.
7-1	387-394	Endlich	positive[7]	_	
7-2	395-401	geht's	positive[7]	_	
7-3	402-405	mir	positive[7]	_	
7-4	406-412	wieder	positive[7]	Persönliches/Emotionen[25]	
7-5	413-416	gut	positive[7]	Persönliches/Emotionen[25]	
7-6	417-420	und	positive[7]	_	
7-7	421-424	ich	positive[7]	_	
7-8	425-428	hab	positive[7]	_	
7-9	428-429	'	positive[7]	_	
7-10	430-434	jede	positive[7]	Persönliches/Emotionen[26]	
7-11	435-440	Menge	positive[7]	Persönliches/Emotionen[26]	
7-12	441-444	Mut	positive[7]	Persönliches/Emotionen[26]	
7-13	444-445	.	positive[7]	_	

#Text=Und ich steh' da richtig drüber.
8-1	446-449	Und	positive[8]	_	
8-2	450-453	ich	positive[8]	_	
8-3	454-458	steh	positive[8]	Persönliches/Emotionen[27]	
8-4	458-459	'	positive[8]	Persönliches/Emotionen[27]	
8-5	460-462	da	positive[8]	Persönliches/Emotionen[27]	
8-6	463-470	richtig	positive[8]	Persönliches/Emotionen[27]	
8-7	471-477	drüber	positive[8]	Persönliches/Emotionen[27]	
8-8	477-478	.	positive[8]	_	

#Text=Den Fernseher, den ich eingetreten hab', den hat die Versicherung voll bezahlt.
9-1	483-486	Den	positive[9]	_	
9-2	487-496	Fernseher	positive[9]	_	
9-3	496-497	,	positive[9]	_	
9-4	498-501	den	positive[9]	_	
9-5	502-505	ich	positive[9]	_	
9-6	506-517	eingetreten	positive[9]	_	
9-7	518-521	hab	positive[9]	_	
9-8	521-522	'	positive[9]	_	
9-9	522-523	,	positive[9]	_	
9-10	524-527	den	positive[9]	_	
9-11	528-531	hat	positive[9]	Politik/Soziales/Missstände[28]	
9-12	532-535	die	positive[9]	Politik/Soziales/Missstände[28]	
9-13	536-548	Versicherung	positive[9]	Politik/Soziales/Missstände[28]	
9-14	549-553	voll	positive[9]	Politik/Soziales/Missstände[28]	
9-15	554-561	bezahlt	positive[9]	Politik/Soziales/Missstände[28]	
9-16	561-562	.	_	_	

#Text=Die Wohnung sieht jetzt anders aus, nichts erinnert mehr an dich, ich hab' alles knallbunt angemalt.
10-1	563-566	Die	positive[10]	_	
10-2	567-574	Wohnung	positive[10]	_	
10-3	575-580	sieht	positive[10]	_	
10-4	581-586	jetzt	positive[10]	_	
10-5	587-593	anders	positive[10]	_	
10-6	594-597	aus	positive[10]	_	
10-7	597-598	,	positive[10]	_	
10-8	599-605	nichts	positive[10]	_	
10-9	606-614	erinnert	positive[10]	_	
10-10	615-619	mehr	positive[10]	_	
10-11	620-622	an	positive[10]	_	
10-12	623-627	dich	positive[10]	_	
10-13	627-628	,	positive[10]	_	
10-14	629-632	ich	positive[10]	_	
10-15	633-636	hab	positive[10]	_	
10-16	636-637	'	positive[10]	_	
10-17	638-643	alles	positive[10]	_	
10-18	644-653	knallbunt	positive[10]	_	
10-19	654-662	angemalt	positive[10]	_	
10-20	662-663	.	positive[10]	_	

#Text=Wenn ich manchmal nachts nicht schlafen kann, geh' ich in die Kneipe und sauf' mir einen an.
11-1	664-668	Wenn	neutral[11]	_	
11-2	669-672	ich	neutral[11]	_	
11-3	673-681	manchmal	neutral[11]	_	
11-4	682-688	nachts	neutral[11]	_	
11-5	689-694	nicht	neutral[11]	_	
11-6	695-703	schlafen	neutral[11]	_	
11-7	704-708	kann	neutral[11]	_	
11-8	708-709	,	neutral[11]	_	
11-9	710-713	geh	neutral[11]	_	
11-10	713-714	'	neutral[11]	_	
11-11	715-718	ich	neutral[11]	_	
11-12	719-721	in	neutral[11]	_	
11-13	722-725	die	neutral[11]	_	
11-14	726-732	Kneipe	neutral[11]	Gesundheit/Drogen	
11-15	733-736	und	neutral[11]	_	
11-16	737-741	sauf	neutral[11]	Gesundheit/Drogen[29]	
11-17	741-742	'	neutral[11]	Gesundheit/Drogen[29]	
11-18	743-746	mir	neutral[11]	Gesundheit/Drogen[29]	
11-19	747-752	einen	neutral[11]	Gesundheit/Drogen[29]	
11-20	753-755	an	neutral[11]	Gesundheit/Drogen[29]	
11-21	755-756	.	neutral[11]	_	

#Text=Du sagst, da wär' 'ne Trauer in meinem Gesicht.
12-1	757-759	Du	neutral[12]	_	
12-2	760-765	sagst	neutral[12]	_	
12-3	765-766	,	neutral[12]	_	
12-4	767-769	da	neutral[12]	_	
12-5	770-773	wär	neutral[12]	_	
12-6	773-774	'	neutral[12]	_	
12-7	775-776	'	neutral[12]	_	
12-8	776-778	ne	neutral[12]	_	
12-9	779-785	Trauer	neutral[12]	Persönliches/Emotionen	
12-10	786-788	in	neutral[12]	_	
12-11	789-795	meinem	neutral[12]	_	
12-12	796-803	Gesicht	neutral[12]	_	
12-13	803-804	.	neutral[12]	_	

#Text=Was für'n Quatsch, das ist doch nur das Kneipenlicht.
13-1	805-808	Was	negative[13]	_	
13-2	809-814	für'n	negative[13]	_	
13-3	815-822	Quatsch	negative[13]	_	
13-4	822-823	,	negative[13]	_	
13-5	824-827	das	negative[13]	_	
13-6	828-831	ist	negative[13]	_	
13-7	832-836	doch	negative[13]	_	
13-8	837-840	nur	negative[13]	_	
13-9	841-844	das	negative[13]	_	
13-10	845-857	Kneipenlicht	negative[13]	Gesundheit/Drogen	
13-11	857-858	.	negative[13]	_	

#Text=Ich lieb' dich überhaupt nicht mehr, das ist aus, vorbei und lange her.
14-1	863-866	Ich	positive[14]	Liebe/Partnerschaft[30]	
14-2	867-871	lieb	positive[14]	Liebe/Partnerschaft[30]	
14-3	871-872	'	positive[14]	Liebe/Partnerschaft[30]	
14-4	873-877	dich	positive[14]	Liebe/Partnerschaft[30]	
14-5	878-887	überhaupt	positive[14]	Liebe/Partnerschaft[30]	
14-6	888-893	nicht	positive[14]	Liebe/Partnerschaft[30]	
14-7	894-898	mehr	positive[14]	Liebe/Partnerschaft[30]	
14-8	898-899	,	positive[14]	_	
14-9	900-903	das	positive[14]	_	
14-10	904-907	ist	positive[14]	_	
14-11	908-911	aus	positive[14]	_	
14-12	911-912	,	positive[14]	_	
14-13	913-919	vorbei	positive[14]	_	
14-14	920-923	und	positive[14]	_	
14-15	924-929	lange	positive[14]	_	
14-16	930-933	her	positive[14]	_	
14-17	933-934	.	positive[14]	_	

#Text=Guck mich bitte nicht mehr so an, fass' mich bitte nicht mehr so an, das zieht bei mir nicht mehr.
15-1	935-939	Guck	negative[15]	_	
15-2	940-944	mich	negative[15]	_	
15-3	945-950	bitte	negative[15]	_	
15-4	951-956	nicht	negative[15]	_	
15-5	957-961	mehr	negative[15]	_	
15-6	962-964	so	negative[15]	_	
15-7	965-967	an	negative[15]	_	
15-8	967-968	,	negative[15]	_	
15-9	969-973	fass	negative[15]	_	
15-10	973-974	'	negative[15]	_	
15-11	975-979	mich	negative[15]	_	
15-12	980-985	bitte	negative[15]	_	
15-13	986-991	nicht	negative[15]	_	
15-14	992-996	mehr	negative[15]	_	
15-15	997-999	so	negative[15]	_	
15-16	1000-1002	an	negative[15]	_	
15-17	1002-1003	,	negative[15]	_	
15-18	1004-1007	das	negative[15]	_	
15-19	1008-1013	zieht	negative[15]	Persönliches/Emotionen[31]	
15-20	1014-1017	bei	negative[15]	Persönliches/Emotionen[31]	
15-21	1018-1021	mir	negative[15]	Persönliches/Emotionen[31]	
15-22	1022-1027	nicht	negative[15]	Persönliches/Emotionen[31]	
15-23	1028-1032	mehr	negative[15]	Persönliches/Emotionen[31]	
15-24	1032-1033	.	negative[15]	_	

#Text=Geh doch einfach weiter, es hat keinen Zweck.
16-1	1034-1037	Geh	neutral[16]	_	
16-2	1038-1042	doch	neutral[16]	_	
16-3	1043-1050	einfach	neutral[16]	_	
16-4	1051-1057	weiter	neutral[16]	_	
16-5	1057-1058	,	neutral[16]	_	
16-6	1059-1061	es	neutral[16]	_	
16-7	1062-1065	hat	neutral[16]	_	
16-8	1066-1072	keinen	neutral[16]	_	
16-9	1073-1078	Zweck	neutral[16]	_	
16-10	1078-1079	.	neutral[16]	_	

#Text=Ey, du weißt doch, sonst komm' ich da niemals drüber weg.
17-1	1080-1082	Ey	negative[17]	_	
17-2	1082-1083	,	negative[17]	_	
17-3	1084-1086	du	negative[17]	_	
17-4	1087-1092	weißt	negative[17]	_	
17-5	1093-1097	doch	negative[17]	_	
17-6	1097-1098	,	negative[17]	_	
17-7	1099-1104	sonst	negative[17]	_	
17-8	1105-1109	komm	negative[17]	_	
17-9	1109-1110	'	negative[17]	_	
17-10	1111-1114	ich	negative[17]	_	
17-11	1115-1117	da	negative[17]	_	
17-12	1118-1125	niemals	negative[17]	_	
17-13	1126-1132	drüber	negative[17]	Persönliches/Emotionen[32]	
17-14	1133-1136	weg	negative[17]	Persönliches/Emotionen[32]	
17-15	1136-1137	.	negative[17]	_	

#Text=Ich komm' da niemals drüber weg, geh doch einfach weiter.
18-1	1142-1145	Ich	negative[18]	_	
18-2	1146-1150	komm	negative[18]	Persönliches/Emotionen[33]	
18-3	1150-1151	'	negative[18]	Persönliches/Emotionen[33]	
18-4	1152-1154	da	negative[18]	Persönliches/Emotionen[33]	
18-5	1155-1162	niemals	negative[18]	Persönliches/Emotionen[33]	
18-6	1163-1169	drüber	negative[18]	Persönliches/Emotionen[33]	
18-7	1170-1173	weg	negative[18]	Persönliches/Emotionen[33]	
18-8	1173-1174	,	negative[18]	_	
18-9	1175-1178	geh	negative[18]	_	
18-10	1179-1183	doch	negative[18]	_	
18-11	1184-1191	einfach	negative[18]	_	
18-12	1192-1198	weiter	negative[18]	_	
18-13	1198-1199	.	negative[18]	_	
