#FORMAT=WebAnno TSV 3.2
#T_SP=webanno.custom.Sentiment|Polarity
#T_SP=webanno.custom.Topic|Topics


#Text=Chubby Checker stellt den Wecker, denn er muss ja mal wieder aufsteh'n  .
1-1	0-6	Chubby	neutral[1]	_	
1-2	7-14	Checker	neutral[1]	_	
1-3	15-21	stellt	neutral[1]	_	
1-4	22-25	den	neutral[1]	_	
1-5	26-32	Wecker	neutral[1]	_	
1-6	32-33	,	neutral[1]	_	
1-7	34-38	denn	neutral[1]	_	
1-8	39-41	er	neutral[1]	_	
1-9	42-46	muss	neutral[1]	_	
1-10	47-49	ja	neutral[1]	_	
1-11	50-53	mal	neutral[1]	_	
1-12	54-60	wieder	neutral[1]	_	
1-13	61-70	aufsteh'n	neutral[1]	_	
1-14	72-73	.	_	_	

#Text=In so 'nem Hotel muss man immer mal schnell  die Korridore abgeh'n   .
2-1	74-76	In	neutral[2]	_	
2-2	77-79	so	neutral[2]	_	
2-3	80-81	'	neutral[2]	_	
2-4	81-84	nem	neutral[2]	_	
2-5	85-90	Hotel	neutral[2]	Reisen	
2-6	91-95	muss	neutral[2]	_	
2-7	96-99	man	neutral[2]	_	
2-8	100-105	immer	neutral[2]	_	
2-9	106-109	mal	neutral[2]	_	
2-10	110-117	schnell	neutral[2]	_	
2-11	119-122	die	neutral[2]	_	
2-12	123-132	Korridore	neutral[2]	_	
2-13	133-140	abgeh'n	neutral[2]	_	
2-14	143-144	.	_	_	

#Text=Mal gucken, ob noch alles klar ist  und ob noch alles da ist .
3-1	145-148	Mal	neutral[3]	_	
3-2	149-155	gucken	neutral[3]	_	
3-3	155-156	,	neutral[3]	_	
3-4	157-159	ob	neutral[3]	_	
3-5	160-164	noch	neutral[3]	_	
3-6	165-170	alles	neutral[3]	_	
3-7	171-175	klar	neutral[3]	_	
3-8	176-179	ist	neutral[3]	_	
3-9	181-184	und	neutral[3]	_	
3-10	185-187	ob	neutral[3]	_	
3-11	188-192	noch	neutral[3]	_	
3-12	193-198	alles	neutral[3]	_	
3-13	199-201	da	neutral[3]	_	
3-14	202-205	ist	neutral[3]	_	
3-15	206-207	.	_	_	

#Text=Sind die Gäste auch alle gut zugedeckt , sitzt auch keiner auf der Heizung, wenn die Heizung leckt.
4-1	208-212	Sind	neutral[4]	_	
4-2	213-216	die	neutral[4]	_	
4-3	217-222	Gäste	neutral[4]	_	
4-4	223-227	auch	neutral[4]	_	
4-5	228-232	alle	neutral[4]	_	
4-6	233-236	gut	neutral[4]	_	
4-7	237-246	zugedeckt	neutral[4]	_	
4-8	247-248	,	neutral[4]	_	
4-9	249-254	sitzt	neutral[4]	_	
4-10	255-259	auch	neutral[4]	_	
4-11	260-266	keiner	neutral[4]	_	
4-12	267-270	auf	neutral[4]	_	
4-13	271-274	der	neutral[4]	_	
4-14	275-282	Heizung	neutral[4]	_	
4-15	282-283	,	neutral[4]	_	
4-16	284-288	wenn	neutral[4]	_	
4-17	289-292	die	neutral[4]	_	
4-18	293-300	Heizung	neutral[4]	_	
4-19	301-306	leckt	neutral[4]	_	
4-20	306-307	.	_	_	

#Text=Chubby Checker stellt den Wecker, verdächtiger Gast an der Rezeption .
5-1	312-318	Chubby	negative[5]	_	
5-2	319-326	Checker	negative[5]	_	
5-3	327-333	stellt	negative[5]	_	
5-4	334-337	den	negative[5]	_	
5-5	338-344	Wecker	negative[5]	_	
5-6	344-345	,	negative[5]	_	
5-7	346-358	verdächtiger	negative[5]	_	
5-8	359-363	Gast	negative[5]	_	
5-9	364-366	an	negative[5]	_	
5-10	367-370	der	negative[5]	_	
5-11	371-380	Rezeption	negative[5]	_	
5-12	381-382	.	_	_	

#Text=Man weiß noch nicht genau, man ahnt noch rein ins Blaue.
6-1	383-386	Man	negative[6]	_	
6-2	387-391	weiß	negative[6]	_	
6-3	392-396	noch	negative[6]	_	
6-4	397-402	nicht	negative[6]	_	
6-5	403-408	genau	negative[6]	_	
6-6	408-409	,	negative[6]	_	
6-7	410-413	man	negative[6]	_	
6-8	414-418	ahnt	negative[6]	Persönliches/Emotionen[21]	
6-9	419-423	noch	negative[6]	Persönliches/Emotionen[21]	
6-10	424-428	rein	negative[6]	Persönliches/Emotionen[21]	
6-11	429-432	ins	negative[6]	Persönliches/Emotionen[21]	
6-12	433-438	Blaue	negative[6]	Persönliches/Emotionen[21]	
6-13	438-439	.	_	_	

#Text=Vielleicht ein Koksbaron, Kombiniere, komme schon.
7-1	440-450	Vielleicht	negative[7]	_	
7-2	451-454	ein	negative[7]	_	
7-3	455-464	Koksbaron	negative[7]	Gesundheit/Drogen	
7-4	464-465	,	negative[7]	_	
7-5	466-476	Kombiniere	negative[7]	_	
7-6	476-477	,	negative[7]	_	
7-7	478-483	komme	negative[7]	_	
7-8	484-489	schon	negative[7]	_	
7-9	489-490	.	_	_	

#Text=Ob der Koks hat oder Shit , irgendwas hat der doch mit .
8-1	495-497	Ob	negative[8]	_	
8-2	498-501	der	negative[8]	_	
8-3	502-506	Koks	negative[8]	Gesundheit/Drogen	
8-4	507-510	hat	negative[8]	_	
8-5	511-515	oder	negative[8]	_	
8-6	516-520	Shit	negative[8]	Gesundheit/Drogen	
8-7	521-522	,	negative[8]	_	
8-8	523-532	irgendwas	negative[8]	_	
8-9	533-536	hat	negative[8]	_	
8-10	537-540	der	negative[8]	_	
8-11	541-545	doch	negative[8]	_	
8-12	546-549	mit	negative[8]	_	
8-13	550-551	.	_	_	

#Text=Ob der Koks hat oder Shit , irgendwas hat der doch mit .
9-1	552-554	Ob	negative[9]	_	
9-2	555-558	der	negative[9]	_	
9-3	559-563	Koks	negative[9]	Gesundheit/Drogen	
9-4	564-567	hat	negative[9]	_	
9-5	568-572	oder	negative[9]	_	
9-6	573-577	Shit	negative[9]	Gesundheit/Drogen	
9-7	578-579	,	negative[9]	_	
9-8	580-589	irgendwas	negative[9]	_	
9-9	590-593	hat	negative[9]	_	
9-10	594-597	der	negative[9]	_	
9-11	598-602	doch	negative[9]	_	
9-12	603-606	mit	negative[9]	_	
9-13	607-608	.	_	_	

#Text=Rex, geh an den Koffer ran und der Drogenhund schlägt an.
10-1	609-612	Rex	negative[10]	_	
10-2	612-613	,	negative[10]	_	
10-3	614-617	geh	negative[10]	_	
10-4	618-620	an	negative[10]	_	
10-5	621-624	den	negative[10]	_	
10-6	625-631	Koffer	negative[10]	Reisen	
10-7	632-635	ran	negative[10]	_	
10-8	636-639	und	negative[10]	_	
10-9	640-643	der	negative[10]	_	
10-10	644-654	Drogenhund	negative[10]	Gesundheit/Drogen	
10-11	655-662	schlägt	negative[10]	_	
10-12	663-665	an	negative[10]	_	
10-13	665-666	.	_	_	

#Text=Chubby Checker stellt den Wecker, denn er muss mal wieder gucken geh'n  , dass auch beim Sexuellen nicht so laute Schreie gellen  durch unser Hotel.
11-1	671-677	Chubby	neutral[11]	_	
11-2	678-685	Checker	neutral[11]	_	
11-3	686-692	stellt	neutral[11]	_	
11-4	693-696	den	neutral[11]	_	
11-5	697-703	Wecker	neutral[11]	_	
11-6	703-704	,	neutral[11]	_	
11-7	705-709	denn	neutral[11]	_	
11-8	710-712	er	neutral[11]	_	
11-9	713-717	muss	neutral[11]	_	
11-10	718-721	mal	neutral[11]	_	
11-11	722-728	wieder	neutral[11]	_	
11-12	729-735	gucken	neutral[11]	_	
11-13	736-741	geh'n	neutral[11]	_	
11-14	743-744	,	_	_	
11-15	745-749	dass	neutral[12]	_	
11-16	750-754	auch	neutral[12]	_	
11-17	755-759	beim	neutral[12]	_	
11-18	760-769	Sexuellen	neutral[12]	Liebe/Partnerschaft	
11-19	770-775	nicht	neutral[12]	_	
11-20	776-778	so	neutral[12]	_	
11-21	779-784	laute	neutral[12]	_	
11-22	785-792	Schreie	neutral[12]	_	
11-23	793-799	gellen	neutral[12]	_	
11-24	801-806	durch	neutral[12]	_	
11-25	807-812	unser	neutral[12]	_	
11-26	813-818	Hotel	neutral[12]	Reisen	
11-27	818-819	.	_	_	

#Text=Kein Geröchel, kein Gehechel in den Suiten und den Zimmern bitte nur wimmern.
12-1	820-824	Kein	negative[13]	_	
12-2	825-833	Geröchel	negative[13]	_	
12-3	833-834	,	negative[13]	_	
12-4	835-839	kein	negative[13]	_	
12-5	840-848	Gehechel	negative[13]	_	
12-6	849-851	in	negative[13]	_	
12-7	852-855	den	negative[13]	_	
12-8	856-862	Suiten	negative[13]	_	
12-9	863-866	und	negative[13]	_	
12-10	867-870	den	negative[13]	_	
12-11	871-878	Zimmern	negative[13]	_	
12-12	879-884	bitte	negative[13]	_	
12-13	885-888	nur	negative[13]	_	
12-14	889-896	wimmern	negative[13]	_	
12-15	896-897	.	_	_	

#Text=Sonst greift Chubby zum Telefon und die Männer von der Sitte kommen schon.
13-1	898-903	Sonst	neutral[14]	_	
13-2	904-910	greift	neutral[14]	_	
13-3	911-917	Chubby	neutral[14]	_	
13-4	918-921	zum	neutral[14]	_	
13-5	922-929	Telefon	neutral[14]	_	
13-6	930-933	und	neutral[14]	_	
13-7	934-937	die	neutral[14]	_	
13-8	938-944	Männer	neutral[14]	Politik/Soziales/Missstände[22]	
13-9	945-948	von	neutral[14]	Politik/Soziales/Missstände[22]	
13-10	949-952	der	neutral[14]	Politik/Soziales/Missstände[22]	
13-11	953-958	Sitte	neutral[14]	Politik/Soziales/Missstände[22]	
13-12	959-965	kommen	neutral[14]	_	
13-13	966-971	schon	neutral[14]	_	
13-14	971-972	.	_	_	

#Text=Ob er Koks hat oder Shit, irgendwas hat der doch mit .
14-1	977-979	Ob	negative[15]	_	
14-2	980-982	er	negative[15]	_	
14-3	983-987	Koks	negative[15]	Gesundheit/Drogen	
14-4	988-991	hat	negative[15]	_	
14-5	992-996	oder	negative[15]	_	
14-6	997-1001	Shit	negative[15]	Gesundheit/Drogen	
14-7	1001-1002	,	negative[15]	_	
14-8	1003-1012	irgendwas	negative[15]	_	
14-9	1013-1016	hat	negative[15]	_	
14-10	1017-1020	der	negative[15]	_	
14-11	1021-1025	doch	negative[15]	_	
14-12	1026-1029	mit	negative[15]	_	
14-13	1030-1031	.	_	_	

#Text=Rex, geh an den Koffer ran und der Drogenhund schlägt an.
15-1	1032-1035	Rex	negative[16]	_	
15-2	1035-1036	,	negative[16]	_	
15-3	1037-1040	geh	negative[16]	_	
15-4	1041-1043	an	negative[16]	_	
15-5	1044-1047	den	negative[16]	_	
15-6	1048-1054	Koffer	negative[16]	Reisen	
15-7	1055-1058	ran	negative[16]	_	
15-8	1059-1062	und	negative[16]	_	
15-9	1063-1066	der	negative[16]	_	
15-10	1067-1077	Drogenhund	negative[16]	Gesundheit/Drogen	
15-11	1078-1085	schlägt	negative[16]	_	
15-12	1086-1088	an	negative[16]	_	
15-13	1088-1089	.	negative[16]	_	

#Text=Ob er Koks hat oder Shit, irgendwas hat der doch mit .
16-1	1094-1096	Ob	negative[17]	_	
16-2	1097-1099	er	negative[17]	_	
16-3	1100-1104	Koks	negative[17]	Gesundheit/Drogen	
16-4	1105-1108	hat	negative[17]	_	
16-5	1109-1113	oder	negative[17]	_	
16-6	1114-1118	Shit	negative[17]	Gesundheit/Drogen	
16-7	1118-1119	,	negative[17]	_	
16-8	1120-1129	irgendwas	negative[17]	_	
16-9	1130-1133	hat	negative[17]	_	
16-10	1134-1137	der	negative[17]	_	
16-11	1138-1142	doch	negative[17]	_	
16-12	1143-1146	mit	negative[17]	_	
16-13	1147-1148	.	_	_	

#Text=Rex, geh an den Koffer ran und der Drogenhund schlägt an.
17-1	1149-1152	Rex	negative[18]	_	
17-2	1152-1153	,	negative[18]	_	
17-3	1154-1157	geh	negative[18]	_	
17-4	1158-1160	an	negative[18]	_	
17-5	1161-1164	den	negative[18]	_	
17-6	1165-1171	Koffer	negative[18]	Reisen	
17-7	1172-1175	ran	negative[18]	_	
17-8	1176-1179	und	negative[18]	_	
17-9	1180-1183	der	negative[18]	_	
17-10	1184-1194	Drogenhund	negative[18]	Gesundheit/Drogen	
17-11	1195-1202	schlägt	negative[18]	_	
17-12	1203-1205	an	negative[18]	_	
17-13	1205-1206	.	_	_	

#Text=Ob er Koks hat oder Shit, irgendwas hat der doch mit .
18-1	1211-1213	Ob	negative[19]	_	
18-2	1214-1216	er	negative[19]	_	
18-3	1217-1221	Koks	negative[19]	Gesundheit/Drogen	
18-4	1222-1225	hat	negative[19]	_	
18-5	1226-1230	oder	negative[19]	_	
18-6	1231-1235	Shit	negative[19]	Gesundheit/Drogen	
18-7	1235-1236	,	negative[19]	_	
18-8	1237-1246	irgendwas	negative[19]	_	
18-9	1247-1250	hat	negative[19]	_	
18-10	1251-1254	der	negative[19]	_	
18-11	1255-1259	doch	negative[19]	_	
18-12	1260-1263	mit	negative[19]	_	
18-13	1264-1265	.	_	_	

#Text=Rex, geh an den Koffer ran und der Drogenhund schlägt an.
19-1	1266-1269	Rex	negative[20]	_	
19-2	1269-1270	,	negative[20]	_	
19-3	1271-1274	geh	negative[20]	_	
19-4	1275-1277	an	negative[20]	_	
19-5	1278-1281	den	negative[20]	_	
19-6	1282-1288	Koffer	negative[20]	Reisen	
19-7	1289-1292	ran	negative[20]	_	
19-8	1293-1296	und	negative[20]	_	
19-9	1297-1300	der	negative[20]	_	
19-10	1301-1311	Drogenhund	negative[20]	Gesundheit/Drogen	
19-11	1312-1319	schlägt	negative[20]	_	
19-12	1320-1322	an	negative[20]	_	
19-13	1322-1323	.	_	_	
