#FORMAT=WebAnno TSV 3.2
#T_SP=webanno.custom.Sentiment|Polarity
#T_SP=webanno.custom.Topic|Topics


#Text=Bei Onkel Pö spielt 'ne Rentnerband seit zwanzig Jahren Dixieland.
1-1	0-3	Bei	neutral[1]	_	
1-2	4-9	Onkel	neutral[1]	_	
1-3	10-12	Pö	neutral[1]	_	
1-4	13-19	spielt	neutral[1]	_	
1-5	20-21	'	neutral[1]	_	
1-6	21-23	ne	neutral[1]	_	
1-7	24-35	Rentnerband	neutral[1]	_	
1-8	36-40	seit	neutral[1]	_	
1-9	41-48	zwanzig	neutral[1]	_	
1-10	49-55	Jahren	neutral[1]	_	
1-11	56-65	Dixieland	neutral[1]	Musik	
1-12	65-66	.	_	_	

#Text='n Groupie hab'n die auch. die heißt Rosa oder so und die tanzt auf'm Tisch, wie'n Gogogo-Girl.
2-1	67-68	'	_	_	
2-2	68-69	n	positive[2]	_	
2-3	70-77	Groupie	positive[2]	Musik	
2-4	78-83	hab'n	positive[2]	_	
2-5	84-87	die	positive[2]	_	
2-6	88-92	auch	positive[2]	_	
2-7	92-93	.	_	_	
2-8	94-97	die	neutral[3]	_	
2-9	98-103	heißt	neutral[3]	_	
2-10	104-108	Rosa	neutral[3]	_	
2-11	109-113	oder	neutral[3]	_	
2-12	114-116	so	neutral[3]	_	
2-13	117-120	und	neutral[3]	_	
2-14	121-124	die	neutral[3]	_	
2-15	125-130	tanzt	neutral[3]	Musik	
2-16	131-136	auf'm	neutral[3]	_	
2-17	137-142	Tisch	neutral[3]	_	
2-18	142-143	,	neutral[3]	_	
2-19	144-149	wie'n	neutral[3]	_	
2-20	150-161	Gogogo-Girl	neutral[3]	Musik[20]	
2-21	161-162	.	neutral[3]	Musik[20]	

#Text=Und dann Paula aus Sankt Pauli, die sich immer auszieht und Lola hat Geburtstag und man trinkt darauf, dass sie wirklich mal so alt wird, wie sie jetzt schon aussieht.
3-1	167-170	Und	neutral[4]	_	
3-2	171-175	dann	neutral[4]	_	
3-3	176-181	Paula	neutral[4]	_	
3-4	182-185	aus	neutral[4]	_	
3-5	186-191	Sankt	neutral[4]	_	
3-6	192-197	Pauli	neutral[4]	_	
3-7	197-198	,	neutral[4]	_	
3-8	199-202	die	neutral[4]	_	
3-9	203-207	sich	neutral[4]	_	
3-10	208-213	immer	neutral[4]	_	
3-11	214-222	auszieht	neutral[4]	_	
3-12	223-226	und	_	_	
3-13	227-231	Lola	neutral[5]	_	
3-14	232-235	hat	neutral[5]	_	
3-15	236-246	Geburtstag	neutral[5]	_	
3-16	247-250	und	neutral[5]	_	
3-17	251-254	man	neutral[5]	_	
3-18	255-261	trinkt	neutral[5]	_	
3-19	262-268	darauf	neutral[5]	_	
3-20	268-269	,	neutral[5]	_	
3-21	270-274	dass	neutral[5]	_	
3-22	275-278	sie	neutral[5]	_	
3-23	279-287	wirklich	neutral[5]	_	
3-24	288-291	mal	neutral[5]	_	
3-25	292-294	so	neutral[5]	_	
3-26	295-298	alt	neutral[5]	_	
3-27	299-303	wird	neutral[5]	_	
3-28	303-304	,	neutral[5]	_	
3-29	305-308	wie	neutral[5]	_	
3-30	309-312	sie	neutral[5]	_	
3-31	313-318	jetzt	neutral[5]	_	
3-32	319-324	schon	neutral[5]	_	
3-33	325-333	aussieht	neutral[5]	_	
3-34	333-334	.	neutral[5]	_	

#Text=Und überhaupt ist heute wieder alles klar, auf der Andrea Doria.
4-1	339-342	Und	positive[6]	_	
4-2	343-352	überhaupt	positive[6]	_	
4-3	353-356	ist	positive[6]	_	
4-4	357-362	heute	positive[6]	_	
4-5	363-369	wieder	positive[6]	_	
4-6	370-375	alles	positive[6]	_	
4-7	376-380	klar	positive[6]	_	
4-8	380-381	,	positive[6]	_	
4-9	382-385	auf	positive[6]	_	
4-10	386-389	der	positive[6]	_	
4-11	390-396	Andrea	positive[6]	_	
4-12	397-402	Doria	positive[6]	_	
4-13	402-403	.	positive[6]	_	

#Text=Und überhaupt ist heute wieder alles klar, auf der Andrea Doria.
5-1	408-411	Und	positive[7]	_	
5-2	412-421	überhaupt	positive[7]	_	
5-3	422-425	ist	positive[7]	_	
5-4	426-431	heute	positive[7]	_	
5-5	432-438	wieder	positive[7]	_	
5-6	439-444	alles	positive[7]	_	
5-7	445-449	klar	positive[7]	_	
5-8	449-450	,	positive[7]	_	
5-9	451-454	auf	positive[7]	_	
5-10	455-458	der	positive[7]	_	
5-11	459-465	Andrea	positive[7]	_	
5-12	466-471	Doria	positive[7]	_	
5-13	471-472	.	positive[7]	_	

#Text=Gottfried heißt der Knabe, da hinten am Klavier und für jede Nummer Ragtime kriegt er 'n Korn und 'n Bier.
6-1	477-486	Gottfried	neutral[8]	_	
6-2	487-492	heißt	neutral[8]	_	
6-3	493-496	der	neutral[8]	_	
6-4	497-502	Knabe	neutral[8]	_	
6-5	502-503	,	neutral[8]	_	
6-6	504-506	da	neutral[8]	_	
6-7	507-513	hinten	neutral[8]	_	
6-8	514-516	am	neutral[8]	_	
6-9	517-524	Klavier	neutral[8]	Musik	
6-10	525-528	und	neutral[8]	_	
6-11	529-532	für	neutral[8]	_	
6-12	533-537	jede	neutral[8]	_	
6-13	538-544	Nummer	neutral[8]	_	
6-14	545-552	Ragtime	neutral[8]	Musik	
6-15	553-559	kriegt	neutral[8]	_	
6-16	560-562	er	neutral[8]	_	
6-17	563-564	'	neutral[8]	_	
6-18	564-565	n	neutral[8]	_	
6-19	566-570	Korn	neutral[8]	Gesundheit/Drogen	
6-20	571-574	und	neutral[8]	_	
6-21	575-576	'	neutral[8]	_	
6-22	576-577	n	neutral[8]	_	
6-23	578-582	Bier	neutral[8]	Gesundheit/Drogen[21]	
6-24	582-583	.	neutral[8]	Gesundheit/Drogen[21]	

#Text=Ein Typ in der Nische schockiert seine Braut und Berni Flottmann denkt, er wär'n Astronaut.
7-1	588-591	Ein	negative[9]	_	
7-2	592-595	Typ	negative[9]	_	
7-3	596-598	in	negative[9]	_	
7-4	599-602	der	negative[9]	_	
7-5	603-609	Nische	negative[9]	_	
7-6	610-620	schockiert	negative[9]	_	
7-7	621-626	seine	negative[9]	_	
7-8	627-632	Braut	negative[9]	_	
7-9	633-636	und	_	_	
7-10	637-642	Berni	neutral[10]	_	
7-11	643-652	Flottmann	neutral[10]	_	
7-12	653-658	denkt	neutral[10]	_	
7-13	658-659	,	neutral[10]	_	
7-14	660-662	er	neutral[10]	_	
7-15	663-668	wär'n	neutral[10]	_	
7-16	669-678	Astronaut	neutral[10]	_	
7-17	678-679	.	neutral[10]	_	

#Text=Jetzt kommt noch einer rüber aus der Dröhndiskothek und ich glaub', dass unser Dampfer bald untergeht.
8-1	680-685	Jetzt	negative[11]	_	
8-2	686-691	kommt	negative[11]	_	
8-3	692-696	noch	negative[11]	_	
8-4	697-702	einer	negative[11]	_	
8-5	703-708	rüber	negative[11]	_	
8-6	709-712	aus	negative[11]	_	
8-7	713-716	der	negative[11]	_	
8-8	717-731	Dröhndiskothek	negative[11]	Musik	
8-9	732-735	und	negative[11]	_	
8-10	736-739	ich	negative[11]	_	
8-11	740-745	glaub	negative[11]	_	
8-12	745-746	'	negative[11]	_	
8-13	746-747	,	negative[11]	_	
8-14	748-752	dass	negative[11]	_	
8-15	753-758	unser	negative[11]	_	
8-16	759-766	Dampfer	negative[11]	Reisen	
8-17	767-771	bald	negative[11]	_	
8-18	772-781	untergeht	negative[11]	Reisen	
8-19	781-782	.	negative[11]	_	

#Text=Aber sonst ist heute wieder alles klar, auf der Andrea Doria.
9-1	787-791	Aber	positive[12]	_	
9-2	792-797	sonst	positive[12]	_	
9-3	798-801	ist	positive[12]	_	
9-4	802-807	heute	positive[12]	_	
9-5	808-814	wieder	positive[12]	_	
9-6	815-820	alles	positive[12]	_	
9-7	821-825	klar	positive[12]	_	
9-8	825-826	,	positive[12]	_	
9-9	827-830	auf	positive[12]	_	
9-10	831-834	der	positive[12]	_	
9-11	835-841	Andrea	positive[12]	_	
9-12	842-847	Doria	positive[12]	_	
9-13	847-848	.	positive[12]	_	

#Text=Bei Onkel Pö, spielt 'ne Rentnerband seit zwanzig Jahren Dixieland.
10-1	853-856	Bei	neutral[13]	_	
10-2	857-862	Onkel	neutral[13]	_	
10-3	863-865	Pö	neutral[13]	_	
10-4	865-866	,	neutral[13]	_	
10-5	867-873	spielt	neutral[13]	_	
10-6	874-875	'	neutral[13]	_	
10-7	875-877	ne	neutral[13]	_	
10-8	878-889	Rentnerband	neutral[13]	_	
10-9	890-894	seit	neutral[13]	_	
10-10	895-902	zwanzig	neutral[13]	_	
10-11	903-909	Jahren	neutral[13]	_	
10-12	910-919	Dixieland	neutral[13]	Musik	
10-13	919-920	.	neutral[13]	_	

#Text='n Groupie hab'n die auch. die heißt Rosa ,oder so und die tanzt auf'm Tisch, wie'n Gogogo-Girl.
11-1	921-922	'	positive[14]	_	
11-2	922-923	n	positive[14]	_	
11-3	924-931	Groupie	positive[14]	Musik	
11-4	932-937	hab'n	positive[14]	_	
11-5	938-941	die	positive[14]	_	
11-6	942-946	auch	positive[14]	_	
11-7	946-947	.	positive[14]	_	
11-8	948-951	die	neutral[15]	_	
11-9	952-957	heißt	neutral[15]	_	
11-10	958-962	Rosa	neutral[15]	_	
11-11	963-964	,	neutral[15]	_	
11-12	964-968	oder	neutral[15]	_	
11-13	969-971	so	neutral[15]	_	
11-14	972-975	und	neutral[15]	_	
11-15	976-979	die	neutral[15]	_	
11-16	980-985	tanzt	neutral[15]	Musik	
11-17	986-991	auf'm	neutral[15]	_	
11-18	992-997	Tisch	neutral[15]	_	
11-19	997-998	,	neutral[15]	_	
11-20	999-1004	wie'n	neutral[15]	_	
11-21	1005-1016	Gogogo-Girl	neutral[15]	Musik	
11-22	1016-1017	.	neutral[15]	_	

#Text=Es kommt mal wieder gar nicht so drauf an und Leda träumt von einem Pelikan und überhaupt ist alles längst zu spät und der Nervenarzt weiß auch nicht mehr, wie's weitergeht.
12-1	1022-1024	Es	neutral[16]	_	
12-2	1025-1030	kommt	neutral[16]	_	
12-3	1031-1034	mal	neutral[16]	_	
12-4	1035-1041	wieder	neutral[16]	_	
12-5	1042-1045	gar	neutral[16]	_	
12-6	1046-1051	nicht	neutral[16]	_	
12-7	1052-1054	so	neutral[16]	_	
12-8	1055-1060	drauf	neutral[16]	_	
12-9	1061-1063	an	neutral[16]	_	
12-10	1064-1067	und	_	_	
12-11	1068-1072	Leda	negative[17]	_	
12-12	1073-1079	träumt	negative[17]	_	
12-13	1080-1083	von	negative[17]	_	
12-14	1084-1089	einem	negative[17]	_	
12-15	1090-1097	Pelikan	negative[17]	_	
12-16	1098-1101	und	negative[17]	_	
12-17	1102-1111	überhaupt	negative[17]	_	
12-18	1112-1115	ist	negative[17]	_	
12-19	1116-1121	alles	negative[17]	_	
12-20	1122-1128	längst	negative[17]	_	
12-21	1129-1131	zu	negative[17]	_	
12-22	1132-1136	spät	negative[17]	_	
12-23	1137-1140	und	_	_	
12-24	1141-1144	der	negative[18]	_	
12-25	1145-1155	Nervenarzt	negative[18]	Gesundheit/Drogen	
12-26	1156-1160	weiß	negative[18]	_	
12-27	1161-1165	auch	negative[18]	_	
12-28	1166-1171	nicht	negative[18]	_	
12-29	1172-1176	mehr	negative[18]	_	
12-30	1176-1177	,	negative[18]	_	
12-31	1178-1183	wie's	negative[18]	_	
12-32	1184-1194	weitergeht	negative[18]	_	
12-33	1194-1195	.	negative[18]	_	

#Text=Aber sonst ist heute wieder alles klar, auf der Andrea Doria.
13-1	1200-1204	Aber	positive[19]	_	
13-2	1205-1210	sonst	positive[19]	_	
13-3	1211-1214	ist	positive[19]	_	
13-4	1215-1220	heute	positive[19]	_	
13-5	1221-1227	wieder	positive[19]	_	
13-6	1228-1233	alles	positive[19]	_	
13-7	1234-1238	klar	positive[19]	_	
13-8	1238-1239	,	positive[19]	_	
13-9	1240-1243	auf	positive[19]	_	
13-10	1244-1247	der	positive[19]	_	
13-11	1248-1254	Andrea	positive[19]	_	
13-12	1255-1260	Doria	positive[19]	_	
13-13	1260-1261	.	positive[19]	_	

#Text=Andrea Doria...
14-1	1266-1272	Andrea	_	_	
14-2	1273-1278	Doria	_	_	
14-3	1278-1279	.	_	_	
14-4	1279-1280	.	_	_	
14-5	1280-1281	.	_	_	
