#FORMAT=WebAnno TSV 3.2
#T_SP=webanno.custom.Sentiment|Polarity
#T_SP=webanno.custom.Topic|Topics


#Text=Keine Ketten!
1-1	0-5	Keine	neutral[1]	Politik/Soziales/Missstände[22]	
1-2	6-12	Ketten	neutral[1]	Politik/Soziales/Missstände[22]	
1-3	12-13	!	neutral[1]	_	

#Text=Kein Gefängnis!
2-1	14-18	Kein	neutral[2]	Politik/Soziales/Missstände[23]	
2-2	19-28	Gefängnis	neutral[2]	Politik/Soziales/Missstände[23]	
2-3	28-29	!	neutral[2]	_	

#Text=Keine Handschellen!
3-1	30-35	Keine	neutral[3]	Politik/Soziales/Missstände[24]	
3-2	36-48	Handschellen	neutral[3]	Politik/Soziales/Missstände[24]	
3-3	48-49	!	neutral[3]	_	

#Text=Ich bin unschuldig!
4-1	50-53	Ich	positive[4]	Persönliches/Emotionen[25]	
4-2	54-57	bin	positive[4]	Persönliches/Emotionen[25]	
4-3	58-68	unschuldig	positive[4]	Persönliches/Emotionen[25]	
4-4	68-69	!	positive[4]	_	

#Text=Ihr habt mich nicht gefragt, ob ich geboren werden will, jetzt will ich auch nicht, dass ihr mir sagt, wie ich leben soll.
5-1	74-77	Ihr	negative[5]	_	
5-2	78-82	habt	negative[5]	_	
5-3	83-87	mich	negative[5]	_	
5-4	88-93	nicht	negative[5]	_	
5-5	94-101	gefragt	negative[5]	_	
5-6	101-102	,	negative[5]	_	
5-7	103-105	ob	negative[5]	_	
5-8	106-109	ich	negative[5]	_	
5-9	110-117	geboren	negative[5]	_	
5-10	118-124	werden	negative[5]	_	
5-11	125-129	will	negative[5]	_	
5-12	129-130	,	negative[5]	_	
5-13	131-136	jetzt	negative[5]	_	
5-14	137-141	will	negative[5]	_	
5-15	142-145	ich	negative[5]	_	
5-16	146-150	auch	negative[5]	_	
5-17	151-156	nicht	negative[5]	_	
5-18	156-157	,	negative[5]	_	
5-19	158-162	dass	negative[5]	_	
5-20	163-166	ihr	negative[5]	_	
5-21	167-170	mir	negative[5]	_	
5-22	171-175	sagt	negative[5]	_	
5-23	175-176	,	negative[5]	_	
5-24	177-180	wie	negative[5]	_	
5-25	181-184	ich	negative[5]	_	
5-26	185-190	leben	negative[5]	_	
5-27	191-195	soll	negative[5]	_	
5-28	195-196	.	negative[5]	_	

#Text=Ich, ich bin die Saat, die endlich aufgeht, ich bin der Aufstand, der jetzt aufsteht und der jetzt losgeht.
6-1	201-204	Ich	neutral[6]	_	
6-2	204-205	,	neutral[6]	_	
6-3	206-209	ich	neutral[6]	_	
6-4	210-213	bin	neutral[6]	_	
6-5	214-217	die	neutral[6]	_	
6-6	218-222	Saat	neutral[6]	_	
6-7	222-223	,	neutral[6]	_	
6-8	224-227	die	neutral[6]	_	
6-9	228-235	endlich	neutral[6]	_	
6-10	236-243	aufgeht	neutral[6]	_	
6-11	243-244	,	neutral[6]	_	
6-12	245-248	ich	neutral[6]	_	
6-13	249-252	bin	neutral[6]	_	
6-14	253-256	der	neutral[6]	_	
6-15	257-265	Aufstand	neutral[6]	Politik/Soziales/Missstände	
6-16	265-266	,	neutral[6]	_	
6-17	267-270	der	neutral[6]	_	
6-18	271-276	jetzt	neutral[6]	_	
6-19	277-285	aufsteht	neutral[6]	_	
6-20	286-289	und	neutral[6]	_	
6-21	290-293	der	neutral[6]	_	
6-22	294-299	jetzt	neutral[6]	_	
6-23	300-307	losgeht	neutral[6]	_	
6-24	307-308	.	neutral[6]	_	

#Text=Ich, ich leb' nach eigenen Gesetzen zu eurem Schrecken und Entsetzen, ich bin ich.
7-1	309-312	Ich	negative[7]	_	
7-2	312-313	,	negative[7]	_	
7-3	314-317	ich	negative[7]	_	
7-4	318-321	leb	negative[7]	Politik/Soziales/Missstände[26]	
7-5	321-322	'	negative[7]	Politik/Soziales/Missstände[26]	
7-6	323-327	nach	negative[7]	Politik/Soziales/Missstände[26]	
7-7	328-335	eigenen	negative[7]	Politik/Soziales/Missstände[26]	
7-8	336-344	Gesetzen	negative[7]	Politik/Soziales/Missstände[26]	
7-9	345-347	zu	negative[7]	_	
7-10	348-353	eurem	negative[7]	_	
7-11	354-363	Schrecken	negative[7]	Politik/Soziales/Missstände[27]	
7-12	364-367	und	negative[7]	Politik/Soziales/Missstände[27]	
7-13	368-377	Entsetzen	negative[7]	Politik/Soziales/Missstände[27]	
7-14	377-378	,	negative[7]	_	
7-15	379-382	ich	negative[7]	Persönliches/Emotionen[28]	
7-16	383-386	bin	negative[7]	Persönliches/Emotionen[28]	
7-17	387-390	ich	negative[7]	Persönliches/Emotionen[28]	
7-18	390-391	.	negative[7]	_	

#Text=Der Tag ist gekommen, ich schrei' euch ins Gesicht: "Ihr überzeugt mich nicht, merkt euch eins: Das Gesetz bin ich.
8-1	392-395	Der	negative[8]	_	
8-2	396-399	Tag	negative[8]	_	
8-3	400-403	ist	negative[8]	_	
8-4	404-412	gekommen	negative[8]	_	
8-5	412-413	,	negative[8]	_	
8-6	414-417	ich	negative[8]	_	
8-7	418-424	schrei	negative[8]	_	
8-8	424-425	'	negative[8]	_	
8-9	426-430	euch	negative[8]	_	
8-10	431-434	ins	negative[8]	_	
8-11	435-442	Gesicht	negative[8]	_	
8-12	442-443	:	negative[8]	_	
8-13	444-445	"	negative[8]	_	
8-14	445-448	Ihr	negative[8]	_	
8-15	449-458	überzeugt	negative[8]	_	
8-16	459-463	mich	negative[8]	_	
8-17	464-469	nicht	negative[8]	_	
8-18	469-470	,	negative[8]	_	
8-19	471-476	merkt	negative[8]	_	
8-20	477-481	euch	negative[8]	_	
8-21	482-486	eins	negative[8]	_	
8-22	486-487	:	negative[8]	_	
8-23	488-491	Das	negative[8]	Politik/Soziales/Missstände[29]	
8-24	492-498	Gesetz	negative[8]	Politik/Soziales/Missstände[29]	
8-25	499-502	bin	negative[8]	Politik/Soziales/Missstände[29]	
8-26	503-506	ich	negative[8]	Politik/Soziales/Missstände[29]	
8-27	506-507	.	negative[8]	_	

#Text=Das Gesetz, das bin ich.
9-1	508-511	Das	neutral[9]	_	
9-2	512-518	Gesetz	neutral[9]	Politik/Soziales/Missstände	
9-3	518-519	,	neutral[9]	_	
9-4	520-523	das	neutral[9]	_	
9-5	524-527	bin	neutral[9]	_	
9-6	528-531	ich	neutral[9]	_	
9-7	531-532	.	neutral[9]	_	

#Text=Das Gesetz, das bin ich."
10-1	533-536	Das	neutral[10]	_	
10-2	537-543	Gesetz	neutral[10]	Politik/Soziales/Missstände	
10-3	543-544	,	neutral[10]	_	
10-4	545-548	das	neutral[10]	_	
10-5	549-552	bin	neutral[10]	_	
10-6	553-556	ich	neutral[10]	_	
10-7	556-557	.	neutral[10]	_	
10-8	557-558	"	neutral[10]	_	

#Text=Nackter Wahnsinn, totaler Schizo, Atomraketen - und die Dritte Welt krepiert.
11-1	563-570	Nackter	negative[11]	Politik/Soziales/Missstände[30]	
11-2	571-579	Wahnsinn	negative[11]	Politik/Soziales/Missstände[30]	
11-3	579-580	,	negative[11]	_	
11-4	581-588	totaler	negative[11]	Politik/Soziales/Missstände[31]	
11-5	589-595	Schizo	negative[11]	Politik/Soziales/Missstände[31]	
11-6	595-596	,	negative[11]	_	
11-7	597-608	Atomraketen	negative[11]	Politik/Soziales/Missstände	
11-8	609-610	-	negative[11]	_	
11-9	611-614	und	negative[11]	_	
11-10	615-618	die	negative[11]	Politik/Soziales/Missstände[32]	
11-11	619-625	Dritte	negative[11]	Politik/Soziales/Missstände[32]	
11-12	626-630	Welt	negative[11]	Politik/Soziales/Missstände[32]	
11-13	631-639	krepiert	negative[11]	Politik/Soziales/Missstände[32]	
11-14	639-640	.	negative[11]	_	

#Text=Und keiner, der nichts dagegen tut, soll mir noch irgendwas erzählen.
12-1	641-644	Und	negative[12]	_	
12-2	645-651	keiner	negative[12]	_	
12-3	651-652	,	negative[12]	_	
12-4	653-656	der	negative[12]	_	
12-5	657-663	nichts	negative[12]	_	
12-6	664-671	dagegen	negative[12]	_	
12-7	672-675	tut	negative[12]	_	
12-8	675-676	,	negative[12]	_	
12-9	677-681	soll	negative[12]	_	
12-10	682-685	mir	negative[12]	_	
12-11	686-690	noch	negative[12]	_	
12-12	691-700	irgendwas	negative[12]	_	
12-13	701-709	erzählen	negative[12]	_	
12-14	709-710	.	negative[12]	_	

#Text=Ich, ich bin die Saat, die endlich aufgeht, ich bin der Aufstand, der jetzt aufsteht und der jetzt losgeht.
13-1	715-718	Ich	neutral[13]	_	
13-2	718-719	,	neutral[13]	_	
13-3	720-723	ich	neutral[13]	_	
13-4	724-727	bin	neutral[13]	_	
13-5	728-731	die	neutral[13]	_	
13-6	732-736	Saat	neutral[13]	_	
13-7	736-737	,	neutral[13]	_	
13-8	738-741	die	neutral[13]	_	
13-9	742-749	endlich	neutral[13]	_	
13-10	750-757	aufgeht	neutral[13]	_	
13-11	757-758	,	neutral[13]	_	
13-12	759-762	ich	neutral[13]	_	
13-13	763-766	bin	neutral[13]	_	
13-14	767-770	der	neutral[13]	_	
13-15	771-779	Aufstand	neutral[13]	Politik/Soziales/Missstände	
13-16	779-780	,	neutral[13]	_	
13-17	781-784	der	neutral[13]	_	
13-18	785-790	jetzt	neutral[13]	_	
13-19	791-799	aufsteht	neutral[13]	_	
13-20	800-803	und	neutral[13]	_	
13-21	804-807	der	neutral[13]	_	
13-22	808-813	jetzt	neutral[13]	_	
13-23	814-821	losgeht	neutral[13]	_	
13-24	821-822	.	neutral[13]	_	

#Text=Wir, wir sind die Saat, die endlich aufgeht, wir sind der Aufstand, der jetzt aufsteht und der jetzt losgeht.
14-1	823-826	Wir	neutral[14]	_	
14-2	826-827	,	neutral[14]	_	
14-3	828-831	wir	neutral[14]	_	
14-4	832-836	sind	neutral[14]	_	
14-5	837-840	die	neutral[14]	_	
14-6	841-845	Saat	neutral[14]	_	
14-7	845-846	,	neutral[14]	_	
14-8	847-850	die	neutral[14]	_	
14-9	851-858	endlich	neutral[14]	_	
14-10	859-866	aufgeht	neutral[14]	_	
14-11	866-867	,	neutral[14]	_	
14-12	868-871	wir	neutral[14]	_	
14-13	872-876	sind	neutral[14]	_	
14-14	877-880	der	neutral[14]	_	
14-15	881-889	Aufstand	neutral[14]	Politik/Soziales/Missstände	
14-16	889-890	,	neutral[14]	_	
14-17	891-894	der	neutral[14]	_	
14-18	895-900	jetzt	neutral[14]	_	
14-19	901-909	aufsteht	neutral[14]	_	
14-20	910-913	und	neutral[14]	_	
14-21	914-917	der	neutral[14]	_	
14-22	918-923	jetzt	neutral[14]	_	
14-23	924-931	losgeht	neutral[14]	_	
14-24	931-932	.	neutral[14]	_	

#Text=Abgepackt und abgefuckt, vorgekaut und zugebaut total, wir wollen kein Leben wie'n Paket aus dem Supermarktregal.
15-1	937-946	Abgepackt	negative[15]	_	
15-2	947-950	und	negative[15]	_	
15-3	951-960	abgefuckt	negative[15]	_	
15-4	960-961	,	negative[15]	_	
15-5	962-971	vorgekaut	negative[15]	_	
15-6	972-975	und	negative[15]	_	
15-7	976-984	zugebaut	negative[15]	_	
15-8	985-990	total	negative[15]	_	
15-9	990-991	,	negative[15]	_	
15-10	992-995	wir	negative[15]	Politik/Soziales/Missstände[33]	
15-11	996-1002	wollen	negative[15]	Politik/Soziales/Missstände[33]	
15-12	1003-1007	kein	negative[15]	Politik/Soziales/Missstände[33]	
15-13	1008-1013	Leben	negative[15]	Politik/Soziales/Missstände[33]	
15-14	1014-1019	wie'n	negative[15]	Politik/Soziales/Missstände[33]	
15-15	1020-1025	Paket	negative[15]	Politik/Soziales/Missstände[33]	
15-16	1026-1029	aus	negative[15]	Politik/Soziales/Missstände[33]	
15-17	1030-1033	dem	negative[15]	Politik/Soziales/Missstände[33]	
15-18	1034-1049	Supermarktregal	negative[15]	Politik/Soziales/Missstände[33]	
15-19	1049-1050	.	negative[15]	_	

#Text=Das Gesetz, das sind wir, das Gesetz sind wir.
16-1	1051-1054	Das	neutral[16]	_	
16-2	1055-1061	Gesetz	neutral[16]	Politik/Soziales/Missstände	
16-3	1061-1062	,	neutral[16]	_	
16-4	1063-1066	das	neutral[16]	_	
16-5	1067-1071	sind	neutral[16]	_	
16-6	1072-1075	wir	neutral[16]	_	
16-7	1075-1076	,	neutral[16]	_	
16-8	1077-1080	das	neutral[16]	Politik/Soziales/Missstände[34]	
16-9	1081-1087	Gesetz	neutral[16]	Politik/Soziales/Missstände[34]	
16-10	1088-1092	sind	neutral[16]	Politik/Soziales/Missstände[34]	
16-11	1093-1096	wir	neutral[16]	Politik/Soziales/Missstände[34]	
16-12	1096-1097	.	neutral[16]	_	

#Text=Wir, wir sind die Saat, die endlich aufgeht, wir sind der Aufstand, der jetzt aufsteht und der jetzt losgeht.
17-1	1102-1105	Wir	neutral[17]	_	
17-2	1105-1106	,	neutral[17]	_	
17-3	1107-1110	wir	neutral[17]	_	
17-4	1111-1115	sind	neutral[17]	_	
17-5	1116-1119	die	neutral[17]	_	
17-6	1120-1124	Saat	neutral[17]	_	
17-7	1124-1125	,	neutral[17]	_	
17-8	1126-1129	die	neutral[17]	_	
17-9	1130-1137	endlich	neutral[17]	_	
17-10	1138-1145	aufgeht	neutral[17]	_	
17-11	1145-1146	,	neutral[17]	_	
17-12	1147-1150	wir	neutral[17]	_	
17-13	1151-1155	sind	neutral[17]	_	
17-14	1156-1159	der	neutral[17]	_	
17-15	1160-1168	Aufstand	neutral[17]	Politik/Soziales/Missstände	
17-16	1168-1169	,	neutral[17]	_	
17-17	1170-1173	der	neutral[17]	_	
17-18	1174-1179	jetzt	neutral[17]	_	
17-19	1180-1188	aufsteht	neutral[17]	_	
17-20	1189-1192	und	neutral[17]	_	
17-21	1193-1196	der	neutral[17]	_	
17-22	1197-1202	jetzt	neutral[17]	_	
17-23	1203-1210	losgeht	neutral[17]	_	
17-24	1210-1211	.	neutral[17]	_	

#Text=Wir, wir sind die Antwort auf die Fragen, die ihr euch nie gestellt habt.
18-1	1212-1215	Wir	neutral[18]	_	
18-2	1215-1216	,	neutral[18]	_	
18-3	1217-1220	wir	neutral[18]	_	
18-4	1221-1225	sind	neutral[18]	_	
18-5	1226-1229	die	neutral[18]	_	
18-6	1230-1237	Antwort	neutral[18]	_	
18-7	1238-1241	auf	neutral[18]	_	
18-8	1242-1245	die	neutral[18]	_	
18-9	1246-1252	Fragen	neutral[18]	_	
18-10	1252-1253	,	neutral[18]	_	
18-11	1254-1257	die	neutral[18]	_	
18-12	1258-1261	ihr	neutral[18]	_	
18-13	1262-1266	euch	neutral[18]	_	
18-14	1267-1270	nie	neutral[18]	_	
18-15	1271-1279	gestellt	neutral[18]	_	
18-16	1280-1284	habt	neutral[18]	_	
18-17	1284-1285	.	neutral[18]	_	

#Text=Da kann man nur noch sagen: "Das Gesetz, das sind wir, das Gesetz, das sind wir.
19-1	1286-1288	Da	neutral[19]	_	
19-2	1289-1293	kann	neutral[19]	_	
19-3	1294-1297	man	neutral[19]	_	
19-4	1298-1301	nur	neutral[19]	_	
19-5	1302-1306	noch	neutral[19]	_	
19-6	1307-1312	sagen	neutral[19]	_	
19-7	1312-1313	:	neutral[19]	_	
19-8	1314-1315	"	neutral[19]	_	
19-9	1315-1318	Das	neutral[19]	Politik/Soziales/Missstände[35]	
19-10	1319-1325	Gesetz	neutral[19]	Politik/Soziales/Missstände[35]	
19-11	1325-1326	,	neutral[19]	Politik/Soziales/Missstände[35]	
19-12	1327-1330	das	neutral[19]	Politik/Soziales/Missstände[35]	
19-13	1331-1335	sind	neutral[19]	Politik/Soziales/Missstände[35]	
19-14	1336-1339	wir	neutral[19]	Politik/Soziales/Missstände[35]	
19-15	1339-1340	,	neutral[19]	_	
19-16	1341-1344	das	neutral[19]	Politik/Soziales/Missstände[36]	
19-17	1345-1351	Gesetz	neutral[19]	Politik/Soziales/Missstände[36]	
19-18	1351-1352	,	neutral[19]	Politik/Soziales/Missstände[36]	
19-19	1353-1356	das	neutral[19]	Politik/Soziales/Missstände[36]	
19-20	1357-1361	sind	neutral[19]	Politik/Soziales/Missstände[36]	
19-21	1362-1365	wir	neutral[19]	Politik/Soziales/Missstände[36]	
19-22	1365-1366	.	neutral[19]	_	

#Text=Das Gesetz das sind wir, das Gesetz, das Gesetz sind wir."
20-1	1367-1370	Das	neutral[20]	Politik/Soziales/Missstände[37]	
20-2	1371-1377	Gesetz	neutral[20]	Politik/Soziales/Missstände[37]	
20-3	1378-1381	das	neutral[20]	Politik/Soziales/Missstände[37]	
20-4	1382-1386	sind	neutral[20]	Politik/Soziales/Missstände[37]	
20-5	1387-1390	wir	neutral[20]	Politik/Soziales/Missstände[37]	
20-6	1390-1391	,	neutral[20]	_	
20-7	1392-1395	das	neutral[20]	_	
20-8	1396-1402	Gesetz	neutral[20]	_	
20-9	1402-1403	,	neutral[20]	_	
20-10	1404-1407	das	neutral[20]	Politik/Soziales/Missstände[38]	
20-11	1408-1414	Gesetz	neutral[20]	Politik/Soziales/Missstände[38]	
20-12	1415-1419	sind	neutral[20]	Politik/Soziales/Missstände[38]	
20-13	1420-1423	wir	neutral[20]	Politik/Soziales/Missstände[38]	
20-14	1423-1424	.	neutral[20]	_	
20-15	1424-1425	"	neutral[20]	_	

#Text=Noch sind wir ein Fluss, doch bald sind wir ein reißender Strom, das Gesetz, das sind wir, das Gesetz sind wir.
21-1	1430-1434	Noch	neutral[21]	_	
21-2	1435-1439	sind	neutral[21]	_	
21-3	1440-1443	wir	neutral[21]	_	
21-4	1444-1447	ein	neutral[21]	_	
21-5	1448-1453	Fluss	neutral[21]	_	
21-6	1453-1454	,	neutral[21]	_	
21-7	1455-1459	doch	neutral[21]	_	
21-8	1460-1464	bald	neutral[21]	_	
21-9	1465-1469	sind	neutral[21]	_	
21-10	1470-1473	wir	neutral[21]	_	
21-11	1474-1477	ein	neutral[21]	_	
21-12	1478-1487	reißender	neutral[21]	_	
21-13	1488-1493	Strom	neutral[21]	_	
21-14	1493-1494	,	neutral[21]	_	
21-15	1495-1498	das	neutral[21]	_	
21-16	1499-1505	Gesetz	neutral[21]	_	
21-17	1505-1506	,	neutral[21]	_	
21-18	1507-1510	das	neutral[21]	_	
21-19	1511-1515	sind	neutral[21]	_	
21-20	1516-1519	wir	neutral[21]	_	
21-21	1519-1520	,	neutral[21]	_	
21-22	1521-1524	das	neutral[21]	Politik/Soziales/Missstände[39]	
21-23	1525-1531	Gesetz	neutral[21]	Politik/Soziales/Missstände[39]	
21-24	1532-1536	sind	neutral[21]	Politik/Soziales/Missstände[39]	
21-25	1537-1540	wir	neutral[21]	Politik/Soziales/Missstände[39]	
21-26	1540-1541	.	neutral[21]	_	
