#FORMAT=WebAnno TSV 3.2
#T_SP=webanno.custom.Sentiment|Polarity
#T_SP=webanno.custom.Topic|Topics


#Text=Sie hatten nichts, sie waren verloren, in diese harte Welt hineingeboren. als sie sich trafen, allein und ängstlich, da hatten sie wenigstens sich.
1-1	0-3	Sie	negative[1]	_	
1-2	4-10	hatten	negative[1]	_	
1-3	11-17	nichts	negative[1]	_	
1-4	17-18	,	negative[1]	_	
1-5	19-22	sie	negative[1]	_	
1-6	23-28	waren	negative[1]	_	
1-7	29-37	verloren	negative[1]	_	
1-8	37-38	,	negative[1]	_	
1-9	39-41	in	negative[1]	_	
1-10	42-47	diese	negative[1]	_	
1-11	48-53	harte	negative[1]	_	
1-12	54-58	Welt	negative[1]	_	
1-13	59-72	hineingeboren	negative[1]	_	
1-14	72-73	.	_	_	
1-15	74-77	als	positive[2]	_	
1-16	78-81	sie	positive[2]	_	
1-17	82-86	sich	positive[2]	_	
1-18	87-93	trafen	positive[2]	_	
1-19	93-94	,	positive[2]	_	
1-20	95-101	allein	positive[2]	Persönliches/Emotionen[16]	
1-21	102-105	und	positive[2]	Persönliches/Emotionen[16]	
1-22	106-115	ängstlich	positive[2]	Persönliches/Emotionen[16]	
1-23	115-116	,	positive[2]	_	
1-24	117-119	da	positive[2]	_	
1-25	120-126	hatten	positive[2]	_	
1-26	127-130	sie	positive[2]	_	
1-27	131-141	wenigstens	positive[2]	_	
1-28	142-146	sich	positive[2]	_	
1-29	146-147	.	_	_	

#Text=Draußen war alles nur Hölle und Dreck, sie suchten ihr kleines Paradies, nichts sollte stören und ihr kleines Versteck war ein Himmelbett, warm und süß.
2-1	152-159	Draußen	negative[3]	_	
2-2	160-163	war	negative[3]	_	
2-3	164-169	alles	negative[3]	_	
2-4	170-173	nur	negative[3]	_	
2-5	174-179	Hölle	negative[3]	Politik/Soziales/Missstände[17]	
2-6	180-183	und	negative[3]	Politik/Soziales/Missstände[17]	
2-7	184-189	Dreck	negative[3]	Politik/Soziales/Missstände[17]	
2-8	189-190	,	_	_	
2-9	191-194	sie	neutral[4]	_	
2-10	195-202	suchten	neutral[4]	_	
2-11	203-206	ihr	neutral[4]	_	
2-12	207-214	kleines	neutral[4]	_	
2-13	215-223	Paradies	neutral[4]	_	
2-14	223-224	,	neutral[4]	_	
2-15	225-231	nichts	neutral[4]	_	
2-16	232-238	sollte	neutral[4]	_	
2-17	239-245	stören	neutral[4]	_	
2-18	246-249	und	positive[5]	_	
2-19	250-253	ihr	positive[5]	_	
2-20	254-261	kleines	positive[5]	_	
2-21	262-270	Versteck	positive[5]	_	
2-22	271-274	war	positive[5]	_	
2-23	275-278	ein	positive[5]	_	
2-24	279-289	Himmelbett	positive[5]	_	
2-25	289-290	,	positive[5]	_	
2-26	291-295	warm	positive[5]	_	
2-27	296-299	und	positive[5]	_	
2-28	300-303	süß	positive[5]	_	
2-29	303-304	.	_	_	

#Text=Auf dem Dach der Welt, da ganz oben, sie wollten einfach nur ihre Ruh', laß' draußen doch den Wahnsinn toben, wir schließen Fenster und Türen ganz fest zu.
3-1	309-312	Auf	neutral[6]	_	
3-2	313-316	dem	neutral[6]	_	
3-3	317-321	Dach	neutral[6]	_	
3-4	322-325	der	neutral[6]	_	
3-5	326-330	Welt	neutral[6]	_	
3-6	330-331	,	neutral[6]	_	
3-7	332-334	da	neutral[6]	_	
3-8	335-339	ganz	neutral[6]	_	
3-9	340-344	oben	neutral[6]	_	
3-10	344-345	,	neutral[6]	_	
3-11	346-349	sie	neutral[6]	_	
3-12	350-357	wollten	neutral[6]	_	
3-13	358-365	einfach	neutral[6]	_	
3-14	366-369	nur	neutral[6]	_	
3-15	370-374	ihre	neutral[6]	_	
3-16	375-378	Ruh	neutral[6]	_	
3-17	378-379	'	_	_	
3-18	379-380	,	_	_	
3-19	381-384	laß	neutral[7]	_	
3-20	384-385	'	neutral[7]	_	
3-21	386-393	draußen	neutral[7]	_	
3-22	394-398	doch	neutral[7]	_	
3-23	399-402	den	neutral[7]	_	
3-24	403-411	Wahnsinn	neutral[7]	Politik/Soziales/Missstände[18]	
3-25	412-417	toben	neutral[7]	Politik/Soziales/Missstände[18]	
3-26	417-418	,	neutral[7]	_	
3-27	419-422	wir	neutral[7]	_	
3-28	423-432	schließen	neutral[7]	_	
3-29	433-440	Fenster	neutral[7]	_	
3-30	441-444	und	neutral[7]	_	
3-31	445-450	Türen	neutral[7]	_	
3-32	451-455	ganz	neutral[7]	_	
3-33	456-460	fest	neutral[7]	_	
3-34	461-463	zu	neutral[7]	_	
3-35	463-464	.	_	_	

#Text=Stille Liebe.
4-1	469-475	Stille	neutral[8]	Liebe/Partnerschaft[19]	
4-2	476-481	Liebe	neutral[8]	Liebe/Partnerschaft[19]	
4-3	481-482	.	_	_	

#Text=Ihre Freunde wurden zu fernen Planeten, wir die Sonne / haben sie gedacht und nach einiger Zeit waren sie einsam zu zweit, alle hatten sich davongemacht.
5-1	487-491	Ihre	negative[9]	_	
5-2	492-499	Freunde	negative[9]	Liebe/Partnerschaft	
5-3	500-506	wurden	negative[9]	_	
5-4	507-509	zu	negative[9]	_	
5-5	510-516	fernen	negative[9]	_	
5-6	517-525	Planeten	negative[9]	_	
5-7	525-526	,	_	_	
5-8	527-530	wir	negative[10]	_	
5-9	531-534	die	negative[10]	_	
5-10	535-540	Sonne	negative[10]	_	
5-11	541-542	/	negative[10]	_	
5-12	543-548	haben	negative[10]	_	
5-13	549-552	sie	negative[10]	_	
5-14	553-560	gedacht	negative[10]	_	
5-15	561-564	und	negative[10]	_	
5-16	565-569	nach	negative[10]	_	
5-17	570-577	einiger	negative[10]	_	
5-18	578-582	Zeit	negative[10]	_	
5-19	583-588	waren	negative[10]	_	
5-20	589-592	sie	negative[10]	_	
5-21	593-599	einsam	negative[10]	Liebe/Partnerschaft[20]	
5-22	600-602	zu	negative[10]	Liebe/Partnerschaft[20]	
5-23	603-608	zweit	negative[10]	Liebe/Partnerschaft[20]	
5-24	608-609	,	negative[10]	_	
5-25	610-614	alle	negative[10]	_	
5-26	615-621	hatten	negative[10]	_	
5-27	622-626	sich	negative[10]	_	
5-28	627-639	davongemacht	negative[10]	_	
5-29	639-640	.	_	_	

#Text=Waren sie mal Tage lag getrennt und das Telefon blieb stumm, dann konnten sie an nichts mehr denken und stürzten ab ins Vakuum.
6-1	645-650	Waren	negative[11]	_	
6-2	651-654	sie	negative[11]	_	
6-3	655-658	mal	negative[11]	_	
6-4	659-663	Tage	negative[11]	_	
6-5	664-667	lag	negative[11]	_	
6-6	668-676	getrennt	negative[11]	Liebe/Partnerschaft	
6-7	677-680	und	negative[11]	_	
6-8	681-684	das	negative[11]	_	
6-9	685-692	Telefon	negative[11]	_	
6-10	693-698	blieb	negative[11]	_	
6-11	699-704	stumm	negative[11]	_	
6-12	704-705	,	negative[11]	_	
6-13	706-710	dann	negative[11]	_	
6-14	711-718	konnten	negative[11]	_	
6-15	719-722	sie	negative[11]	_	
6-16	723-725	an	negative[11]	_	
6-17	726-732	nichts	negative[11]	_	
6-18	733-737	mehr	negative[11]	_	
6-19	738-744	denken	negative[11]	_	
6-20	745-748	und	negative[11]	_	
6-21	749-757	stürzten	negative[11]	_	
6-22	758-760	ab	negative[11]	_	
6-23	761-764	ins	negative[11]	_	
6-24	765-771	Vakuum	negative[11]	_	
6-25	771-772	.	_	_	

#Text=Auf dem Dach der Welt, da ganz oben, sie wollten einfach nur ihre Ruh', laß' draußen doch den Wahnsinn toben, wir schließen Fenster und Türen ganz fest zu.
7-1	777-780	Auf	neutral[12]	_	
7-2	781-784	dem	neutral[12]	_	
7-3	785-789	Dach	neutral[12]	_	
7-4	790-793	der	neutral[12]	_	
7-5	794-798	Welt	neutral[12]	_	
7-6	798-799	,	neutral[12]	_	
7-7	800-802	da	neutral[12]	_	
7-8	803-807	ganz	neutral[12]	_	
7-9	808-812	oben	neutral[12]	_	
7-10	812-813	,	neutral[12]	_	
7-11	814-817	sie	neutral[12]	_	
7-12	818-825	wollten	neutral[12]	_	
7-13	826-833	einfach	neutral[12]	_	
7-14	834-837	nur	neutral[12]	_	
7-15	838-842	ihre	neutral[12]	_	
7-16	843-846	Ruh	neutral[12]	_	
7-17	846-847	'	neutral[12]	_	
7-18	847-848	,	neutral[12]	_	
7-19	849-852	laß	neutral[12]	_	
7-20	852-853	'	neutral[12]	_	
7-21	854-861	draußen	neutral[12]	_	
7-22	862-866	doch	neutral[12]	_	
7-23	867-870	den	neutral[12]	_	
7-24	871-879	Wahnsinn	neutral[12]	Politik/Soziales/Missstände[21]	
7-25	880-885	toben	neutral[12]	Politik/Soziales/Missstände[21]	
7-26	885-886	,	neutral[12]	_	
7-27	887-890	wir	neutral[12]	_	
7-28	891-900	schließen	neutral[12]	_	
7-29	901-908	Fenster	neutral[12]	_	
7-30	909-912	und	neutral[12]	_	
7-31	913-918	Türen	neutral[12]	_	
7-32	919-923	ganz	neutral[12]	_	
7-33	924-928	fest	neutral[12]	_	
7-34	929-931	zu	neutral[12]	_	
7-35	931-932	.	_	_	

#Text="Unser Nest soll eine Festung sein..." sie liebten sich wie verrückt und der Wind der Welt kam nicht mehr rein, so fand man sie eines Tages an der Liebe erstickt.
8-1	937-938	"	_	_	
8-2	938-943	Unser	neutral[13]	_	
8-3	944-948	Nest	neutral[13]	_	
8-4	949-953	soll	neutral[13]	_	
8-5	954-958	eine	neutral[13]	_	
8-6	959-966	Festung	neutral[13]	_	
8-7	967-971	sein	neutral[13]	_	
8-8	971-972	.	_	_	
8-9	972-973	.	_	_	
8-10	973-974	.	_	_	
8-11	974-975	"	_	_	
8-12	976-979	sie	positive[14]	_	
8-13	980-987	liebten	positive[14]	Liebe/Partnerschaft[22]	
8-14	988-992	sich	positive[14]	Liebe/Partnerschaft[22]	
8-15	993-996	wie	positive[14]	Liebe/Partnerschaft[22]	
8-16	997-1005	verrückt	positive[14]	Liebe/Partnerschaft[22]	
8-17	1006-1009	und	negative[15]	_	
8-18	1010-1013	der	negative[15]	_	
8-19	1014-1018	Wind	negative[15]	_	
8-20	1019-1022	der	negative[15]	_	
8-21	1023-1027	Welt	negative[15]	_	
8-22	1028-1031	kam	negative[15]	_	
8-23	1032-1037	nicht	negative[15]	_	
8-24	1038-1042	mehr	negative[15]	_	
8-25	1043-1047	rein	negative[15]	_	
8-26	1047-1048	,	negative[15]	_	
8-27	1049-1051	so	negative[15]	_	
8-28	1052-1056	fand	negative[15]	_	
8-29	1057-1060	man	negative[15]	_	
8-30	1061-1064	sie	negative[15]	_	
8-31	1065-1070	eines	negative[15]	_	
8-32	1071-1076	Tages	negative[15]	_	
8-33	1077-1079	an	negative[15]	Liebe/Partnerschaft[23]	
8-34	1080-1083	der	negative[15]	Liebe/Partnerschaft[23]	
8-35	1084-1089	Liebe	negative[15]	Liebe/Partnerschaft[23]	
8-36	1090-1098	erstickt	negative[15]	Liebe/Partnerschaft[23]	
8-37	1098-1099	.	_	_	
