#FORMAT=WebAnno TSV 3.2
#T_SP=webanno.custom.Sentiment|Polarity
#T_SP=webanno.custom.Topic|Topics


#Text=Eine Stadt haben sie ausgelöscht, irgendwo ging das Ding hoch.
1-1	0-4	Eine	neutral[1]	_	
1-2	5-10	Stadt	neutral[1]	Politik/Soziales/Missstände[9]	
1-3	11-16	haben	neutral[1]	Politik/Soziales/Missstände[9]	
1-4	17-20	sie	neutral[1]	Politik/Soziales/Missstände[9]	
1-5	21-32	ausgelöscht	neutral[1]	Politik/Soziales/Missstände[9]	
1-6	32-33	,	neutral[1]	_	
1-7	34-42	irgendwo	neutral[1]	_	
1-8	43-47	ging	neutral[1]	_	
1-9	48-51	das	neutral[1]	_	
1-10	52-56	Ding	neutral[1]	_	
1-11	57-61	hoch	neutral[1]	_	
1-12	61-62	.	neutral[1]	_	

#Text=Eine Stadt haben sie ausgelöscht, irgendwo ging so'n Ding hoch.
2-1	63-67	Eine	neutral[2]	_	
2-2	68-73	Stadt	neutral[2]	Politik/Soziales/Missstände[10]	
2-3	74-79	haben	neutral[2]	Politik/Soziales/Missstände[10]	
2-4	80-83	sie	neutral[2]	Politik/Soziales/Missstände[10]	
2-5	84-95	ausgelöscht	neutral[2]	Politik/Soziales/Missstände[10]	
2-6	95-96	,	neutral[2]	_	
2-7	97-105	irgendwo	neutral[2]	_	
2-8	106-110	ging	neutral[2]	_	
2-9	111-115	so'n	neutral[2]	_	
2-10	116-120	Ding	neutral[2]	_	
2-11	121-125	hoch	neutral[2]	_	
2-12	125-126	.	neutral[2]	_	

#Text=Japan - China - USA.
3-1	131-136	Japan	neutral[3]	_	
3-2	137-138	-	neutral[3]	_	
3-3	139-144	China	neutral[3]	_	
3-4	145-146	-	neutral[3]	_	
3-5	147-150	USA	neutral[3]	_	
3-6	150-151	.	neutral[3]	_	

#Text=Ich weiß nicht mehr genau, wo das war, ich hab's vorhin gehört im Radio.
4-1	156-159	Ich	neutral[4]	_	
4-2	160-164	weiß	neutral[4]	Persönliches/Emotionen[11]	
4-3	165-170	nicht	neutral[4]	Persönliches/Emotionen[11]	
4-4	171-175	mehr	neutral[4]	Persönliches/Emotionen[11]	
4-5	176-181	genau	neutral[4]	Persönliches/Emotionen[11]	
4-6	181-182	,	neutral[4]	_	
4-7	183-185	wo	neutral[4]	_	
4-8	186-189	das	neutral[4]	_	
4-9	190-193	war	neutral[4]	_	
4-10	193-194	,	neutral[4]	_	
4-11	195-198	ich	neutral[4]	_	
4-12	199-204	hab's	neutral[4]	_	
4-13	205-211	vorhin	neutral[4]	_	
4-14	212-218	gehört	neutral[4]	_	
4-15	219-221	im	neutral[4]	_	
4-16	222-227	Radio	neutral[4]	_	
4-17	227-228	.	neutral[4]	_	

#Text=So nebenbei - so undeutlich - irgendwo  eine Stadt haben sie ausgelöscht.
5-1	229-231	So	negative[5]	_	
5-2	232-240	nebenbei	negative[5]	_	
5-3	241-242	-	negative[5]	_	
5-4	243-245	so	negative[5]	_	
5-5	246-256	undeutlich	negative[5]	_	
5-6	257-258	-	negative[5]	_	
5-7	259-267	irgendwo	negative[5]	_	
5-8	269-273	eine	negative[5]	Politik/Soziales/Missstände[12]	
5-9	274-279	Stadt	negative[5]	Politik/Soziales/Missstände[12]	
5-10	280-285	haben	negative[5]	Politik/Soziales/Missstände[12]	
5-11	286-289	sie	negative[5]	Politik/Soziales/Missstände[12]	
5-12	290-301	ausgelöscht	negative[5]	Politik/Soziales/Missstände[12]	
5-13	301-302	.	negative[5]	_	

#Text=Frankreich - England - Australia, ich weiß nicht mehr genau, wo das war.
6-1	307-317	Frankreich	neutral[6]	_	
6-2	318-319	-	neutral[6]	_	
6-3	320-327	England	neutral[6]	_	
6-4	328-329	-	neutral[6]	_	
6-5	330-339	Australia	neutral[6]	_	
6-6	339-340	,	neutral[6]	_	
6-7	341-344	ich	neutral[6]	Persönliches/Emotionen[13]	
6-8	345-349	weiß	neutral[6]	Persönliches/Emotionen[13]	
6-9	350-355	nicht	neutral[6]	Persönliches/Emotionen[13]	
6-10	356-360	mehr	neutral[6]	Persönliches/Emotionen[13]	
6-11	361-366	genau	neutral[6]	Persönliches/Emotionen[13]	
6-12	366-367	,	neutral[6]	_	
6-13	368-370	wo	neutral[6]	_	
6-14	371-374	das	neutral[6]	_	
6-15	375-378	war	neutral[6]	_	
6-16	378-379	.	neutral[6]	_	

#Text=Dann kam's auch noch auf Kanal Zwo  so nebenbei - so undeutlich - irgendwo.
7-1	380-384	Dann	negative[7]	_	
7-2	385-390	kam's	negative[7]	_	
7-3	391-395	auch	negative[7]	_	
7-4	396-400	noch	negative[7]	_	
7-5	401-404	auf	negative[7]	_	
7-6	405-410	Kanal	negative[7]	_	
7-7	411-414	Zwo	negative[7]	_	
7-8	416-418	so	negative[7]	_	
7-9	419-427	nebenbei	negative[7]	_	
7-10	428-429	-	negative[7]	_	
7-11	430-432	so	negative[7]	_	
7-12	433-443	undeutlich	negative[7]	_	
7-13	444-445	-	negative[7]	_	
7-14	446-454	irgendwo	negative[7]	_	
7-15	454-455	.	negative[7]	_	

#Text=Eine Stadt haben sie ausgelöscht.
8-1	456-460	Eine	neutral[8]	Politik/Soziales/Missstände[14]	
8-2	461-466	Stadt	neutral[8]	Politik/Soziales/Missstände[14]	
8-3	467-472	haben	neutral[8]	Politik/Soziales/Missstände[14]	
8-4	473-476	sie	neutral[8]	Politik/Soziales/Missstände[14]	
8-5	477-488	ausgelöscht	neutral[8]	Politik/Soziales/Missstände[14]	
8-6	488-489	.	neutral[8]	_	

#Text=Merry go round, merry go round and the summer has just begun.
9-1	494-499	Merry	_	_	
9-2	500-502	go	_	_	
9-3	503-508	round	_	_	
9-4	508-509	,	_	_	
9-5	510-515	merry	_	_	
9-6	516-518	go	_	_	
9-7	519-524	round	_	_	
9-8	525-528	and	_	_	
9-9	529-532	the	_	_	
9-10	533-539	summer	_	_	
9-11	540-543	has	_	_	
9-12	544-548	just	_	_	
9-13	549-554	begun	_	_	
9-14	554-555	.	_	_	
