#FORMAT=WebAnno TSV 3.2
#T_SP=webanno.custom.Sentiment|Polarity
#T_SP=webanno.custom.Topic|Topics


#Text=Er war ein Seemann und schon seit vielen Jahren auf allen sieben Meeren rumgefahren.
1-1	0-2	Er	neutral[1]	_	
1-2	3-6	war	neutral[1]	_	
1-3	7-10	ein	neutral[1]	_	
1-4	11-18	Seemann	neutral[1]	Reisen	
1-5	19-22	und	neutral[1]	_	
1-6	23-28	schon	neutral[1]	_	
1-7	29-33	seit	neutral[1]	_	
1-8	34-40	vielen	neutral[1]	_	
1-9	41-47	Jahren	neutral[1]	_	
1-10	48-51	auf	neutral[1]	Reisen[22]	
1-11	52-57	allen	neutral[1]	Reisen[22]	
1-12	58-64	sieben	neutral[1]	Reisen[22]	
1-13	65-71	Meeren	neutral[1]	Reisen[22]	
1-14	72-83	rumgefahren	neutral[1]	Reisen[22]	
1-15	83-84	.	neutral[1]	_	

#Text=Jetzt auf der Heimfahrt erschien ihm die Zeit wieder länger als 'ne Ewigkeit.
2-1	85-90	Jetzt	negative[2]	_	
2-2	91-94	auf	negative[2]	_	
2-3	95-98	der	negative[2]	_	
2-4	99-108	Heimfahrt	negative[2]	Reisen	
2-5	109-117	erschien	negative[2]	_	
2-6	118-121	ihm	negative[2]	_	
2-7	122-125	die	negative[2]	_	
2-8	126-130	Zeit	negative[2]	_	
2-9	131-137	wieder	negative[2]	_	
2-10	138-144	länger	negative[2]	_	
2-11	145-148	als	negative[2]	_	
2-12	149-150	'	negative[2]	_	
2-13	150-152	ne	negative[2]	_	
2-14	153-161	Ewigkeit	negative[2]	_	
2-15	161-162	.	negative[2]	_	

#Text=Seine Sehnsucht war gigantisch, und die See war rau.
3-1	163-168	Seine	negative[3]	Persönliches/Emotionen[23]	
3-2	169-178	Sehnsucht	negative[3]	Persönliches/Emotionen[23]	
3-3	179-182	war	negative[3]	Persönliches/Emotionen[23]	
3-4	183-193	gigantisch	negative[3]	Persönliches/Emotionen[23]	
3-5	193-194	,	negative[3]	_	
3-6	195-198	und	negative[3]	_	
3-7	199-202	die	negative[3]	Reisen[24]	
3-8	203-206	See	negative[3]	Reisen[24]	
3-9	207-210	war	negative[3]	Reisen[24]	
3-10	211-214	rau	negative[3]	Reisen[24]	
3-11	214-215	.	negative[3]	_	

#Text=Zu Hause wird ein Mädchen allmählich zur Frau.
4-1	216-218	Zu	neutral[4]	Reisen[25]	
4-2	219-224	Hause	neutral[4]	Reisen[25]	
4-3	225-229	wird	neutral[4]	_	
4-4	230-233	ein	neutral[4]	_	
4-5	234-241	Mädchen	neutral[4]	_	
4-6	242-252	allmählich	neutral[4]	_	
4-7	253-256	zur	neutral[4]	_	
4-8	257-261	Frau	neutral[4]	_	
4-9	261-262	.	neutral[4]	_	

#Text=Er fragt sich, wieviel' Jahre das jetzt wohl sind.
5-1	263-265	Er	neutral[5]	_	
5-2	266-271	fragt	neutral[5]	_	
5-3	272-276	sich	neutral[5]	_	
5-4	276-277	,	neutral[5]	_	
5-5	278-285	wieviel	neutral[5]	_	
5-6	285-286	'	neutral[5]	_	
5-7	287-292	Jahre	neutral[5]	_	
5-8	293-296	das	neutral[5]	_	
5-9	297-302	jetzt	neutral[5]	_	
5-10	303-307	wohl	neutral[5]	_	
5-11	308-312	sind	neutral[5]	_	
5-12	312-313	.	neutral[5]	_	

#Text=Damals war sie noch ein Kind.
6-1	314-320	Damals	neutral[6]	_	
6-2	321-324	war	neutral[6]	_	
6-3	325-328	sie	neutral[6]	_	
6-4	329-333	noch	neutral[6]	_	
6-5	334-337	ein	neutral[6]	_	
6-6	338-342	Kind	neutral[6]	_	
6-7	342-343	.	neutral[6]	_	

#Text=Zu Hause in der kleinen norwegischen Stadt, wo sie ihn irgendwie total verzaubert hat.
7-1	348-350	Zu	positive[7]	_	
7-2	351-356	Hause	positive[7]	_	
7-3	357-359	in	positive[7]	_	
7-4	360-363	der	positive[7]	_	
7-5	364-371	kleinen	positive[7]	Reisen[26]	
7-6	372-384	norwegischen	positive[7]	Reisen[26]	
7-7	385-390	Stadt	positive[7]	Reisen[26]	
7-8	390-391	,	positive[7]	_	
7-9	392-394	wo	positive[7]	_	
7-10	395-398	sie	positive[7]	_	
7-11	399-402	ihn	positive[7]	_	
7-12	403-412	irgendwie	positive[7]	_	
7-13	413-418	total	positive[7]	_	
7-14	419-429	verzaubert	positive[7]	Persönliches/Emotionen	
7-15	430-433	hat	positive[7]	_	
7-16	433-434	.	positive[7]	_	

#Text=Wo er ihr Stories erzählt hat von Japan und Alaska, wo sie ihn fragte, was auf Jamaika los ist, wo er ihr versprechen musste, dass er sie mitnimmt, wenn sie groß ist.
8-1	435-437	Wo	neutral[8]	_	
8-2	438-440	er	neutral[8]	_	
8-3	441-444	ihr	neutral[8]	_	
8-4	445-452	Stories	neutral[8]	_	
8-5	453-460	erzählt	neutral[8]	_	
8-6	461-464	hat	neutral[8]	_	
8-7	465-468	von	neutral[8]	_	
8-8	469-474	Japan	neutral[8]	Reisen[27]	
8-9	475-478	und	neutral[8]	Reisen[27]	
8-10	479-485	Alaska	neutral[8]	Reisen[27]	
8-11	485-486	,	neutral[8]	_	
8-12	487-489	wo	neutral[8]	_	
8-13	490-493	sie	neutral[8]	_	
8-14	494-497	ihn	neutral[8]	_	
8-15	498-504	fragte	neutral[8]	_	
8-16	504-505	,	neutral[8]	_	
8-17	506-509	was	neutral[8]	_	
8-18	510-513	auf	neutral[8]	_	
8-19	514-521	Jamaika	neutral[8]	Reisen	
8-20	522-525	los	neutral[8]	_	
8-21	526-529	ist	neutral[8]	_	
8-22	529-530	,	neutral[8]	_	
8-23	531-533	wo	neutral[8]	_	
8-24	534-536	er	neutral[8]	_	
8-25	537-540	ihr	neutral[8]	_	
8-26	541-552	versprechen	neutral[8]	Persönliches/Emotionen	
8-27	553-559	musste	neutral[8]	_	
8-28	559-560	,	neutral[8]	_	
8-29	561-565	dass	neutral[8]	_	
8-30	566-568	er	neutral[8]	_	
8-31	569-572	sie	neutral[8]	_	
8-32	573-581	mitnimmt	neutral[8]	_	
8-33	581-582	,	neutral[8]	_	
8-34	583-587	wenn	neutral[8]	_	
8-35	588-591	sie	neutral[8]	_	
8-36	592-596	groß	neutral[8]	_	
8-37	597-600	ist	neutral[8]	_	
8-38	600-601	.	neutral[8]	_	

#Text=Er verstand nicht, wie das kam, plötzlich merkt er, er liebt sie sehr und auch später wieder auf See verließ ihn das Gefühl nicht mehr.
9-1	602-604	Er	positive[9]	_	
9-2	605-613	verstand	positive[9]	_	
9-3	614-619	nicht	positive[9]	_	
9-4	619-620	,	positive[9]	_	
9-5	621-624	wie	positive[9]	_	
9-6	625-628	das	positive[9]	_	
9-7	629-632	kam	positive[9]	_	
9-8	632-633	,	positive[9]	_	
9-9	634-643	plötzlich	positive[9]	_	
9-10	644-649	merkt	positive[9]	_	
9-11	650-652	er	positive[9]	_	
9-12	652-653	,	positive[9]	_	
9-13	654-656	er	positive[9]	Liebe/Partnerschaft[28]	
9-14	657-662	liebt	positive[9]	Liebe/Partnerschaft[28]	
9-15	663-666	sie	positive[9]	Liebe/Partnerschaft[28]	
9-16	667-671	sehr	positive[9]	Liebe/Partnerschaft[28]	
9-17	672-675	und	positive[9]	_	
9-18	676-680	auch	positive[9]	_	
9-19	681-687	später	positive[9]	_	
9-20	688-694	wieder	positive[9]	_	
9-21	695-698	auf	positive[9]	Reisen[29]	
9-22	699-702	See	positive[9]	Reisen[29]	
9-23	703-710	verließ	positive[9]	_	
9-24	711-714	ihn	positive[9]	_	
9-25	715-718	das	positive[9]	_	
9-26	719-725	Gefühl	positive[9]	_	
9-27	726-731	nicht	positive[9]	_	
9-28	732-736	mehr	positive[9]	_	
9-29	736-737	.	positive[9]	_	

#Text=Es war immer wieder das Gleiche, er war jedes Jahr einmal da, als sie dreizehn, vierzehn, fünfzehn war.
10-1	742-744	Es	neutral[10]	_	
10-2	745-748	war	neutral[10]	_	
10-3	749-754	immer	neutral[10]	_	
10-4	755-761	wieder	neutral[10]	_	
10-5	762-765	das	neutral[10]	_	
10-6	766-773	Gleiche	neutral[10]	_	
10-7	773-774	,	neutral[10]	_	
10-8	775-777	er	neutral[10]	_	
10-9	778-781	war	neutral[10]	_	
10-10	782-787	jedes	neutral[10]	_	
10-11	788-792	Jahr	neutral[10]	_	
10-12	793-799	einmal	neutral[10]	_	
10-13	800-802	da	neutral[10]	_	
10-14	802-803	,	neutral[10]	_	
10-15	804-807	als	neutral[10]	_	
10-16	808-811	sie	neutral[10]	_	
10-17	812-820	dreizehn	neutral[10]	_	
10-18	820-821	,	neutral[10]	_	
10-19	822-830	vierzehn	neutral[10]	_	
10-20	830-831	,	neutral[10]	_	
10-21	832-840	fünfzehn	neutral[10]	_	
10-22	841-844	war	neutral[10]	_	
10-23	844-845	.	neutral[10]	_	

#Text=Sie wurde größer, und seine Liebe wuchs immer mehr.
11-1	846-849	Sie	positive[11]	_	
11-2	850-855	wurde	positive[11]	_	
11-3	856-862	größer	positive[11]	_	
11-4	862-863	,	positive[11]	_	
11-5	864-867	und	positive[11]	_	
11-6	868-873	seine	positive[11]	Liebe/Partnerschaft[30]	
11-7	874-879	Liebe	positive[11]	Liebe/Partnerschaft[30]	
11-8	880-885	wuchs	positive[11]	Liebe/Partnerschaft[30]	
11-9	886-891	immer	positive[11]	_	
11-10	892-896	mehr	positive[11]	_	
11-11	896-897	.	positive[11]	_	

#Text=Und jede Fahrt fiel ihm schwerer.
12-1	898-901	Und	negative[12]	_	
12-2	902-906	jede	negative[12]	_	
12-3	907-912	Fahrt	negative[12]	Reisen	
12-4	913-917	fiel	negative[12]	_	
12-5	918-921	ihm	negative[12]	_	
12-6	922-930	schwerer	negative[12]	_	
12-7	930-931	.	negative[12]	_	

#Text=Aber Mädchen, heut' komm ich endlich wieder zu dir zurück, ich hab dich so vermisst, ich wurde fast verrückt.
13-1	936-940	Aber	negative[13]	_	
13-2	941-948	Mädchen	negative[13]	_	
13-3	948-949	,	negative[13]	_	
13-4	950-954	heut	negative[13]	_	
13-5	954-955	'	negative[13]	_	
13-6	956-960	komm	negative[13]	_	
13-7	961-964	ich	negative[13]	_	
13-8	965-972	endlich	negative[13]	_	
13-9	973-979	wieder	negative[13]	_	
13-10	980-982	zu	negative[13]	_	
13-11	983-986	dir	negative[13]	_	
13-12	987-993	zurück	negative[13]	_	
13-13	993-994	,	negative[13]	_	
13-14	995-998	ich	negative[13]	_	
13-15	999-1002	hab	negative[13]	_	
13-16	1003-1007	dich	negative[13]	_	
13-17	1008-1010	so	negative[13]	_	
13-18	1011-1019	vermisst	negative[13]	Persönliches/Emotionen	
13-19	1019-1020	,	negative[13]	_	
13-20	1021-1024	ich	negative[13]	_	
13-21	1025-1030	wurde	negative[13]	_	
13-22	1031-1035	fast	negative[13]	_	
13-23	1036-1044	verrückt	negative[13]	Persönliches/Emotionen	
13-24	1044-1045	.	negative[13]	_	

#Text=Ich lös' jetzt mein Versprechen ein und nehm' dich mit auf den großen Trip für immer.
14-1	1046-1049	Ich	positive[14]	_	
14-2	1050-1053	lös	positive[14]	_	
14-3	1053-1054	'	positive[14]	_	
14-4	1055-1060	jetzt	positive[14]	_	
14-5	1061-1065	mein	positive[14]	Persönliches/Emotionen[31]	
14-6	1066-1077	Versprechen	positive[14]	Persönliches/Emotionen[31]	
14-7	1078-1081	ein	positive[14]	_	
14-8	1082-1085	und	positive[14]	_	
14-9	1086-1090	nehm	positive[14]	_	
14-10	1090-1091	'	positive[14]	_	
14-11	1092-1096	dich	positive[14]	_	
14-12	1097-1100	mit	positive[14]	_	
14-13	1101-1104	auf	positive[14]	_	
14-14	1105-1108	den	positive[14]	_	
14-15	1109-1115	großen	positive[14]	Reisen[32]	
14-16	1116-1120	Trip	positive[14]	Reisen[32]	
14-17	1121-1124	für	positive[14]	_	
14-18	1125-1130	immer	positive[14]	_	
14-19	1130-1131	.	positive[14]	_	

#Text=Wir fahren nach Jamaika, nach Kingston Town, wir werden uns da ein scharfes Leben aufbau'n.
15-1	1132-1135	Wir	positive[15]	_	
15-2	1136-1142	fahren	positive[15]	_	
15-3	1143-1147	nach	positive[15]	Reisen[33]	
15-4	1148-1155	Jamaika	positive[15]	Reisen[33]	
15-5	1155-1156	,	positive[15]	_	
15-6	1157-1161	nach	positive[15]	Reisen[34]	
15-7	1162-1170	Kingston	positive[15]	Reisen[34]	
15-8	1171-1175	Town	positive[15]	Reisen[34]	
15-9	1175-1176	,	positive[15]	_	
15-10	1177-1180	wir	positive[15]	_	
15-11	1181-1187	werden	positive[15]	_	
15-12	1188-1191	uns	positive[15]	_	
15-13	1192-1194	da	positive[15]	_	
15-14	1195-1198	ein	positive[15]	_	
15-15	1199-1207	scharfes	positive[15]	Persönliches/Emotionen[35]	
15-16	1208-1213	Leben	positive[15]	Persönliches/Emotionen[35]	
15-17	1214-1222	aufbau'n	positive[15]	Persönliches/Emotionen[35]	
15-18	1222-1223	.	positive[15]	_	

#Text=Ich lern' ein Instrument und spiele in 'ner Reggae Band.
16-1	1224-1227	Ich	neutral[16]	_	
16-2	1228-1232	lern	neutral[16]	Musik[36]	
16-3	1232-1233	'	neutral[16]	Musik[36]	
16-4	1234-1237	ein	neutral[16]	Musik[36]	
16-5	1238-1248	Instrument	neutral[16]	Musik[36]	
16-6	1249-1252	und	neutral[16]	_	
16-7	1253-1259	spiele	neutral[16]	_	
16-8	1260-1262	in	neutral[16]	_	
16-9	1263-1264	'	neutral[16]	_	
16-10	1264-1267	ner	neutral[16]	_	
16-11	1268-1274	Reggae	neutral[16]	Musik[37]	
16-12	1275-1279	Band	neutral[16]	Musik[37]	
16-13	1279-1280	.	neutral[16]	_	

#Text=Ich werde Sänger in einer Reggae Band, ich werd' 'n Star und du mein Plattenproduzent.
17-1	1281-1284	Ich	positive[17]	_	
17-2	1285-1290	werde	positive[17]	_	
17-3	1291-1297	Sänger	positive[17]	Musik	
17-4	1298-1300	in	positive[17]	_	
17-5	1301-1306	einer	positive[17]	_	
17-6	1307-1313	Reggae	positive[17]	Musik[38]	
17-7	1314-1318	Band	positive[17]	Musik[38]	
17-8	1318-1319	,	positive[17]	_	
17-9	1320-1323	ich	positive[17]	_	
17-10	1324-1328	werd	positive[17]	_	
17-11	1328-1329	'	positive[17]	_	
17-12	1330-1331	'	positive[17]	_	
17-13	1331-1332	n	positive[17]	_	
17-14	1333-1337	Star	positive[17]	Musik	
17-15	1338-1341	und	positive[17]	_	
17-16	1342-1344	du	positive[17]	_	
17-17	1345-1349	mein	positive[17]	_	
17-18	1350-1366	Plattenproduzent	positive[17]	Musik	
17-19	1366-1367	.	positive[17]	_	

#Text=Wir finden schon irgend 'nen Job, nur zur See fahr'n, will ich nicht mehr.
18-1	1368-1371	Wir	negative[18]	_	
18-2	1372-1378	finden	negative[18]	_	
18-3	1379-1384	schon	negative[18]	_	
18-4	1385-1391	irgend	negative[18]	_	
18-5	1392-1393	'	negative[18]	_	
18-6	1393-1396	nen	negative[18]	_	
18-7	1397-1400	Job	negative[18]	_	
18-8	1400-1401	,	negative[18]	_	
18-9	1402-1405	nur	negative[18]	_	
18-10	1406-1409	zur	negative[18]	Reisen[39]	
18-11	1410-1413	See	negative[18]	Reisen[39]	
18-12	1414-1420	fahr'n	negative[18]	Reisen[39]	
18-13	1420-1421	,	negative[18]	_	
18-14	1422-1426	will	negative[18]	_	
18-15	1427-1430	ich	negative[18]	_	
18-16	1431-1436	nicht	negative[18]	_	
18-17	1437-1441	mehr	negative[18]	_	
18-18	1441-1442	.	negative[18]	_	

#Text=Ich will nie mehr alleine an der Reling steh'n, ich will jetzt keinen Schritt mehr ohne dich geh'n.
19-1	1443-1446	Ich	negative[19]	_	
19-2	1447-1451	will	negative[19]	_	
19-3	1452-1455	nie	negative[19]	_	
19-4	1456-1460	mehr	negative[19]	_	
19-5	1461-1468	alleine	negative[19]	Reisen[40]	
19-6	1469-1471	an	negative[19]	Reisen[40]	
19-7	1472-1475	der	negative[19]	Reisen[40]	
19-8	1476-1482	Reling	negative[19]	Reisen[40]	
19-9	1483-1489	steh'n	negative[19]	Reisen[40]	
19-10	1489-1490	,	negative[19]	Reisen[40]	
19-11	1491-1494	ich	negative[19]	_	
19-12	1495-1499	will	negative[19]	_	
19-13	1500-1505	jetzt	negative[19]	_	
19-14	1506-1512	keinen	negative[19]	_	
19-15	1513-1520	Schritt	negative[19]	_	
19-16	1521-1525	mehr	negative[19]	_	
19-17	1526-1530	ohne	negative[19]	Liebe/Partnerschaft[41]	
19-18	1531-1535	dich	negative[19]	Liebe/Partnerschaft[41]	
19-19	1536-1541	geh'n	negative[19]	Liebe/Partnerschaft[41]	
19-20	1541-1542	.	negative[19]	_	

#Text=Und wenn es uns da nicht mehr gefällt, als Seemann kenn' ich die Welt.
20-1	1543-1546	Und	neutral[20]	_	
20-2	1547-1551	wenn	neutral[20]	_	
20-3	1552-1554	es	neutral[20]	_	
20-4	1555-1558	uns	neutral[20]	_	
20-5	1559-1561	da	neutral[20]	_	
20-6	1562-1567	nicht	neutral[20]	_	
20-7	1568-1572	mehr	neutral[20]	_	
20-8	1573-1580	gefällt	neutral[20]	Persönliches/Emotionen	
20-9	1580-1581	,	neutral[20]	_	
20-10	1582-1585	als	neutral[20]	_	
20-11	1586-1593	Seemann	neutral[20]	Reisen	
20-12	1594-1598	kenn	neutral[20]	_	
20-13	1598-1599	'	neutral[20]	_	
20-14	1600-1603	ich	neutral[20]	_	
20-15	1604-1607	die	neutral[20]	_	
20-16	1608-1612	Welt	neutral[20]	_	
20-17	1612-1613	.	neutral[20]	_	

#Text=Die Welt ist groß und schwer was los.
21-1	1618-1621	Die	positive[21]	_	
21-2	1622-1626	Welt	positive[21]	_	
21-3	1627-1630	ist	positive[21]	_	
21-4	1631-1635	groß	positive[21]	_	
21-5	1636-1639	und	positive[21]	_	
21-6	1640-1646	schwer	positive[21]	Persönliches/Emotionen[42]	
21-7	1647-1650	was	positive[21]	Persönliches/Emotionen[42]	
21-8	1651-1654	los	positive[21]	Persönliches/Emotionen[42]	
21-9	1654-1655	.	positive[21]	_	
