#FORMAT=WebAnno TSV 3.2
#T_SP=webanno.custom.Sentiment|Polarity
#T_SP=webanno.custom.Topic|Topics


#Text=Li aus Peking und Jo aus Berlin woll`n dasselbe wie Lena aus Wien.
1-1	0-2	Li	neutral[1]	Reisen[12]	
1-2	3-6	aus	neutral[1]	Reisen[12]	
1-3	7-13	Peking	neutral[1]	Reisen[12]	
1-4	14-17	und	neutral[1]	_	
1-5	18-20	Jo	neutral[1]	Reisen[13]	
1-6	21-24	aus	neutral[1]	Reisen[13]	
1-7	25-31	Berlin	neutral[1]	Reisen[13]	
1-8	32-36	woll	neutral[1]	_	
1-9	36-37	`	neutral[1]	_	
1-10	37-38	n	neutral[1]	_	
1-11	39-47	dasselbe	neutral[1]	_	
1-12	48-51	wie	neutral[1]	_	
1-13	52-56	Lena	neutral[1]	Reisen[14]	
1-14	57-60	aus	neutral[1]	Reisen[14]	
1-15	61-65	Wien	neutral[1]	Reisen[14]	
1-16	65-66	.	neutral[1]	_	

#Text=Und Pat aus Dublin, wo steht'n der drauf?
2-1	67-70	Und	neutral[2]	_	
2-2	71-74	Pat	neutral[2]	Reisen[15]	
2-3	75-78	aus	neutral[2]	Reisen[15]	
2-4	79-85	Dublin	neutral[2]	Reisen[15]	
2-5	85-86	,	neutral[2]	_	
2-6	87-89	wo	neutral[2]	_	
2-7	90-97	steht'n	neutral[2]	_	
2-8	98-101	der	neutral[2]	_	
2-9	102-107	drauf	neutral[2]	_	
2-10	107-108	?	neutral[2]	_	

#Text=Macht endlich alle Grenzen auf!
3-1	109-114	Macht	neutral[3]	_	
3-2	115-122	endlich	neutral[3]	_	
3-3	123-127	alle	neutral[3]	Politik/Soziales/Missstände[16]	
3-4	128-135	Grenzen	neutral[3]	Politik/Soziales/Missstände[16]	
3-5	136-139	auf	neutral[3]	Politik/Soziales/Missstände[16]	
3-6	139-140	!	neutral[3]	_	

#Text=Wo du herkommst, ist doch egal, du hast doch sowieso keine Wahl.
4-1	145-147	Wo	negative[4]	_	
4-2	148-150	du	negative[4]	_	
4-3	151-160	herkommst	negative[4]	_	
4-4	160-161	,	negative[4]	_	
4-5	162-165	ist	negative[4]	_	
4-6	166-170	doch	negative[4]	_	
4-7	171-175	egal	negative[4]	_	
4-8	175-176	,	negative[4]	_	
4-9	177-179	du	negative[4]	_	
4-10	180-184	hast	negative[4]	_	
4-11	185-189	doch	negative[4]	_	
4-12	190-197	sowieso	negative[4]	_	
4-13	198-203	keine	negative[4]	Persönliches/Emotionen[17]	
4-14	204-208	Wahl	negative[4]	Persönliches/Emotionen[17]	
4-15	208-209	.	negative[4]	_	

#Text=Du fällst vom Himmel, irgendwann-irgendwo, das nennen die dann Heimat oder so...
5-1	210-212	Du	neutral[5]	_	
5-2	213-219	fällst	neutral[5]	_	
5-3	220-223	vom	neutral[5]	_	
5-4	224-230	Himmel	neutral[5]	_	
5-5	230-231	,	neutral[5]	_	
5-6	232-251	irgendwann-irgendwo	neutral[5]	_	
5-7	251-252	,	neutral[5]	_	
5-8	253-256	das	neutral[5]	_	
5-9	257-263	nennen	neutral[5]	_	
5-10	264-267	die	neutral[5]	_	
5-11	268-272	dann	neutral[5]	_	
5-12	273-279	Heimat	neutral[5]	Politik/Soziales/Missstände	
5-13	280-284	oder	neutral[5]	_	
5-14	285-287	so	neutral[5]	_	
5-15	287-288	.	neutral[5]	_	
5-16	288-289	.	neutral[5]	_	
5-17	289-290	.	neutral[5]	_	

#Text=Keine Nationen und keine Staaten mehr, keine Soldaten und kein Militär!
6-1	295-300	Keine	negative[6]	Politik/Soziales/Missstände[18]	
6-2	301-309	Nationen	negative[6]	Politik/Soziales/Missstände[18]	
6-3	310-313	und	negative[6]	_	
6-4	314-319	keine	negative[6]	Politik/Soziales/Missstände[19]	
6-5	320-327	Staaten	negative[6]	Politik/Soziales/Missstände[19]	
6-6	328-332	mehr	negative[6]	_	
6-7	332-333	,	negative[6]	_	
6-8	334-339	keine	negative[6]	Politik/Soziales/Missstände[20]	
6-9	340-348	Soldaten	negative[6]	Politik/Soziales/Missstände[20]	
6-10	349-352	und	negative[6]	_	
6-11	353-357	kein	negative[6]	Politik/Soziales/Missstände[21]	
6-12	358-365	Militär	negative[6]	Politik/Soziales/Missstände[21]	
6-13	365-366	!	negative[6]	_	

#Text=Kim in Melbourne und Cem im Sudan sagen: Lass mal machen, heute fangen wir an!
7-1	371-374	Kim	positive[7]	Reisen[22]	
7-2	375-377	in	positive[7]	Reisen[22]	
7-3	378-387	Melbourne	positive[7]	Reisen[22]	
7-4	388-391	und	positive[7]	_	
7-5	392-395	Cem	positive[7]	Reisen[23]	
7-6	396-398	im	positive[7]	Reisen[23]	
7-7	399-404	Sudan	positive[7]	Reisen[23]	
7-8	405-410	sagen	positive[7]	_	
7-9	410-411	:	positive[7]	_	
7-10	412-416	Lass	positive[7]	_	
7-11	417-420	mal	positive[7]	_	
7-12	421-427	machen	positive[7]	_	
7-13	427-428	,	positive[7]	_	
7-14	429-434	heute	positive[7]	_	
7-15	435-441	fangen	positive[7]	_	
7-16	442-445	wir	positive[7]	_	
7-17	446-448	an	positive[7]	_	
7-18	448-449	!	positive[7]	_	

#Text=Es dröhnt aus jedem Radio, von Pinneberg bis Tokio: Alle Pässe werden verbrannt, ab jetzt darf jeder in jedes Land!
8-1	450-452	Es	positive[8]	_	
8-2	453-459	dröhnt	positive[8]	_	
8-3	460-463	aus	positive[8]	_	
8-4	464-469	jedem	positive[8]	_	
8-5	470-475	Radio	positive[8]	_	
8-6	475-476	,	positive[8]	_	
8-7	477-480	von	positive[8]	_	
8-8	481-490	Pinneberg	positive[8]	Reisen[24]	
8-9	491-494	bis	positive[8]	Reisen[24]	
8-10	495-500	Tokio	positive[8]	Reisen[24]	
8-11	500-501	:	positive[8]	_	
8-12	502-506	Alle	positive[8]	_	
8-13	507-512	Pässe	positive[8]	Politik/Soziales/Missstände[25]	
8-14	513-519	werden	positive[8]	Politik/Soziales/Missstände[25]	
8-15	520-529	verbrannt	positive[8]	Politik/Soziales/Missstände[25]	
8-16	529-530	,	positive[8]	_	
8-17	531-533	ab	positive[8]	_	
8-18	534-539	jetzt	positive[8]	_	
8-19	540-544	darf	positive[8]	_	
8-20	545-550	jeder	positive[8]	_	
8-21	551-553	in	positive[8]	_	
8-22	554-559	jedes	positive[8]	_	
8-23	560-564	Land	positive[8]	_	
8-24	564-565	!	positive[8]	_	

#Text=Keine Nationen und keine Staaten mehr,  keine Soldaten und kein Militär!
9-1	570-575	Keine	negative[9]	Politik/Soziales/Missstände[26]	
9-2	576-584	Nationen	negative[9]	Politik/Soziales/Missstände[26]	
9-3	585-588	und	negative[9]	_	
9-4	589-594	keine	negative[9]	Politik/Soziales/Missstände[27]	
9-5	595-602	Staaten	negative[9]	Politik/Soziales/Missstände[27]	
9-6	603-607	mehr	negative[9]	_	
9-7	607-608	,	negative[9]	_	
9-8	610-615	keine	negative[9]	Politik/Soziales/Missstände[28]	
9-9	616-624	Soldaten	negative[9]	Politik/Soziales/Missstände[28]	
9-10	625-628	und	negative[9]	_	
9-11	629-633	kein	negative[9]	Politik/Soziales/Missstände[29]	
9-12	634-641	Militär	negative[9]	Politik/Soziales/Missstände[29]	
9-13	641-642	!	negative[9]	_	

#Text=Nadja aus Moskau und Jose aus Madrid, den alten Streifen machen die nicht mehr mit.
10-1	647-652	Nadja	neutral[10]	Reisen[30]	
10-2	653-656	aus	neutral[10]	Reisen[30]	
10-3	657-663	Moskau	neutral[10]	Reisen[30]	
10-4	664-667	und	neutral[10]	_	
10-5	668-672	Jose	neutral[10]	Reisen[31]	
10-6	673-676	aus	neutral[10]	Reisen[31]	
10-7	677-683	Madrid	neutral[10]	Reisen[31]	
10-8	683-684	,	neutral[10]	_	
10-9	685-688	den	neutral[10]	_	
10-10	689-694	alten	neutral[10]	_	
10-11	695-703	Streifen	neutral[10]	_	
10-12	704-710	machen	neutral[10]	_	
10-13	711-714	die	neutral[10]	_	
10-14	715-720	nicht	neutral[10]	_	
10-15	721-725	mehr	neutral[10]	_	
10-16	726-729	mit	neutral[10]	_	
10-17	729-730	.	neutral[10]	_	

#Text=Bill aus Miami und Al aus Hannover macht die Welt schlauer und nicht noch immer doofer  
#Text= 
#Text=Keine Nationen und keine Staaten mehr, keine Soldaten und kein Militär!
11-1	731-735	Bill	negative[11]	Reisen[32]	
11-2	736-739	aus	negative[11]	Reisen[32]	
11-3	740-745	Miami	negative[11]	Reisen[32]	
11-4	746-749	und	negative[11]	_	
11-5	750-752	Al	negative[11]	Reisen[33]	
11-6	753-756	aus	negative[11]	Reisen[33]	
11-7	757-765	Hannover	negative[11]	Reisen[33]	
11-8	766-771	macht	negative[11]	_	
11-9	772-775	die	negative[11]	_	
11-10	776-780	Welt	negative[11]	_	
11-11	781-789	schlauer	negative[11]	Persönliches/Emotionen	
11-12	790-793	und	negative[11]	_	
11-13	794-799	nicht	negative[11]	_	
11-14	800-804	noch	negative[11]	_	
11-15	805-810	immer	negative[11]	Persönliches/Emotionen[34]	
11-16	811-817	doofer	negative[11]	Persönliches/Emotionen[34]	
11-17	822-827	Keine	negative[11]	Politik/Soziales/Missstände[35]	
11-18	828-836	Nationen	negative[11]	Politik/Soziales/Missstände[35]	
11-19	837-840	und	negative[11]	_	
11-20	841-846	keine	negative[11]	Politik/Soziales/Missstände[36]	
11-21	847-854	Staaten	negative[11]	Politik/Soziales/Missstände[36]	
11-22	855-859	mehr	negative[11]	_	
11-23	859-860	,	negative[11]	_	
11-24	861-866	keine	negative[11]	Politik/Soziales/Missstände[37]	
11-25	867-875	Soldaten	negative[11]	Politik/Soziales/Missstände[37]	
11-26	876-879	und	negative[11]	_	
11-27	880-884	kein	negative[11]	Politik/Soziales/Missstände[38]	
11-28	885-892	Militär	negative[11]	Politik/Soziales/Missstände[38]	
11-29	892-893	!	negative[11]	_	
