#FORMAT=WebAnno TSV 3.2
#T_SP=webanno.custom.Sentiment|Polarity
#T_SP=webanno.custom.Topic|Topics


#Text=Charles Bronson: Hey Baby, steig auf, lass uns beide, du und ich, lass uns jetzt nach Las Vegas reiten, die Sonne putzen!
1-1	0-7	Charles	_	_	
1-2	8-15	Bronson	_	_	
1-3	15-16	:	_	_	
1-4	17-20	Hey	positive[1]	_	
1-5	21-25	Baby	positive[1]	Liebe/Partnerschaft	
1-6	25-26	,	positive[1]	_	
1-7	27-32	steig	positive[1]	_	
1-8	33-36	auf	positive[1]	_	
1-9	36-37	,	positive[1]	_	
1-10	38-42	lass	positive[1]	_	
1-11	43-46	uns	positive[1]	_	
1-12	47-52	beide	positive[1]	_	
1-13	52-53	,	positive[1]	_	
1-14	54-56	du	positive[1]	_	
1-15	57-60	und	positive[1]	_	
1-16	61-64	ich	positive[1]	_	
1-17	64-65	,	positive[1]	_	
1-18	66-70	lass	positive[1]	_	
1-19	71-74	uns	positive[1]	_	
1-20	75-80	jetzt	positive[1]	_	
1-21	81-85	nach	positive[1]	Reisen[13]	
1-22	86-89	Las	positive[1]	Reisen[13]	
1-23	90-95	Vegas	positive[1]	Reisen[13]	
1-24	96-102	reiten	positive[1]	Reisen[13]	
1-25	102-103	,	positive[1]	_	
1-26	104-107	die	positive[1]	_	
1-27	108-113	Sonne	positive[1]	_	
1-28	114-120	putzen	positive[1]	_	
1-29	120-121	!	_	_	

#Text=Udo: Der Cowboy-Film ist zu Ende, im Saal ist es längst schon wieder hell, doch da hinten sitzt noch ein Junge, die denken, der schläft, sie sagen: Hau ab, aber schnell, das ist hier 'n Kino und kein Pennerhotel!
2-1	122-125	Udo	_	_	
2-2	125-126	:	_	_	
2-3	127-130	Der	neutral[2]	_	
2-4	131-142	Cowboy-Film	neutral[2]	_	
2-5	143-146	ist	neutral[2]	_	
2-6	147-149	zu	neutral[2]	_	
2-7	150-154	Ende	neutral[2]	_	
2-8	154-155	,	neutral[2]	_	
2-9	156-158	im	neutral[2]	_	
2-10	159-163	Saal	neutral[2]	_	
2-11	164-167	ist	neutral[2]	_	
2-12	168-170	es	neutral[2]	_	
2-13	171-177	längst	neutral[2]	_	
2-14	178-183	schon	neutral[2]	_	
2-15	184-190	wieder	neutral[2]	_	
2-16	191-195	hell	neutral[2]	_	
2-17	195-196	,	neutral[2]	_	
2-18	197-201	doch	neutral[2]	_	
2-19	202-204	da	neutral[2]	_	
2-20	205-211	hinten	neutral[2]	_	
2-21	212-217	sitzt	neutral[2]	_	
2-22	218-222	noch	neutral[2]	_	
2-23	223-226	ein	neutral[2]	_	
2-24	227-232	Junge	neutral[2]	_	
2-25	232-233	,	neutral[2]	_	
2-26	234-237	die	neutral[2]	_	
2-27	238-244	denken	neutral[2]	_	
2-28	244-245	,	neutral[2]	_	
2-29	246-249	der	neutral[2]	_	
2-30	250-257	schläft	neutral[2]	_	
2-31	257-258	,	_	_	
2-32	259-262	sie	negative[3]	_	
2-33	263-268	sagen	negative[3]	_	
2-34	268-269	:	negative[3]	_	
2-35	270-273	Hau	negative[3]	_	
2-36	274-276	ab	negative[3]	_	
2-37	276-277	,	negative[3]	_	
2-38	278-282	aber	negative[3]	_	
2-39	283-290	schnell	negative[3]	_	
2-40	290-291	,	negative[3]	_	
2-41	292-295	das	negative[3]	_	
2-42	296-299	ist	negative[3]	_	
2-43	300-304	hier	negative[3]	_	
2-44	305-306	'	negative[3]	_	
2-45	306-307	n	negative[3]	_	
2-46	308-312	Kino	negative[3]	_	
2-47	313-316	und	negative[3]	_	
2-48	317-321	kein	negative[3]	_	
2-49	322-333	Pennerhotel	negative[3]	Politik/Soziales/Missstände	
2-50	333-334	!	negative[3]	_	

#Text=Der Junge wär' sehr gerne noch in Arizona geblieben, in der Goldgräberstadt Gun City oder in Laramy, er hätte gerne noch weitergeträumt, von sich und Charles Bronson, ja, Charles ist sein Freund.
3-1	339-342	Der	neutral[4]	_	
3-2	343-348	Junge	neutral[4]	_	
3-3	349-352	wär	neutral[4]	_	
3-4	352-353	'	neutral[4]	_	
3-5	354-358	sehr	neutral[4]	_	
3-6	359-364	gerne	neutral[4]	_	
3-7	365-369	noch	neutral[4]	_	
3-8	370-372	in	neutral[4]	_	
3-9	373-380	Arizona	neutral[4]	Reisen	
3-10	381-390	geblieben	neutral[4]	_	
3-11	390-391	,	neutral[4]	_	
3-12	392-394	in	neutral[4]	_	
3-13	395-398	der	neutral[4]	_	
3-14	399-414	Goldgräberstadt	neutral[4]	Reisen[14]	
3-15	415-418	Gun	neutral[4]	Reisen[14]	
3-16	419-423	City	neutral[4]	Reisen[14]	
3-17	424-428	oder	neutral[4]	_	
3-18	429-431	in	neutral[4]	_	
3-19	432-438	Laramy	neutral[4]	_	
3-20	438-439	,	_	_	
3-21	440-442	er	positive[5]	_	
3-22	443-448	hätte	positive[5]	_	
3-23	449-454	gerne	positive[5]	_	
3-24	455-459	noch	positive[5]	_	
3-25	460-474	weitergeträumt	positive[5]	_	
3-26	474-475	,	positive[5]	_	
3-27	476-479	von	positive[5]	_	
3-28	480-484	sich	positive[5]	_	
3-29	485-488	und	positive[5]	_	
3-30	489-496	Charles	positive[5]	_	
3-31	497-504	Bronson	positive[5]	_	
3-32	504-505	,	positive[5]	_	
3-33	506-508	ja	positive[5]	_	
3-34	508-509	,	positive[5]	_	
3-35	510-517	Charles	positive[5]	_	
3-36	518-521	ist	positive[5]	_	
3-37	522-526	sein	positive[5]	_	
3-38	527-533	Freund	positive[5]	Liebe/Partnerschaft	
3-39	533-534	.	_	_	

#Text=Und nun geht er ganz dicht an den Schaufenstern lang und überprüft darin seinen Cowboy-Gang, dann setzt er sich auf sein Pferd aus Stahl und jetzt hört er die Stimme von Charles noch mal:  
#Text= 
#Text=Ey Mann, fahr zu deiner Rockerclique und sag der Alten, die du liebst, dass du sie jetzt haben willst!
4-1	539-542	Und	neutral[6]	_	
4-2	543-546	nun	neutral[6]	_	
4-3	547-551	geht	neutral[6]	_	
4-4	552-554	er	neutral[6]	_	
4-5	555-559	ganz	neutral[6]	_	
4-6	560-565	dicht	neutral[6]	_	
4-7	566-568	an	neutral[6]	_	
4-8	569-572	den	neutral[6]	_	
4-9	573-586	Schaufenstern	neutral[6]	_	
4-10	587-591	lang	neutral[6]	_	
4-11	592-595	und	neutral[6]	_	
4-12	596-605	überprüft	neutral[6]	_	
4-13	606-611	darin	neutral[6]	_	
4-14	612-618	seinen	neutral[6]	_	
4-15	619-630	Cowboy-Gang	neutral[6]	_	
4-16	630-631	,	_	_	
4-17	632-636	dann	positive[7]	_	
4-18	637-642	setzt	positive[7]	_	
4-19	643-645	er	positive[7]	_	
4-20	646-650	sich	positive[7]	_	
4-21	651-654	auf	positive[7]	_	
4-22	655-659	sein	positive[7]	_	
4-23	660-665	Pferd	positive[7]	_	
4-24	666-669	aus	positive[7]	_	
4-25	670-675	Stahl	positive[7]	_	
4-26	676-679	und	positive[7]	_	
4-27	680-685	jetzt	positive[7]	_	
4-28	686-690	hört	positive[7]	_	
4-29	691-693	er	positive[7]	_	
4-30	694-697	die	positive[7]	_	
4-31	698-704	Stimme	positive[7]	_	
4-32	705-708	von	positive[7]	_	
4-33	709-716	Charles	positive[7]	_	
4-34	717-721	noch	positive[7]	_	
4-35	722-725	mal	positive[7]	_	
4-36	725-726	:	_	_	
4-37	731-733	Ey	positive[8]	_	
4-38	734-738	Mann	positive[8]	_	
4-39	738-739	,	positive[8]	_	
4-40	740-744	fahr	positive[8]	_	
4-41	745-747	zu	positive[8]	_	
4-42	748-754	deiner	positive[8]	_	
4-43	755-767	Rockerclique	positive[8]	Liebe/Partnerschaft	
4-44	768-771	und	positive[8]	_	
4-45	772-775	sag	positive[8]	_	
4-46	776-779	der	positive[8]	Liebe/Partnerschaft[15]	
4-47	780-785	Alten	positive[8]	Liebe/Partnerschaft[15]	
4-48	785-786	,	positive[8]	_	
4-49	787-790	die	positive[8]	_	
4-50	791-793	du	positive[8]	_	
4-51	794-800	liebst	positive[8]	Liebe/Partnerschaft	
4-52	800-801	,	positive[8]	_	
4-53	802-806	dass	positive[8]	_	
4-54	807-809	du	positive[8]	_	
4-55	810-813	sie	positive[8]	_	
4-56	814-819	jetzt	positive[8]	_	
4-57	820-825	haben	positive[8]	_	
4-58	826-832	willst	positive[8]	_	
4-59	832-833	!	positive[8]	_	

#Text=Cowboy-Rocker: Hey Baby, steig auf, lass uns nach Las Vegas, die Sonne putzen!
5-1	838-851	Cowboy-Rocker	positive[9]	_	
5-2	851-852	:	positive[9]	_	
5-3	853-856	Hey	positive[9]	_	
5-4	857-861	Baby	positive[9]	Liebe/Partnerschaft	
5-5	861-862	,	positive[9]	_	
5-6	863-868	steig	positive[9]	_	
5-7	869-872	auf	positive[9]	_	
5-8	872-873	,	positive[9]	_	
5-9	874-878	lass	positive[9]	_	
5-10	879-882	uns	positive[9]	_	
5-11	883-887	nach	positive[9]	_	
5-12	888-891	Las	positive[9]	Reisen[16]	
5-13	892-897	Vegas	positive[9]	Reisen[16]	
5-14	897-898	,	positive[9]	_	
5-15	899-902	die	positive[9]	_	
5-16	903-908	Sonne	positive[9]	_	
5-17	909-915	putzen	positive[9]	_	
5-18	915-916	!	positive[9]	_	

#Text=Das Mädchen: Willst du mich anmachen oder was ist hier los, Alter?
6-1	921-924	Das	negative[10]	_	
6-2	925-932	Mädchen	negative[10]	_	
6-3	932-933	:	negative[10]	_	
6-4	934-940	Willst	negative[10]	_	
6-5	941-943	du	negative[10]	_	
6-6	944-948	mich	negative[10]	_	
6-7	949-957	anmachen	negative[10]	Liebe/Partnerschaft	
6-8	958-962	oder	negative[10]	_	
6-9	963-966	was	negative[10]	_	
6-10	967-970	ist	negative[10]	_	
6-11	971-975	hier	negative[10]	_	
6-12	976-979	los	negative[10]	_	
6-13	979-980	,	negative[10]	_	
6-14	981-986	Alter	negative[10]	_	
6-15	986-987	?	negative[10]	_	

#Text=Das einzig Starke an dir ist deine Moto Guzzi, aber sonst bist du ja so ein Fuzzy!
7-1	988-991	Das	negative[11]	_	
7-2	992-998	einzig	negative[11]	_	
7-3	999-1005	Starke	negative[11]	_	
7-4	1006-1008	an	negative[11]	_	
7-5	1009-1012	dir	negative[11]	_	
7-6	1013-1016	ist	negative[11]	_	
7-7	1017-1022	deine	negative[11]	_	
7-8	1023-1027	Moto	negative[11]	_	
7-9	1028-1033	Guzzi	negative[11]	_	
7-10	1033-1034	,	negative[11]	_	
7-11	1035-1039	aber	negative[11]	_	
7-12	1040-1045	sonst	negative[11]	_	
7-13	1046-1050	bist	negative[11]	_	
7-14	1051-1053	du	negative[11]	_	
7-15	1054-1056	ja	negative[11]	_	
7-16	1057-1059	so	negative[11]	_	
7-17	1060-1063	ein	negative[11]	_	
7-18	1064-1069	Fuzzy	negative[11]	Politik/Soziales/Missstände	
7-19	1069-1070	!	negative[11]	_	

#Text=Und der Präsident meint: Hör mal, Mann, mach meinen Engel nicht an, sonst kriegst du dermaßen was in die Schnauze...
8-1	1075-1078	Und	negative[12]	_	
8-2	1079-1082	der	negative[12]	_	
8-3	1083-1092	Präsident	negative[12]	Politik/Soziales/Missstände	
8-4	1093-1098	meint	negative[12]	_	
8-5	1098-1099	:	negative[12]	_	
8-6	1100-1103	Hör	negative[12]	_	
8-7	1104-1107	mal	negative[12]	_	
8-8	1107-1108	,	negative[12]	_	
8-9	1109-1113	Mann	negative[12]	_	
8-10	1113-1114	,	negative[12]	_	
8-11	1115-1119	mach	negative[12]	_	
8-12	1120-1126	meinen	negative[12]	Liebe/Partnerschaft[17]	
8-13	1127-1132	Engel	negative[12]	Liebe/Partnerschaft[17]	
8-14	1133-1138	nicht	negative[12]	_	
8-15	1139-1141	an	negative[12]	_	
8-16	1141-1142	,	negative[12]	_	
8-17	1143-1148	sonst	negative[12]	_	
8-18	1149-1156	kriegst	negative[12]	_	
8-19	1157-1159	du	negative[12]	_	
8-20	1160-1168	dermaßen	negative[12]	_	
8-21	1169-1172	was	negative[12]	Politik/Soziales/Missstände[18]	
8-22	1173-1175	in	negative[12]	Politik/Soziales/Missstände[18]	
8-23	1176-1179	die	negative[12]	Politik/Soziales/Missstände[18]	
8-24	1180-1188	Schnauze	negative[12]	Politik/Soziales/Missstände[18]	
8-25	1188-1189	.	negative[12]	_	
8-26	1189-1190	.	negative[12]	_	
8-27	1190-1191	.	negative[12]	_	
