#FORMAT=WebAnno TSV 3.2
#T_SP=webanno.custom.Sentiment|Polarity
#T_SP=webanno.custom.Topic|Topics


#Text=Natürlich bin ich Dressman, ja, was soll ich denn wohl sonst sein?
1-1	0-9	Natürlich	negative[1]	_	
1-2	10-13	bin	negative[1]	_	
1-3	14-17	ich	negative[1]	_	
1-4	18-26	Dressman	negative[1]	_	
1-5	26-27	,	negative[1]	_	
1-6	28-30	ja	negative[1]	_	
1-7	30-31	,	negative[1]	_	
1-8	32-35	was	negative[1]	_	
1-9	36-40	soll	negative[1]	_	
1-10	41-44	ich	negative[1]	_	
1-11	45-49	denn	negative[1]	_	
1-12	50-54	wohl	negative[1]	_	
1-13	55-60	sonst	negative[1]	_	
1-14	61-65	sein	negative[1]	_	
1-15	65-66	?	negative[1]	_	

#Text=Und 'ne Setcard hab ich auch, ja da schau'n Sie ruhig mal rein.
2-1	67-70	Und	neutral[2]	_	
2-2	71-72	'	neutral[2]	_	
2-3	72-74	ne	neutral[2]	_	
2-4	75-82	Setcard	neutral[2]	_	
2-5	83-86	hab	neutral[2]	_	
2-6	87-90	ich	neutral[2]	_	
2-7	91-95	auch	neutral[2]	_	
2-8	95-96	,	neutral[2]	_	
2-9	97-99	ja	neutral[2]	_	
2-10	100-102	da	neutral[2]	_	
2-11	103-110	schau'n	neutral[2]	_	
2-12	111-114	Sie	neutral[2]	_	
2-13	115-120	ruhig	neutral[2]	_	
2-14	121-124	mal	neutral[2]	_	
2-15	125-129	rein	neutral[2]	_	
2-16	129-130	.	neutral[2]	_	

#Text=In 'nem normalen Beruf könnt' ich doch gar nicht bestehen, nein, dazu bin ich doch ganz einfach viel zu schön.
3-1	131-133	In	neutral[3]	_	
3-2	134-135	'	neutral[3]	_	
3-3	135-138	nem	neutral[3]	_	
3-4	139-147	normalen	neutral[3]	_	
3-5	148-153	Beruf	neutral[3]	_	
3-6	154-159	könnt	neutral[3]	_	
3-7	159-160	'	neutral[3]	_	
3-8	161-164	ich	neutral[3]	_	
3-9	165-169	doch	neutral[3]	_	
3-10	170-173	gar	neutral[3]	_	
3-11	174-179	nicht	neutral[3]	_	
3-12	180-188	bestehen	neutral[3]	_	
3-13	188-189	,	neutral[3]	_	
3-14	190-194	nein	neutral[3]	_	
3-15	194-195	,	neutral[3]	_	
3-16	196-200	dazu	neutral[3]	_	
3-17	201-204	bin	neutral[3]	_	
3-18	205-208	ich	neutral[3]	_	
3-19	209-213	doch	neutral[3]	_	
3-20	214-218	ganz	neutral[3]	_	
3-21	219-226	einfach	neutral[3]	_	
3-22	227-231	viel	neutral[3]	_	
3-23	232-234	zu	neutral[3]	_	
3-24	235-240	schön	neutral[3]	_	
3-25	240-241	.	neutral[3]	_	

#Text=Die Damen fliegen einem immerzu zu und die Herren lassen einen natürlich auch nicht in Ruh'.
4-1	242-245	Die	positive[4]	_	
4-2	246-251	Damen	positive[4]	Liebe/Partnerschaft[16]	
4-3	252-259	fliegen	positive[4]	Liebe/Partnerschaft[16]	
4-4	260-265	einem	positive[4]	Liebe/Partnerschaft[16]	
4-5	266-273	immerzu	positive[4]	Liebe/Partnerschaft[16]	
4-6	274-276	zu	positive[4]	Liebe/Partnerschaft[16]	
4-7	277-280	und	positive[4]	_	
4-8	281-284	die	positive[4]	_	
4-9	285-291	Herren	positive[4]	_	
4-10	292-298	lassen	positive[4]	_	
4-11	299-304	einen	positive[4]	_	
4-12	305-314	natürlich	positive[4]	_	
4-13	315-319	auch	positive[4]	_	
4-14	320-325	nicht	positive[4]	_	
4-15	326-328	in	positive[4]	_	
4-16	329-332	Ruh	positive[4]	_	
4-17	332-333	'	positive[4]	_	
4-18	333-334	.	positive[4]	_	

#Text=Und ich geh' den Laufsteg lang, ich bin Jacques Gelee mit dem weichen Gang.
5-1	339-342	Und	neutral[5]	_	
5-2	343-346	ich	neutral[5]	_	
5-3	347-350	geh	neutral[5]	_	
5-4	350-351	'	neutral[5]	_	
5-5	352-355	den	neutral[5]	_	
5-6	356-364	Laufsteg	neutral[5]	_	
5-7	365-369	lang	neutral[5]	_	
5-8	369-370	,	neutral[5]	_	
5-9	371-374	ich	neutral[5]	_	
5-10	375-378	bin	neutral[5]	_	
5-11	379-386	Jacques	neutral[5]	Politik/Soziales/Missstände[17]	
5-12	387-392	Gelee	neutral[5]	Politik/Soziales/Missstände[17]	
5-13	393-396	mit	neutral[5]	_	
5-14	397-400	dem	neutral[5]	_	
5-15	401-408	weichen	neutral[5]	_	
5-16	409-413	Gang	neutral[5]	_	
5-17	413-414	.	neutral[5]	_	

#Text=Ob in Rom, Paris und Mailand oder an der Côte d'Azur, man nennt mich auch den Heiland der Haute Couture.
6-1	415-417	Ob	positive[6]	_	
6-2	418-420	in	positive[6]	_	
6-3	421-424	Rom	positive[6]	_	
6-4	424-425	,	positive[6]	_	
6-5	426-431	Paris	positive[6]	_	
6-6	432-435	und	positive[6]	_	
6-7	436-443	Mailand	positive[6]	_	
6-8	444-448	oder	positive[6]	_	
6-9	449-451	an	positive[6]	_	
6-10	452-455	der	positive[6]	_	
6-11	456-460	Côte	positive[6]	_	
6-12	461-467	d'Azur	positive[6]	_	
6-13	467-468	,	positive[6]	_	
6-14	469-472	man	positive[6]	_	
6-15	473-478	nennt	positive[6]	_	
6-16	479-483	mich	positive[6]	_	
6-17	484-488	auch	positive[6]	_	
6-18	489-492	den	positive[6]	_	
6-19	493-500	Heiland	positive[6]	Politik/Soziales/Missstände[18]	
6-20	501-504	der	positive[6]	Politik/Soziales/Missstände[18]	
6-21	505-510	Haute	positive[6]	Politik/Soziales/Missstände[18]	
6-22	511-518	Couture	positive[6]	Politik/Soziales/Missstände[18]	
6-23	518-519	.	positive[6]	_	

#Text=Wenn Sie wissen wollen, wie das alles mit mir begann: Ein charmanter Mann sprach mich im Caféhaus an und er sagt: "So'n Typ wie Sie, ja den suchen wir doch schon lange.
7-1	524-528	Wenn	neutral[7]	_	
7-2	529-532	Sie	neutral[7]	_	
7-3	533-539	wissen	neutral[7]	_	
7-4	540-546	wollen	neutral[7]	_	
7-5	546-547	,	neutral[7]	_	
7-6	548-551	wie	neutral[7]	_	
7-7	552-555	das	neutral[7]	_	
7-8	556-561	alles	neutral[7]	_	
7-9	562-565	mit	neutral[7]	_	
7-10	566-569	mir	neutral[7]	_	
7-11	570-576	begann	neutral[7]	_	
7-12	576-577	:	_	_	
7-13	578-581	Ein	positive[8]	_	
7-14	582-592	charmanter	positive[8]	Persönliches/Emotionen[19]	
7-15	593-597	Mann	positive[8]	Persönliches/Emotionen[19]	
7-16	598-604	sprach	positive[8]	_	
7-17	605-609	mich	positive[8]	_	
7-18	610-612	im	positive[8]	_	
7-19	613-621	Caféhaus	positive[8]	_	
7-20	622-624	an	positive[8]	_	
7-21	625-628	und	positive[8]	_	
7-22	629-631	er	positive[8]	_	
7-23	632-636	sagt	positive[8]	_	
7-24	636-637	:	positive[8]	_	
7-25	638-639	"	positive[8]	_	
7-26	639-643	So'n	positive[8]	_	
7-27	644-647	Typ	positive[8]	_	
7-28	648-651	wie	positive[8]	_	
7-29	652-655	Sie	positive[8]	_	
7-30	655-656	,	positive[8]	_	
7-31	657-659	ja	positive[8]	_	
7-32	660-663	den	positive[8]	_	
7-33	664-670	suchen	positive[8]	_	
7-34	671-674	wir	positive[8]	_	
7-35	675-679	doch	positive[8]	_	
7-36	680-685	schon	positive[8]	_	
7-37	686-691	lange	positive[8]	_	
7-38	691-692	.	positive[8]	_	

#Text=Sie sind 'n ganz spezieller Vogel, nicht so einer von der Stange.
8-1	693-696	Sie	positive[9]	_	
8-2	697-701	sind	positive[9]	_	
8-3	702-703	'	positive[9]	_	
8-4	703-704	n	positive[9]	_	
8-5	705-709	ganz	positive[9]	_	
8-6	710-720	spezieller	positive[9]	_	
8-7	721-726	Vogel	positive[9]	_	
8-8	726-727	,	positive[9]	_	
8-9	728-733	nicht	positive[9]	_	
8-10	734-736	so	positive[9]	_	
8-11	737-742	einer	positive[9]	_	
8-12	743-746	von	positive[9]	_	
8-13	747-750	der	positive[9]	_	
8-14	751-757	Stange	positive[9]	_	
8-15	757-758	.	positive[9]	_	

#Text=Ihre Augen schön umrandet, so wie der Herr der Ringe und Ihre bleiche Haut frisch rasiert mit stumpfer Klinge.
9-1	759-763	Ihre	positive[10]	_	
9-2	764-769	Augen	positive[10]	Gesundheit/Drogen[20]	
9-3	770-775	schön	positive[10]	Gesundheit/Drogen[20]	
9-4	776-784	umrandet	positive[10]	Gesundheit/Drogen[20]	
9-5	784-785	,	positive[10]	_	
9-6	786-788	so	positive[10]	_	
9-7	789-792	wie	positive[10]	_	
9-8	793-796	der	positive[10]	_	
9-9	797-801	Herr	positive[10]	_	
9-10	802-805	der	positive[10]	_	
9-11	806-811	Ringe	positive[10]	_	
9-12	812-815	und	positive[10]	_	
9-13	816-820	Ihre	positive[10]	_	
9-14	821-828	bleiche	positive[10]	Gesundheit/Drogen[21]	
9-15	829-833	Haut	positive[10]	Gesundheit/Drogen[21]	
9-16	834-840	frisch	positive[10]	_	
9-17	841-848	rasiert	positive[10]	_	
9-18	849-852	mit	positive[10]	_	
9-19	853-861	stumpfer	positive[10]	_	
9-20	862-868	Klinge	positive[10]	_	
9-21	868-869	.	positive[10]	_	

#Text=Außerdem die Zähne dunkel mit 'n paar Löchern drin, 'n bisschen punky, gottseidanki, das ist zur Zeit sehr in."
10-1	870-878	Außerdem	positive[11]	_	
10-2	879-882	die	positive[11]	_	
10-3	883-888	Zähne	positive[11]	Gesundheit/Drogen[22]	
10-4	889-895	dunkel	positive[11]	Gesundheit/Drogen[22]	
10-5	896-899	mit	positive[11]	Gesundheit/Drogen[22]	
10-6	900-901	'	positive[11]	Gesundheit/Drogen[22]	
10-7	901-902	n	positive[11]	Gesundheit/Drogen[22]	
10-8	903-907	paar	positive[11]	Gesundheit/Drogen[22]	
10-9	908-915	Löchern	positive[11]	Gesundheit/Drogen[22]	
10-10	916-920	drin	positive[11]	Gesundheit/Drogen[22]	
10-11	920-921	,	positive[11]	_	
10-12	922-923	'	positive[11]	_	
10-13	923-924	n	positive[11]	_	
10-14	925-933	bisschen	positive[11]	_	
10-15	934-939	punky	positive[11]	_	
10-16	939-940	,	positive[11]	_	
10-17	941-953	gottseidanki	positive[11]	_	
10-18	953-954	,	positive[11]	_	
10-19	955-958	das	positive[11]	_	
10-20	959-962	ist	positive[11]	_	
10-21	963-966	zur	positive[11]	_	
10-22	967-971	Zeit	positive[11]	_	
10-23	972-976	sehr	positive[11]	_	
10-24	977-979	in	positive[11]	_	
10-25	979-980	.	positive[11]	_	
10-26	980-981	"	positive[11]	_	

#Text=Und ich geh' den Laufsteg lang, ich bin Jacques Gelee mit dem weichen Gang.
11-1	986-989	Und	neutral[12]	_	
11-2	990-993	ich	neutral[12]	_	
11-3	994-997	geh	neutral[12]	_	
11-4	997-998	'	neutral[12]	_	
11-5	999-1002	den	neutral[12]	_	
11-6	1003-1011	Laufsteg	neutral[12]	_	
11-7	1012-1016	lang	neutral[12]	_	
11-8	1016-1017	,	neutral[12]	_	
11-9	1018-1021	ich	neutral[12]	_	
11-10	1022-1025	bin	neutral[12]	_	
11-11	1026-1033	Jacques	neutral[12]	Politik/Soziales/Missstände[23]	
11-12	1034-1039	Gelee	neutral[12]	Politik/Soziales/Missstände[23]	
11-13	1040-1043	mit	neutral[12]	_	
11-14	1044-1047	dem	neutral[12]	_	
11-15	1048-1055	weichen	neutral[12]	_	
11-16	1056-1060	Gang	neutral[12]	_	
11-17	1060-1061	.	neutral[12]	_	

#Text=Ob in Rom, Paris und Mailand oder an der Côte d'Azur, man nennt mich auch den Heiland der Haute Couture.
12-1	1062-1064	Ob	positive[13]	_	
12-2	1065-1067	in	positive[13]	_	
12-3	1068-1071	Rom	positive[13]	_	
12-4	1071-1072	,	positive[13]	_	
12-5	1073-1078	Paris	positive[13]	_	
12-6	1079-1082	und	positive[13]	_	
12-7	1083-1090	Mailand	positive[13]	_	
12-8	1091-1095	oder	positive[13]	_	
12-9	1096-1098	an	positive[13]	_	
12-10	1099-1102	der	positive[13]	_	
12-11	1103-1107	Côte	positive[13]	_	
12-12	1108-1114	d'Azur	positive[13]	_	
12-13	1114-1115	,	positive[13]	_	
12-14	1116-1119	man	positive[13]	_	
12-15	1120-1125	nennt	positive[13]	_	
12-16	1126-1130	mich	positive[13]	_	
12-17	1131-1135	auch	positive[13]	_	
12-18	1136-1139	den	positive[13]	_	
12-19	1140-1147	Heiland	positive[13]	Politik/Soziales/Missstände[24]	
12-20	1148-1151	der	positive[13]	Politik/Soziales/Missstände[24]	
12-21	1152-1157	Haute	positive[13]	Politik/Soziales/Missstände[24]	
12-22	1158-1165	Couture	positive[13]	Politik/Soziales/Missstände[24]	
12-23	1165-1166	.	positive[13]	_	

#Text=Und ich geh' den Laufsteg lang, Jacques Gelee mit dem weichen Gang.
13-1	1171-1174	Und	neutral[14]	_	
13-2	1175-1178	ich	neutral[14]	_	
13-3	1179-1182	geh	neutral[14]	_	
13-4	1182-1183	'	neutral[14]	_	
13-5	1184-1187	den	neutral[14]	_	
13-6	1188-1196	Laufsteg	neutral[14]	_	
13-7	1197-1201	lang	neutral[14]	_	
13-8	1201-1202	,	neutral[14]	_	
13-9	1203-1210	Jacques	neutral[14]	Politik/Soziales/Missstände[25]	
13-10	1211-1216	Gelee	neutral[14]	Politik/Soziales/Missstände[25]	
13-11	1217-1220	mit	neutral[14]	_	
13-12	1221-1224	dem	neutral[14]	_	
13-13	1225-1232	weichen	neutral[14]	_	
13-14	1233-1237	Gang	neutral[14]	_	
13-15	1237-1238	.	neutral[14]	_	

#Text=Ob in Rom, Paris und Mailand oder an der Côte d'Azur, man nennt ihn auch den Heiland der Haute Couture.
14-1	1239-1241	Ob	positive[15]	_	
14-2	1242-1244	in	positive[15]	_	
14-3	1245-1248	Rom	positive[15]	_	
14-4	1248-1249	,	positive[15]	_	
14-5	1250-1255	Paris	positive[15]	_	
14-6	1256-1259	und	positive[15]	_	
14-7	1260-1267	Mailand	positive[15]	_	
14-8	1268-1272	oder	positive[15]	_	
14-9	1273-1275	an	positive[15]	_	
14-10	1276-1279	der	positive[15]	_	
14-11	1280-1284	Côte	positive[15]	_	
14-12	1285-1291	d'Azur	positive[15]	_	
14-13	1291-1292	,	positive[15]	_	
14-14	1293-1296	man	positive[15]	_	
14-15	1297-1302	nennt	positive[15]	_	
14-16	1303-1306	ihn	positive[15]	_	
14-17	1307-1311	auch	positive[15]	_	
14-18	1312-1315	den	positive[15]	_	
14-19	1316-1323	Heiland	positive[15]	Politik/Soziales/Missstände[26]	
14-20	1324-1327	der	positive[15]	Politik/Soziales/Missstände[26]	
14-21	1328-1333	Haute	positive[15]	Politik/Soziales/Missstände[26]	
14-22	1334-1341	Couture	positive[15]	Politik/Soziales/Missstände[26]	
14-23	1341-1342	.	positive[15]	_	
