#FORMAT=WebAnno TSV 3.2
#T_SP=webanno.custom.Sentiment|Polarity
#T_SP=webanno.custom.Topic|Topics


#Text=Good bye, Jonny.
1-1	0-4	Good	neutral[1]	_	
1-2	5-8	bye	neutral[1]	_	
1-3	8-9	,	neutral[1]	_	
1-4	10-15	Jonny	neutral[1]	_	
1-5	15-16	.	neutral[1]	_	

#Text=Good bye, Jonny, schön war's mit uns zwei'n, aber leider, aber leider kann's nicht immer so sein.
2-1	17-21	Good	negative[2]	_	
2-2	22-25	bye	negative[2]	_	
2-3	25-26	,	negative[2]	_	
2-4	27-32	Jonny	negative[2]	_	
2-5	32-33	,	negative[2]	_	
2-6	34-39	schön	negative[2]	_	
2-7	40-45	war's	negative[2]	_	
2-8	46-49	mit	negative[2]	_	
2-9	50-53	uns	negative[2]	Liebe/Partnerschaft[17]	
2-10	54-60	zwei'n	negative[2]	Liebe/Partnerschaft[17]	
2-11	60-61	,	negative[2]	_	
2-12	62-66	aber	negative[2]	_	
2-13	67-73	leider	negative[2]	_	
2-14	73-74	,	negative[2]	_	
2-15	75-79	aber	negative[2]	_	
2-16	80-86	leider	negative[2]	_	
2-17	87-93	kann's	negative[2]	_	
2-18	94-99	nicht	negative[2]	_	
2-19	100-105	immer	negative[2]	_	
2-20	106-108	so	negative[2]	_	
2-21	109-113	sein	negative[2]	_	
2-22	113-114	.	negative[2]	_	

#Text=Good bye, Jonny.
3-1	115-119	Good	neutral[3]	_	
3-2	120-123	bye	neutral[3]	_	
3-3	123-124	,	neutral[3]	_	
3-4	125-130	Jonny	neutral[3]	_	
3-5	130-131	.	neutral[3]	_	

#Text=Good bye, Jonny, mach's mir nicht so schwer, ich muss weiter, immer weiter meinem Glück hinterher.
4-1	132-136	Good	neutral[4]	_	
4-2	137-140	bye	neutral[4]	_	
4-3	140-141	,	neutral[4]	_	
4-4	142-147	Jonny	neutral[4]	_	
4-5	147-148	,	neutral[4]	_	
4-6	149-155	mach's	neutral[4]	_	
4-7	156-159	mir	neutral[4]	_	
4-8	160-165	nicht	neutral[4]	_	
4-9	166-168	so	neutral[4]	_	
4-10	169-175	schwer	neutral[4]	_	
4-11	175-176	,	neutral[4]	_	
4-12	177-180	ich	neutral[4]	_	
4-13	181-185	muss	neutral[4]	_	
4-14	186-192	weiter	neutral[4]	_	
4-15	192-193	,	neutral[4]	_	
4-16	194-199	immer	neutral[4]	_	
4-17	200-206	weiter	neutral[4]	_	
4-18	207-213	meinem	neutral[4]	Persönliches/Emotionen[18]	
4-19	214-219	Glück	neutral[4]	Persönliches/Emotionen[18]	
4-20	220-229	hinterher	neutral[4]	Persönliches/Emotionen[18]	
4-21	229-230	.	neutral[4]	_	

#Text=Bricht uns auch heut' das Herz entzwei, in hundert Jahren, Jonny, ist alles vorbei.
5-1	235-241	Bricht	positive[5]	_	
5-2	242-245	uns	positive[5]	_	
5-3	246-250	auch	positive[5]	_	
5-4	251-255	heut	positive[5]	_	
5-5	255-256	'	positive[5]	_	
5-6	257-260	das	positive[5]	Liebe/Partnerschaft[19]	
5-7	261-265	Herz	positive[5]	Liebe/Partnerschaft[19]	
5-8	266-273	entzwei	positive[5]	Liebe/Partnerschaft[19]	
5-9	273-274	,	positive[5]	_	
5-10	275-277	in	positive[5]	_	
5-11	278-285	hundert	positive[5]	_	
5-12	286-292	Jahren	positive[5]	_	
5-13	292-293	,	positive[5]	_	
5-14	294-299	Jonny	positive[5]	_	
5-15	299-300	,	positive[5]	_	
5-16	301-304	ist	positive[5]	_	
5-17	305-310	alles	positive[5]	_	
5-18	311-317	vorbei	positive[5]	_	
5-19	317-318	.	positive[5]	_	

#Text=Good bye, Jonny.
6-1	323-327	Good	neutral[6]	_	
6-2	328-331	bye	neutral[6]	_	
6-3	331-332	,	neutral[6]	_	
6-4	333-338	Jonny	neutral[6]	_	
6-5	338-339	.	neutral[6]	_	

#Text=Good bye, Jonny, warst mein bester Freund.
7-1	340-344	Good	positive[7]	_	
7-2	345-348	bye	positive[7]	_	
7-3	348-349	,	positive[7]	_	
7-4	350-355	Jonny	positive[7]	_	
7-5	355-356	,	positive[7]	_	
7-6	357-362	warst	positive[7]	_	
7-7	363-367	mein	positive[7]	Liebe/Partnerschaft[20]	
7-8	368-374	bester	positive[7]	Liebe/Partnerschaft[20]	
7-9	375-381	Freund	positive[7]	Liebe/Partnerschaft[20]	
7-10	381-382	.	positive[7]	_	

#Text=Eines Tages, eines Tages sind wir wieder vereint.
8-1	383-388	Eines	positive[8]	_	
8-2	389-394	Tages	positive[8]	_	
8-3	394-395	,	positive[8]	_	
8-4	396-401	eines	positive[8]	_	
8-5	402-407	Tages	positive[8]	_	
8-6	408-412	sind	positive[8]	_	
8-7	413-416	wir	positive[8]	_	
8-8	417-423	wieder	positive[8]	_	
8-9	424-431	vereint	positive[8]	Liebe/Partnerschaft	
8-10	431-432	.	positive[8]	_	

#Text=Good bye, Jonny.
9-1	433-437	Good	neutral[9]	_	
9-2	438-441	bye	neutral[9]	_	
9-3	441-442	,	neutral[9]	_	
9-4	443-448	Jonny	neutral[9]	_	
9-5	448-449	.	neutral[9]	_	

#Text=Good bye, Jonny, schön war's mit uns zwei'n, aber leider, aber leider kann's nicht immer so sein.
10-1	450-454	Good	negative[10]	_	
10-2	455-458	bye	negative[10]	_	
10-3	458-459	,	negative[10]	_	
10-4	460-465	Jonny	negative[10]	_	
10-5	465-466	,	negative[10]	_	
10-6	467-472	schön	negative[10]	_	
10-7	473-478	war's	negative[10]	_	
10-8	479-482	mit	negative[10]	_	
10-9	483-486	uns	negative[10]	Liebe/Partnerschaft[21]	
10-10	487-493	zwei'n	negative[10]	Liebe/Partnerschaft[21]	
10-11	493-494	,	negative[10]	_	
10-12	495-499	aber	negative[10]	_	
10-13	500-506	leider	negative[10]	Persönliches/Emotionen	
10-14	506-507	,	negative[10]	_	
10-15	508-512	aber	negative[10]	_	
10-16	513-519	leider	negative[10]	Persönliches/Emotionen	
10-17	520-526	kann's	negative[10]	_	
10-18	527-532	nicht	negative[10]	_	
10-19	533-538	immer	negative[10]	_	
10-20	539-541	so	negative[10]	_	
10-21	542-546	sein	negative[10]	_	
10-22	546-547	.	negative[10]	_	

#Text=Good bye, Jonny.
11-1	548-552	Good	neutral[11]	_	
11-2	553-556	bye	neutral[11]	_	
11-3	556-557	,	neutral[11]	_	
11-4	558-563	Jonny	neutral[11]	_	
11-5	563-564	.	neutral[11]	_	

#Text=Good bye, Jonny, mach's mir nicht so schwer, ich muss weiter, immer weiter meinem Glück hinterher.
12-1	565-569	Good	neutral[12]	_	
12-2	570-573	bye	neutral[12]	_	
12-3	573-574	,	neutral[12]	_	
12-4	575-580	Jonny	neutral[12]	_	
12-5	580-581	,	neutral[12]	_	
12-6	582-588	mach's	neutral[12]	_	
12-7	589-592	mir	neutral[12]	_	
12-8	593-598	nicht	neutral[12]	_	
12-9	599-601	so	neutral[12]	_	
12-10	602-608	schwer	neutral[12]	_	
12-11	608-609	,	neutral[12]	_	
12-12	610-613	ich	neutral[12]	_	
12-13	614-618	muss	neutral[12]	_	
12-14	619-625	weiter	neutral[12]	_	
12-15	625-626	,	neutral[12]	_	
12-16	627-632	immer	neutral[12]	_	
12-17	633-639	weiter	neutral[12]	_	
12-18	640-646	meinem	neutral[12]	Persönliches/Emotionen[22]	
12-19	647-652	Glück	neutral[12]	Persönliches/Emotionen[22]	
12-20	653-662	hinterher	neutral[12]	Persönliches/Emotionen[22]	
12-21	662-663	.	neutral[12]	_	

#Text=Bricht uns auch heut' das Herz entzwei, in hundert Jahren, Jonny, ist alles vorbei.
13-1	668-674	Bricht	positive[13]	_	
13-2	675-678	uns	positive[13]	_	
13-3	679-683	auch	positive[13]	_	
13-4	684-688	heut	positive[13]	_	
13-5	688-689	'	positive[13]	_	
13-6	690-693	das	positive[13]	Liebe/Partnerschaft[23]	
13-7	694-698	Herz	positive[13]	Liebe/Partnerschaft[23]	
13-8	699-706	entzwei	positive[13]	Liebe/Partnerschaft[23]	
13-9	706-707	,	positive[13]	_	
13-10	708-710	in	positive[13]	_	
13-11	711-718	hundert	positive[13]	_	
13-12	719-725	Jahren	positive[13]	_	
13-13	725-726	,	positive[13]	_	
13-14	727-732	Jonny	positive[13]	_	
13-15	732-733	,	positive[13]	_	
13-16	734-737	ist	positive[13]	_	
13-17	738-743	alles	positive[13]	_	
13-18	744-750	vorbei	positive[13]	_	
13-19	750-751	.	positive[13]	_	

#Text=Good bye, Jonny.
14-1	756-760	Good	neutral[14]	_	
14-2	761-764	bye	neutral[14]	_	
14-3	764-765	,	neutral[14]	_	
14-4	766-771	Jonny	neutral[14]	_	
14-5	771-772	.	neutral[14]	_	

#Text=Good bye, Jonny, warst mein bester Freund.
15-1	773-777	Good	positive[15]	_	
15-2	778-781	bye	positive[15]	_	
15-3	781-782	,	positive[15]	_	
15-4	783-788	Jonny	positive[15]	_	
15-5	788-789	,	positive[15]	_	
15-6	790-795	warst	positive[15]	_	
15-7	796-800	mein	positive[15]	Liebe/Partnerschaft[24]	
15-8	801-807	bester	positive[15]	Liebe/Partnerschaft[24]	
15-9	808-814	Freund	positive[15]	Liebe/Partnerschaft[24]	
15-10	814-815	.	positive[15]	_	

#Text=Eines Tages, eines Tages mag's im Himmel sein, mag's beim Teufel sein, sind wir wieder vereint.
16-1	816-821	Eines	positive[16]	_	
16-2	822-827	Tages	positive[16]	_	
16-3	827-828	,	positive[16]	_	
16-4	829-834	eines	positive[16]	_	
16-5	835-840	Tages	positive[16]	_	
16-6	841-846	mag's	positive[16]	_	
16-7	847-849	im	positive[16]	_	
16-8	850-856	Himmel	positive[16]	Politik/Soziales/Missstände	
16-9	857-861	sein	positive[16]	_	
16-10	861-862	,	positive[16]	_	
16-11	863-868	mag's	positive[16]	_	
16-12	869-873	beim	positive[16]	_	
16-13	874-880	Teufel	positive[16]	Politik/Soziales/Missstände	
16-14	881-885	sein	positive[16]	_	
16-15	885-886	,	positive[16]	_	
16-16	887-891	sind	positive[16]	_	
16-17	892-895	wir	positive[16]	_	
16-18	896-902	wieder	positive[16]	_	
16-19	903-910	vereint	positive[16]	_	
16-20	910-911	.	positive[16]	_	
