#FORMAT=WebAnno TSV 3.2
#T_SP=webanno.custom.Sentiment|Polarity
#T_SP=webanno.custom.Topic|Topics


#Text=Es war 'ne lange kalte Zeit, Du wohntest nah und doch so weit.
1-1	0-2	Es	negative[1]	_	
1-2	3-6	war	negative[1]	_	
1-3	7-8	'	negative[1]	_	
1-4	8-10	ne	negative[1]	_	
1-5	11-16	lange	negative[1]	Politik/Soziales/Missstände[18]	
1-6	17-22	kalte	negative[1]	Politik/Soziales/Missstände[18]	
1-7	23-27	Zeit	negative[1]	Politik/Soziales/Missstände[18]	
1-8	27-28	,	negative[1]	_	
1-9	29-31	Du	negative[1]	_	
1-10	32-40	wohntest	negative[1]	_	
1-11	41-44	nah	negative[1]	_	
1-12	45-48	und	negative[1]	_	
1-13	49-53	doch	negative[1]	_	
1-14	54-56	so	negative[1]	_	
1-15	57-61	weit	negative[1]	_	
1-16	61-62	.	_	_	

#Text=Du warst damals in der DDR Und ich dachte ey wie schön das wär', Wenn die Mauer fällt, ja das wollten wir sehen Und uns endlich gegenüber stehen.
2-1	63-65	Du	neutral[2]	_	
2-2	66-71	warst	neutral[2]	_	
2-3	72-78	damals	neutral[2]	_	
2-4	79-81	in	neutral[2]	_	
2-5	82-85	der	neutral[2]	_	
2-6	86-89	DDR	neutral[2]	Politik/Soziales/Missstände	
2-7	90-93	Und	neutral[2]	_	
2-8	94-97	ich	neutral[2]	_	
2-9	98-104	dachte	neutral[2]	_	
2-10	105-107	ey	neutral[2]	_	
2-11	108-111	wie	neutral[2]	_	
2-12	112-117	schön	neutral[2]	_	
2-13	118-121	das	neutral[2]	_	
2-14	122-125	wär	neutral[2]	_	
2-15	125-126	'	neutral[2]	_	
2-16	126-127	,	neutral[2]	_	
2-17	128-132	Wenn	neutral[2]	_	
2-18	133-136	die	neutral[2]	_	
2-19	137-142	Mauer	neutral[2]	Politik/Soziales/Missstände[19]	
2-20	143-148	fällt	neutral[2]	Politik/Soziales/Missstände[19]	
2-21	148-149	,	neutral[2]	_	
2-22	150-152	ja	neutral[2]	_	
2-23	153-156	das	neutral[2]	_	
2-24	157-164	wollten	neutral[2]	_	
2-25	165-168	wir	neutral[2]	_	
2-26	169-174	sehen	neutral[2]	_	
2-27	175-178	Und	neutral[2]	_	
2-28	179-182	uns	neutral[2]	_	
2-29	183-190	endlich	neutral[2]	_	
2-30	191-200	gegenüber	neutral[2]	_	
2-31	201-207	stehen	neutral[2]	_	
2-32	207-208	.	_	_	

#Text=Wir waren doch Freunde, irgendwie verwandt, Haben uns nur noch nicht gekannt.
3-1	209-212	Wir	neutral[3]	_	
3-2	213-218	waren	neutral[3]	_	
3-3	219-223	doch	neutral[3]	_	
3-4	224-231	Freunde	neutral[3]	Liebe/Partnerschaft	
3-5	231-232	,	neutral[3]	_	
3-6	233-242	irgendwie	neutral[3]	_	
3-7	243-251	verwandt	neutral[3]	_	
3-8	251-252	,	neutral[3]	_	
3-9	253-258	Haben	neutral[3]	_	
3-10	259-262	uns	neutral[3]	_	
3-11	263-266	nur	neutral[3]	_	
3-12	267-271	noch	neutral[3]	_	
3-13	272-277	nicht	neutral[3]	_	
3-14	278-285	gekannt	neutral[3]	_	
3-15	285-286	.	_	_	

#Text=Wir hatten unsren Paniksound, der uns so tief verband, Wir waren Kumpels und Desperados, im selben doch im anderen Land.
4-1	291-294	Wir	positive[4]	_	
4-2	295-301	hatten	positive[4]	_	
4-3	302-308	unsren	positive[4]	_	
4-4	309-319	Paniksound	positive[4]	Musik	
4-5	319-320	,	positive[4]	_	
4-6	321-324	der	positive[4]	_	
4-7	325-328	uns	positive[4]	_	
4-8	329-331	so	positive[4]	_	
4-9	332-336	tief	positive[4]	_	
4-10	337-344	verband	positive[4]	_	
4-11	344-345	,	_	_	
4-12	346-349	Wir	negative[5]	_	
4-13	350-355	waren	negative[5]	_	
4-14	356-363	Kumpels	negative[5]	Liebe/Partnerschaft	
4-15	364-367	und	negative[5]	_	
4-16	368-378	Desperados	negative[5]	_	
4-17	378-379	,	negative[5]	_	
4-18	380-382	im	negative[5]	_	
4-19	383-389	selben	negative[5]	_	
4-20	390-394	doch	negative[5]	_	
4-21	395-397	im	negative[5]	_	
4-22	398-405	anderen	negative[5]	_	
4-23	406-410	Land	negative[5]	_	
4-24	410-411	.	_	_	

#Text=Wir hatten unsre Träume, unsere Helden, das war doch klar, Allende und Mandela, Martin Luther King und Che Guevara.
5-1	412-415	Wir	neutral[6]	_	
5-2	416-422	hatten	neutral[6]	_	
5-3	423-428	unsre	neutral[6]	_	
5-4	429-435	Träume	neutral[6]	_	
5-5	435-436	,	neutral[6]	_	
5-6	437-443	unsere	neutral[6]	_	
5-7	444-450	Helden	neutral[6]	_	
5-8	450-451	,	neutral[6]	_	
5-9	452-455	das	neutral[6]	_	
5-10	456-459	war	neutral[6]	_	
5-11	460-464	doch	neutral[6]	_	
5-12	465-469	klar	neutral[6]	_	
5-13	469-470	,	neutral[6]	_	
5-14	471-478	Allende	neutral[6]	Politik/Soziales/Missstände	
5-15	479-482	und	neutral[6]	_	
5-16	483-490	Mandela	neutral[6]	Politik/Soziales/Missstände	
5-17	490-491	,	neutral[6]	_	
5-18	492-498	Martin	neutral[6]	Politik/Soziales/Missstände[20]	
5-19	499-505	Luther	neutral[6]	Politik/Soziales/Missstände[20]	
5-20	506-510	King	neutral[6]	Politik/Soziales/Missstände[20]	
5-21	511-514	und	neutral[6]	_	
5-22	515-518	Che	neutral[6]	Politik/Soziales/Missstände[21]	
5-23	519-526	Guevara	neutral[6]	Politik/Soziales/Missstände[21]	
5-24	526-527	.	_	_	

#Text=Im November Neunundachzig dann, Die schönste Party der Welt begann, Wir hatten so'n Feeling wie neu geboren Und haben uns erst mal ganz fest geschworen, Dass egal was kommt, ob Glück oder Not, Wir sitzen jetzt alle im selben Boot, Neue Ufer und Horizonte sehen, Mit Deutschland wird es gut nach vorne gehen!
6-1	532-534	Im	positive[7]	_	
6-2	535-543	November	positive[7]	Politik/Soziales/Missstände[22]	
6-3	544-557	Neunundachzig	positive[7]	Politik/Soziales/Missstände[22]	
6-4	558-562	dann	positive[7]	_	
6-5	562-563	,	positive[7]	_	
6-6	564-567	Die	positive[7]	_	
6-7	568-576	schönste	positive[7]	_	
6-8	577-582	Party	positive[7]	Musik	
6-9	583-586	der	positive[7]	_	
6-10	587-591	Welt	positive[7]	_	
6-11	592-598	begann	positive[7]	_	
6-12	598-599	,	_	_	
6-13	600-603	Wir	positive[8]	_	
6-14	604-610	hatten	positive[8]	_	
6-15	611-615	so'n	positive[8]	_	
6-16	616-623	Feeling	positive[8]	_	
6-17	624-627	wie	positive[8]	_	
6-18	628-631	neu	positive[8]	_	
6-19	632-639	geboren	positive[8]	_	
6-20	640-643	Und	neutral[9]	_	
6-21	644-649	haben	neutral[9]	_	
6-22	650-653	uns	neutral[9]	_	
6-23	654-658	erst	neutral[9]	_	
6-24	659-662	mal	neutral[9]	_	
6-25	663-667	ganz	neutral[9]	_	
6-26	668-672	fest	neutral[9]	_	
6-27	673-683	geschworen	neutral[9]	_	
6-28	683-684	,	neutral[9]	_	
6-29	685-689	Dass	neutral[9]	_	
6-30	690-694	egal	neutral[9]	_	
6-31	695-698	was	neutral[9]	_	
6-32	699-704	kommt	neutral[9]	_	
6-33	704-705	,	neutral[9]	_	
6-34	706-708	ob	neutral[9]	_	
6-35	709-714	Glück	neutral[9]	_	
6-36	715-719	oder	neutral[9]	_	
6-37	720-723	Not	neutral[9]	_	
6-38	723-724	,	neutral[9]	_	
6-39	725-728	Wir	neutral[9]	_	
6-40	729-735	sitzen	neutral[9]	_	
6-41	736-741	jetzt	neutral[9]	_	
6-42	742-746	alle	neutral[9]	_	
6-43	747-749	im	neutral[9]	_	
6-44	750-756	selben	neutral[9]	_	
6-45	757-761	Boot	neutral[9]	Reisen	
6-46	761-762	,	_	_	
6-47	763-767	Neue	positive[10]	Reisen[23]	
6-48	768-772	Ufer	positive[10]	Reisen[23]	
6-49	773-776	und	positive[10]	_	
6-50	777-786	Horizonte	positive[10]	Reisen	
6-51	787-792	sehen	positive[10]	_	
6-52	792-793	,	positive[10]	_	
6-53	794-797	Mit	positive[10]	_	
6-54	798-809	Deutschland	positive[10]	Politik/Soziales/Missstände	
6-55	810-814	wird	positive[10]	_	
6-56	815-817	es	positive[10]	_	
6-57	818-821	gut	positive[10]	_	
6-58	822-826	nach	positive[10]	_	
6-59	827-832	vorne	positive[10]	_	
6-60	833-838	gehen	positive[10]	_	
6-61	838-839	!	_	_	

#Text=Wir hatten unsren Paniksound, der uns so tief verband, Wir waren Kumpels und Desperados, im selben doch im anderen Land.
7-1	844-847	Wir	positive[11]	_	
7-2	848-854	hatten	positive[11]	_	
7-3	855-861	unsren	positive[11]	_	
7-4	862-872	Paniksound	positive[11]	Musik	
7-5	872-873	,	positive[11]	_	
7-6	874-877	der	positive[11]	_	
7-7	878-881	uns	positive[11]	_	
7-8	882-884	so	positive[11]	_	
7-9	885-889	tief	positive[11]	_	
7-10	890-897	verband	positive[11]	_	
7-11	897-898	,	_	_	
7-12	899-902	Wir	negative[12]	_	
7-13	903-908	waren	negative[12]	_	
7-14	909-916	Kumpels	negative[12]	Liebe/Partnerschaft	
7-15	917-920	und	negative[12]	_	
7-16	921-931	Desperados	negative[12]	_	
7-17	931-932	,	negative[12]	_	
7-18	933-935	im	negative[12]	_	
7-19	936-942	selben	negative[12]	_	
7-20	943-947	doch	negative[12]	_	
7-21	948-950	im	negative[12]	_	
7-22	951-958	anderen	negative[12]	_	
7-23	959-963	Land	negative[12]	_	
7-24	963-964	.	_	_	

#Text=Wir hatten unsre Träume, unsere Helden, das war doch klar, Allende und Mandela, Martin Luther King und Che Guevara.
8-1	965-968	Wir	neutral[13]	_	
8-2	969-975	hatten	neutral[13]	_	
8-3	976-981	unsre	neutral[13]	_	
8-4	982-988	Träume	neutral[13]	_	
8-5	988-989	,	neutral[13]	_	
8-6	990-996	unsere	neutral[13]	_	
8-7	997-1003	Helden	neutral[13]	Politik/Soziales/Missstände	
8-8	1003-1004	,	neutral[13]	_	
8-9	1005-1008	das	neutral[13]	_	
8-10	1009-1012	war	neutral[13]	_	
8-11	1013-1017	doch	neutral[13]	_	
8-12	1018-1022	klar	neutral[13]	_	
8-13	1022-1023	,	neutral[13]	_	
8-14	1024-1031	Allende	neutral[13]	Politik/Soziales/Missstände	
8-15	1032-1035	und	neutral[13]	_	
8-16	1036-1043	Mandela	neutral[13]	Politik/Soziales/Missstände	
8-17	1043-1044	,	neutral[13]	_	
8-18	1045-1051	Martin	neutral[13]	Politik/Soziales/Missstände[24]	
8-19	1052-1058	Luther	neutral[13]	Politik/Soziales/Missstände[24]	
8-20	1059-1063	King	neutral[13]	Politik/Soziales/Missstände[24]	
8-21	1064-1067	und	neutral[13]	_	
8-22	1068-1071	Che	neutral[13]	Politik/Soziales/Missstände[25]	
8-23	1072-1079	Guevara	neutral[13]	Politik/Soziales/Missstände[25]	
8-24	1079-1080	.	_	_	

#Text=Hey, ihr alten Kumpels und Desperados, lasst uns jetzt zusammen stehen, Mit der bunten Republik wird's gut nach vorne gehen, Mit Deutschland wird's gut nach vorne gehen, Es wird gut, es wird gut, es wird gut nach vorne gehen!
9-1	1085-1088	Hey	neutral[14]	_	
9-2	1088-1089	,	neutral[14]	_	
9-3	1090-1093	ihr	neutral[14]	_	
9-4	1094-1099	alten	neutral[14]	_	
9-5	1100-1107	Kumpels	neutral[14]	Liebe/Partnerschaft	
9-6	1108-1111	und	neutral[14]	_	
9-7	1112-1122	Desperados	neutral[14]	_	
9-8	1122-1123	,	neutral[14]	_	
9-9	1124-1129	lasst	neutral[14]	_	
9-10	1130-1133	uns	neutral[14]	_	
9-11	1134-1139	jetzt	neutral[14]	_	
9-12	1140-1148	zusammen	neutral[14]	_	
9-13	1149-1155	stehen	neutral[14]	_	
9-14	1155-1156	,	_	_	
9-15	1157-1160	Mit	positive[15]	_	
9-16	1161-1164	der	positive[15]	_	
9-17	1165-1171	bunten	positive[15]	Politik/Soziales/Missstände[26]	
9-18	1172-1180	Republik	positive[15]	Politik/Soziales/Missstände[26]	
9-19	1181-1187	wird's	positive[15]	_	
9-20	1188-1191	gut	positive[15]	_	
9-21	1192-1196	nach	positive[15]	_	
9-22	1197-1202	vorne	positive[15]	_	
9-23	1203-1208	gehen	positive[15]	_	
9-24	1208-1209	,	_	_	
9-25	1210-1213	Mit	positive[16]	_	
9-26	1214-1225	Deutschland	positive[16]	Politik/Soziales/Missstände	
9-27	1226-1232	wird's	positive[16]	_	
9-28	1233-1236	gut	positive[16]	_	
9-29	1237-1241	nach	positive[16]	_	
9-30	1242-1247	vorne	positive[16]	_	
9-31	1248-1253	gehen	positive[16]	_	
9-32	1253-1254	,	_	_	
9-33	1255-1257	Es	positive[17]	_	
9-34	1258-1262	wird	positive[17]	_	
9-35	1263-1266	gut	positive[17]	_	
9-36	1266-1267	,	positive[17]	_	
9-37	1268-1270	es	positive[17]	_	
9-38	1271-1275	wird	positive[17]	_	
9-39	1276-1279	gut	positive[17]	_	
9-40	1279-1280	,	positive[17]	_	
9-41	1281-1283	es	positive[17]	_	
9-42	1284-1288	wird	positive[17]	_	
9-43	1289-1292	gut	positive[17]	_	
9-44	1293-1297	nach	positive[17]	_	
9-45	1298-1303	vorne	positive[17]	_	
9-46	1304-1309	gehen	positive[17]	_	
9-47	1309-1310	!	_	_	
