#FORMAT=WebAnno TSV 3.2
#T_SP=webanno.custom.Sentiment|Polarity
#T_SP=webanno.custom.Topic|Topics


#Text=Früher nannte man ihn Kralle und er holte sie sich alle.
1-1	0-6	Früher	neutral[1]	_	
1-2	7-13	nannte	neutral[1]	_	
1-3	14-17	man	neutral[1]	_	
1-4	18-21	ihn	neutral[1]	_	
1-5	22-28	Kralle	neutral[1]	_	
1-6	29-32	und	neutral[1]	_	
1-7	33-35	er	neutral[1]	Liebe/Partnerschaft[19]	
1-8	36-41	holte	neutral[1]	Liebe/Partnerschaft[19]	
1-9	42-45	sie	neutral[1]	Liebe/Partnerschaft[19]	
1-10	46-50	sich	neutral[1]	Liebe/Partnerschaft[19]	
1-11	51-55	alle	neutral[1]	Liebe/Partnerschaft[19]	
1-12	55-56	.	neutral[1]	_	

#Text=Ob lang, ob kurz, ob schief, ob schräg, Frauen pflasterten seinen Weg.
2-1	57-59	Ob	neutral[2]	_	
2-2	60-64	lang	neutral[2]	_	
2-3	64-65	,	neutral[2]	_	
2-4	66-68	ob	neutral[2]	_	
2-5	69-73	kurz	neutral[2]	_	
2-6	73-74	,	neutral[2]	_	
2-7	75-77	ob	neutral[2]	_	
2-8	78-84	schief	neutral[2]	_	
2-9	84-85	,	neutral[2]	_	
2-10	86-88	ob	neutral[2]	_	
2-11	89-95	schräg	neutral[2]	_	
2-12	95-96	,	neutral[2]	_	
2-13	97-103	Frauen	neutral[2]	Liebe/Partnerschaft[20]	
2-14	104-115	pflasterten	neutral[2]	Liebe/Partnerschaft[20]	
2-15	116-122	seinen	neutral[2]	Liebe/Partnerschaft[20]	
2-16	123-126	Weg	neutral[2]	Liebe/Partnerschaft[20]	
2-17	126-127	.	neutral[2]	_	

#Text=Baby, sagt er immer, du siehst aus wie eine, die das verstehen kann, das Bett ist kalt bei mir zu Haus', ich brauch 'ne Wärmflasche mit zwei Ohren dran.
3-1	128-132	Baby	neutral[3]	Liebe/Partnerschaft	
3-2	132-133	,	neutral[3]	_	
3-3	134-138	sagt	neutral[3]	_	
3-4	139-141	er	neutral[3]	_	
3-5	142-147	immer	neutral[3]	_	
3-6	147-148	,	neutral[3]	_	
3-7	149-151	du	neutral[3]	_	
3-8	152-158	siehst	neutral[3]	_	
3-9	159-162	aus	neutral[3]	_	
3-10	163-166	wie	neutral[3]	_	
3-11	167-171	eine	neutral[3]	_	
3-12	171-172	,	neutral[3]	_	
3-13	173-176	die	neutral[3]	_	
3-14	177-180	das	neutral[3]	_	
3-15	181-190	verstehen	neutral[3]	_	
3-16	191-195	kann	neutral[3]	_	
3-17	195-196	,	neutral[3]	_	
3-18	197-200	das	neutral[3]	_	
3-19	201-205	Bett	neutral[3]	_	
3-20	206-209	ist	neutral[3]	_	
3-21	210-214	kalt	neutral[3]	_	
3-22	215-218	bei	neutral[3]	_	
3-23	219-222	mir	neutral[3]	_	
3-24	223-225	zu	neutral[3]	_	
3-25	226-230	Haus	neutral[3]	_	
3-26	230-231	'	neutral[3]	_	
3-27	231-232	,	neutral[3]	_	
3-28	233-236	ich	neutral[3]	_	
3-29	237-243	brauch	neutral[3]	_	
3-30	244-245	'	neutral[3]	_	
3-31	245-247	ne	neutral[3]	_	
3-32	248-259	Wärmflasche	neutral[3]	_	
3-33	260-263	mit	neutral[3]	_	
3-34	264-268	zwei	neutral[3]	_	
3-35	269-274	Ohren	neutral[3]	_	
3-36	275-279	dran	neutral[3]	_	
3-37	279-280	.	neutral[3]	_	

#Text=Kralle Kralle Kralle und er holte sie sich alle.
4-1	285-291	Kralle	neutral[4]	_	
4-2	292-298	Kralle	neutral[4]	_	
4-3	299-305	Kralle	neutral[4]	_	
4-4	306-309	und	neutral[4]	_	
4-5	310-312	er	neutral[4]	Liebe/Partnerschaft[21]	
4-6	313-318	holte	neutral[4]	Liebe/Partnerschaft[21]	
4-7	319-322	sie	neutral[4]	Liebe/Partnerschaft[21]	
4-8	323-327	sich	neutral[4]	Liebe/Partnerschaft[21]	
4-9	328-332	alle	neutral[4]	Liebe/Partnerschaft[21]	
4-10	332-333	.	neutral[4]	_	

#Text=Doch heute stehen sie da nicht mehr so drauf, nein, heute reißt Kralle kaum noch eine auf.
5-1	334-338	Doch	negative[5]	_	
5-2	339-344	heute	negative[5]	_	
5-3	345-351	stehen	negative[5]	_	
5-4	352-355	sie	negative[5]	_	
5-5	356-358	da	negative[5]	_	
5-6	359-364	nicht	negative[5]	_	
5-7	365-369	mehr	negative[5]	_	
5-8	370-372	so	negative[5]	_	
5-9	373-378	drauf	negative[5]	_	
5-10	378-379	,	negative[5]	_	
5-11	380-384	nein	negative[5]	_	
5-12	384-385	,	negative[5]	_	
5-13	386-391	heute	negative[5]	Liebe/Partnerschaft[22]	
5-14	392-397	reißt	negative[5]	Liebe/Partnerschaft[22]	
5-15	398-404	Kralle	negative[5]	Liebe/Partnerschaft[22]	
5-16	405-409	kaum	negative[5]	Liebe/Partnerschaft[22]	
5-17	410-414	noch	negative[5]	Liebe/Partnerschaft[22]	
5-18	415-419	eine	negative[5]	Liebe/Partnerschaft[22]	
5-19	420-423	auf	negative[5]	Liebe/Partnerschaft[22]	
5-20	423-424	.	negative[5]	_	

#Text=Tja, mit den Frauen ist das anders geworden besonders hier bei uns im Norden, sie sind nicht mehr so biegsam-schmiegsam-fügsam.
6-1	429-432	Tja	negative[6]	_	
6-2	432-433	,	negative[6]	_	
6-3	434-437	mit	negative[6]	_	
6-4	438-441	den	negative[6]	_	
6-5	442-448	Frauen	negative[6]	_	
6-6	449-452	ist	negative[6]	_	
6-7	453-456	das	negative[6]	_	
6-8	457-463	anders	negative[6]	_	
6-9	464-472	geworden	negative[6]	_	
6-10	473-482	besonders	negative[6]	_	
6-11	483-487	hier	negative[6]	_	
6-12	488-491	bei	negative[6]	_	
6-13	492-495	uns	negative[6]	_	
6-14	496-498	im	negative[6]	_	
6-15	499-505	Norden	negative[6]	_	
6-16	505-506	,	negative[6]	_	
6-17	507-510	sie	negative[6]	_	
6-18	511-515	sind	negative[6]	_	
6-19	516-521	nicht	negative[6]	_	
6-20	522-526	mehr	negative[6]	_	
6-21	527-529	so	negative[6]	_	
6-22	530-555	biegsam-schmiegsam-fügsam	negative[6]	Persönliches/Emotionen	
6-23	555-556	.	negative[6]	_	

#Text=In Thailand soll das anders sein, also schnell ins Flugzeug rein und so flog Kralle Schleckermann mit dem Vögel-Jet von Neckermann.
7-1	557-559	In	neutral[7]	_	
7-2	560-568	Thailand	neutral[7]	Reisen	
7-3	569-573	soll	neutral[7]	_	
7-4	574-577	das	neutral[7]	_	
7-5	578-584	anders	neutral[7]	_	
7-6	585-589	sein	neutral[7]	_	
7-7	589-590	,	neutral[7]	_	
7-8	591-595	also	neutral[7]	_	
7-9	596-603	schnell	neutral[7]	_	
7-10	604-607	ins	neutral[7]	_	
7-11	608-616	Flugzeug	neutral[7]	Reisen	
7-12	617-621	rein	neutral[7]	_	
7-13	622-625	und	neutral[7]	_	
7-14	626-628	so	neutral[7]	_	
7-15	629-633	flog	neutral[7]	_	
7-16	634-640	Kralle	neutral[7]	_	
7-17	641-654	Schleckermann	neutral[7]	_	
7-18	655-658	mit	neutral[7]	_	
7-19	659-662	dem	neutral[7]	_	
7-20	663-672	Vögel-Jet	neutral[7]	_	
7-21	673-676	von	neutral[7]	_	
7-22	677-687	Neckermann	neutral[7]	_	
7-23	687-688	.	neutral[7]	_	

#Text=Kralle Kralle Kralle und da hol' ich sie mir alle.
8-1	693-699	Kralle	neutral[8]	_	
8-2	700-706	Kralle	neutral[8]	_	
8-3	707-713	Kralle	neutral[8]	_	
8-4	714-717	und	neutral[8]	_	
8-5	718-720	da	neutral[8]	Liebe/Partnerschaft[23]	
8-6	721-724	hol	neutral[8]	Liebe/Partnerschaft[23]	
8-7	724-725	'	neutral[8]	Liebe/Partnerschaft[23]	
8-8	726-729	ich	neutral[8]	Liebe/Partnerschaft[23]	
8-9	730-733	sie	neutral[8]	Liebe/Partnerschaft[23]	
8-10	734-737	mir	neutral[8]	Liebe/Partnerschaft[23]	
8-11	738-742	alle	neutral[8]	Liebe/Partnerschaft[23]	
8-12	742-743	.	neutral[8]	_	

#Text=Im fernen Osten, wo sie wenig kosten, wenn die Weiber mich lieben, werden sie auf mich fliegen.
9-1	744-746	Im	positive[9]	_	
9-2	747-753	fernen	positive[9]	Reisen[24]	
9-3	754-759	Osten	positive[9]	Reisen[24]	
9-4	759-760	,	positive[9]	_	
9-5	761-763	wo	positive[9]	_	
9-6	764-767	sie	positive[9]	_	
9-7	768-773	wenig	positive[9]	_	
9-8	774-780	kosten	positive[9]	_	
9-9	780-781	,	positive[9]	_	
9-10	782-786	wenn	positive[9]	_	
9-11	787-790	die	positive[9]	_	
9-12	791-797	Weiber	positive[9]	Liebe/Partnerschaft	
9-13	798-802	mich	positive[9]	Liebe/Partnerschaft[25]	
9-14	803-809	lieben	positive[9]	Liebe/Partnerschaft[25]	
9-15	809-810	,	positive[9]	_	
9-16	811-817	werden	positive[9]	_	
9-17	818-821	sie	positive[9]	_	
9-18	822-825	auf	positive[9]	Liebe/Partnerschaft[26]	
9-19	826-830	mich	positive[9]	Liebe/Partnerschaft[26]	
9-20	831-838	fliegen	positive[9]	Liebe/Partnerschaft[26]	
9-21	838-839	.	positive[9]	_	

#Text=Und so nahm er den Tripper-Clipper nach Bangkok zur Pat-Pong-Road.
10-1	844-847	Und	neutral[10]	_	
10-2	848-850	so	neutral[10]	_	
10-3	851-855	nahm	neutral[10]	_	
10-4	856-858	er	neutral[10]	_	
10-5	859-862	den	neutral[10]	_	
10-6	863-878	Tripper-Clipper	neutral[10]	Gesundheit/Drogen	
10-7	879-883	nach	neutral[10]	_	
10-8	884-891	Bangkok	neutral[10]	Reisen	
10-9	892-895	zur	neutral[10]	_	
10-10	896-909	Pat-Pong-Road	neutral[10]	Reisen	
10-11	909-910	.	neutral[10]	_	

#Text=Ja das waren noch richtige Frauen und eine war ganz besonders devot und er nahm sie gleich mit nach Oldenburg, doch die Kleine war clever und sie blickt schnell durch, so'n Typ wie Kralle ist kein Gag und schon war sie weg.
11-1	911-913	Ja	negative[11]	_	
11-2	914-917	das	negative[11]	_	
11-3	918-923	waren	negative[11]	_	
11-4	924-928	noch	negative[11]	_	
11-5	929-937	richtige	negative[11]	Liebe/Partnerschaft[27]	
11-6	938-944	Frauen	negative[11]	Liebe/Partnerschaft[27]	
11-7	945-948	und	negative[11]	_	
11-8	949-953	eine	negative[11]	_	
11-9	954-957	war	negative[11]	_	
11-10	958-962	ganz	negative[11]	_	
11-11	963-972	besonders	negative[11]	_	
11-12	973-978	devot	negative[11]	Liebe/Partnerschaft	
11-13	979-982	und	negative[11]	_	
11-14	983-985	er	negative[11]	_	
11-15	986-990	nahm	negative[11]	_	
11-16	991-994	sie	negative[11]	_	
11-17	995-1001	gleich	negative[11]	_	
11-18	1002-1005	mit	negative[11]	_	
11-19	1006-1010	nach	negative[11]	_	
11-20	1011-1020	Oldenburg	negative[11]	Reisen	
11-21	1020-1021	,	negative[11]	_	
11-22	1022-1026	doch	negative[11]	_	
11-23	1027-1030	die	negative[11]	_	
11-24	1031-1037	Kleine	negative[11]	_	
11-25	1038-1041	war	negative[11]	_	
11-26	1042-1048	clever	negative[11]	Persönliches/Emotionen	
11-27	1049-1052	und	negative[11]	_	
11-28	1053-1056	sie	negative[11]	_	
11-29	1057-1063	blickt	negative[11]	_	
11-30	1064-1071	schnell	negative[11]	_	
11-31	1072-1077	durch	negative[11]	_	
11-32	1077-1078	,	negative[11]	_	
11-33	1079-1083	so'n	negative[11]	_	
11-34	1084-1087	Typ	negative[11]	_	
11-35	1088-1091	wie	negative[11]	_	
11-36	1092-1098	Kralle	negative[11]	_	
11-37	1099-1102	ist	negative[11]	_	
11-38	1103-1107	kein	negative[11]	_	
11-39	1108-1111	Gag	negative[11]	_	
11-40	1112-1115	und	negative[11]	_	
11-41	1116-1121	schon	negative[11]	_	
11-42	1122-1125	war	negative[11]	_	
11-43	1126-1129	sie	negative[11]	_	
11-44	1130-1133	weg	negative[11]	_	
11-45	1133-1134	.	negative[11]	_	

#Text=Kralle Kralle Kralle und jetzt machen sie dich alle, die Macker-Macho-Zeiten sind rum, geh' in die Wixelstube, tausch deine blöden Sprüche um.
12-1	1139-1145	Kralle	negative[12]	_	
12-2	1146-1152	Kralle	negative[12]	_	
12-3	1153-1159	Kralle	negative[12]	_	
12-4	1160-1163	und	negative[12]	_	
12-5	1164-1169	jetzt	negative[12]	Persönliches/Emotionen[28]	
12-6	1170-1176	machen	negative[12]	Persönliches/Emotionen[28]	
12-7	1177-1180	sie	negative[12]	Persönliches/Emotionen[28]	
12-8	1181-1185	dich	negative[12]	Persönliches/Emotionen[28]	
12-9	1186-1190	alle	negative[12]	Persönliches/Emotionen[28]	
12-10	1190-1191	,	negative[12]	_	
12-11	1192-1195	die	negative[12]	_	
12-12	1196-1215	Macker-Macho-Zeiten	negative[12]	Persönliches/Emotionen	
12-13	1216-1220	sind	negative[12]	_	
12-14	1221-1224	rum	negative[12]	_	
12-15	1224-1225	,	negative[12]	_	
12-16	1226-1229	geh	negative[12]	_	
12-17	1229-1230	'	negative[12]	_	
12-18	1231-1233	in	negative[12]	_	
12-19	1234-1237	die	negative[12]	_	
12-20	1238-1248	Wixelstube	negative[12]	Liebe/Partnerschaft	
12-21	1248-1249	,	negative[12]	_	
12-22	1250-1256	tausch	negative[12]	_	
12-23	1257-1262	deine	negative[12]	Persönliches/Emotionen[29]	
12-24	1263-1269	blöden	negative[12]	Persönliches/Emotionen[29]	
12-25	1270-1277	Sprüche	negative[12]	Persönliches/Emotionen[29]	
12-26	1278-1280	um	negative[12]	_	
12-27	1280-1281	.	negative[12]	_	

#Text=Kralle Kralle Kralle und jetzt machen sie dich alle.
13-1	1286-1292	Kralle	negative[13]	_	
13-2	1293-1299	Kralle	negative[13]	_	
13-3	1300-1306	Kralle	negative[13]	_	
13-4	1307-1310	und	negative[13]	_	
13-5	1311-1316	jetzt	negative[13]	Persönliches/Emotionen[30]	
13-6	1317-1323	machen	negative[13]	Persönliches/Emotionen[30]	
13-7	1324-1327	sie	negative[13]	Persönliches/Emotionen[30]	
13-8	1328-1332	dich	negative[13]	Persönliches/Emotionen[30]	
13-9	1333-1337	alle	negative[13]	Persönliches/Emotionen[30]	
13-10	1337-1338	.	negative[13]	_	

#Text=Kralle Kralle Kralle und jetzt machen sie dich alle.
14-1	1339-1345	Kralle	negative[14]	_	
14-2	1346-1352	Kralle	negative[14]	_	
14-3	1353-1359	Kralle	negative[14]	_	
14-4	1360-1363	und	negative[14]	_	
14-5	1364-1369	jetzt	negative[14]	Persönliches/Emotionen[31]	
14-6	1370-1376	machen	negative[14]	Persönliches/Emotionen[31]	
14-7	1377-1380	sie	negative[14]	Persönliches/Emotionen[31]	
14-8	1381-1385	dich	negative[14]	Persönliches/Emotionen[31]	
14-9	1386-1390	alle	negative[14]	Persönliches/Emotionen[31]	
14-10	1390-1391	.	negative[14]	_	

#Text=Kralle Kralle Kralle, deine Zeiten sind jetzt rum, geh' mal in die Wixelstube, tausch deine blöden Sprüche um.
15-1	1392-1398	Kralle	negative[15]	_	
15-2	1399-1405	Kralle	negative[15]	_	
15-3	1406-1412	Kralle	negative[15]	_	
15-4	1412-1413	,	negative[15]	_	
15-5	1414-1419	deine	negative[15]	_	
15-6	1420-1426	Zeiten	negative[15]	_	
15-7	1427-1431	sind	negative[15]	_	
15-8	1432-1437	jetzt	negative[15]	_	
15-9	1438-1441	rum	negative[15]	_	
15-10	1441-1442	,	negative[15]	_	
15-11	1443-1446	geh	negative[15]	_	
15-12	1446-1447	'	negative[15]	_	
15-13	1448-1451	mal	negative[15]	_	
15-14	1452-1454	in	negative[15]	_	
15-15	1455-1458	die	negative[15]	_	
15-16	1459-1469	Wixelstube	negative[15]	Liebe/Partnerschaft	
15-17	1469-1470	,	negative[15]	_	
15-18	1471-1477	tausch	negative[15]	_	
15-19	1478-1483	deine	negative[15]	Persönliches/Emotionen[32]	
15-20	1484-1490	blöden	negative[15]	Persönliches/Emotionen[32]	
15-21	1491-1498	Sprüche	negative[15]	Persönliches/Emotionen[32]	
15-22	1499-1501	um	negative[15]	_	
15-23	1501-1502	.	negative[15]	_	

#Text=Kralle Kralle Kralle und jetzt machen sie dich alle mit deinem Chauvi-Maocho-Macker-Stuss.
16-1	1507-1513	Kralle	negative[16]	_	
16-2	1514-1520	Kralle	negative[16]	_	
16-3	1521-1527	Kralle	negative[16]	_	
16-4	1528-1531	und	negative[16]	_	
16-5	1532-1537	jetzt	negative[16]	Persönliches/Emotionen[33]	
16-6	1538-1544	machen	negative[16]	Persönliches/Emotionen[33]	
16-7	1545-1548	sie	negative[16]	Persönliches/Emotionen[33]	
16-8	1549-1553	dich	negative[16]	Persönliches/Emotionen[33]	
16-9	1554-1558	alle	negative[16]	Persönliches/Emotionen[33]	
16-10	1559-1562	mit	negative[16]	_	
16-11	1563-1569	deinem	negative[16]	Persönliches/Emotionen[34]	
16-12	1570-1596	Chauvi-Maocho-Macker-Stuss	negative[16]	Persönliches/Emotionen[34]	
16-13	1596-1597	.	negative[16]	_	

#Text=Keine Nummer unter diesem Anschluss.
17-1	1598-1603	Keine	neutral[17]	_	
17-2	1604-1610	Nummer	neutral[17]	_	
17-3	1611-1616	unter	neutral[17]	_	
17-4	1617-1623	diesem	neutral[17]	_	
17-5	1624-1633	Anschluss	neutral[17]	_	
17-6	1633-1634	.	neutral[17]	_	

#Text=Kein Nümmerchen unter diesem Anschluss.
18-1	1639-1643	Kein	neutral[18]	Liebe/Partnerschaft[35]	
18-2	1644-1654	Nümmerchen	neutral[18]	Liebe/Partnerschaft[35]	
18-3	1655-1660	unter	neutral[18]	_	
18-4	1661-1667	diesem	neutral[18]	_	
18-5	1668-1677	Anschluss	neutral[18]	_	
18-6	1677-1678	.	neutral[18]	_	
