#FORMAT=WebAnno TSV 3.2
#T_SP=webanno.custom.Sentiment|Polarity
#T_SP=webanno.custom.Topic|Topics


#Text=Jenny, Jenny, Jenny ging noch zur Schule, doch was da passierte, nervte sie sehr.
1-1	0-5	Jenny	negative[1]	_	
1-2	5-6	,	negative[1]	_	
1-3	7-12	Jenny	negative[1]	_	
1-4	12-13	,	negative[1]	_	
1-5	14-19	Jenny	negative[1]	_	
1-6	20-24	ging	negative[1]	_	
1-7	25-29	noch	negative[1]	_	
1-8	30-33	zur	negative[1]	_	
1-9	34-40	Schule	negative[1]	_	
1-10	40-41	,	negative[1]	_	
1-11	42-46	doch	negative[1]	_	
1-12	47-50	was	negative[1]	_	
1-13	51-53	da	negative[1]	_	
1-14	54-63	passierte	negative[1]	_	
1-15	63-64	,	negative[1]	_	
1-16	65-71	nervte	negative[1]	Persönliches/Emotionen[15]	
1-17	72-75	sie	negative[1]	Persönliches/Emotionen[15]	
1-18	76-80	sehr	negative[1]	Persönliches/Emotionen[15]	
1-19	80-81	.	negative[1]	_	

#Text=Die streben da rum, die Beamten von morgen.
2-1	82-85	Die	neutral[2]	_	
2-2	86-93	streben	neutral[2]	Persönliches/Emotionen	
2-3	94-96	da	neutral[2]	_	
2-4	97-100	rum	neutral[2]	_	
2-5	100-101	,	neutral[2]	_	
2-6	102-105	die	neutral[2]	_	
2-7	106-113	Beamten	neutral[2]	Politik/Soziales/Missstände	
2-8	114-117	von	neutral[2]	_	
2-9	118-124	morgen	neutral[2]	_	
2-10	124-125	.	neutral[2]	_	

#Text=Horror vor der Zukunft, Zeugnissorgen, gerade erst sechzehn, doch jetzt schon keine Power mehr.
3-1	126-132	Horror	negative[3]	Persönliches/Emotionen[16]	
3-2	133-136	vor	negative[3]	Persönliches/Emotionen[16]	
3-3	137-140	der	negative[3]	Persönliches/Emotionen[16]	
3-4	141-148	Zukunft	negative[3]	Persönliches/Emotionen[16]	
3-5	148-149	,	negative[3]	_	
3-6	150-163	Zeugnissorgen	negative[3]	Persönliches/Emotionen	
3-7	163-164	,	negative[3]	_	
3-8	165-171	gerade	negative[3]	_	
3-9	172-176	erst	negative[3]	_	
3-10	177-185	sechzehn	negative[3]	_	
3-11	185-186	,	negative[3]	_	
3-12	187-191	doch	negative[3]	_	
3-13	192-197	jetzt	negative[3]	_	
3-14	198-203	schon	negative[3]	_	
3-15	204-209	keine	negative[3]	Persönliches/Emotionen[17]	
3-16	210-215	Power	negative[3]	Persönliches/Emotionen[17]	
3-17	216-220	mehr	negative[3]	Persönliches/Emotionen[17]	
3-18	220-221	.	negative[3]	_	

#Text=Selten, dass mal einer das Maul aufmacht und dem Pauker so richtig die Meinung sagt, die Duckmäuser kriechen ihm lieber barsch für 'ne gute Note in den...
4-1	222-228	Selten	negative[4]	_	
4-2	228-229	,	negative[4]	_	
4-3	230-234	dass	negative[4]	_	
4-4	235-238	mal	negative[4]	_	
4-5	239-244	einer	negative[4]	_	
4-6	245-248	das	negative[4]	_	
4-7	249-253	Maul	negative[4]	_	
4-8	254-262	aufmacht	negative[4]	_	
4-9	263-266	und	negative[4]	_	
4-10	267-270	dem	negative[4]	_	
4-11	271-277	Pauker	negative[4]	_	
4-12	278-280	so	negative[4]	_	
4-13	281-288	richtig	negative[4]	_	
4-14	289-292	die	negative[4]	_	
4-15	293-300	Meinung	negative[4]	_	
4-16	301-305	sagt	negative[4]	_	
4-17	305-306	,	negative[4]	_	
4-18	307-310	die	negative[4]	_	
4-19	311-321	Duckmäuser	negative[4]	Politik/Soziales/Missstände	
4-20	322-330	kriechen	negative[4]	_	
4-21	331-334	ihm	negative[4]	_	
4-22	335-341	lieber	negative[4]	_	
4-23	342-348	barsch	negative[4]	_	
4-24	349-352	für	negative[4]	_	
4-25	353-354	'	negative[4]	_	
4-26	354-356	ne	negative[4]	_	
4-27	357-361	gute	negative[4]	_	
4-28	362-366	Note	negative[4]	_	
4-29	367-369	in	negative[4]	_	
4-30	370-373	den	negative[4]	_	
4-31	373-374	.	negative[4]	_	
4-32	374-375	.	negative[4]	_	
4-33	375-376	.	negative[4]	_	

#Text=Und Jenny denkt: Weg, weg, abhauen, weg, ich mach 'ne Biege, ich mach 'ne Fliege, weg, weg, abhauen, weg, ich will Randale.
5-1	381-384	Und	negative[5]	_	
5-2	385-390	Jenny	negative[5]	_	
5-3	391-396	denkt	negative[5]	_	
5-4	396-397	:	negative[5]	_	
5-5	398-401	Weg	negative[5]	_	
5-6	401-402	,	negative[5]	_	
5-7	403-406	weg	negative[5]	_	
5-8	406-407	,	negative[5]	_	
5-9	408-415	abhauen	negative[5]	_	
5-10	415-416	,	negative[5]	_	
5-11	417-420	weg	negative[5]	_	
5-12	420-421	,	negative[5]	_	
5-13	422-425	ich	negative[5]	_	
5-14	426-430	mach	negative[5]	Persönliches/Emotionen[18]	
5-15	431-432	'	negative[5]	Persönliches/Emotionen[18]	
5-16	432-434	ne	negative[5]	Persönliches/Emotionen[18]	
5-17	435-440	Biege	negative[5]	Persönliches/Emotionen[18]	
5-18	440-441	,	negative[5]	_	
5-19	442-445	ich	negative[5]	_	
5-20	446-450	mach	negative[5]	Persönliches/Emotionen[19]	
5-21	451-452	'	negative[5]	Persönliches/Emotionen[19]	
5-22	452-454	ne	negative[5]	Persönliches/Emotionen[19]	
5-23	455-461	Fliege	negative[5]	Persönliches/Emotionen[19]	
5-24	461-462	,	negative[5]	_	
5-25	463-466	weg	negative[5]	_	
5-26	466-467	,	negative[5]	_	
5-27	468-471	weg	negative[5]	_	
5-28	471-472	,	negative[5]	_	
5-29	473-480	abhauen	negative[5]	_	
5-30	480-481	,	negative[5]	_	
5-31	482-485	weg	negative[5]	_	
5-32	485-486	,	negative[5]	_	
5-33	487-490	ich	negative[5]	_	
5-34	491-495	will	negative[5]	_	
5-35	496-503	Randale	negative[5]	Politik/Soziales/Missstände	
5-36	503-504	.	negative[5]	_	

#Text=Jenny, Jenny, Jenny schloss sich ein in ihr Zimmer, sie knallt den Saphir in die Rille und abends in der Küche klopft der Alte seine Sprüche: "Du siehst das alles durch die falsche Brille, denk an Krise und Inflation, sonst landest du später bei der Bahnhofsmission."
6-1	509-514	Jenny	negative[6]	_	
6-2	514-515	,	negative[6]	_	
6-3	516-521	Jenny	negative[6]	_	
6-4	521-522	,	negative[6]	_	
6-5	523-528	Jenny	negative[6]	_	
6-6	529-536	schloss	negative[6]	_	
6-7	537-541	sich	negative[6]	_	
6-8	542-545	ein	negative[6]	_	
6-9	546-548	in	negative[6]	_	
6-10	549-552	ihr	negative[6]	_	
6-11	553-559	Zimmer	negative[6]	_	
6-12	559-560	,	negative[6]	_	
6-13	561-564	sie	negative[6]	_	
6-14	565-571	knallt	negative[6]	_	
6-15	572-575	den	negative[6]	_	
6-16	576-582	Saphir	negative[6]	_	
6-17	583-585	in	negative[6]	_	
6-18	586-589	die	negative[6]	_	
6-19	590-595	Rille	negative[6]	_	
6-20	596-599	und	negative[6]	_	
6-21	600-606	abends	negative[6]	_	
6-22	607-609	in	negative[6]	_	
6-23	610-613	der	negative[6]	_	
6-24	614-619	Küche	negative[6]	_	
6-25	620-626	klopft	negative[6]	_	
6-26	627-630	der	negative[6]	_	
6-27	631-635	Alte	negative[6]	_	
6-28	636-641	seine	negative[6]	_	
6-29	642-649	Sprüche	negative[6]	_	
6-30	649-650	:	negative[6]	_	
6-31	651-652	"	negative[6]	_	
6-32	652-654	Du	negative[6]	_	
6-33	655-661	siehst	negative[6]	_	
6-34	662-665	das	negative[6]	_	
6-35	666-671	alles	negative[6]	_	
6-36	672-677	durch	negative[6]	_	
6-37	678-681	die	negative[6]	_	
6-38	682-689	falsche	negative[6]	_	
6-39	690-696	Brille	negative[6]	_	
6-40	696-697	,	negative[6]	_	
6-41	698-702	denk	negative[6]	_	
6-42	703-705	an	negative[6]	_	
6-43	706-711	Krise	negative[6]	Politik/Soziales/Missstände[20]	
6-44	712-715	und	negative[6]	Politik/Soziales/Missstände[20]	
6-45	716-725	Inflation	negative[6]	Politik/Soziales/Missstände[20]	
6-46	725-726	,	negative[6]	_	
6-47	727-732	sonst	negative[6]	_	
6-48	733-740	landest	negative[6]	_	
6-49	741-743	du	negative[6]	_	
6-50	744-750	später	negative[6]	_	
6-51	751-754	bei	negative[6]	_	
6-52	755-758	der	negative[6]	_	
6-53	759-774	Bahnhofsmission	negative[6]	Politik/Soziales/Missstände	
6-54	774-775	.	negative[6]	_	
6-55	775-776	"	_	_	

#Text=Und so wühlt in ihr der totale Stress wie das Ungeheuer von Loch Ness.
7-1	781-784	Und	negative[7]	_	
7-2	785-787	so	negative[7]	_	
7-3	788-793	wühlt	negative[7]	_	
7-4	794-796	in	negative[7]	_	
7-5	797-800	ihr	negative[7]	_	
7-6	801-804	der	negative[7]	Persönliches/Emotionen[21]	
7-7	805-811	totale	negative[7]	Persönliches/Emotionen[21]	
7-8	812-818	Stress	negative[7]	Persönliches/Emotionen[21]	
7-9	819-822	wie	negative[7]	_	
7-10	823-826	das	negative[7]	_	
7-11	827-836	Ungeheuer	negative[7]	Reisen[22]	
7-12	837-840	von	negative[7]	Reisen[22]	
7-13	841-845	Loch	negative[7]	Reisen[22]	
7-14	846-850	Ness	negative[7]	Reisen[22]	
7-15	850-851	.	negative[7]	_	

#Text=Abenteuerträume, große weite Welt und dann hat sie sich an die Autobahn gestellt.
8-1	852-867	Abenteuerträume	neutral[8]	Reisen	
8-2	867-868	,	neutral[8]	_	
8-3	869-874	große	neutral[8]	Reisen[23]	
8-4	875-880	weite	neutral[8]	Reisen[23]	
8-5	881-885	Welt	neutral[8]	Reisen[23]	
8-6	886-889	und	neutral[8]	_	
8-7	890-894	dann	neutral[8]	_	
8-8	895-898	hat	neutral[8]	_	
8-9	899-902	sie	neutral[8]	_	
8-10	903-907	sich	neutral[8]	_	
8-11	908-910	an	neutral[8]	_	
8-12	911-914	die	neutral[8]	_	
8-13	915-923	Autobahn	neutral[8]	Reisen	
8-14	924-932	gestellt	neutral[8]	_	
8-15	932-933	.	neutral[8]	_	

#Text=Weg, weg, abhauen, weg, ich mach 'ne Biege, ich mach 'ne Fliege, weg, weg, abhauen, weg, ich will Randale.
9-1	938-941	Weg	neutral[9]	_	
9-2	941-942	,	neutral[9]	_	
9-3	943-946	weg	neutral[9]	_	
9-4	946-947	,	neutral[9]	_	
9-5	948-955	abhauen	neutral[9]	_	
9-6	955-956	,	neutral[9]	_	
9-7	957-960	weg	neutral[9]	_	
9-8	960-961	,	neutral[9]	_	
9-9	962-965	ich	neutral[9]	_	
9-10	966-970	mach	neutral[9]	Persönliches/Emotionen[24]	
9-11	971-972	'	neutral[9]	Persönliches/Emotionen[24]	
9-12	972-974	ne	neutral[9]	Persönliches/Emotionen[24]	
9-13	975-980	Biege	neutral[9]	Persönliches/Emotionen[24]	
9-14	980-981	,	neutral[9]	_	
9-15	982-985	ich	neutral[9]	_	
9-16	986-990	mach	neutral[9]	Persönliches/Emotionen[25]	
9-17	991-992	'	neutral[9]	Persönliches/Emotionen[25]	
9-18	992-994	ne	neutral[9]	Persönliches/Emotionen[25]	
9-19	995-1001	Fliege	neutral[9]	Persönliches/Emotionen[25]	
9-20	1001-1002	,	neutral[9]	_	
9-21	1003-1006	weg	neutral[9]	_	
9-22	1006-1007	,	neutral[9]	_	
9-23	1008-1011	weg	neutral[9]	_	
9-24	1011-1012	,	neutral[9]	_	
9-25	1013-1020	abhauen	neutral[9]	_	
9-26	1020-1021	,	neutral[9]	_	
9-27	1022-1025	weg	neutral[9]	_	
9-28	1025-1026	,	neutral[9]	_	
9-29	1027-1030	ich	neutral[9]	_	
9-30	1031-1035	will	neutral[9]	_	
9-31	1036-1043	Randale	neutral[9]	Politik/Soziales/Missstände	
9-32	1043-1044	.	neutral[9]	_	

#Text=Und dann kam sie an in München an der Isar und sie törnte sich an, bis sie schief war wie der Turm von Pisa.
10-1	1049-1052	Und	neutral[10]	_	
10-2	1053-1057	dann	neutral[10]	_	
10-3	1058-1061	kam	neutral[10]	_	
10-4	1062-1065	sie	neutral[10]	_	
10-5	1066-1068	an	neutral[10]	_	
10-6	1069-1071	in	neutral[10]	_	
10-7	1072-1079	München	neutral[10]	Reisen[26]	
10-8	1080-1082	an	neutral[10]	Reisen[26]	
10-9	1083-1086	der	neutral[10]	Reisen[26]	
10-10	1087-1091	Isar	neutral[10]	Reisen[26]	
10-11	1092-1095	und	neutral[10]	_	
10-12	1096-1099	sie	neutral[10]	_	
10-13	1100-1106	törnte	neutral[10]	Liebe/Partnerschaft[27]	
10-14	1107-1111	sich	neutral[10]	Liebe/Partnerschaft[27]	
10-15	1112-1114	an	neutral[10]	Liebe/Partnerschaft[27]	
10-16	1114-1115	,	neutral[10]	_	
10-17	1116-1119	bis	neutral[10]	_	
10-18	1120-1123	sie	neutral[10]	_	
10-19	1124-1130	schief	neutral[10]	_	
10-20	1131-1134	war	neutral[10]	_	
10-21	1135-1138	wie	neutral[10]	_	
10-22	1139-1142	der	neutral[10]	_	
10-23	1143-1147	Turm	neutral[10]	Reisen[28]	
10-24	1148-1151	von	neutral[10]	Reisen[28]	
10-25	1152-1156	Pisa	neutral[10]	Reisen[28]	
10-26	1156-1157	.	neutral[10]	_	

#Text=Sie rannte da rum auf der Suche nach Sensationen, sie sagte: "Oh Mann, das verschärfte Leben fängt an."
11-1	1158-1161	Sie	positive[11]	_	
11-2	1162-1168	rannte	positive[11]	_	
11-3	1169-1171	da	positive[11]	_	
11-4	1172-1175	rum	positive[11]	_	
11-5	1176-1179	auf	positive[11]	_	
11-6	1180-1183	der	positive[11]	_	
11-7	1184-1189	Suche	positive[11]	_	
11-8	1190-1194	nach	positive[11]	_	
11-9	1195-1206	Sensationen	positive[11]	Persönliches/Emotionen	
11-10	1206-1207	,	positive[11]	_	
11-11	1208-1211	sie	positive[11]	_	
11-12	1212-1217	sagte	positive[11]	_	
11-13	1217-1218	:	positive[11]	_	
11-14	1219-1220	"	positive[11]	_	
11-15	1220-1222	Oh	positive[11]	_	
11-16	1223-1227	Mann	positive[11]	_	
11-17	1227-1228	,	positive[11]	_	
11-18	1229-1232	das	positive[11]	Persönliches/Emotionen[29]	
11-19	1233-1244	verschärfte	positive[11]	Persönliches/Emotionen[29]	
11-20	1245-1250	Leben	positive[11]	Persönliches/Emotionen[29]	
11-21	1251-1256	fängt	positive[11]	_	
11-22	1257-1259	an	positive[11]	_	
11-23	1259-1260	.	positive[11]	_	
11-24	1260-1261	"	positive[11]	_	

#Text=Und abends ging sie in den Larry-Laden, wo die Band lärmte, für die sie so schwärmte.
12-1	1266-1269	Und	positive[12]	_	
12-2	1270-1276	abends	positive[12]	_	
12-3	1277-1281	ging	positive[12]	_	
12-4	1282-1285	sie	positive[12]	_	
12-5	1286-1288	in	positive[12]	_	
12-6	1289-1292	den	positive[12]	_	
12-7	1293-1304	Larry-Laden	positive[12]	_	
12-8	1304-1305	,	positive[12]	_	
12-9	1306-1308	wo	positive[12]	_	
12-10	1309-1312	die	positive[12]	Musik[30]	
12-11	1313-1317	Band	positive[12]	Musik[30]	
12-12	1318-1324	lärmte	positive[12]	Musik[30]	
12-13	1324-1325	,	positive[12]	_	
12-14	1326-1329	für	positive[12]	_	
12-15	1330-1333	die	positive[12]	_	
12-16	1334-1337	sie	positive[12]	_	
12-17	1338-1340	so	positive[12]	_	
12-18	1341-1350	schwärmte	positive[12]	Liebe/Partnerschaft	
12-19	1350-1351	.	positive[12]	_	

#Text=Sie traf einen Typ mit der gleichen Antenne und ausgerechnet der war Lehrer an 'ner Penne und als sie sich dann liebten, sagte er: "Jenny, weißt du, manchmal möcht' ich auch weg, weg, abhauen, weg, doch eigentlich hat Flüchten auch keinen Zweck.
13-1	1352-1355	Sie	negative[13]	_	
13-2	1356-1360	traf	negative[13]	_	
13-3	1361-1366	einen	negative[13]	_	
13-4	1367-1370	Typ	negative[13]	_	
13-5	1371-1374	mit	negative[13]	_	
13-6	1375-1378	der	negative[13]	_	
13-7	1379-1387	gleichen	negative[13]	_	
13-8	1388-1395	Antenne	negative[13]	_	
13-9	1396-1399	und	negative[13]	_	
13-10	1400-1412	ausgerechnet	negative[13]	_	
13-11	1413-1416	der	negative[13]	_	
13-12	1417-1420	war	negative[13]	_	
13-13	1421-1427	Lehrer	negative[13]	_	
13-14	1428-1430	an	negative[13]	_	
13-15	1431-1432	'	negative[13]	_	
13-16	1432-1435	ner	negative[13]	_	
13-17	1436-1441	Penne	negative[13]	_	
13-18	1442-1445	und	negative[13]	_	
13-19	1446-1449	als	negative[13]	Liebe/Partnerschaft[31]	
13-20	1450-1453	sie	negative[13]	Liebe/Partnerschaft[31]	
13-21	1454-1458	sich	negative[13]	Liebe/Partnerschaft[31]	
13-22	1459-1463	dann	negative[13]	Liebe/Partnerschaft[31]	
13-23	1464-1471	liebten	negative[13]	Liebe/Partnerschaft[31]	
13-24	1471-1472	,	negative[13]	_	
13-25	1473-1478	sagte	negative[13]	_	
13-26	1479-1481	er	negative[13]	_	
13-27	1481-1482	:	negative[13]	_	
13-28	1483-1484	"	negative[13]	_	
13-29	1484-1489	Jenny	negative[13]	_	
13-30	1489-1490	,	negative[13]	_	
13-31	1491-1496	weißt	negative[13]	_	
13-32	1497-1499	du	negative[13]	_	
13-33	1499-1500	,	negative[13]	_	
13-34	1501-1509	manchmal	negative[13]	_	
13-35	1510-1515	möcht	negative[13]	_	
13-36	1515-1516	'	negative[13]	_	
13-37	1517-1520	ich	negative[13]	_	
13-38	1521-1525	auch	negative[13]	_	
13-39	1526-1529	weg	negative[13]	_	
13-40	1529-1530	,	negative[13]	_	
13-41	1531-1534	weg	negative[13]	_	
13-42	1534-1535	,	negative[13]	_	
13-43	1536-1543	abhauen	negative[13]	_	
13-44	1543-1544	,	negative[13]	_	
13-45	1545-1548	weg	negative[13]	_	
13-46	1548-1549	,	negative[13]	_	
13-47	1550-1554	doch	negative[13]	_	
13-48	1555-1565	eigentlich	negative[13]	_	
13-49	1566-1569	hat	negative[13]	_	
13-50	1570-1578	Flüchten	negative[13]	_	
13-51	1579-1583	auch	negative[13]	_	
13-52	1584-1590	keinen	negative[13]	Persönliches/Emotionen[32]	
13-53	1591-1596	Zweck	negative[13]	Persönliches/Emotionen[32]	
13-54	1596-1597	.	negative[13]	_	

#Text=Wir könnten zwar los, auf Never Come Back doch die Schule ändern, das wär' der Gag."
14-1	1598-1601	Wir	*[14]	_	
14-2	1602-1609	könnten	*[14]	_	
14-3	1610-1614	zwar	*[14]	_	
14-4	1615-1618	los	*[14]	_	
14-5	1618-1619	,	*[14]	_	
14-6	1620-1623	auf	*[14]	_	
14-7	1624-1629	Never	*[14]	_	
14-8	1630-1634	Come	*[14]	_	
14-9	1635-1639	Back	*[14]	_	
14-10	1640-1644	doch	*[14]	_	
14-11	1645-1648	die	*[14]	_	
14-12	1649-1655	Schule	*[14]	_	
14-13	1656-1662	ändern	*[14]	_	
14-14	1662-1663	,	*[14]	_	
14-15	1664-1667	das	*[14]	_	
14-16	1668-1671	wär	*[14]	_	
14-17	1671-1672	'	*[14]	_	
14-18	1673-1676	der	*[14]	_	
14-19	1677-1680	Gag	*[14]	_	
14-20	1680-1681	.	*[14]	_	
14-21	1681-1682	"	*[14]	_	
