#FORMAT=WebAnno TSV 3.2
#T_SP=webanno.custom.Sentiment|Polarity
#T_SP=webanno.custom.Topic|Topics


#Text=Wir trafen uns im Park-Cafe , Ich hätt' dich beinah' nicht geseh'n .
1-1	0-3	Wir	negative[1]	_	
1-2	4-10	trafen	negative[1]	_	
1-3	11-14	uns	negative[1]	_	
1-4	15-17	im	negative[1]	_	
1-5	18-27	Park-Cafe	negative[1]	_	
1-6	28-29	,	negative[1]	_	
1-7	30-33	Ich	negative[1]	_	
1-8	34-38	hätt	negative[1]	_	
1-9	38-39	'	negative[1]	_	
1-10	40-44	dich	negative[1]	_	
1-11	45-51	beinah	negative[1]	_	
1-12	51-52	'	negative[1]	_	
1-13	53-58	nicht	negative[1]	_	
1-14	59-66	geseh'n	negative[1]	_	
1-15	67-68	.	_	_	

#Text=Man kennt die schönen, scheuen Frau'n , Die gern in dunklen Ecken stehn.
2-1	69-72	Man	neutral[2]	_	
2-2	73-78	kennt	neutral[2]	_	
2-3	79-82	die	neutral[2]	_	
2-4	83-90	schönen	neutral[2]	_	
2-5	90-91	,	neutral[2]	_	
2-6	92-99	scheuen	neutral[2]	_	
2-7	100-106	Frau'n	neutral[2]	_	
2-8	107-108	,	neutral[2]	_	
2-9	109-112	Die	neutral[2]	_	
2-10	113-117	gern	neutral[2]	_	
2-11	118-120	in	neutral[2]	_	
2-12	121-128	dunklen	neutral[2]	Politik/Soziales/Missstände[20]	
2-13	129-134	Ecken	neutral[2]	Politik/Soziales/Missstände[20]	
2-14	135-140	stehn	neutral[2]	_	
2-15	140-141	.	_	_	

#Text=Ich denk', ich geh' mal rüber , ... ist die toll!
3-1	146-149	Ich	positive[3]	_	
3-2	150-154	denk	positive[3]	_	
3-3	154-155	'	positive[3]	_	
3-4	155-156	,	positive[3]	_	
3-5	157-160	ich	positive[3]	_	
3-6	161-164	geh	positive[3]	_	
3-7	164-165	'	positive[3]	_	
3-8	166-169	mal	positive[3]	_	
3-9	170-175	rüber	positive[3]	_	
3-10	176-177	,	positive[3]	_	
3-11	178-179	.	positive[3]	_	
3-12	179-180	.	positive[3]	_	
3-13	180-181	.	positive[3]	_	
3-14	182-185	ist	positive[3]	_	
3-15	186-189	die	positive[3]	_	
3-16	190-194	toll	positive[3]	Liebe/Partnerschaft	
3-17	194-195	!	positive[3]	_	

#Text=Und sprech' mit ihr mal drüber, wie das jetzt mit uns laufen soll?
4-1	197-200	Und	positive[4]	_	
4-2	201-207	sprech	positive[4]	_	
4-3	207-208	'	positive[4]	_	
4-4	209-212	mit	positive[4]	_	
4-5	213-216	ihr	positive[4]	_	
4-6	217-220	mal	positive[4]	_	
4-7	221-227	drüber	positive[4]	_	
4-8	227-228	,	positive[4]	_	
4-9	229-232	wie	positive[4]	_	
4-10	233-236	das	positive[4]	_	
4-11	237-242	jetzt	positive[4]	_	
4-12	243-246	mit	positive[4]	Liebe/Partnerschaft[21]	
4-13	247-250	uns	positive[4]	Liebe/Partnerschaft[21]	
4-14	251-257	laufen	positive[4]	Liebe/Partnerschaft[21]	
4-15	258-262	soll	positive[4]	_	
4-16	262-263	?	positive[4]	_	

#Text=Bist du vom KGB  oder vom MAD  oder vom CIA?
5-1	268-272	Bist	negative[5]	_	
5-2	273-275	du	negative[5]	_	
5-3	276-279	vom	negative[5]	_	
5-4	280-283	KGB	negative[5]	Politik/Soziales/Missstände	
5-5	285-289	oder	negative[5]	_	
5-6	290-293	vom	negative[5]	_	
5-7	294-297	MAD	negative[5]	Politik/Soziales/Missstände	
5-8	299-303	oder	negative[5]	_	
5-9	304-307	vom	negative[5]	_	
5-10	308-311	CIA	negative[5]	Politik/Soziales/Missstände	
5-11	311-312	?	negative[5]	_	

#Text=Man weiß es nicht genau...
6-1	314-317	Man	negative[6]	_	
6-2	318-322	weiß	negative[6]	_	
6-3	323-325	es	negative[6]	_	
6-4	326-331	nicht	negative[6]	_	
6-5	332-337	genau	negative[6]	_	
6-6	337-338	.	_	_	
6-7	338-339	.	_	_	
6-8	339-340	.	_	_	

#Text=geheimnisvolle Frau...
7-1	342-356	geheimnisvolle	neutral[7]	_	
7-2	357-361	Frau	neutral[7]	_	
7-3	361-362	.	_	_	
7-4	362-363	.	_	_	
7-5	363-364	.	_	_	

#Text=weil du so cool bist...
8-1	366-370	weil	positive[8]	_	
8-2	371-373	du	positive[8]	_	
8-3	374-376	so	positive[8]	_	
8-4	377-381	cool	positive[8]	Persönliches/Emotionen	
8-5	382-386	bist	positive[8]	_	
8-6	386-387	.	_	_	
8-7	387-388	.	_	_	
8-8	388-389	.	_	_	

#Text=Umgeben von Spionen , die steh'n da rum des Nachts um vier .
9-1	394-401	Umgeben	negative[9]	_	
9-2	402-405	von	negative[9]	_	
9-3	406-413	Spionen	negative[9]	Politik/Soziales/Missstände	
9-4	414-415	,	negative[9]	_	
9-5	416-419	die	negative[9]	_	
9-6	420-426	steh'n	negative[9]	_	
9-7	427-429	da	negative[9]	_	
9-8	430-433	rum	negative[9]	_	
9-9	434-437	des	negative[9]	_	
9-10	438-444	Nachts	negative[9]	_	
9-11	445-447	um	negative[9]	_	
9-12	448-452	vier	negative[9]	_	
9-13	453-454	.	_	_	

#Text=Ganz coole Observanten , die schweigen nur  und trinken Bier , 'ne eisig harte Schale -  doch darunter, das ist klar,  ein großes Herz voll Sehnsucht  und nun bin ich endlich da,  ja.
10-1	455-459	Ganz	negative[10]	_	
10-2	460-465	coole	negative[10]	_	
10-3	466-477	Observanten	negative[10]	Politik/Soziales/Missstände	
10-4	478-479	,	negative[10]	_	
10-5	480-483	die	negative[10]	_	
10-6	484-493	schweigen	negative[10]	_	
10-7	494-497	nur	negative[10]	_	
10-8	499-502	und	negative[10]	_	
10-9	503-510	trinken	negative[10]	_	
10-10	511-515	Bier	negative[10]	Gesundheit/Drogen	
10-11	516-517	,	negative[10]	_	
10-12	518-519	'	negative[10]	_	
10-13	519-521	ne	negative[10]	_	
10-14	522-527	eisig	negative[10]	_	
10-15	528-533	harte	negative[10]	_	
10-16	534-540	Schale	negative[10]	_	
10-17	541-542	-	_	_	
10-18	544-548	doch	positive[11]	_	
10-19	549-557	darunter	positive[11]	_	
10-20	557-558	,	positive[11]	_	
10-21	559-562	das	positive[11]	_	
10-22	563-566	ist	positive[11]	_	
10-23	567-571	klar	positive[11]	_	
10-24	571-572	,	positive[11]	_	
10-25	574-577	ein	positive[11]	_	
10-26	578-584	großes	positive[11]	Liebe/Partnerschaft[22]	
10-27	585-589	Herz	positive[11]	Liebe/Partnerschaft[22]	
10-28	590-594	voll	positive[11]	Liebe/Partnerschaft[22]	
10-29	595-604	Sehnsucht	positive[11]	Liebe/Partnerschaft[22]	
10-30	606-609	und	positive[11]	_	
10-31	610-613	nun	positive[11]	_	
10-32	614-617	bin	positive[11]	_	
10-33	618-621	ich	positive[11]	_	
10-34	622-629	endlich	positive[11]	_	
10-35	630-632	da	positive[11]	_	
10-36	632-633	,	positive[11]	_	
10-37	635-637	ja	positive[11]	_	
10-38	637-638	.	_	_	

#Text=Bist du vom KGB...
11-1	643-647	Bist	negative[12]	_	
11-2	648-650	du	negative[12]	_	
11-3	651-654	vom	negative[12]	_	
11-4	655-658	KGB	negative[12]	Politik/Soziales/Missstände	
11-5	658-659	.	_	_	
11-6	659-660	.	_	_	
11-7	660-661	.	_	_	

#Text=Prinzessin Eisenherz  im dunkelroten Licht .
12-1	666-676	Prinzessin	negative[13]	_	
12-2	677-686	Eisenherz	negative[13]	_	
12-3	688-690	im	negative[13]	_	
12-4	691-702	dunkelroten	negative[13]	_	
12-5	703-708	Licht	negative[13]	_	
12-6	709-710	.	_	_	

#Text=Komm, nimm die Maske ab  und zeig mir dein Gesicht .
13-1	711-715	Komm	neutral[14]	_	
13-2	715-716	,	neutral[14]	_	
13-3	717-721	nimm	neutral[14]	_	
13-4	722-725	die	neutral[14]	_	
13-5	726-731	Maske	neutral[14]	_	
13-6	732-734	ab	neutral[14]	_	
13-7	736-739	und	neutral[14]	_	
13-8	740-744	zeig	neutral[14]	_	
13-9	745-748	mir	neutral[14]	_	
13-10	749-753	dein	neutral[14]	_	
13-11	754-761	Gesicht	neutral[14]	_	
13-12	762-763	.	_	_	

#Text=Jetzt wirst du wachgeküsst -  weil du so cool bist...
14-1	764-769	Jetzt	positive[15]	_	
14-2	770-775	wirst	positive[15]	_	
14-3	776-778	du	positive[15]	_	
14-4	779-790	wachgeküsst	positive[15]	Liebe/Partnerschaft	
14-5	791-792	-	positive[15]	_	
14-6	794-798	weil	positive[15]	_	
14-7	799-801	du	positive[15]	_	
14-8	802-804	so	positive[15]	_	
14-9	805-809	cool	positive[15]	Persönliches/Emotionen	
14-10	810-814	bist	positive[15]	_	
14-11	814-815	.	_	_	
14-12	815-816	.	_	_	
14-13	816-817	.	_	_	

#Text=RAP  Biste vom KGB oder vom CIA oder  BK....A...A...oder BND...?
15-1	822-825	RAP	_	_	
15-2	827-832	Biste	negative[16]	_	
15-3	833-836	vom	negative[16]	_	
15-4	837-840	KGB	negative[16]	Politik/Soziales/Missstände	
15-5	841-845	oder	negative[16]	_	
15-6	846-849	vom	negative[16]	_	
15-7	850-853	CIA	negative[16]	Politik/Soziales/Missstände	
15-8	854-858	oder	negative[16]	_	
15-9	860-862	BK	negative[16]	Politik/Soziales/Missstände[23]	
15-10	862-863	.	negative[16]	Politik/Soziales/Missstände[23]	
15-11	863-864	.	negative[16]	Politik/Soziales/Missstände[23]	
15-12	864-865	.	negative[16]	Politik/Soziales/Missstände[23]	
15-13	865-866	.	negative[16]	Politik/Soziales/Missstände[23]	
15-14	866-867	A	negative[16]	Politik/Soziales/Missstände[23]	
15-15	867-868	.	negative[16]	Politik/Soziales/Missstände[23]	
15-16	868-869	.	negative[16]	Politik/Soziales/Missstände[23]	
15-17	869-870	.	negative[16]	Politik/Soziales/Missstände[23]	
15-18	870-871	A	negative[16]	Politik/Soziales/Missstände[23]	
15-19	871-872	.	negative[16]	_	
15-20	872-873	.	negative[16]	_	
15-21	873-874	.	negative[16]	_	
15-22	874-878	oder	negative[16]	_	
15-23	879-882	BND	negative[16]	Politik/Soziales/Missstände	
15-24	882-883	.	negative[16]	_	
15-25	883-884	.	negative[16]	_	
15-26	884-885	.	negative[16]	_	
15-27	885-886	?	negative[16]	_	

#Text=Hier  weiss ja keiner mehr Bescheid...
16-1	887-891	Hier	negative[17]	_	
16-2	893-898	weiss	negative[17]	_	
16-3	899-901	ja	negative[17]	_	
16-4	902-908	keiner	negative[17]	_	
16-5	909-913	mehr	negative[17]	_	
16-6	914-922	Bescheid	negative[17]	_	
16-7	922-923	.	_	_	
16-8	923-924	.	_	_	
16-9	924-925	.	_	_	

#Text=weil du so cool bist...
17-1	927-931	weil	positive[18]	_	
17-2	932-934	du	positive[18]	_	
17-3	935-937	so	positive[18]	_	
17-4	938-942	cool	positive[18]	Persönliches/Emotionen	
17-5	943-947	bist	positive[18]	_	
17-6	947-948	.	_	_	
17-7	948-949	.	_	_	
17-8	949-950	.	_	_	

#Text=Vielleicht bin  ich vom TIA oder DLRG, DGB, MIS,  CIA, FBI...
18-1	951-961	Vielleicht	neutral[19]	_	
18-2	962-965	bin	neutral[19]	_	
18-3	967-970	ich	neutral[19]	_	
18-4	971-974	vom	neutral[19]	_	
18-5	975-978	TIA	neutral[19]	Politik/Soziales/Missstände	
18-6	979-983	oder	neutral[19]	_	
18-7	984-988	DLRG	neutral[19]	Politik/Soziales/Missstände	
18-8	988-989	,	neutral[19]	_	
18-9	990-993	DGB	neutral[19]	Politik/Soziales/Missstände	
18-10	993-994	,	neutral[19]	_	
18-11	995-998	MIS	neutral[19]	Politik/Soziales/Missstände	
18-12	998-999	,	neutral[19]	_	
18-13	1001-1004	CIA	neutral[19]	Politik/Soziales/Missstände	
18-14	1004-1005	,	neutral[19]	_	
18-15	1006-1009	FBI	neutral[19]	Politik/Soziales/Missstände	
18-16	1009-1010	.	_	_	
18-17	1010-1011	.	_	_	
18-18	1011-1012	.	_	_	
