#FORMAT=WebAnno TSV 3.2
#T_SP=webanno.custom.Sentiment|Polarity
#T_SP=webanno.custom.Topic|Topics


#Text=Ich geh' über sieben Berge und über sieben Brücken  und hüpf' noch kurz durch's Minenfeld  und dann bin ich auch schon da - in der jungen Welt .
1-1	0-3	Ich	neutral[1]	_	
1-2	4-7	geh	neutral[1]	_	
1-3	7-8	'	neutral[1]	_	
1-4	9-13	über	neutral[1]	_	
1-5	14-20	sieben	neutral[1]	_	
1-6	21-26	Berge	neutral[1]	_	
1-7	27-30	und	neutral[1]	_	
1-8	31-35	über	neutral[1]	_	
1-9	36-42	sieben	neutral[1]	_	
1-10	43-50	Brücken	neutral[1]	_	
1-11	52-55	und	neutral[1]	_	
1-12	56-60	hüpf	neutral[1]	_	
1-13	60-61	'	neutral[1]	_	
1-14	62-66	noch	neutral[1]	_	
1-15	67-71	kurz	neutral[1]	_	
1-16	72-79	durch's	neutral[1]	_	
1-17	80-89	Minenfeld	neutral[1]	Politik/Soziales/Missstände	
1-18	91-94	und	neutral[1]	_	
1-19	95-99	dann	neutral[1]	_	
1-20	100-103	bin	neutral[1]	_	
1-21	104-107	ich	neutral[1]	_	
1-22	108-112	auch	neutral[1]	_	
1-23	113-118	schon	neutral[1]	_	
1-24	119-121	da	neutral[1]	_	
1-25	122-123	-	neutral[1]	_	
1-26	124-126	in	neutral[1]	_	
1-27	127-130	der	neutral[1]	_	
1-28	131-137	jungen	neutral[1]	_	
1-29	138-142	Welt	neutral[1]	_	
1-30	143-144	.	neutral[1]	_	

#Text=Und dann komm' ich ganz rasant mit einem Trabant  in die Hauptstadt eingefahr'n  und da hat Erich dann die Lederjacke an.
2-1	145-148	Und	neutral[2]	_	
2-2	149-153	dann	neutral[2]	_	
2-3	154-158	komm	neutral[2]	_	
2-4	158-159	'	neutral[2]	_	
2-5	160-163	ich	neutral[2]	_	
2-6	164-168	ganz	neutral[2]	_	
2-7	169-175	rasant	neutral[2]	_	
2-8	176-179	mit	neutral[2]	_	
2-9	180-185	einem	neutral[2]	_	
2-10	186-193	Trabant	neutral[2]	Politik/Soziales/Missstände	
2-11	195-197	in	neutral[2]	_	
2-12	198-201	die	neutral[2]	_	
2-13	202-212	Hauptstadt	neutral[2]	_	
2-14	213-224	eingefahr'n	neutral[2]	_	
2-15	226-229	und	neutral[2]	_	
2-16	230-232	da	neutral[2]	_	
2-17	233-236	hat	neutral[2]	_	
2-18	237-242	Erich	neutral[2]	_	
2-19	243-247	dann	neutral[2]	_	
2-20	248-251	die	neutral[2]	_	
2-21	252-262	Lederjacke	neutral[2]	_	
2-22	263-265	an	neutral[2]	_	
2-23	265-266	.	neutral[2]	_	

#Text=Und ich denk': Was ist'n nun , ist ja richtig Honeymoon , von Rügen bis zum Thüringerwald  und es wird zu jedem Bierchen ein Glas Nost 'reingeknallt .
3-1	271-274	Und	neutral[3]	_	
3-2	275-278	ich	neutral[3]	_	
3-3	279-283	denk	neutral[3]	_	
3-4	283-284	'	neutral[3]	_	
3-5	284-285	:	neutral[3]	_	
3-6	286-289	Was	neutral[3]	_	
3-7	290-295	ist'n	neutral[3]	_	
3-8	296-299	nun	neutral[3]	_	
3-9	300-301	,	neutral[3]	_	
3-10	302-305	ist	neutral[3]	_	
3-11	306-308	ja	neutral[3]	_	
3-12	309-316	richtig	neutral[3]	_	
3-13	317-326	Honeymoon	neutral[3]	Liebe/Partnerschaft	
3-14	327-328	,	neutral[3]	_	
3-15	329-332	von	neutral[3]	_	
3-16	333-338	Rügen	neutral[3]	_	
3-17	339-342	bis	neutral[3]	_	
3-18	343-346	zum	neutral[3]	_	
3-19	347-360	Thüringerwald	neutral[3]	_	
3-20	362-365	und	neutral[3]	_	
3-21	366-368	es	neutral[3]	_	
3-22	369-373	wird	neutral[3]	_	
3-23	374-376	zu	neutral[3]	_	
3-24	377-382	jedem	neutral[3]	_	
3-25	383-391	Bierchen	neutral[3]	Gesundheit/Drogen	
3-26	392-395	ein	neutral[3]	Gesundheit/Drogen[16]	
3-27	396-400	Glas	neutral[3]	Gesundheit/Drogen[16]	
3-28	401-405	Nost	neutral[3]	Gesundheit/Drogen[16]	
3-29	406-407	'	neutral[3]	_	
3-30	407-419	reingeknallt	neutral[3]	_	
3-31	420-421	.	_	_	

#Text=Und sie feiern ihren Staatschef  auf den sie ja nun alle gnadenlos abfahr'n .
4-1	422-425	Und	neutral[4]	_	
4-2	426-429	sie	neutral[4]	_	
4-3	430-436	feiern	neutral[4]	_	
4-4	437-442	ihren	neutral[4]	_	
4-5	443-453	Staatschef	neutral[4]	Politik/Soziales/Missstände	
4-6	455-458	auf	neutral[4]	_	
4-7	459-462	den	neutral[4]	_	
4-8	463-466	sie	neutral[4]	_	
4-9	467-469	ja	neutral[4]	_	
4-10	470-473	nun	neutral[4]	_	
4-11	474-478	alle	neutral[4]	_	
4-12	479-488	gnadenlos	neutral[4]	_	
4-13	489-497	abfahr'n	neutral[4]	_	
4-14	498-499	.	_	_	

#Text=Und das ist Erich mit der Lederjacke an.
5-1	500-503	Und	neutral[5]	_	
5-2	504-507	das	neutral[5]	_	
5-3	508-511	ist	neutral[5]	_	
5-4	512-517	Erich	neutral[5]	_	
5-5	518-521	mit	neutral[5]	_	
5-6	522-525	der	neutral[5]	_	
5-7	526-536	Lederjacke	neutral[5]	_	
5-8	537-539	an	neutral[5]	_	
5-9	539-540	.	_	_	

#Text=Es war einmal ein Generalsekretär , der liebte den Rock 'n' Roll so sehr , Gitarren statt Knarren  und locker , so wie ein Rocker .
6-1	545-547	Es	positive[6]	_	
6-2	548-551	war	positive[6]	_	
6-3	552-558	einmal	positive[6]	_	
6-4	559-562	ein	positive[6]	_	
6-5	563-578	Generalsekretär	positive[6]	Politik/Soziales/Missstände	
6-6	579-580	,	positive[6]	_	
6-7	581-584	der	positive[6]	_	
6-8	585-591	liebte	positive[6]	_	
6-9	592-595	den	positive[6]	_	
6-10	596-600	Rock	positive[6]	Musik[17]	
6-11	601-602	'	positive[6]	Musik[17]	
6-12	602-603	n	positive[6]	Musik[17]	
6-13	603-604	'	positive[6]	Musik[17]	
6-14	605-609	Roll	positive[6]	Musik[17]	
6-15	610-612	so	positive[6]	_	
6-16	613-617	sehr	positive[6]	_	
6-17	618-619	,	positive[6]	_	
6-18	620-628	Gitarren	positive[6]	Musik	
6-19	629-634	statt	positive[6]	_	
6-20	635-642	Knarren	positive[6]	Politik/Soziales/Missstände	
6-21	644-647	und	positive[6]	_	
6-22	648-654	locker	positive[6]	_	
6-23	655-656	,	positive[6]	_	
6-24	657-659	so	positive[6]	_	
6-25	660-663	wie	positive[6]	_	
6-26	664-667	ein	positive[6]	_	
6-27	668-674	Rocker	positive[6]	Musik	
6-28	675-676	.	_	_	

#Text=Der Staatsratsmeister sprach zum ZK:  Nichts wird mehr so sein , wie es mal war!
7-1	677-680	Der	positive[7]	_	
7-2	681-698	Staatsratsmeister	positive[7]	Politik/Soziales/Missstände	
7-3	699-705	sprach	positive[7]	_	
7-4	706-709	zum	positive[7]	_	
7-5	710-712	ZK	positive[7]	Politik/Soziales/Missstände	
7-6	712-713	:	positive[7]	_	
7-7	715-721	Nichts	positive[7]	_	
7-8	722-726	wird	positive[7]	_	
7-9	727-731	mehr	positive[7]	_	
7-10	732-734	so	positive[7]	_	
7-11	735-739	sein	positive[7]	_	
7-12	740-741	,	positive[7]	_	
7-13	742-745	wie	positive[7]	_	
7-14	746-748	es	positive[7]	_	
7-15	749-752	mal	positive[7]	_	
7-16	753-756	war	positive[7]	_	
7-17	756-757	!	_	_	

#Text=Von morgens bis abends ertönt die Schalmei  und dann stoß' ich ihn aus , den Indianerschrei.
8-1	759-762	Von	neutral[8]	_	
8-2	763-770	morgens	neutral[8]	_	
8-3	771-774	bis	neutral[8]	_	
8-4	775-781	abends	neutral[8]	_	
8-5	782-788	ertönt	neutral[8]	_	
8-6	789-792	die	neutral[8]	_	
8-7	793-801	Schalmei	neutral[8]	_	
8-8	803-806	und	neutral[8]	_	
8-9	807-811	dann	neutral[8]	_	
8-10	812-816	stoß	neutral[8]	_	
8-11	816-817	'	neutral[8]	_	
8-12	818-821	ich	neutral[8]	_	
8-13	822-825	ihn	neutral[8]	_	
8-14	826-829	aus	neutral[8]	_	
8-15	830-831	,	neutral[8]	_	
8-16	832-835	den	neutral[8]	_	
8-17	836-850	Indianerschrei	neutral[8]	_	
8-18	850-851	.	_	_	

#Text=Ey, denk' doch mal an früher: Deutscher Nazi-Horror , absolut brutal , beknackstes Volk der Krieger mit KZ's von Paris bis zum Ural .
9-1	856-858	Ey	neutral[9]	_	
9-2	858-859	,	neutral[9]	_	
9-3	860-864	denk	neutral[9]	_	
9-4	864-865	'	neutral[9]	_	
9-5	866-870	doch	neutral[9]	_	
9-6	871-874	mal	neutral[9]	_	
9-7	875-877	an	neutral[9]	_	
9-8	878-884	früher	neutral[9]	_	
9-9	884-885	:	_	_	
9-10	886-895	Deutscher	negative[10]	Politik/Soziales/Missstände[18]	
9-11	896-907	Nazi-Horror	negative[10]	Politik/Soziales/Missstände[18]	
9-12	908-909	,	negative[10]	_	
9-13	910-917	absolut	negative[10]	_	
9-14	918-924	brutal	negative[10]	_	
9-15	925-926	,	negative[10]	_	
9-16	927-938	beknackstes	negative[10]	Politik/Soziales/Missstände[19]	
9-17	939-943	Volk	negative[10]	Politik/Soziales/Missstände[19]	
9-18	944-947	der	negative[10]	Politik/Soziales/Missstände[19]	
9-19	948-955	Krieger	negative[10]	Politik/Soziales/Missstände[19]	
9-20	956-959	mit	negative[10]	Politik/Soziales/Missstände[19]	
9-21	960-964	KZ's	negative[10]	Politik/Soziales/Missstände[19]	
9-22	965-968	von	negative[10]	_	
9-23	969-974	Paris	negative[10]	_	
9-24	975-978	bis	negative[10]	_	
9-25	979-982	zum	negative[10]	_	
9-26	983-987	Ural	negative[10]	_	
9-27	988-989	.	_	_	

#Text=Honey sagt: Von deutschem Boden darf nie wieder Krieg , sondern nur noch Frieden ausgeh'n , ob wir nun diesseits oder jenseits der Mauer steh'n  - Und die muß auch noch weg -  
#Text= 
#Text=Es war einmal ein Generalsekretär , der liebte den Rock 'n' Roll so sehr , Gitarren statt Knarren  und locker , so wie ein Rocker .
10-1	990-995	Honey	positive[11]	_	
10-2	996-1000	sagt	positive[11]	_	
10-3	1000-1001	:	positive[11]	_	
10-4	1002-1005	Von	positive[11]	_	
10-5	1006-1015	deutschem	positive[11]	_	
10-6	1016-1021	Boden	positive[11]	_	
10-7	1022-1026	darf	positive[11]	_	
10-8	1027-1030	nie	positive[11]	_	
10-9	1031-1037	wieder	positive[11]	_	
10-10	1038-1043	Krieg	positive[11]	Politik/Soziales/Missstände	
10-11	1044-1045	,	positive[11]	_	
10-12	1046-1053	sondern	positive[11]	_	
10-13	1054-1057	nur	positive[11]	_	
10-14	1058-1062	noch	positive[11]	_	
10-15	1063-1070	Frieden	positive[11]	Politik/Soziales/Missstände	
10-16	1071-1079	ausgeh'n	positive[11]	_	
10-17	1080-1081	,	positive[11]	_	
10-18	1082-1084	ob	positive[11]	_	
10-19	1085-1088	wir	positive[11]	_	
10-20	1089-1092	nun	positive[11]	_	
10-21	1093-1102	diesseits	positive[11]	_	
10-22	1103-1107	oder	positive[11]	_	
10-23	1108-1116	jenseits	positive[11]	_	
10-24	1117-1120	der	positive[11]	_	
10-25	1121-1126	Mauer	positive[11]	Politik/Soziales/Missstände	
10-26	1127-1133	steh'n	positive[11]	_	
10-27	1135-1136	-	_	_	
10-28	1137-1140	Und	neutral[12]	_	
10-29	1141-1144	die	neutral[12]	_	
10-30	1145-1148	muß	neutral[12]	_	
10-31	1149-1153	auch	neutral[12]	_	
10-32	1154-1158	noch	neutral[12]	_	
10-33	1159-1162	weg	neutral[12]	_	
10-34	1163-1164	-	_	_	
10-35	1169-1171	Es	positive[13]	_	
10-36	1172-1175	war	positive[13]	_	
10-37	1176-1182	einmal	positive[13]	_	
10-38	1183-1186	ein	positive[13]	_	
10-39	1187-1202	Generalsekretär	positive[13]	Politik/Soziales/Missstände	
10-40	1203-1204	,	positive[13]	_	
10-41	1205-1208	der	positive[13]	_	
10-42	1209-1215	liebte	positive[13]	_	
10-43	1216-1219	den	positive[13]	_	
10-44	1220-1224	Rock	positive[13]	Musik[20]	
10-45	1225-1226	'	positive[13]	Musik[20]	
10-46	1226-1227	n	positive[13]	Musik[20]	
10-47	1227-1228	'	positive[13]	Musik[20]	
10-48	1229-1233	Roll	positive[13]	Musik[20]	
10-49	1234-1236	so	positive[13]	_	
10-50	1237-1241	sehr	positive[13]	_	
10-51	1242-1243	,	positive[13]	_	
10-52	1244-1252	Gitarren	positive[13]	Musik	
10-53	1253-1258	statt	positive[13]	_	
10-54	1259-1266	Knarren	positive[13]	Politik/Soziales/Missstände	
10-55	1268-1271	und	positive[13]	_	
10-56	1272-1278	locker	positive[13]	_	
10-57	1279-1280	,	positive[13]	_	
10-58	1281-1283	so	positive[13]	_	
10-59	1284-1287	wie	positive[13]	_	
10-60	1288-1291	ein	positive[13]	_	
10-61	1292-1298	Rocker	positive[13]	Musik	
10-62	1299-1300	.	_	_	

#Text=Der Staatsratsmeister sprach zum ZK:  Nichts wird mehr so sein , wie es mal war!
11-1	1301-1304	Der	positive[14]	_	
11-2	1305-1322	Staatsratsmeister	positive[14]	Politik/Soziales/Missstände	
11-3	1323-1329	sprach	positive[14]	_	
11-4	1330-1333	zum	positive[14]	_	
11-5	1334-1336	ZK	positive[14]	Politik/Soziales/Missstände	
11-6	1336-1337	:	positive[14]	_	
11-7	1339-1345	Nichts	positive[14]	_	
11-8	1346-1350	wird	positive[14]	_	
11-9	1351-1355	mehr	positive[14]	_	
11-10	1356-1358	so	positive[14]	_	
11-11	1359-1363	sein	positive[14]	_	
11-12	1364-1365	,	positive[14]	_	
11-13	1366-1369	wie	positive[14]	_	
11-14	1370-1372	es	positive[14]	_	
11-15	1373-1376	mal	positive[14]	_	
11-16	1377-1380	war	positive[14]	_	
11-17	1380-1381	!	_	_	

#Text=Von morgens bis abends ertönt die Schalmei  und dann stoß' ich ihn aus , den Indianerschrei.
12-1	1383-1386	Von	neutral[15]	_	
12-2	1387-1394	morgens	neutral[15]	_	
12-3	1395-1398	bis	neutral[15]	_	
12-4	1399-1405	abends	neutral[15]	_	
12-5	1406-1412	ertönt	neutral[15]	_	
12-6	1413-1416	die	neutral[15]	_	
12-7	1417-1425	Schalmei	neutral[15]	_	
12-8	1427-1430	und	neutral[15]	_	
12-9	1431-1435	dann	neutral[15]	_	
12-10	1436-1440	stoß	neutral[15]	_	
12-11	1440-1441	'	neutral[15]	_	
12-12	1442-1445	ich	neutral[15]	_	
12-13	1446-1449	ihn	neutral[15]	_	
12-14	1450-1453	aus	neutral[15]	_	
12-15	1454-1455	,	neutral[15]	_	
12-16	1456-1459	den	neutral[15]	_	
12-17	1460-1474	Indianerschrei	neutral[15]	_	
12-18	1474-1475	.	_	_	
