#FORMAT=WebAnno TSV 3.2
#T_SP=webanno.custom.Sentiment|Polarity
#T_SP=webanno.custom.Topic|Topics


#Text=Jeder kleine Spießer macht das Leben mir zur Qual, denn er spricht nur immer von Moral.
1-1	0-5	Jeder	negative[1]	_	
1-2	6-12	kleine	negative[1]	Politik/Soziales/Missstände[14]	
1-3	13-20	Spießer	negative[1]	Politik/Soziales/Missstände[14]	
1-4	21-26	macht	negative[1]	Persönliches/Emotionen[15]	
1-5	27-30	das	negative[1]	Persönliches/Emotionen[15]	
1-6	31-36	Leben	negative[1]	Persönliches/Emotionen[15]	
1-7	37-40	mir	negative[1]	Persönliches/Emotionen[15]	
1-8	41-44	zur	negative[1]	Persönliches/Emotionen[15]	
1-9	45-49	Qual	negative[1]	Persönliches/Emotionen[15]	
1-10	49-50	,	negative[1]	_	
1-11	51-55	denn	negative[1]	_	
1-12	56-58	er	negative[1]	_	
1-13	59-66	spricht	negative[1]	_	
1-14	67-70	nur	negative[1]	_	
1-15	71-76	immer	negative[1]	_	
1-16	77-80	von	negative[1]	_	
1-17	81-86	Moral	negative[1]	_	
1-18	86-87	.	negative[1]	_	

#Text=Und was er auch denkt und tut, man merkt ihm leider an, dass er niemand glücklich sehen kann.
2-1	88-91	Und	negative[2]	_	
2-2	92-95	was	negative[2]	_	
2-3	96-98	er	negative[2]	_	
2-4	99-103	auch	negative[2]	_	
2-5	104-109	denkt	negative[2]	_	
2-6	110-113	und	negative[2]	_	
2-7	114-117	tut	negative[2]	_	
2-8	117-118	,	negative[2]	_	
2-9	119-122	man	negative[2]	_	
2-10	123-128	merkt	negative[2]	_	
2-11	129-132	ihm	negative[2]	_	
2-12	133-139	leider	negative[2]	_	
2-13	140-142	an	negative[2]	_	
2-14	142-143	,	negative[2]	_	
2-15	144-148	dass	negative[2]	_	
2-16	149-151	er	negative[2]	_	
2-17	152-159	niemand	negative[2]	_	
2-18	160-169	glücklich	negative[2]	Persönliches/Emotionen[16]	
2-19	170-175	sehen	negative[2]	Persönliches/Emotionen[16]	
2-20	176-180	kann	negative[2]	Persönliches/Emotionen[16]	
2-21	180-181	.	negative[2]	_	

#Text=Sagt er dann: "Zu meiner Zeit gab es sowas nicht!"
3-1	182-186	Sagt	negative[3]	_	
3-2	187-189	er	negative[3]	_	
3-3	190-194	dann	negative[3]	_	
3-4	194-195	:	negative[3]	_	
3-5	196-197	"	negative[3]	_	
3-6	197-199	Zu	negative[3]	_	
3-7	200-206	meiner	negative[3]	_	
3-8	207-211	Zeit	negative[3]	_	
3-9	212-215	gab	negative[3]	_	
3-10	216-218	es	negative[3]	_	
3-11	219-224	sowas	negative[3]	_	
3-12	225-230	nicht	negative[3]	_	
3-13	230-231	!	negative[3]	_	
3-14	231-232	"	negative[3]	_	

#Text=Frag ich voll Bescheidenheit, mit Lächeln im Gesicht:  
#Text= 
#Text=Kann denn Liebe Sünde sein, darf es niemand wissen wenn man sich küsst.
4-1	233-237	Frag	negative[4]	_	
4-2	238-241	ich	negative[4]	_	
4-3	242-246	voll	negative[4]	_	
4-4	247-261	Bescheidenheit	negative[4]	Persönliches/Emotionen	
4-5	261-262	,	negative[4]	_	
4-6	263-266	mit	negative[4]	_	
4-7	267-274	Lächeln	negative[4]	_	
4-8	275-277	im	negative[4]	_	
4-9	278-285	Gesicht	negative[4]	_	
4-10	285-286	:	negative[4]	_	
4-11	291-295	Kann	negative[4]	_	
4-12	296-300	denn	negative[4]	_	
4-13	301-306	Liebe	negative[4]	Liebe/Partnerschaft[17]	
4-14	307-312	Sünde	negative[4]	Liebe/Partnerschaft[17]	
4-15	313-317	sein	negative[4]	_	
4-16	317-318	,	negative[4]	_	
4-17	319-323	darf	negative[4]	_	
4-18	324-326	es	negative[4]	_	
4-19	327-334	niemand	negative[4]	_	
4-20	335-341	wissen	negative[4]	_	
4-21	342-346	wenn	negative[4]	_	
4-22	347-350	man	negative[4]	_	
4-23	351-355	sich	negative[4]	Liebe/Partnerschaft[18]	
4-24	356-361	küsst	negative[4]	Liebe/Partnerschaft[18]	
4-25	361-362	.	negative[4]	_	

#Text=Wenn man einmal alles vergisst vor Glück?
5-1	363-367	Wenn	positive[5]	_	
5-2	368-371	man	positive[5]	_	
5-3	372-378	einmal	positive[5]	_	
5-4	379-384	alles	positive[5]	_	
5-5	385-393	vergisst	positive[5]	_	
5-6	394-397	vor	positive[5]	_	
5-7	398-403	Glück	positive[5]	Persönliches/Emotionen	
5-8	403-404	?	positive[5]	_	

#Text=Kann es wirklich Sünde sein, wenn man immerzu an die eine nur denkt, wenn man einmal alles verschenkt vor Glück.
6-1	405-409	Kann	positive[6]	_	
6-2	410-412	es	positive[6]	_	
6-3	413-421	wirklich	positive[6]	_	
6-4	422-427	Sünde	positive[6]	_	
6-5	428-432	sein	positive[6]	_	
6-6	432-433	,	positive[6]	_	
6-7	434-438	wenn	positive[6]	_	
6-8	439-442	man	positive[6]	_	
6-9	443-450	immerzu	positive[6]	_	
6-10	451-453	an	positive[6]	Liebe/Partnerschaft[19]	
6-11	454-457	die	positive[6]	Liebe/Partnerschaft[19]	
6-12	458-462	eine	positive[6]	Liebe/Partnerschaft[19]	
6-13	463-466	nur	positive[6]	Liebe/Partnerschaft[19]	
6-14	467-472	denkt	positive[6]	Liebe/Partnerschaft[19]	
6-15	472-473	,	positive[6]	_	
6-16	474-478	wenn	positive[6]	_	
6-17	479-482	man	positive[6]	_	
6-18	483-489	einmal	positive[6]	_	
6-19	490-495	alles	positive[6]	_	
6-20	496-506	verschenkt	positive[6]	_	
6-21	507-510	vor	positive[6]	_	
6-22	511-516	Glück	positive[6]	Persönliches/Emotionen	
6-23	516-517	.	positive[6]	_	

#Text=Niemals werde ich bereuen, was ich tat und was aus Liebe geschah, das müsst ihr mir schon verzeihen, dazu ist sie ja da.
7-1	522-529	Niemals	neutral[7]	_	
7-2	530-535	werde	neutral[7]	_	
7-3	536-539	ich	neutral[7]	_	
7-4	540-547	bereuen	neutral[7]	Persönliches/Emotionen	
7-5	547-548	,	neutral[7]	_	
7-6	549-552	was	neutral[7]	_	
7-7	553-556	ich	neutral[7]	_	
7-8	557-560	tat	neutral[7]	_	
7-9	561-564	und	neutral[7]	_	
7-10	565-568	was	neutral[7]	_	
7-11	569-572	aus	neutral[7]	Liebe/Partnerschaft[20]	
7-12	573-578	Liebe	neutral[7]	Liebe/Partnerschaft[20]	
7-13	579-586	geschah	neutral[7]	_	
7-14	586-587	,	neutral[7]	_	
7-15	588-591	das	neutral[7]	_	
7-16	592-597	müsst	neutral[7]	_	
7-17	598-601	ihr	neutral[7]	_	
7-18	602-605	mir	neutral[7]	_	
7-19	606-611	schon	neutral[7]	_	
7-20	612-621	verzeihen	neutral[7]	Persönliches/Emotionen	
7-21	621-622	,	neutral[7]	_	
7-22	623-627	dazu	neutral[7]	_	
7-23	628-631	ist	neutral[7]	_	
7-24	632-635	sie	neutral[7]	_	
7-25	636-638	ja	neutral[7]	_	
7-26	639-641	da	neutral[7]	_	
7-27	641-642	.	neutral[7]	_	

#Text=Liebe kann nicht Sünde sein und wenn sie es wär, es wär mir egal, lieber will ich sündigen mal als ohne Liebe sein.
8-1	647-652	Liebe	positive[8]	Liebe/Partnerschaft[21]	
8-2	653-657	kann	positive[8]	Liebe/Partnerschaft[21]	
8-3	658-663	nicht	positive[8]	Liebe/Partnerschaft[21]	
8-4	664-669	Sünde	positive[8]	Liebe/Partnerschaft[21]	
8-5	670-674	sein	positive[8]	Liebe/Partnerschaft[21]	
8-6	675-678	und	positive[8]	_	
8-7	679-683	wenn	positive[8]	_	
8-8	684-687	sie	positive[8]	_	
8-9	688-690	es	positive[8]	_	
8-10	691-694	wär	positive[8]	_	
8-11	694-695	,	positive[8]	_	
8-12	696-698	es	positive[8]	_	
8-13	699-702	wär	positive[8]	_	
8-14	703-706	mir	positive[8]	Persönliches/Emotionen[22]	
8-15	707-711	egal	positive[8]	Persönliches/Emotionen[22]	
8-16	711-712	,	positive[8]	_	
8-17	713-719	lieber	positive[8]	_	
8-18	720-724	will	positive[8]	_	
8-19	725-728	ich	positive[8]	_	
8-20	729-737	sündigen	positive[8]	_	
8-21	738-741	mal	positive[8]	_	
8-22	742-745	als	positive[8]	_	
8-23	746-750	ohne	positive[8]	Liebe/Partnerschaft[23]	
8-24	751-756	Liebe	positive[8]	Liebe/Partnerschaft[23]	
8-25	757-761	sein	positive[8]	_	
8-26	761-762	.	positive[8]	_	

#Text=Kann denn Liebe Sünde sein, darf es niemand wissen wenn man sich küsst.
9-1	767-771	Kann	negative[9]	Liebe/Partnerschaft[24]	
9-2	772-776	denn	negative[9]	Liebe/Partnerschaft[24]	
9-3	777-782	Liebe	negative[9]	Liebe/Partnerschaft[24]	
9-4	783-788	Sünde	negative[9]	Liebe/Partnerschaft[24]	
9-5	789-793	sein	negative[9]	Liebe/Partnerschaft[24]	
9-6	793-794	,	negative[9]	_	
9-7	795-799	darf	negative[9]	_	
9-8	800-802	es	negative[9]	_	
9-9	803-810	niemand	negative[9]	_	
9-10	811-817	wissen	negative[9]	_	
9-11	818-822	wenn	negative[9]	_	
9-12	823-826	man	negative[9]	_	
9-13	827-831	sich	negative[9]	Liebe/Partnerschaft[25]	
9-14	832-837	küsst	negative[9]	Liebe/Partnerschaft[25]	
9-15	837-838	.	negative[9]	_	

#Text=Wenn man einmal alles vergisst vor Glück?
10-1	839-843	Wenn	positive[10]	_	
10-2	844-847	man	positive[10]	_	
10-3	848-854	einmal	positive[10]	_	
10-4	855-860	alles	positive[10]	_	
10-5	861-869	vergisst	positive[10]	_	
10-6	870-873	vor	positive[10]	_	
10-7	874-879	Glück	positive[10]	Persönliches/Emotionen	
10-8	879-880	?	positive[10]	_	

#Text=Kann es wirklich Sünde sein, wenn man immerzu an die eine nur denkt, wenn man einmal alles verschenkt vor Glück.
11-1	881-885	Kann	positive[11]	_	
11-2	886-888	es	positive[11]	_	
11-3	889-897	wirklich	positive[11]	_	
11-4	898-903	Sünde	positive[11]	_	
11-5	904-908	sein	positive[11]	_	
11-6	908-909	,	positive[11]	_	
11-7	910-914	wenn	positive[11]	_	
11-8	915-918	man	positive[11]	_	
11-9	919-926	immerzu	positive[11]	_	
11-10	927-929	an	positive[11]	Liebe/Partnerschaft[26]	
11-11	930-933	die	positive[11]	Liebe/Partnerschaft[26]	
11-12	934-938	eine	positive[11]	Liebe/Partnerschaft[26]	
11-13	939-942	nur	positive[11]	Liebe/Partnerschaft[26]	
11-14	943-948	denkt	positive[11]	Liebe/Partnerschaft[26]	
11-15	948-949	,	positive[11]	_	
11-16	950-954	wenn	positive[11]	_	
11-17	955-958	man	positive[11]	_	
11-18	959-965	einmal	positive[11]	_	
11-19	966-971	alles	positive[11]	_	
11-20	972-982	verschenkt	positive[11]	_	
11-21	983-986	vor	positive[11]	_	
11-22	987-992	Glück	positive[11]	Persönliches/Emotionen	
11-23	992-993	.	positive[11]	_	

#Text=Niemals werde ich bereuen, was ich tat und was aus Liebe geschah, das müsst ihr mir schon verzeihen, dazu ist sie ja da.
12-1	998-1005	Niemals	neutral[12]	_	
12-2	1006-1011	werde	neutral[12]	_	
12-3	1012-1015	ich	neutral[12]	_	
12-4	1016-1023	bereuen	neutral[12]	Persönliches/Emotionen	
12-5	1023-1024	,	neutral[12]	_	
12-6	1025-1028	was	neutral[12]	_	
12-7	1029-1032	ich	neutral[12]	_	
12-8	1033-1036	tat	neutral[12]	_	
12-9	1037-1040	und	neutral[12]	_	
12-10	1041-1044	was	neutral[12]	_	
12-11	1045-1048	aus	neutral[12]	Liebe/Partnerschaft[27]	
12-12	1049-1054	Liebe	neutral[12]	Liebe/Partnerschaft[27]	
12-13	1055-1062	geschah	neutral[12]	_	
12-14	1062-1063	,	neutral[12]	_	
12-15	1064-1067	das	neutral[12]	_	
12-16	1068-1073	müsst	neutral[12]	_	
12-17	1074-1077	ihr	neutral[12]	_	
12-18	1078-1081	mir	neutral[12]	_	
12-19	1082-1087	schon	neutral[12]	_	
12-20	1088-1097	verzeihen	neutral[12]	Persönliches/Emotionen	
12-21	1097-1098	,	neutral[12]	_	
12-22	1099-1103	dazu	neutral[12]	_	
12-23	1104-1107	ist	neutral[12]	_	
12-24	1108-1111	sie	neutral[12]	_	
12-25	1112-1114	ja	neutral[12]	_	
12-26	1115-1117	da	neutral[12]	_	
12-27	1117-1118	.	neutral[12]	_	

#Text=Liebe kann nicht Sünde sein und wenn sie es wär, es wär mir egal, lieber will ich sündigen mal als ohne Liebe sein.
13-1	1123-1128	Liebe	positive[13]	Liebe/Partnerschaft[28]	
13-2	1129-1133	kann	positive[13]	Liebe/Partnerschaft[28]	
13-3	1134-1139	nicht	positive[13]	Liebe/Partnerschaft[28]	
13-4	1140-1145	Sünde	positive[13]	Liebe/Partnerschaft[28]	
13-5	1146-1150	sein	positive[13]	Liebe/Partnerschaft[28]	
13-6	1151-1154	und	positive[13]	_	
13-7	1155-1159	wenn	positive[13]	_	
13-8	1160-1163	sie	positive[13]	_	
13-9	1164-1166	es	positive[13]	_	
13-10	1167-1170	wär	positive[13]	_	
13-11	1170-1171	,	positive[13]	_	
13-12	1172-1174	es	positive[13]	_	
13-13	1175-1178	wär	positive[13]	_	
13-14	1179-1182	mir	positive[13]	Persönliches/Emotionen[29]	
13-15	1183-1187	egal	positive[13]	Persönliches/Emotionen[29]	
13-16	1187-1188	,	positive[13]	_	
13-17	1189-1195	lieber	positive[13]	_	
13-18	1196-1200	will	positive[13]	_	
13-19	1201-1204	ich	positive[13]	_	
13-20	1205-1213	sündigen	positive[13]	_	
13-21	1214-1217	mal	positive[13]	_	
13-22	1218-1221	als	positive[13]	_	
13-23	1222-1226	ohne	positive[13]	Liebe/Partnerschaft[30]	
13-24	1227-1232	Liebe	positive[13]	Liebe/Partnerschaft[30]	
13-25	1233-1237	sein	positive[13]	_	
13-26	1237-1238	.	positive[13]	_	
