#FORMAT=WebAnno TSV 3.2
#T_SP=webanno.custom.Sentiment|Polarity
#T_SP=webanno.custom.Topic|Topics


#Text=Ich hab' noch einen Gummi, einen Gummi in Berlin, den muss ich ab und zu mal überzieh'n.
1-1	0-3	Ich	neutral[1]	_	
1-2	4-7	hab	neutral[1]	_	
1-3	7-8	'	neutral[1]	_	
1-4	9-13	noch	neutral[1]	_	
1-5	14-19	einen	neutral[1]	_	
1-6	20-25	Gummi	neutral[1]	Liebe/Partnerschaft	
1-7	25-26	,	neutral[1]	_	
1-8	27-32	einen	neutral[1]	_	
1-9	33-38	Gummi	neutral[1]	Liebe/Partnerschaft	
1-10	39-41	in	neutral[1]	_	
1-11	42-48	Berlin	neutral[1]	_	
1-12	48-49	,	neutral[1]	_	
1-13	50-53	den	neutral[1]	_	
1-14	54-58	muss	neutral[1]	_	
1-15	59-62	ich	neutral[1]	_	
1-16	63-65	ab	neutral[1]	_	
1-17	66-69	und	neutral[1]	_	
1-18	70-72	zu	neutral[1]	_	
1-19	73-76	mal	neutral[1]	_	
1-20	77-87	überzieh'n	neutral[1]	_	
1-21	87-88	.	neutral[1]	_	

#Text=Ich fahre gerne in der Welt herum und neulich auch mal wieder nach Paris.
2-1	93-96	Ich	positive[2]	_	
2-2	97-102	fahre	positive[2]	Reisen[20]	
2-3	103-108	gerne	positive[2]	Reisen[20]	
2-4	109-111	in	positive[2]	Reisen[20]	
2-5	112-115	der	positive[2]	Reisen[20]	
2-6	116-120	Welt	positive[2]	Reisen[20]	
2-7	121-126	herum	positive[2]	Reisen[20]	
2-8	127-130	und	positive[2]	_	
2-9	131-138	neulich	positive[2]	_	
2-10	139-143	auch	positive[2]	_	
2-11	144-147	mal	positive[2]	_	
2-12	148-154	wieder	positive[2]	_	
2-13	155-159	nach	positive[2]	Reisen[21]	
2-14	160-165	Paris	positive[2]	Reisen[21]	
2-15	165-166	.	positive[2]	_	

#Text=Leicht erigiert wird promeniert mit 'ner Mademoiselle, sie war unfassbar süß.
3-1	167-173	Leicht	positive[3]	Liebe/Partnerschaft[22]	
3-2	174-182	erigiert	positive[3]	Liebe/Partnerschaft[22]	
3-3	183-187	wird	positive[3]	_	
3-4	188-198	promeniert	positive[3]	_	
3-5	199-202	mit	positive[3]	_	
3-6	203-204	'	positive[3]	_	
3-7	204-207	ner	positive[3]	_	
3-8	208-220	Mademoiselle	positive[3]	_	
3-9	220-221	,	positive[3]	_	
3-10	222-225	sie	positive[3]	_	
3-11	226-229	war	positive[3]	_	
3-12	230-239	unfassbar	positive[3]	Persönliches/Emotionen[23]	
3-13	240-243	süß	positive[3]	Persönliches/Emotionen[23]	
3-14	243-244	.	positive[3]	_	

#Text=Ich flog mit ihr nach Acapulco.
4-1	245-248	Ich	neutral[4]	_	
4-2	249-253	flog	neutral[4]	_	
4-3	254-257	mit	neutral[4]	_	
4-4	258-261	ihr	neutral[4]	_	
4-5	262-266	nach	neutral[4]	Reisen[24]	
4-6	267-275	Acapulco	neutral[4]	Reisen[24]	
4-7	275-276	.	neutral[4]	_	

#Text=Sie sagte: "Lass' mal jucken
5-1	277-280	Sie	neutral[5]	_	
5-2	281-286	sagte	neutral[5]	_	
5-3	286-287	:	neutral[5]	_	
5-4	288-289	"	neutral[5]	_	
5-5	289-293	Lass	neutral[5]	Liebe/Partnerschaft[25]	
5-6	293-294	'	neutral[5]	Liebe/Partnerschaft[25]	
5-7	295-298	mal	neutral[5]	Liebe/Partnerschaft[25]	
5-8	299-305	jucken	neutral[5]	Liebe/Partnerschaft[25]	

#Text=.
6-1	305-306	.	_	_	

#Text=", sie wollte es tun.
7-1	306-307	"	_	_	
7-2	307-308	,	_	_	
7-3	309-312	sie	neutral[6]	_	
7-4	313-319	wollte	neutral[6]	_	
7-5	320-322	es	neutral[6]	_	
7-6	323-326	tun	neutral[6]	_	
7-7	326-327	.	neutral[6]	_	

#Text=Ich sag': "Ich hab' leider keinen Pariser dabei, ja, was machen wir denn nun?"
8-1	328-331	Ich	negative[7]	_	
8-2	332-335	sag	negative[7]	_	
8-3	335-336	'	negative[7]	_	
8-4	336-337	:	negative[7]	_	
8-5	338-339	"	negative[7]	_	
8-6	339-342	Ich	negative[7]	_	
8-7	343-346	hab	negative[7]	_	
8-8	346-347	'	negative[7]	_	
8-9	348-354	leider	negative[7]	_	
8-10	355-361	keinen	negative[7]	_	
8-11	362-369	Pariser	negative[7]	_	
8-12	370-375	dabei	negative[7]	_	
8-13	375-376	,	negative[7]	_	
8-14	377-379	ja	negative[7]	_	
8-15	379-380	,	negative[7]	_	
8-16	381-384	was	negative[7]	_	
8-17	385-391	machen	negative[7]	_	
8-18	392-395	wir	negative[7]	_	
8-19	396-400	denn	negative[7]	_	
8-20	401-404	nun	negative[7]	_	
8-21	404-405	?	negative[7]	_	
8-22	405-406	"	negative[7]	_	

#Text=Ich hab' noch einen Gummi, einen Gummi in Berlin, den muss ich ab und zu mal überzieh'n.
9-1	411-414	Ich	neutral[8]	_	
9-2	415-418	hab	neutral[8]	_	
9-3	418-419	'	neutral[8]	_	
9-4	420-424	noch	neutral[8]	_	
9-5	425-430	einen	neutral[8]	_	
9-6	431-436	Gummi	neutral[8]	Liebe/Partnerschaft	
9-7	436-437	,	neutral[8]	_	
9-8	438-443	einen	neutral[8]	_	
9-9	444-449	Gummi	neutral[8]	Liebe/Partnerschaft	
9-10	450-452	in	neutral[8]	_	
9-11	453-459	Berlin	neutral[8]	_	
9-12	459-460	,	neutral[8]	_	
9-13	461-464	den	neutral[8]	_	
9-14	465-469	muss	neutral[8]	_	
9-15	470-473	ich	neutral[8]	_	
9-16	474-476	ab	neutral[8]	_	
9-17	477-480	und	neutral[8]	_	
9-18	481-483	zu	neutral[8]	_	
9-19	484-487	mal	neutral[8]	_	
9-20	488-498	überzieh'n	neutral[8]	_	
9-21	498-499	.	neutral[8]	_	

#Text=Denn, wenn ich schon gerne knalle, dann bin ich kein blöder Hund, dann nehm' ich lieber Latex, denn Aids ist ungesund.
10-1	500-504	Denn	negative[9]	_	
10-2	504-505	,	negative[9]	_	
10-3	506-510	wenn	negative[9]	_	
10-4	511-514	ich	negative[9]	_	
10-5	515-520	schon	negative[9]	_	
10-6	521-526	gerne	negative[9]	Liebe/Partnerschaft[26]	
10-7	527-533	knalle	negative[9]	Liebe/Partnerschaft[26]	
10-8	533-534	,	negative[9]	_	
10-9	535-539	dann	negative[9]	_	
10-10	540-543	bin	negative[9]	_	
10-11	544-547	ich	negative[9]	_	
10-12	548-552	kein	negative[9]	_	
10-13	553-559	blöder	negative[9]	Persönliches/Emotionen[27]	
10-14	560-564	Hund	negative[9]	Persönliches/Emotionen[27]	
10-15	564-565	,	negative[9]	_	
10-16	566-570	dann	negative[9]	_	
10-17	571-575	nehm	negative[9]	_	
10-18	575-576	'	negative[9]	_	
10-19	577-580	ich	negative[9]	_	
10-20	581-587	lieber	negative[9]	_	
10-21	588-593	Latex	negative[9]	_	
10-22	593-594	,	negative[9]	_	
10-23	595-599	denn	negative[9]	_	
10-24	600-604	Aids	negative[9]	Gesundheit/Drogen	
10-25	605-608	ist	negative[9]	_	
10-26	609-617	ungesund	negative[9]	Gesundheit/Drogen	
10-27	617-618	.	negative[9]	_	

#Text=Ich hab' noch einen Gummi in Berlin.
11-1	619-622	Ich	neutral[10]	_	
11-2	623-626	hab	neutral[10]	_	
11-3	626-627	'	neutral[10]	_	
11-4	628-632	noch	neutral[10]	_	
11-5	633-638	einen	neutral[10]	_	
11-6	639-644	Gummi	neutral[10]	Liebe/Partnerschaft	
11-7	645-647	in	neutral[10]	_	
11-8	648-654	Berlin	neutral[10]	_	
11-9	654-655	.	neutral[10]	_	

#Text=Tolle Frau'n in Mailand und alle woll'n nur mich.
12-1	660-665	Tolle	positive[11]	Liebe/Partnerschaft[28]	
12-2	666-672	Frau'n	positive[11]	Liebe/Partnerschaft[28]	
12-3	673-675	in	positive[11]	Reisen[29]	
12-4	676-683	Mailand	positive[11]	Reisen[29]	
12-5	684-687	und	positive[11]	_	
12-6	688-692	alle	positive[11]	_	
12-7	693-699	woll'n	positive[11]	_	
12-8	700-703	nur	positive[11]	_	
12-9	704-708	mich	positive[11]	_	
12-10	708-709	.	positive[11]	_	

#Text=Das tut mir selber ja so leid, doch ohne mach ich's nich'.
13-1	710-713	Das	negative[12]	_	
13-2	714-717	tut	negative[12]	Persönliches/Emotionen[30]	
13-3	718-721	mir	negative[12]	Persönliches/Emotionen[30]	
13-4	722-728	selber	negative[12]	Persönliches/Emotionen[30]	
13-5	729-731	ja	negative[12]	Persönliches/Emotionen[30]	
13-6	732-734	so	negative[12]	Persönliches/Emotionen[30]	
13-7	735-739	leid	negative[12]	Persönliches/Emotionen[30]	
13-8	739-740	,	negative[12]	_	
13-9	741-745	doch	negative[12]	_	
13-10	746-750	ohne	negative[12]	_	
13-11	751-755	mach	negative[12]	_	
13-12	756-761	ich's	negative[12]	_	
13-13	762-766	nich	negative[12]	_	
13-14	766-767	'	negative[12]	_	
13-15	767-768	.	negative[12]	_	

#Text=Da war noch dieser schöne Mann letztens auf Hawaii.
14-1	769-771	Da	positive[13]	_	
14-2	772-775	war	positive[13]	_	
14-3	776-780	noch	positive[13]	_	
14-4	781-787	dieser	positive[13]	_	
14-5	788-794	schöne	positive[13]	Liebe/Partnerschaft[31]	
14-6	795-799	Mann	positive[13]	Liebe/Partnerschaft[31]	
14-7	800-808	letztens	positive[13]	_	
14-8	809-812	auf	positive[13]	Reisen[32]	
14-9	813-819	Hawaii	positive[13]	Reisen[32]	
14-10	819-820	.	positive[13]	_	

#Text=Ich hab gesagt: "Ich würd' ja gern, doch ich hab' nichts dabei."
15-1	821-824	Ich	negative[14]	_	
15-2	825-828	hab	negative[14]	_	
15-3	829-835	gesagt	negative[14]	_	
15-4	835-836	:	negative[14]	_	
15-5	837-838	"	negative[14]	_	
15-6	838-841	Ich	negative[14]	_	
15-7	842-846	würd	negative[14]	_	
15-8	846-847	'	negative[14]	_	
15-9	848-850	ja	negative[14]	_	
15-10	851-855	gern	negative[14]	_	
15-11	855-856	,	negative[14]	_	
15-12	857-861	doch	negative[14]	_	
15-13	862-865	ich	negative[14]	_	
15-14	866-869	hab	negative[14]	_	
15-15	869-870	'	negative[14]	_	
15-16	871-877	nichts	negative[14]	_	
15-17	878-883	dabei	negative[14]	_	
15-18	883-884	.	negative[14]	_	
15-19	884-885	"	negative[14]	_	

#Text=Ich hab' noch einen Gummi, einen Gummi in Berlin, den muss ich ab und zu mal überzieh'n.
16-1	890-893	Ich	neutral[15]	_	
16-2	894-897	hab	neutral[15]	_	
16-3	897-898	'	neutral[15]	_	
16-4	899-903	noch	neutral[15]	_	
16-5	904-909	einen	neutral[15]	_	
16-6	910-915	Gummi	neutral[15]	Liebe/Partnerschaft	
16-7	915-916	,	neutral[15]	_	
16-8	917-922	einen	neutral[15]	_	
16-9	923-928	Gummi	neutral[15]	Liebe/Partnerschaft	
16-10	929-931	in	neutral[15]	_	
16-11	932-938	Berlin	neutral[15]	_	
16-12	938-939	,	neutral[15]	_	
16-13	940-943	den	neutral[15]	_	
16-14	944-948	muss	neutral[15]	_	
16-15	949-952	ich	neutral[15]	_	
16-16	953-955	ab	neutral[15]	_	
16-17	956-959	und	neutral[15]	_	
16-18	960-962	zu	neutral[15]	_	
16-19	963-966	mal	neutral[15]	_	
16-20	967-977	überzieh'n	neutral[15]	_	
16-21	977-978	.	neutral[15]	_	

#Text=Denn, wenn ich schon gerne knalle, dann bin ich kein blöder Hund, dann nehm' ich lieber Latex, denn Aids ist ungesund.
17-1	979-983	Denn	negative[16]	_	
17-2	983-984	,	negative[16]	_	
17-3	985-989	wenn	negative[16]	_	
17-4	990-993	ich	negative[16]	_	
17-5	994-999	schon	negative[16]	_	
17-6	1000-1005	gerne	negative[16]	Liebe/Partnerschaft[33]	
17-7	1006-1012	knalle	negative[16]	Liebe/Partnerschaft[33]	
17-8	1012-1013	,	negative[16]	_	
17-9	1014-1018	dann	negative[16]	_	
17-10	1019-1022	bin	negative[16]	_	
17-11	1023-1026	ich	negative[16]	_	
17-12	1027-1031	kein	negative[16]	_	
17-13	1032-1038	blöder	negative[16]	Persönliches/Emotionen[34]	
17-14	1039-1043	Hund	negative[16]	Persönliches/Emotionen[34]	
17-15	1043-1044	,	negative[16]	_	
17-16	1045-1049	dann	negative[16]	_	
17-17	1050-1054	nehm	negative[16]	_	
17-18	1054-1055	'	negative[16]	_	
17-19	1056-1059	ich	negative[16]	_	
17-20	1060-1066	lieber	negative[16]	_	
17-21	1067-1072	Latex	negative[16]	_	
17-22	1072-1073	,	negative[16]	_	
17-23	1074-1078	denn	negative[16]	_	
17-24	1079-1083	Aids	negative[16]	Gesundheit/Drogen[35]	
17-25	1084-1087	ist	negative[16]	Gesundheit/Drogen[35]	
17-26	1088-1096	ungesund	negative[16]	Gesundheit/Drogen[35]	
17-27	1096-1097	.	negative[16]	_	

#Text=Ich hab' noch einen Gummi in Berlin.
18-1	1098-1101	Ich	neutral[17]	_	
18-2	1102-1105	hab	neutral[17]	_	
18-3	1105-1106	'	neutral[17]	_	
18-4	1107-1111	noch	neutral[17]	_	
18-5	1112-1117	einen	neutral[17]	_	
18-6	1118-1123	Gummi	neutral[17]	Liebe/Partnerschaft	
18-7	1124-1126	in	neutral[17]	_	
18-8	1127-1133	Berlin	neutral[17]	_	
18-9	1133-1134	.	neutral[17]	_	

#Text=Ich hab' noch einen Gummi, einen Gummi in Berlin, den muss ich ab und zu mal überzieh'n.
19-1	1139-1142	Ich	neutral[18]	_	
19-2	1143-1146	hab	neutral[18]	_	
19-3	1146-1147	'	neutral[18]	_	
19-4	1148-1152	noch	neutral[18]	_	
19-5	1153-1158	einen	neutral[18]	_	
19-6	1159-1164	Gummi	neutral[18]	Liebe/Partnerschaft	
19-7	1164-1165	,	neutral[18]	_	
19-8	1166-1171	einen	neutral[18]	_	
19-9	1172-1177	Gummi	neutral[18]	Liebe/Partnerschaft	
19-10	1178-1180	in	neutral[18]	_	
19-11	1181-1187	Berlin	neutral[18]	_	
19-12	1187-1188	,	neutral[18]	_	
19-13	1189-1192	den	neutral[18]	_	
19-14	1193-1197	muss	neutral[18]	_	
19-15	1198-1201	ich	neutral[18]	_	
19-16	1202-1204	ab	neutral[18]	_	
19-17	1205-1208	und	neutral[18]	_	
19-18	1209-1211	zu	neutral[18]	_	
19-19	1212-1215	mal	neutral[18]	_	
19-20	1216-1226	überzieh'n	neutral[18]	_	
19-21	1226-1227	.	neutral[18]	_	

#Text=Denn, wenn ich schon gerne knalle, dann bin ich kein blöder Hund, dann nehm' ich lieber Latex, denn Aids ist ungesund.
20-1	1228-1232	Denn	negative[19]	_	
20-2	1232-1233	,	negative[19]	_	
20-3	1234-1238	wenn	negative[19]	_	
20-4	1239-1242	ich	negative[19]	_	
20-5	1243-1248	schon	negative[19]	_	
20-6	1249-1254	gerne	negative[19]	Liebe/Partnerschaft[36]	
20-7	1255-1261	knalle	negative[19]	Liebe/Partnerschaft[36]	
20-8	1261-1262	,	negative[19]	_	
20-9	1263-1267	dann	negative[19]	_	
20-10	1268-1271	bin	negative[19]	_	
20-11	1272-1275	ich	negative[19]	_	
20-12	1276-1280	kein	negative[19]	_	
20-13	1281-1287	blöder	negative[19]	Persönliches/Emotionen[37]	
20-14	1288-1292	Hund	negative[19]	Persönliches/Emotionen[37]	
20-15	1292-1293	,	negative[19]	_	
20-16	1294-1298	dann	negative[19]	_	
20-17	1299-1303	nehm	negative[19]	_	
20-18	1303-1304	'	negative[19]	_	
20-19	1305-1308	ich	negative[19]	_	
20-20	1309-1315	lieber	negative[19]	_	
20-21	1316-1321	Latex	negative[19]	_	
20-22	1321-1322	,	negative[19]	_	
20-23	1323-1327	denn	negative[19]	_	
20-24	1328-1332	Aids	negative[19]	Gesundheit/Drogen	
20-25	1333-1336	ist	negative[19]	_	
20-26	1337-1345	ungesund	negative[19]	Gesundheit/Drogen	
20-27	1345-1346	.	negative[19]	_	
