#FORMAT=WebAnno TSV 3.2
#T_SP=webanno.custom.Sentiment|Polarity
#T_SP=webanno.custom.Topic|Topics


#Text=Wenn ich 5 Minuten vor dem Auftritt  hinter der Bühne steh'  und mir durchs kleine Loch im Vorhang  das große Publikum anseh' .
1-1	0-4	Wenn	neutral[1]	_	
1-2	5-8	ich	neutral[1]	_	
1-3	9-10	5	neutral[1]	_	
1-4	11-18	Minuten	neutral[1]	_	
1-5	19-22	vor	neutral[1]	_	
1-6	23-26	dem	neutral[1]	_	
1-7	27-35	Auftritt	neutral[1]	Musik	
1-8	37-43	hinter	neutral[1]	_	
1-9	44-47	der	neutral[1]	_	
1-10	48-53	Bühne	neutral[1]	Musik	
1-11	54-58	steh	neutral[1]	_	
1-12	58-59	'	neutral[1]	_	
1-13	61-64	und	neutral[1]	_	
1-14	65-68	mir	neutral[1]	_	
1-15	69-75	durchs	neutral[1]	_	
1-16	76-82	kleine	neutral[1]	_	
1-17	83-87	Loch	neutral[1]	_	
1-18	88-90	im	neutral[1]	_	
1-19	91-98	Vorhang	neutral[1]	_	
1-20	100-103	das	neutral[1]	_	
1-21	104-109	große	neutral[1]	Musik[11]	
1-22	110-118	Publikum	neutral[1]	Musik[11]	
1-23	119-124	anseh	neutral[1]	_	
1-24	124-125	'	_	_	
1-25	126-127	.	_	_	

#Text=Wenn's dann plötzlich mulmig im Magen rumort  und der Lampenfieber-Vampir mich voll durchbohrt .
2-1	128-134	Wenn's	negative[2]	_	
2-2	135-139	dann	negative[2]	_	
2-3	140-149	plötzlich	negative[2]	_	
2-4	150-156	mulmig	negative[2]	Persönliches/Emotionen[12]	
2-5	157-159	im	negative[2]	Persönliches/Emotionen[12]	
2-6	160-165	Magen	negative[2]	Persönliches/Emotionen[12]	
2-7	166-172	rumort	negative[2]	Persönliches/Emotionen[12]	
2-8	174-177	und	negative[2]	_	
2-9	178-181	der	negative[2]	_	
2-10	182-201	Lampenfieber-Vampir	negative[2]	Persönliches/Emotionen	
2-11	202-206	mich	negative[2]	_	
2-12	207-211	voll	negative[2]	_	
2-13	212-222	durchbohrt	negative[2]	_	
2-14	223-224	.	_	_	

#Text=Wenn ich, obwohl ich sonst so easy bin, total vibrier'  und der Roadie bringt mir schnell noch 'n Beruhigungsbier.
3-1	225-229	Wenn	negative[3]	_	
3-2	230-233	ich	negative[3]	_	
3-3	233-234	,	negative[3]	_	
3-4	235-241	obwohl	negative[3]	_	
3-5	242-245	ich	negative[3]	_	
3-6	246-251	sonst	negative[3]	_	
3-7	252-254	so	negative[3]	_	
3-8	255-259	easy	negative[3]	_	
3-9	260-263	bin	negative[3]	_	
3-10	263-264	,	negative[3]	_	
3-11	265-270	total	negative[3]	_	
3-12	271-278	vibrier	negative[3]	_	
3-13	278-279	'	negative[3]	_	
3-14	281-284	und	negative[3]	_	
3-15	285-288	der	negative[3]	_	
3-16	289-295	Roadie	negative[3]	Musik	
3-17	296-302	bringt	negative[3]	_	
3-18	303-306	mir	negative[3]	_	
3-19	307-314	schnell	negative[3]	_	
3-20	315-319	noch	negative[3]	_	
3-21	320-321	'	negative[3]	_	
3-22	321-322	n	negative[3]	_	
3-23	323-338	Beruhigungsbier	negative[3]	Gesundheit/Drogen	
3-24	338-339	.	negative[3]	_	

#Text=Dann wär' ich lieber einer von euch da unten , da hinten, 10.
4-1	344-348	Dann	neutral[4]	_	
4-2	349-352	wär	neutral[4]	_	
4-3	352-353	'	neutral[4]	_	
4-4	354-357	ich	neutral[4]	_	
4-5	358-364	lieber	neutral[4]	_	
4-6	365-370	einer	neutral[4]	_	
4-7	371-374	von	neutral[4]	_	
4-8	375-379	euch	neutral[4]	_	
4-9	380-382	da	neutral[4]	_	
4-10	383-388	unten	neutral[4]	_	
4-11	389-390	,	neutral[4]	_	
4-12	391-393	da	neutral[4]	_	
4-13	394-400	hinten	neutral[4]	_	
4-14	400-401	,	_	_	
4-15	402-404	10	_	_	
4-16	404-405	.	_	_	

#Text=Reihe links .
5-1	406-411	Reihe	_	_	
5-2	412-417	links	_	_	
5-3	418-419	.	_	_	

#Text=Ich würde denken, na Popstar , woll'n wir doch mal seh'n, ob du das bringst .
6-1	420-423	Ich	neutral[5]	_	
6-2	424-429	würde	neutral[5]	_	
6-3	430-436	denken	neutral[5]	_	
6-4	436-437	,	neutral[5]	_	
6-5	438-440	na	neutral[5]	_	
6-6	441-448	Popstar	neutral[5]	Musik	
6-7	449-450	,	neutral[5]	_	
6-8	451-457	woll'n	neutral[5]	_	
6-9	458-461	wir	neutral[5]	_	
6-10	462-466	doch	neutral[5]	_	
6-11	467-470	mal	neutral[5]	_	
6-12	471-476	seh'n	neutral[5]	_	
6-13	476-477	,	neutral[5]	_	
6-14	478-480	ob	neutral[5]	_	
6-15	481-483	du	neutral[5]	_	
6-16	484-487	das	neutral[5]	_	
6-17	488-495	bringst	neutral[5]	_	
6-18	496-497	.	_	_	

#Text=Ich würd' mich locker wie ein Rocker  in den Sessel hängen  und lauschte wie berauscht diesen  Infernogesängen .
7-1	498-501	Ich	positive[6]	_	
7-2	502-506	würd	positive[6]	_	
7-3	506-507	'	positive[6]	_	
7-4	508-512	mich	positive[6]	_	
7-5	513-519	locker	positive[6]	_	
7-6	520-523	wie	positive[6]	_	
7-7	524-527	ein	positive[6]	_	
7-8	528-534	Rocker	positive[6]	Musik	
7-9	536-538	in	positive[6]	_	
7-10	539-542	den	positive[6]	_	
7-11	543-549	Sessel	positive[6]	_	
7-12	550-556	hängen	positive[6]	_	
7-13	558-561	und	positive[6]	_	
7-14	562-570	lauschte	positive[6]	_	
7-15	571-574	wie	positive[6]	_	
7-16	575-584	berauscht	positive[6]	_	
7-17	585-591	diesen	positive[6]	_	
7-18	593-608	Infernogesängen	positive[6]	Musik	
7-19	609-610	.	_	_	

#Text=Das einzige Problem, das ich mir vorstellen kann , wie verkraftet meine Freundin  so 'n erotisches Programm?
8-1	611-614	Das	negative[7]	_	
8-2	615-622	einzige	negative[7]	_	
8-3	623-630	Problem	negative[7]	_	
8-4	630-631	,	negative[7]	_	
8-5	632-635	das	negative[7]	_	
8-6	636-639	ich	negative[7]	_	
8-7	640-643	mir	negative[7]	_	
8-8	644-654	vorstellen	negative[7]	_	
8-9	655-659	kann	negative[7]	_	
8-10	660-661	,	negative[7]	_	
8-11	662-665	wie	negative[7]	_	
8-12	666-676	verkraftet	negative[7]	_	
8-13	677-682	meine	negative[7]	Liebe/Partnerschaft[13]	
8-14	683-691	Freundin	negative[7]	Liebe/Partnerschaft[13]	
8-15	693-695	so	negative[7]	_	
8-16	696-697	'	negative[7]	_	
8-17	697-698	n	negative[7]	_	
8-18	699-709	erotisches	negative[7]	Musik[14]	
8-19	710-718	Programm	negative[7]	Musik[14]	
8-20	718-719	?	negative[7]	_	

#Text=Die Flasche mit dem Kicherwasser  kreist von Mann zu Mann .
9-1	724-727	Die	neutral[8]	_	
9-2	728-735	Flasche	neutral[8]	Gesundheit/Drogen[15]	
9-3	736-739	mit	neutral[8]	Gesundheit/Drogen[15]	
9-4	740-743	dem	neutral[8]	Gesundheit/Drogen[15]	
9-5	744-756	Kicherwasser	neutral[8]	Gesundheit/Drogen[15]	
9-6	758-764	kreist	neutral[8]	_	
9-7	765-768	von	neutral[8]	_	
9-8	769-773	Mann	neutral[8]	_	
9-9	774-776	zu	neutral[8]	_	
9-10	777-781	Mann	neutral[8]	_	
9-11	782-783	.	_	_	

#Text=Ja, die Jungs von der Kapelle  knallen sich tierisch an .
10-1	784-786	Ja	neutral[9]	_	
10-2	786-787	,	neutral[9]	_	
10-3	788-791	die	neutral[9]	_	
10-4	792-797	Jungs	neutral[9]	_	
10-5	798-801	von	neutral[9]	_	
10-6	802-805	der	neutral[9]	_	
10-7	806-813	Kapelle	neutral[9]	Musik	
10-8	815-822	knallen	neutral[9]	Gesundheit/Drogen[16]	
10-9	823-827	sich	neutral[9]	Gesundheit/Drogen[16]	
10-10	828-836	tierisch	neutral[9]	Gesundheit/Drogen[16]	
10-11	837-839	an	neutral[9]	Gesundheit/Drogen[16]	
10-12	840-841	.	_	_	

#Text=Ein letzter Blick in den Spiegel , weil man auf Schönheit nicht gern verzichtet  und dann sagt Controlletti:  Signore, die Bühne ist angerichtet!
11-1	842-845	Ein	positive[10]	_	
11-2	846-853	letzter	positive[10]	_	
11-3	854-859	Blick	positive[10]	_	
11-4	860-862	in	positive[10]	_	
11-5	863-866	den	positive[10]	_	
11-6	867-874	Spiegel	positive[10]	_	
11-7	875-876	,	positive[10]	_	
11-8	877-881	weil	positive[10]	_	
11-9	882-885	man	positive[10]	_	
11-10	886-889	auf	positive[10]	_	
11-11	890-899	Schönheit	positive[10]	_	
11-12	900-905	nicht	positive[10]	_	
11-13	906-910	gern	positive[10]	_	
11-14	911-921	verzichtet	positive[10]	_	
11-15	923-926	und	positive[10]	_	
11-16	927-931	dann	positive[10]	_	
11-17	932-936	sagt	positive[10]	_	
11-18	937-949	Controlletti	positive[10]	_	
11-19	949-950	:	positive[10]	_	
11-20	952-959	Signore	positive[10]	_	
11-21	959-960	,	positive[10]	_	
11-22	961-964	die	positive[10]	_	
11-23	965-970	Bühne	positive[10]	Musik	
11-24	971-974	ist	positive[10]	_	
11-25	975-986	angerichtet	positive[10]	_	
11-26	986-987	!	_	_	
