#FORMAT=WebAnno TSV 3.2
#T_SP=webanno.custom.Sentiment|Polarity
#T_SP=webanno.custom.Topic|Topics


#Text=Letzte Nacht um viertel vor vier, da hatte ich eine Erscheinung, plötzlich stand ein Engel in der Tür  und der fragte mich nach meiner Meinung, er war kreidebleich - mit 'm weißen Gewand, und er hob seine silbrig schimmernde Hand  und er sagt: Guten Tag, du bist auserkoren, die Welt braucht einen neuen Messias.
1-1	0-6	Letzte	neutral[1]	_	
1-2	7-12	Nacht	neutral[1]	_	
1-3	13-15	um	neutral[1]	_	
1-4	16-23	viertel	neutral[1]	_	
1-5	24-27	vor	neutral[1]	_	
1-6	28-32	vier	neutral[1]	_	
1-7	32-33	,	neutral[1]	_	
1-8	34-36	da	neutral[1]	_	
1-9	37-42	hatte	neutral[1]	_	
1-10	43-46	ich	neutral[1]	_	
1-11	47-51	eine	neutral[1]	_	
1-12	52-63	Erscheinung	neutral[1]	_	
1-13	63-64	,	neutral[1]	_	
1-14	65-74	plötzlich	neutral[1]	_	
1-15	75-80	stand	neutral[1]	_	
1-16	81-84	ein	neutral[1]	_	
1-17	85-90	Engel	neutral[1]	Politik/Soziales/Missstände	
1-18	91-93	in	neutral[1]	_	
1-19	94-97	der	neutral[1]	_	
1-20	98-101	Tür	neutral[1]	_	
1-21	103-106	und	neutral[1]	_	
1-22	107-110	der	neutral[1]	_	
1-23	111-117	fragte	neutral[1]	_	
1-24	118-122	mich	neutral[1]	_	
1-25	123-127	nach	neutral[1]	_	
1-26	128-134	meiner	neutral[1]	_	
1-27	135-142	Meinung	neutral[1]	_	
1-28	142-143	,	_	_	
1-29	144-146	er	neutral[2]	_	
1-30	147-150	war	neutral[2]	_	
1-31	151-163	kreidebleich	neutral[2]	Gesundheit/Drogen	
1-32	164-165	-	neutral[2]	_	
1-33	166-169	mit	neutral[2]	_	
1-34	170-171	'	neutral[2]	_	
1-35	171-172	m	neutral[2]	_	
1-36	173-179	weißen	neutral[2]	_	
1-37	180-186	Gewand	neutral[2]	_	
1-38	186-187	,	neutral[2]	_	
1-39	188-191	und	neutral[2]	_	
1-40	192-194	er	neutral[2]	_	
1-41	195-198	hob	neutral[2]	_	
1-42	199-204	seine	neutral[2]	_	
1-43	205-212	silbrig	neutral[2]	_	
1-44	213-224	schimmernde	neutral[2]	_	
1-45	225-229	Hand	neutral[2]	_	
1-46	231-234	und	_	_	
1-47	235-237	er	neutral[3]	_	
1-48	238-242	sagt	neutral[3]	_	
1-49	242-243	:	neutral[3]	_	
1-50	244-249	Guten	neutral[3]	_	
1-51	250-253	Tag	neutral[3]	_	
1-52	253-254	,	neutral[3]	_	
1-53	255-257	du	neutral[3]	_	
1-54	258-262	bist	neutral[3]	_	
1-55	263-273	auserkoren	neutral[3]	Persönliches/Emotionen	
1-56	273-274	,	neutral[3]	_	
1-57	275-278	die	neutral[3]	_	
1-58	279-283	Welt	neutral[3]	_	
1-59	284-291	braucht	neutral[3]	_	
1-60	292-297	einen	neutral[3]	_	
1-61	298-303	neuen	neutral[3]	_	
1-62	304-311	Messias	neutral[3]	Politik/Soziales/Missstände	
1-63	311-312	.	_	_	

#Text=Und dann hat er mir noch den Kopf geschoren  und gesagt: Du heißt jetzt nicht mehr Udo, du heißt jetzt Jeremias.
2-1	313-316	Und	neutral[4]	_	
2-2	317-321	dann	neutral[4]	_	
2-3	322-325	hat	neutral[4]	_	
2-4	326-328	er	neutral[4]	_	
2-5	329-332	mir	neutral[4]	_	
2-6	333-337	noch	neutral[4]	_	
2-7	338-341	den	neutral[4]	_	
2-8	342-346	Kopf	neutral[4]	_	
2-9	347-356	geschoren	neutral[4]	_	
2-10	358-361	und	neutral[4]	_	
2-11	362-368	gesagt	neutral[4]	_	
2-12	368-369	:	neutral[4]	_	
2-13	370-372	Du	neutral[4]	_	
2-14	373-378	heißt	neutral[4]	_	
2-15	379-384	jetzt	neutral[4]	_	
2-16	385-390	nicht	neutral[4]	_	
2-17	391-395	mehr	neutral[4]	_	
2-18	396-399	Udo	neutral[4]	_	
2-19	399-400	,	neutral[4]	_	
2-20	401-403	du	neutral[4]	_	
2-21	404-409	heißt	neutral[4]	_	
2-22	410-415	jetzt	neutral[4]	_	
2-23	416-424	Jeremias	neutral[4]	_	
2-24	424-425	.	_	_	

#Text=Halleluja, Halleluja!
3-1	430-439	Halleluja	neutral[5]	_	
3-2	439-440	,	neutral[5]	_	
3-3	441-450	Halleluja	neutral[5]	_	
3-4	450-451	!	_	_	

#Text=Dann hat er noch gefragt, ob ich einverstanden wär'  und ich sagte: Ja, das wär' ganz okay so.
4-1	456-460	Dann	neutral[6]	_	
4-2	461-464	hat	neutral[6]	_	
4-3	465-467	er	neutral[6]	_	
4-4	468-472	noch	neutral[6]	_	
4-5	473-480	gefragt	neutral[6]	_	
4-6	480-481	,	neutral[6]	_	
4-7	482-484	ob	neutral[6]	_	
4-8	485-488	ich	neutral[6]	_	
4-9	489-502	einverstanden	neutral[6]	_	
4-10	503-506	wär	neutral[6]	_	
4-11	506-507	'	neutral[6]	_	
4-12	509-512	und	neutral[6]	_	
4-13	513-516	ich	neutral[6]	_	
4-14	517-522	sagte	neutral[6]	_	
4-15	522-523	:	neutral[6]	_	
4-16	524-526	Ja	neutral[6]	_	
4-17	526-527	,	neutral[6]	_	
4-18	528-531	das	neutral[6]	_	
4-19	532-535	wär	neutral[6]	_	
4-20	535-536	'	neutral[6]	_	
4-21	537-541	ganz	neutral[6]	Persönliches/Emotionen[13]	
4-22	542-546	okay	neutral[6]	Persönliches/Emotionen[13]	
4-23	547-549	so	neutral[6]	Persönliches/Emotionen[13]	
4-24	549-550	.	_	_	

#Text=Erst fand ich's nicht so heiter, mit der Glatze und so weiter, aber dann hab' ich gesagt: Ja ich geh' so.
5-1	551-555	Erst	neutral[7]	_	
5-2	556-560	fand	neutral[7]	_	
5-3	561-566	ich's	neutral[7]	_	
5-4	567-572	nicht	neutral[7]	Persönliches/Emotionen[14]	
5-5	573-575	so	neutral[7]	Persönliches/Emotionen[14]	
5-6	576-582	heiter	neutral[7]	Persönliches/Emotionen[14]	
5-7	582-583	,	neutral[7]	_	
5-8	584-587	mit	neutral[7]	_	
5-9	588-591	der	neutral[7]	_	
5-10	592-598	Glatze	neutral[7]	_	
5-11	599-602	und	neutral[7]	_	
5-12	603-605	so	neutral[7]	_	
5-13	606-612	weiter	neutral[7]	_	
5-14	612-613	,	neutral[7]	_	
5-15	614-618	aber	neutral[7]	_	
5-16	619-623	dann	neutral[7]	_	
5-17	624-627	hab	neutral[7]	_	
5-18	627-628	'	neutral[7]	_	
5-19	629-632	ich	neutral[7]	_	
5-20	633-639	gesagt	neutral[7]	_	
5-21	639-640	:	neutral[7]	_	
5-22	641-643	Ja	neutral[7]	_	
5-23	644-647	ich	neutral[7]	_	
5-24	648-651	geh	neutral[7]	_	
5-25	651-652	'	neutral[7]	_	
5-26	653-655	so	neutral[7]	_	
5-27	655-656	.	neutral[7]	_	

#Text=Mit dem Zeremoniell ging es ziemlich schnell, denn er mußte auch gleich wieder los, doch dann klemmte ein Flügel  und er ganz verzweifelt:  Jeremias, was mach' ich jetzt bloß?
6-1	657-660	Mit	neutral[8]	_	
6-2	661-664	dem	neutral[8]	_	
6-3	665-676	Zeremoniell	neutral[8]	_	
6-4	677-681	ging	neutral[8]	_	
6-5	682-684	es	neutral[8]	_	
6-6	685-693	ziemlich	neutral[8]	_	
6-7	694-701	schnell	neutral[8]	_	
6-8	701-702	,	neutral[8]	_	
6-9	703-707	denn	neutral[8]	_	
6-10	708-710	er	neutral[8]	_	
6-11	711-716	mußte	neutral[8]	_	
6-12	717-721	auch	neutral[8]	_	
6-13	722-728	gleich	neutral[8]	_	
6-14	729-735	wieder	neutral[8]	_	
6-15	736-739	los	neutral[8]	_	
6-16	739-740	,	_	_	
6-17	741-745	doch	negative[9]	_	
6-18	746-750	dann	negative[9]	_	
6-19	751-758	klemmte	negative[9]	_	
6-20	759-762	ein	negative[9]	_	
6-21	763-769	Flügel	negative[9]	_	
6-22	771-774	und	negative[9]	_	
6-23	775-777	er	negative[9]	_	
6-24	778-782	ganz	negative[9]	_	
6-25	783-794	verzweifelt	negative[9]	Persönliches/Emotionen	
6-26	794-795	:	negative[9]	_	
6-27	797-805	Jeremias	negative[9]	_	
6-28	805-806	,	negative[9]	_	
6-29	807-810	was	negative[9]	_	
6-30	811-815	mach	negative[9]	_	
6-31	815-816	'	negative[9]	_	
6-32	817-820	ich	negative[9]	_	
6-33	821-826	jetzt	negative[9]	_	
6-34	827-831	bloß	negative[9]	_	
6-35	831-832	?	negative[9]	_	

#Text=Dann hat's mit dem Abflug ja doch noch geklappt  und ich war wieder alleine  und dann wurd' mir erst klar, was geschehen war  und ein Zittern ging mir durch die Beine  und nun steh' ich hier  und ich heiße Jeremias. ich weiß auch noch nicht so genau, was man da macht, aber irgendwie, na klar, irgendwie  krieg'n wir das schon hin, da gab's doch schon mal einen, der hat das auch gebracht.
7-1	837-841	Dann	negative[10]	_	
7-2	842-847	hat's	negative[10]	_	
7-3	848-851	mit	negative[10]	_	
7-4	852-855	dem	negative[10]	_	
7-5	856-862	Abflug	negative[10]	_	
7-6	863-865	ja	negative[10]	_	
7-7	866-870	doch	negative[10]	_	
7-8	871-875	noch	negative[10]	_	
7-9	876-884	geklappt	negative[10]	_	
7-10	886-889	und	negative[10]	_	
7-11	890-893	ich	negative[10]	_	
7-12	894-897	war	negative[10]	_	
7-13	898-904	wieder	negative[10]	_	
7-14	905-912	alleine	negative[10]	_	
7-15	914-917	und	negative[10]	_	
7-16	918-922	dann	negative[10]	_	
7-17	923-927	wurd	negative[10]	Persönliches/Emotionen[15]	
7-18	927-928	'	negative[10]	Persönliches/Emotionen[15]	
7-19	929-932	mir	negative[10]	Persönliches/Emotionen[15]	
7-20	933-937	erst	negative[10]	Persönliches/Emotionen[15]	
7-21	938-942	klar	negative[10]	Persönliches/Emotionen[15]	
7-22	942-943	,	negative[10]	_	
7-23	944-947	was	negative[10]	_	
7-24	948-957	geschehen	negative[10]	_	
7-25	958-961	war	negative[10]	_	
7-26	963-966	und	negative[10]	_	
7-27	967-970	ein	negative[10]	_	
7-28	971-978	Zittern	negative[10]	Persönliches/Emotionen	
7-29	979-983	ging	negative[10]	_	
7-30	984-987	mir	negative[10]	_	
7-31	988-993	durch	negative[10]	_	
7-32	994-997	die	negative[10]	_	
7-33	998-1003	Beine	negative[10]	_	
7-34	1005-1008	und	negative[10]	_	
7-35	1009-1012	nun	negative[10]	_	
7-36	1013-1017	steh	negative[10]	_	
7-37	1017-1018	'	negative[10]	_	
7-38	1019-1022	ich	negative[10]	_	
7-39	1023-1027	hier	negative[10]	_	
7-40	1029-1032	und	negative[10]	_	
7-41	1033-1036	ich	negative[10]	_	
7-42	1037-1042	heiße	negative[10]	_	
7-43	1043-1051	Jeremias	negative[10]	_	
7-44	1051-1052	.	_	_	
7-45	1053-1056	ich	positive[11]	_	
7-46	1057-1061	weiß	positive[11]	_	
7-47	1062-1066	auch	positive[11]	_	
7-48	1067-1071	noch	positive[11]	_	
7-49	1072-1077	nicht	positive[11]	_	
7-50	1078-1080	so	positive[11]	_	
7-51	1081-1086	genau	positive[11]	_	
7-52	1086-1087	,	positive[11]	_	
7-53	1088-1091	was	positive[11]	_	
7-54	1092-1095	man	positive[11]	_	
7-55	1096-1098	da	positive[11]	_	
7-56	1099-1104	macht	positive[11]	_	
7-57	1104-1105	,	positive[11]	_	
7-58	1106-1110	aber	positive[11]	_	
7-59	1111-1120	irgendwie	positive[11]	_	
7-60	1120-1121	,	positive[11]	_	
7-61	1122-1124	na	positive[11]	_	
7-62	1125-1129	klar	positive[11]	_	
7-63	1129-1130	,	positive[11]	_	
7-64	1131-1140	irgendwie	positive[11]	_	
7-65	1142-1149	krieg'n	positive[11]	_	
7-66	1150-1153	wir	positive[11]	_	
7-67	1154-1157	das	positive[11]	_	
7-68	1158-1163	schon	positive[11]	_	
7-69	1164-1167	hin	positive[11]	_	
7-70	1167-1168	,	positive[11]	_	
7-71	1169-1171	da	positive[11]	_	
7-72	1172-1177	gab's	positive[11]	_	
7-73	1178-1182	doch	positive[11]	_	
7-74	1183-1188	schon	positive[11]	_	
7-75	1189-1192	mal	positive[11]	_	
7-76	1193-1198	einen	positive[11]	_	
7-77	1198-1199	,	positive[11]	_	
7-78	1200-1203	der	positive[11]	_	
7-79	1204-1207	hat	positive[11]	_	
7-80	1208-1211	das	positive[11]	_	
7-81	1212-1216	auch	positive[11]	_	
7-82	1217-1225	gebracht	positive[11]	_	
7-83	1225-1226	.	_	_	

#Text=Halleluja, Halleluja!
8-1	1231-1240	Halleluja	neutral[12]	_	
8-2	1240-1241	,	neutral[12]	_	
8-3	1242-1251	Halleluja	neutral[12]	_	
8-4	1251-1252	!	_	_	
