#FORMAT=WebAnno TSV 3.2
#T_SP=webanno.custom.Sentiment|Polarity
#T_SP=webanno.custom.Topic|Topics


#Text=Eigentlich bin ich ganz anders, ich komm' nur viel zu selten dazu.
1-1	0-10	Eigentlich	negative[1]	Persönliches/Emotionen[20]	
1-2	11-14	bin	negative[1]	Persönliches/Emotionen[20]	
1-3	15-18	ich	negative[1]	Persönliches/Emotionen[20]	
1-4	19-23	ganz	negative[1]	Persönliches/Emotionen[20]	
1-5	24-30	anders	negative[1]	Persönliches/Emotionen[20]	
1-6	30-31	,	negative[1]	_	
1-7	32-35	ich	negative[1]	_	
1-8	36-40	komm	negative[1]	_	
1-9	40-41	'	negative[1]	_	
1-10	42-45	nur	negative[1]	_	
1-11	46-50	viel	negative[1]	_	
1-12	51-53	zu	negative[1]	_	
1-13	54-60	selten	negative[1]	_	
1-14	61-65	dazu	negative[1]	_	
1-15	65-66	.	_	_	

#Text=Du machst hier grad' mit einem Bekanntschaft, den ich genauso wenig kenne wie du.
2-1	67-69	Du	negative[2]	Politik/Soziales/Missstände[21]	
2-2	70-76	machst	negative[2]	Politik/Soziales/Missstände[21]	
2-3	77-81	hier	negative[2]	Politik/Soziales/Missstände[21]	
2-4	82-86	grad	negative[2]	Politik/Soziales/Missstände[21]	
2-5	86-87	'	negative[2]	Politik/Soziales/Missstände[21]	
2-6	88-91	mit	negative[2]	Politik/Soziales/Missstände[21]	
2-7	92-97	einem	negative[2]	Politik/Soziales/Missstände[21]	
2-8	98-111	Bekanntschaft	negative[2]	Politik/Soziales/Missstände[21]	
2-9	111-112	,	negative[2]	_	
2-10	113-116	den	negative[2]	_	
2-11	117-120	ich	negative[2]	_	
2-12	121-128	genauso	negative[2]	_	
2-13	129-134	wenig	negative[2]	_	
2-14	135-140	kenne	negative[2]	_	
2-15	141-144	wie	negative[2]	_	
2-16	145-147	du	negative[2]	_	
2-17	147-148	.	negative[2]	_	

#Text=Ich hab' so viel Termine in der Disco, vor Gericht und bei der Bank.
3-1	153-156	Ich	negative[3]	_	
3-2	157-160	hab	negative[3]	_	
3-3	160-161	'	negative[3]	_	
3-4	162-164	so	negative[3]	_	
3-5	165-169	viel	negative[3]	_	
3-6	170-177	Termine	negative[3]	_	
3-7	178-180	in	negative[3]	_	
3-8	181-184	der	negative[3]	_	
3-9	185-190	Disco	negative[3]	Musik	
3-10	190-191	,	negative[3]	_	
3-11	192-195	vor	negative[3]	_	
3-12	196-203	Gericht	negative[3]	Politik/Soziales/Missstände	
3-13	204-207	und	negative[3]	_	
3-14	208-211	bei	negative[3]	_	
3-15	212-215	der	negative[3]	_	
3-16	216-220	Bank	negative[3]	Politik/Soziales/Missstände	
3-17	220-221	.	negative[3]	_	

#Text=Da schick' ich einfach meine Vize-Egos und das wahre Ich bleibt lieber im Schrank.
4-1	222-224	Da	neutral[4]	_	
4-2	225-231	schick	neutral[4]	_	
4-3	231-232	'	neutral[4]	_	
4-4	233-236	ich	neutral[4]	_	
4-5	237-244	einfach	neutral[4]	_	
4-6	245-250	meine	neutral[4]	_	
4-7	251-260	Vize-Egos	neutral[4]	Persönliches/Emotionen	
4-8	261-264	und	neutral[4]	_	
4-9	265-268	das	neutral[4]	_	
4-10	269-274	wahre	neutral[4]	_	
4-11	275-278	Ich	neutral[4]	_	
4-12	279-285	bleibt	neutral[4]	_	
4-13	286-292	lieber	neutral[4]	_	
4-14	293-295	im	neutral[4]	_	
4-15	296-303	Schrank	neutral[4]	_	
4-16	303-304	.	neutral[4]	_	

#Text=Ich bin gar nicht der Typ, den jeder in mir sieht und das werd' ich euch bei Zeiten auch alles noch beweisen.
5-1	309-312	Ich	positive[5]	_	
5-2	313-316	bin	positive[5]	_	
5-3	317-320	gar	positive[5]	_	
5-4	321-326	nicht	positive[5]	_	
5-5	327-330	der	positive[5]	_	
5-6	331-334	Typ	positive[5]	_	
5-7	334-335	,	positive[5]	_	
5-8	336-339	den	positive[5]	_	
5-9	340-345	jeder	positive[5]	_	
5-10	346-348	in	positive[5]	_	
5-11	349-352	mir	positive[5]	_	
5-12	353-358	sieht	positive[5]	_	
5-13	359-362	und	positive[5]	_	
5-14	363-366	das	positive[5]	_	
5-15	367-371	werd	positive[5]	_	
5-16	371-372	'	positive[5]	_	
5-17	373-376	ich	positive[5]	_	
5-18	377-381	euch	positive[5]	_	
5-19	382-385	bei	positive[5]	_	
5-20	386-392	Zeiten	positive[5]	_	
5-21	393-397	auch	positive[5]	_	
5-22	398-403	alles	positive[5]	_	
5-23	404-408	noch	positive[5]	_	
5-24	409-417	beweisen	positive[5]	Persönliches/Emotionen	
5-25	417-418	.	positive[5]	_	

#Text=Eigentlich bin ich ganz anders, ich komm' nur viel zu selten dazu.
6-1	423-433	Eigentlich	negative[6]	Persönliches/Emotionen[22]	
6-2	434-437	bin	negative[6]	Persönliches/Emotionen[22]	
6-3	438-441	ich	negative[6]	Persönliches/Emotionen[22]	
6-4	442-446	ganz	negative[6]	Persönliches/Emotionen[22]	
6-5	447-453	anders	negative[6]	Persönliches/Emotionen[22]	
6-6	453-454	,	negative[6]	_	
6-7	455-458	ich	negative[6]	_	
6-8	459-463	komm	negative[6]	_	
6-9	463-464	'	negative[6]	_	
6-10	465-468	nur	negative[6]	_	
6-11	469-473	viel	negative[6]	_	
6-12	474-476	zu	negative[6]	_	
6-13	477-483	selten	negative[6]	_	
6-14	484-488	dazu	negative[6]	_	
6-15	488-489	.	negative[6]	_	

#Text=Du machst hier grad' mit einem Bekanntschaft, den ich genauso wenig kenne wie du.
7-1	490-492	Du	negative[7]	Politik/Soziales/Missstände[23]	
7-2	493-499	machst	negative[7]	Politik/Soziales/Missstände[23]	
7-3	500-504	hier	negative[7]	Politik/Soziales/Missstände[23]	
7-4	505-509	grad	negative[7]	Politik/Soziales/Missstände[23]	
7-5	509-510	'	negative[7]	Politik/Soziales/Missstände[23]	
7-6	511-514	mit	negative[7]	Politik/Soziales/Missstände[23]	
7-7	515-520	einem	negative[7]	Politik/Soziales/Missstände[23]	
7-8	521-534	Bekanntschaft	negative[7]	Politik/Soziales/Missstände[23]	
7-9	534-535	,	negative[7]	_	
7-10	536-539	den	negative[7]	_	
7-11	540-543	ich	negative[7]	_	
7-12	544-551	genauso	negative[7]	_	
7-13	552-557	wenig	negative[7]	_	
7-14	558-563	kenne	negative[7]	_	
7-15	564-567	wie	negative[7]	_	
7-16	568-570	du	negative[7]	_	
7-17	570-571	.	negative[7]	_	

#Text=Du hast bestimmt 'n falsches Bild von mir, sowas wie 'n echten Kujau.
8-1	576-578	Du	negative[8]	_	
8-2	579-583	hast	negative[8]	_	
8-3	584-592	bestimmt	negative[8]	_	
8-4	593-594	'	negative[8]	_	
8-5	594-595	n	negative[8]	_	
8-6	596-604	falsches	negative[8]	Persönliches/Emotionen[24]	
8-7	605-609	Bild	negative[8]	Persönliches/Emotionen[24]	
8-8	610-613	von	negative[8]	Persönliches/Emotionen[24]	
8-9	614-617	mir	negative[8]	Persönliches/Emotionen[24]	
8-10	617-618	,	negative[8]	_	
8-11	619-624	sowas	negative[8]	_	
8-12	625-628	wie	negative[8]	_	
8-13	629-630	'	negative[8]	_	
8-14	630-631	n	negative[8]	_	
8-15	632-638	echten	negative[8]	_	
8-16	639-644	Kujau	negative[8]	_	
8-17	644-645	.	negative[8]	_	

#Text=Es tut mir leid, da kann ich nix dafür und mein eigentliches Ich ist im Urlaub.
9-1	646-648	Es	neutral[9]	Persönliches/Emotionen[25]	
9-2	649-652	tut	neutral[9]	Persönliches/Emotionen[25]	
9-3	653-656	mir	neutral[9]	Persönliches/Emotionen[25]	
9-4	657-661	leid	neutral[9]	Persönliches/Emotionen[25]	
9-5	661-662	,	neutral[9]	_	
9-6	663-665	da	neutral[9]	_	
9-7	666-670	kann	neutral[9]	_	
9-8	671-674	ich	neutral[9]	_	
9-9	675-678	nix	neutral[9]	_	
9-10	679-684	dafür	neutral[9]	_	
9-11	685-688	und	neutral[9]	_	
9-12	689-693	mein	neutral[9]	Persönliches/Emotionen[26]	
9-13	694-706	eigentliches	neutral[9]	Persönliches/Emotionen[26]	
9-14	707-710	Ich	neutral[9]	Persönliches/Emotionen[26]	
9-15	711-714	ist	neutral[9]	_	
9-16	715-717	im	neutral[9]	_	
9-17	718-724	Urlaub	neutral[9]	Reisen	
9-18	724-725	.	neutral[9]	_	

#Text=Ich bin gar nicht der Typ, den jeder in mir sieht und das werd' ich euch bei Zeiten auch alles noch beweisen.
10-1	730-733	Ich	positive[10]	_	
10-2	734-737	bin	positive[10]	_	
10-3	738-741	gar	positive[10]	_	
10-4	742-747	nicht	positive[10]	_	
10-5	748-751	der	positive[10]	_	
10-6	752-755	Typ	positive[10]	_	
10-7	755-756	,	positive[10]	_	
10-8	757-760	den	positive[10]	_	
10-9	761-766	jeder	positive[10]	_	
10-10	767-769	in	positive[10]	_	
10-11	770-773	mir	positive[10]	_	
10-12	774-779	sieht	positive[10]	_	
10-13	780-783	und	positive[10]	_	
10-14	784-787	das	positive[10]	_	
10-15	788-792	werd	positive[10]	_	
10-16	792-793	'	positive[10]	_	
10-17	794-797	ich	positive[10]	_	
10-18	798-802	euch	positive[10]	_	
10-19	803-806	bei	positive[10]	_	
10-20	807-813	Zeiten	positive[10]	_	
10-21	814-818	auch	positive[10]	_	
10-22	819-824	alles	positive[10]	_	
10-23	825-829	noch	positive[10]	_	
10-24	830-838	beweisen	positive[10]	Persönliches/Emotionen	
10-25	838-839	.	positive[10]	_	

#Text=Eigentlich bin ich ganz anders, ich komm' nur viel zu selten dazu.
11-1	844-854	Eigentlich	negative[11]	Persönliches/Emotionen[27]	
11-2	855-858	bin	negative[11]	Persönliches/Emotionen[27]	
11-3	859-862	ich	negative[11]	Persönliches/Emotionen[27]	
11-4	863-867	ganz	negative[11]	Persönliches/Emotionen[27]	
11-5	868-874	anders	negative[11]	Persönliches/Emotionen[27]	
11-6	874-875	,	negative[11]	_	
11-7	876-879	ich	negative[11]	_	
11-8	880-884	komm	negative[11]	_	
11-9	884-885	'	negative[11]	_	
11-10	886-889	nur	negative[11]	_	
11-11	890-894	viel	negative[11]	_	
11-12	895-897	zu	negative[11]	_	
11-13	898-904	selten	negative[11]	_	
11-14	905-909	dazu	negative[11]	_	
11-15	909-910	.	negative[11]	_	

#Text=Du machst hier grad' mit einem Bekanntschaft, den ich genauso wenig kenne wie du.
12-1	911-913	Du	negative[12]	Politik/Soziales/Missstände[28]	
12-2	914-920	machst	negative[12]	Politik/Soziales/Missstände[28]	
12-3	921-925	hier	negative[12]	Politik/Soziales/Missstände[28]	
12-4	926-930	grad	negative[12]	Politik/Soziales/Missstände[28]	
12-5	930-931	'	negative[12]	Politik/Soziales/Missstände[28]	
12-6	932-935	mit	negative[12]	Politik/Soziales/Missstände[28]	
12-7	936-941	einem	negative[12]	Politik/Soziales/Missstände[28]	
12-8	942-955	Bekanntschaft	negative[12]	Politik/Soziales/Missstände[28]	
12-9	955-956	,	negative[12]	_	
12-10	957-960	den	negative[12]	_	
12-11	961-964	ich	negative[12]	_	
12-12	965-972	genauso	negative[12]	_	
12-13	973-978	wenig	negative[12]	_	
12-14	979-984	kenne	negative[12]	_	
12-15	985-988	wie	negative[12]	_	
12-16	989-991	du	negative[12]	_	
12-17	991-992	.	negative[12]	_	

#Text=Zum Schluss, da hätt' ich noch 'ne Frage: Wieso packt ihr alles, was ich sage, immer auf die Goldwaage.
13-1	997-1000	Zum	negative[13]	_	
13-2	1001-1008	Schluss	negative[13]	_	
13-3	1008-1009	,	negative[13]	_	
13-4	1010-1012	da	negative[13]	_	
13-5	1013-1017	hätt	negative[13]	_	
13-6	1017-1018	'	negative[13]	_	
13-7	1019-1022	ich	negative[13]	_	
13-8	1023-1027	noch	negative[13]	_	
13-9	1028-1029	'	negative[13]	_	
13-10	1029-1031	ne	negative[13]	_	
13-11	1032-1037	Frage	negative[13]	_	
13-12	1037-1038	:	negative[13]	_	
13-13	1039-1044	Wieso	negative[13]	_	
13-14	1045-1050	packt	negative[13]	_	
13-15	1051-1054	ihr	negative[13]	_	
13-16	1055-1060	alles	negative[13]	_	
13-17	1060-1061	,	negative[13]	_	
13-18	1062-1065	was	negative[13]	_	
13-19	1066-1069	ich	negative[13]	_	
13-20	1070-1074	sage	negative[13]	_	
13-21	1074-1075	,	negative[13]	_	
13-22	1076-1081	immer	negative[13]	_	
13-23	1082-1085	auf	negative[13]	_	
13-24	1086-1089	die	negative[13]	_	
13-25	1090-1099	Goldwaage	negative[13]	Politik/Soziales/Missstände	
13-26	1099-1100	.	negative[13]	_	

#Text=Das find´ ich voll schade.
14-1	1101-1104	Das	negative[14]	_	
14-2	1105-1109	find	negative[14]	Persönliches/Emotionen[29]	
14-3	1109-1110	´	negative[14]	Persönliches/Emotionen[29]	
14-4	1111-1114	ich	negative[14]	Persönliches/Emotionen[29]	
14-5	1115-1119	voll	negative[14]	Persönliches/Emotionen[29]	
14-6	1120-1126	schade	negative[14]	Persönliches/Emotionen[29]	
14-7	1126-1127	.	negative[14]	_	

#Text=Ich bin gar nicht der Typ, den jeder in mir sieht und das werd' ich euch bei Zeiten auch alles noch beweisen.
15-1	1132-1135	Ich	positive[15]	_	
15-2	1136-1139	bin	positive[15]	_	
15-3	1140-1143	gar	positive[15]	_	
15-4	1144-1149	nicht	positive[15]	_	
15-5	1150-1153	der	positive[15]	_	
15-6	1154-1157	Typ	positive[15]	_	
15-7	1157-1158	,	positive[15]	_	
15-8	1159-1162	den	positive[15]	_	
15-9	1163-1168	jeder	positive[15]	_	
15-10	1169-1171	in	positive[15]	_	
15-11	1172-1175	mir	positive[15]	_	
15-12	1176-1181	sieht	positive[15]	_	
15-13	1182-1185	und	positive[15]	_	
15-14	1186-1189	das	positive[15]	_	
15-15	1190-1194	werd	positive[15]	_	
15-16	1194-1195	'	positive[15]	_	
15-17	1196-1199	ich	positive[15]	_	
15-18	1200-1204	euch	positive[15]	_	
15-19	1205-1208	bei	positive[15]	_	
15-20	1209-1215	Zeiten	positive[15]	_	
15-21	1216-1220	auch	positive[15]	_	
15-22	1221-1226	alles	positive[15]	_	
15-23	1227-1231	noch	positive[15]	_	
15-24	1232-1240	beweisen	positive[15]	Persönliches/Emotionen	
15-25	1240-1241	.	positive[15]	_	

#Text=Eigentlich bin ich ganz anders, ich komm' nur viel zu selten dazu.
16-1	1246-1256	Eigentlich	negative[16]	Persönliches/Emotionen[30]	
16-2	1257-1260	bin	negative[16]	Persönliches/Emotionen[30]	
16-3	1261-1264	ich	negative[16]	Persönliches/Emotionen[30]	
16-4	1265-1269	ganz	negative[16]	Persönliches/Emotionen[30]	
16-5	1270-1276	anders	negative[16]	Persönliches/Emotionen[30]	
16-6	1276-1277	,	negative[16]	_	
16-7	1278-1281	ich	negative[16]	_	
16-8	1282-1286	komm	negative[16]	_	
16-9	1286-1287	'	negative[16]	_	
16-10	1288-1291	nur	negative[16]	_	
16-11	1292-1296	viel	negative[16]	_	
16-12	1297-1299	zu	negative[16]	_	
16-13	1300-1306	selten	negative[16]	_	
16-14	1307-1311	dazu	negative[16]	_	
16-15	1311-1312	.	negative[16]	_	

#Text=Du machst hier grad' mit einem Bekanntschaft, den ich genauso wenig kenne wie du.
17-1	1313-1315	Du	negative[17]	_	
17-2	1316-1322	machst	negative[17]	Politik/Soziales/Missstände[31]	
17-3	1323-1327	hier	negative[17]	Politik/Soziales/Missstände[31]	
17-4	1328-1332	grad	negative[17]	Politik/Soziales/Missstände[31]	
17-5	1332-1333	'	negative[17]	Politik/Soziales/Missstände[31]	
17-6	1334-1337	mit	negative[17]	Politik/Soziales/Missstände[31]	
17-7	1338-1343	einem	negative[17]	Politik/Soziales/Missstände[31]	
17-8	1344-1357	Bekanntschaft	negative[17]	Politik/Soziales/Missstände[31]	
17-9	1357-1358	,	negative[17]	_	
17-10	1359-1362	den	negative[17]	_	
17-11	1363-1366	ich	negative[17]	_	
17-12	1367-1374	genauso	negative[17]	_	
17-13	1375-1380	wenig	negative[17]	_	
17-14	1381-1386	kenne	negative[17]	_	
17-15	1387-1390	wie	negative[17]	_	
17-16	1391-1393	du	negative[17]	_	
17-17	1393-1394	.	negative[17]	_	

#Text=Eigentlich sind wir ganz anders, wir komm' nur viel zu selten dazu.
18-1	1399-1409	Eigentlich	negative[18]	Persönliches/Emotionen[32]	
18-2	1410-1414	sind	negative[18]	Persönliches/Emotionen[32]	
18-3	1415-1418	wir	negative[18]	Persönliches/Emotionen[32]	
18-4	1419-1423	ganz	negative[18]	Persönliches/Emotionen[32]	
18-5	1424-1430	anders	negative[18]	Persönliches/Emotionen[32]	
18-6	1430-1431	,	negative[18]	_	
18-7	1432-1435	wir	negative[18]	_	
18-8	1436-1440	komm	negative[18]	_	
18-9	1440-1441	'	negative[18]	_	
18-10	1442-1445	nur	negative[18]	_	
18-11	1446-1450	viel	negative[18]	_	
18-12	1451-1453	zu	negative[18]	_	
18-13	1454-1460	selten	negative[18]	_	
18-14	1461-1465	dazu	negative[18]	_	
18-15	1465-1466	.	negative[18]	_	

#Text=Du machst hier grad' mit Leuten Bekanntschaft, die wir genauso wenig kennen wie du.
19-1	1467-1469	Du	negative[19]	_	
19-2	1470-1476	machst	negative[19]	Politik/Soziales/Missstände[33]	
19-3	1477-1481	hier	negative[19]	Politik/Soziales/Missstände[33]	
19-4	1482-1486	grad	negative[19]	Politik/Soziales/Missstände[33]	
19-5	1486-1487	'	negative[19]	Politik/Soziales/Missstände[33]	
19-6	1488-1491	mit	negative[19]	Politik/Soziales/Missstände[33]	
19-7	1492-1498	Leuten	negative[19]	Politik/Soziales/Missstände[33]	
19-8	1499-1512	Bekanntschaft	negative[19]	Politik/Soziales/Missstände[33]	
19-9	1512-1513	,	negative[19]	_	
19-10	1514-1517	die	negative[19]	_	
19-11	1518-1521	wir	negative[19]	_	
19-12	1522-1529	genauso	negative[19]	_	
19-13	1530-1535	wenig	negative[19]	_	
19-14	1536-1542	kennen	negative[19]	_	
19-15	1543-1546	wie	negative[19]	_	
19-16	1547-1549	du	negative[19]	_	
19-17	1549-1550	.	negative[19]	_	
