#FORMAT=WebAnno TSV 3.2
#T_SP=webanno.custom.Sentiment|Polarity
#T_SP=webanno.custom.Topic|Topics


#Text=Ich hab 'ne Loveaffair mit einem Herrn, genau der Typ, auf den ich steh', verlässt mich nie, hat mich so gern, ist immer für mich da - tut mir niemals weh; dieser Typ, der bin ich.
1-1	0-3	Ich	positive[1]	_	
1-2	4-7	hab	positive[1]	_	
1-3	8-9	'	positive[1]	_	
1-4	9-11	ne	positive[1]	_	
1-5	12-22	Loveaffair	positive[1]	Liebe/Partnerschaft	
1-6	23-26	mit	positive[1]	_	
1-7	27-32	einem	positive[1]	_	
1-8	33-38	Herrn	positive[1]	_	
1-9	38-39	,	positive[1]	_	
1-10	40-45	genau	positive[1]	_	
1-11	46-49	der	positive[1]	_	
1-12	50-53	Typ	positive[1]	_	
1-13	53-54	,	positive[1]	_	
1-14	55-58	auf	positive[1]	Liebe/Partnerschaft[14]	
1-15	59-62	den	positive[1]	Liebe/Partnerschaft[14]	
1-16	63-66	ich	positive[1]	Liebe/Partnerschaft[14]	
1-17	67-71	steh	positive[1]	Liebe/Partnerschaft[14]	
1-18	71-72	'	positive[1]	Liebe/Partnerschaft[14]	
1-19	72-73	,	positive[1]	_	
1-20	74-82	verlässt	positive[1]	Liebe/Partnerschaft[15]	
1-21	83-87	mich	positive[1]	Liebe/Partnerschaft[15]	
1-22	88-91	nie	positive[1]	Liebe/Partnerschaft[15]	
1-23	91-92	,	positive[1]	_	
1-24	93-96	hat	positive[1]	Liebe/Partnerschaft[16]	
1-25	97-101	mich	positive[1]	Liebe/Partnerschaft[16]	
1-26	102-104	so	positive[1]	Liebe/Partnerschaft[16]	
1-27	105-109	gern	positive[1]	Liebe/Partnerschaft[16]	
1-28	109-110	,	positive[1]	_	
1-29	111-114	ist	positive[1]	_	
1-30	115-120	immer	positive[1]	Liebe/Partnerschaft[17]	
1-31	121-124	für	positive[1]	Liebe/Partnerschaft[17]	
1-32	125-129	mich	positive[1]	Liebe/Partnerschaft[17]	
1-33	130-132	da	positive[1]	Liebe/Partnerschaft[17]	
1-34	133-134	-	positive[1]	_	
1-35	135-138	tut	positive[1]	Liebe/Partnerschaft[18]	
1-36	139-142	mir	positive[1]	Liebe/Partnerschaft[18]	
1-37	143-150	niemals	positive[1]	Liebe/Partnerschaft[18]	
1-38	151-154	weh	positive[1]	Liebe/Partnerschaft[18]	
1-39	154-155	;	positive[1]	_	
1-40	156-162	dieser	positive[1]	_	
1-41	163-166	Typ	positive[1]	_	
1-42	166-167	,	positive[1]	_	
1-43	168-171	der	positive[1]	_	
1-44	172-175	bin	positive[1]	_	
1-45	176-179	ich	positive[1]	_	
1-46	179-180	.	positive[1]	_	

#Text=Ewiger Schwur - ich liebe mich.
2-1	181-187	Ewiger	positive[2]	Liebe/Partnerschaft[19]	
2-2	188-194	Schwur	positive[2]	Liebe/Partnerschaft[19]	
2-3	195-196	-	positive[2]	_	
2-4	197-200	ich	positive[2]	Liebe/Partnerschaft[20]	
2-5	201-206	liebe	positive[2]	Liebe/Partnerschaft[20]	
2-6	207-211	mich	positive[2]	Liebe/Partnerschaft[20]	
2-7	211-212	.	positive[2]	_	

#Text=Ich halt' die Versprechen, die ich mir gebe und bleib' bei mir, so lange ich lebe.
3-1	213-216	Ich	positive[3]	_	
3-2	217-221	halt	positive[3]	_	
3-3	221-222	'	positive[3]	_	
3-4	223-226	die	positive[3]	_	
3-5	227-238	Versprechen	positive[3]	Persönliches/Emotionen	
3-6	238-239	,	positive[3]	_	
3-7	240-243	die	positive[3]	_	
3-8	244-247	ich	positive[3]	_	
3-9	248-251	mir	positive[3]	_	
3-10	252-256	gebe	positive[3]	_	
3-11	257-260	und	positive[3]	_	
3-12	261-266	bleib	positive[3]	Liebe/Partnerschaft[21]	
3-13	266-267	'	positive[3]	Liebe/Partnerschaft[21]	
3-14	268-271	bei	positive[3]	Liebe/Partnerschaft[21]	
3-15	272-275	mir	positive[3]	Liebe/Partnerschaft[21]	
3-16	275-276	,	positive[3]	_	
3-17	277-279	so	positive[3]	_	
3-18	280-285	lange	positive[3]	_	
3-19	286-289	ich	positive[3]	_	
3-20	290-294	lebe	positive[3]	_	
3-21	294-295	.	positive[3]	_	

#Text=Wenn ich früher eine richtig göttlich fand, gab ich mich voll und ganz in ihre Hand.
4-1	300-304	Wenn	neutral[4]	_	
4-2	305-308	ich	neutral[4]	_	
4-3	309-315	früher	neutral[4]	_	
4-4	316-320	eine	neutral[4]	_	
4-5	321-328	richtig	neutral[4]	Persönliches/Emotionen[22]	
4-6	329-337	göttlich	neutral[4]	Persönliches/Emotionen[22]	
4-7	338-342	fand	neutral[4]	_	
4-8	342-343	,	neutral[4]	_	
4-9	344-347	gab	neutral[4]	_	
4-10	348-351	ich	neutral[4]	_	
4-11	352-356	mich	neutral[4]	_	
4-12	357-361	voll	neutral[4]	_	
4-13	362-365	und	neutral[4]	_	
4-14	366-370	ganz	neutral[4]	_	
4-15	371-373	in	neutral[4]	_	
4-16	374-378	ihre	neutral[4]	_	
4-17	379-383	Hand	neutral[4]	_	
4-18	383-384	.	neutral[4]	_	

#Text=Wie 'n Klammeraffe hing ich dann voll süchtig an der Dame dran.
5-1	385-388	Wie	neutral[5]	_	
5-2	389-390	'	neutral[5]	_	
5-3	390-391	n	neutral[5]	_	
5-4	392-403	Klammeraffe	neutral[5]	Liebe/Partnerschaft	
5-5	404-408	hing	neutral[5]	_	
5-6	409-412	ich	neutral[5]	_	
5-7	413-417	dann	neutral[5]	_	
5-8	418-422	voll	neutral[5]	Liebe/Partnerschaft[23]	
5-9	423-430	süchtig	neutral[5]	Liebe/Partnerschaft[23]	
5-10	431-433	an	neutral[5]	Liebe/Partnerschaft[23]	
5-11	434-437	der	neutral[5]	Liebe/Partnerschaft[23]	
5-12	438-442	Dame	neutral[5]	Liebe/Partnerschaft[23]	
5-13	443-447	dran	neutral[5]	Liebe/Partnerschaft[23]	
5-14	447-448	.	neutral[5]	_	

#Text=Und wenn dann wieder mal Ende war, auf der Sterbematratze plötzlich wurd' mir klar, das totale Tilt darf es niemals mehr geben, künftig geb' ich mein Herz, aber nicht mehr mein Leben.
6-1	449-452	Und	positive[6]	_	
6-2	453-457	wenn	positive[6]	_	
6-3	458-462	dann	positive[6]	_	
6-4	463-469	wieder	positive[6]	_	
6-5	470-473	mal	positive[6]	_	
6-6	474-478	Ende	positive[6]	_	
6-7	479-482	war	positive[6]	_	
6-8	482-483	,	positive[6]	_	
6-9	484-487	auf	positive[6]	_	
6-10	488-491	der	positive[6]	_	
6-11	492-506	Sterbematratze	positive[6]	_	
6-12	507-516	plötzlich	positive[6]	_	
6-13	517-521	wurd	positive[6]	Persönliches/Emotionen[24]	
6-14	521-522	'	positive[6]	Persönliches/Emotionen[24]	
6-15	523-526	mir	positive[6]	Persönliches/Emotionen[24]	
6-16	527-531	klar	positive[6]	Persönliches/Emotionen[24]	
6-17	531-532	,	positive[6]	_	
6-18	533-536	das	positive[6]	_	
6-19	537-543	totale	positive[6]	_	
6-20	544-548	Tilt	positive[6]	_	
6-21	549-553	darf	positive[6]	_	
6-22	554-556	es	positive[6]	_	
6-23	557-564	niemals	positive[6]	_	
6-24	565-569	mehr	positive[6]	_	
6-25	570-575	geben	positive[6]	_	
6-26	575-576	,	positive[6]	_	
6-27	577-584	künftig	positive[6]	_	
6-28	585-588	geb	positive[6]	_	
6-29	588-589	'	positive[6]	_	
6-30	590-593	ich	positive[6]	_	
6-31	594-598	mein	positive[6]	_	
6-32	599-603	Herz	positive[6]	Liebe/Partnerschaft	
6-33	603-604	,	positive[6]	_	
6-34	605-609	aber	positive[6]	_	
6-35	610-615	nicht	positive[6]	_	
6-36	616-620	mehr	positive[6]	_	
6-37	621-625	mein	positive[6]	_	
6-38	626-631	Leben	positive[6]	_	
6-39	631-632	.	positive[6]	_	

#Text=Da lieb' ich mich doch erstmal selber.- I love me Ich lieb' mich einfach unvorstellbar.- I love me Drum prüfe, bevor man sich so radikalo bindet, dass man sich selber erstmal spitze findet.
7-1	637-639	Da	neutral[7]	_	
7-2	640-644	lieb	neutral[7]	Liebe/Partnerschaft[25]	
7-3	644-645	'	neutral[7]	Liebe/Partnerschaft[25]	
7-4	646-649	ich	neutral[7]	Liebe/Partnerschaft[25]	
7-5	650-654	mich	neutral[7]	Liebe/Partnerschaft[25]	
7-6	655-659	doch	neutral[7]	_	
7-7	660-667	erstmal	neutral[7]	_	
7-8	668-674	selber	neutral[7]	_	
7-9	674-675	.	neutral[7]	_	
7-10	675-676	-	neutral[7]	_	
7-11	677-678	I	neutral[7]	_	
7-12	679-683	love	neutral[7]	_	
7-13	684-686	me	neutral[7]	_	
7-14	687-690	Ich	neutral[7]	Liebe/Partnerschaft[26]	
7-15	691-695	lieb	neutral[7]	Liebe/Partnerschaft[26]	
7-16	695-696	'	neutral[7]	Liebe/Partnerschaft[26]	
7-17	697-701	mich	neutral[7]	Liebe/Partnerschaft[26]	
7-18	702-709	einfach	neutral[7]	Liebe/Partnerschaft[26]	
7-19	710-723	unvorstellbar	neutral[7]	Liebe/Partnerschaft[26]	
7-20	723-724	.	neutral[7]	_	
7-21	724-725	-	neutral[7]	_	
7-22	726-727	I	neutral[7]	_	
7-23	728-732	love	neutral[7]	_	
7-24	733-735	me	neutral[7]	_	
7-25	736-740	Drum	neutral[7]	_	
7-26	741-746	prüfe	neutral[7]	_	
7-27	746-747	,	neutral[7]	_	
7-28	748-753	bevor	neutral[7]	_	
7-29	754-757	man	neutral[7]	_	
7-30	758-762	sich	neutral[7]	_	
7-31	763-765	so	neutral[7]	_	
7-32	766-774	radikalo	neutral[7]	Liebe/Partnerschaft[27]	
7-33	775-781	bindet	neutral[7]	Liebe/Partnerschaft[27]	
7-34	781-782	,	neutral[7]	_	
7-35	783-787	dass	neutral[7]	_	
7-36	788-791	man	neutral[7]	_	
7-37	792-796	sich	neutral[7]	_	
7-38	797-803	selber	neutral[7]	_	
7-39	804-811	erstmal	neutral[7]	_	
7-40	812-818	spitze	neutral[7]	Persönliches/Emotionen[28]	
7-41	819-825	findet	neutral[7]	Persönliches/Emotionen[28]	
7-42	825-826	.	neutral[7]	_	

#Text=Da lieb' ich mich doch erstmal selber.- I love me - I love me  
#Text= 
#Text=Liebe ist wie'n Kartenhaus, wenn's together bricht, knockt mich das
#Text=                                aus.
8-1	827-829	Da	negative[8]	_	
8-2	830-834	lieb	negative[8]	Liebe/Partnerschaft[29]	
8-3	834-835	'	negative[8]	Liebe/Partnerschaft[29]	
8-4	836-839	ich	negative[8]	Liebe/Partnerschaft[29]	
8-5	840-844	mich	negative[8]	Liebe/Partnerschaft[29]	
8-6	845-849	doch	negative[8]	_	
8-7	850-857	erstmal	negative[8]	_	
8-8	858-864	selber	negative[8]	_	
8-9	864-865	.	negative[8]	_	
8-10	865-866	-	negative[8]	_	
8-11	867-868	I	negative[8]	_	
8-12	869-873	love	negative[8]	_	
8-13	874-876	me	negative[8]	_	
8-14	877-878	-	negative[8]	_	
8-15	879-880	I	negative[8]	_	
8-16	881-885	love	negative[8]	_	
8-17	886-888	me	negative[8]	_	
8-18	893-898	Liebe	negative[8]	Liebe/Partnerschaft[30]	
8-19	899-902	ist	negative[8]	Liebe/Partnerschaft[30]	
8-20	903-908	wie'n	negative[8]	Liebe/Partnerschaft[30]	
8-21	909-919	Kartenhaus	negative[8]	Liebe/Partnerschaft[30]	
8-22	919-920	,	negative[8]	_	
8-23	921-927	wenn's	negative[8]	_	
8-24	928-936	together	negative[8]	_	
8-25	937-943	bricht	negative[8]	_	
8-26	943-944	,	negative[8]	_	
8-27	945-951	knockt	negative[8]	Persönliches/Emotionen[31]	
8-28	952-956	mich	negative[8]	Persönliches/Emotionen[31]	
8-29	957-960	das	negative[8]	Persönliches/Emotionen[31]	
8-30	993-996	aus	negative[8]	Persönliches/Emotionen[31]	
8-31	996-997	.	negative[8]	_	

#Text=Und dann zählen sie: sieben, acht, neun, zehn und ich denk', ich kann niemals wieder aufsteh'n.
9-1	998-1001	Und	negative[9]	_	
9-2	1002-1006	dann	negative[9]	_	
9-3	1007-1013	zählen	negative[9]	_	
9-4	1014-1017	sie	negative[9]	_	
9-5	1017-1018	:	negative[9]	_	
9-6	1019-1025	sieben	negative[9]	_	
9-7	1025-1026	,	negative[9]	_	
9-8	1027-1031	acht	negative[9]	_	
9-9	1031-1032	,	negative[9]	_	
9-10	1033-1037	neun	negative[9]	_	
9-11	1037-1038	,	negative[9]	_	
9-12	1039-1043	zehn	negative[9]	_	
9-13	1044-1047	und	negative[9]	_	
9-14	1048-1051	ich	negative[9]	_	
9-15	1052-1056	denk	negative[9]	_	
9-16	1056-1057	'	negative[9]	_	
9-17	1057-1058	,	negative[9]	_	
9-18	1059-1062	ich	negative[9]	_	
9-19	1063-1067	kann	negative[9]	Persönliches/Emotionen[32]	
9-20	1068-1075	niemals	negative[9]	Persönliches/Emotionen[32]	
9-21	1076-1082	wieder	negative[9]	Persönliches/Emotionen[32]	
9-22	1083-1092	aufsteh'n	negative[9]	Persönliches/Emotionen[32]	
9-23	1092-1093	.	negative[9]	Persönliches/Emotionen[32]	

#Text=Nein, ich muss der Trumpf sein, die wichtigste Karte, auf der das alles steht und die kann mir keiner wegzieh'n, indem er schmählich von mir geht.
10-1	1094-1098	Nein	neutral[10]	_	
10-2	1098-1099	,	neutral[10]	_	
10-3	1100-1103	ich	neutral[10]	_	
10-4	1104-1108	muss	neutral[10]	_	
10-5	1109-1112	der	neutral[10]	_	
10-6	1113-1119	Trumpf	neutral[10]	Persönliches/Emotionen[33]	
10-7	1120-1124	sein	neutral[10]	Persönliches/Emotionen[33]	
10-8	1124-1125	,	neutral[10]	_	
10-9	1126-1129	die	neutral[10]	_	
10-10	1130-1140	wichtigste	neutral[10]	_	
10-11	1141-1146	Karte	neutral[10]	_	
10-12	1146-1147	,	neutral[10]	_	
10-13	1148-1151	auf	neutral[10]	_	
10-14	1152-1155	der	neutral[10]	_	
10-15	1156-1159	das	neutral[10]	_	
10-16	1160-1165	alles	neutral[10]	_	
10-17	1166-1171	steht	neutral[10]	_	
10-18	1172-1175	und	neutral[10]	_	
10-19	1176-1179	die	neutral[10]	_	
10-20	1180-1184	kann	neutral[10]	_	
10-21	1185-1188	mir	neutral[10]	_	
10-22	1189-1195	keiner	neutral[10]	_	
10-23	1196-1205	wegzieh'n	neutral[10]	_	
10-24	1205-1206	,	neutral[10]	_	
10-25	1207-1212	indem	neutral[10]	_	
10-26	1213-1215	er	neutral[10]	_	
10-27	1216-1226	schmählich	neutral[10]	_	
10-28	1227-1230	von	neutral[10]	_	
10-29	1231-1234	mir	neutral[10]	_	
10-30	1235-1239	geht	neutral[10]	_	
10-31	1239-1240	.	neutral[10]	_	

#Text=Da lieb' ich mich doch erstmal selber, - I love me Ich lieb' mich einfach unvorstellbar.- I love me Drum prüfe, bevor man sich so radikalo bindet, dass man sich selber erstmal spitze findet.
11-1	1245-1247	Da	neutral[11]	_	
11-2	1248-1252	lieb	neutral[11]	Liebe/Partnerschaft[34]	
11-3	1252-1253	'	neutral[11]	Liebe/Partnerschaft[34]	
11-4	1254-1257	ich	neutral[11]	Liebe/Partnerschaft[34]	
11-5	1258-1262	mich	neutral[11]	Liebe/Partnerschaft[34]	
11-6	1263-1267	doch	neutral[11]	_	
11-7	1268-1275	erstmal	neutral[11]	_	
11-8	1276-1282	selber	neutral[11]	_	
11-9	1282-1283	,	neutral[11]	_	
11-10	1284-1285	-	neutral[11]	_	
11-11	1286-1287	I	neutral[11]	_	
11-12	1288-1292	love	neutral[11]	_	
11-13	1293-1295	me	neutral[11]	_	
11-14	1296-1299	Ich	neutral[11]	Liebe/Partnerschaft[35]	
11-15	1300-1304	lieb	neutral[11]	Liebe/Partnerschaft[35]	
11-16	1304-1305	'	neutral[11]	Liebe/Partnerschaft[35]	
11-17	1306-1310	mich	neutral[11]	Liebe/Partnerschaft[35]	
11-18	1311-1318	einfach	neutral[11]	Liebe/Partnerschaft[35]	
11-19	1319-1332	unvorstellbar	neutral[11]	Liebe/Partnerschaft[35]	
11-20	1332-1333	.	neutral[11]	_	
11-21	1333-1334	-	neutral[11]	_	
11-22	1335-1336	I	neutral[11]	_	
11-23	1337-1341	love	neutral[11]	_	
11-24	1342-1344	me	neutral[11]	_	
11-25	1345-1349	Drum	neutral[11]	_	
11-26	1350-1355	prüfe	neutral[11]	_	
11-27	1355-1356	,	neutral[11]	_	
11-28	1357-1362	bevor	neutral[11]	_	
11-29	1363-1366	man	neutral[11]	_	
11-30	1367-1371	sich	neutral[11]	_	
11-31	1372-1374	so	neutral[11]	_	
11-32	1375-1383	radikalo	neutral[11]	Liebe/Partnerschaft[36]	
11-33	1384-1390	bindet	neutral[11]	Liebe/Partnerschaft[36]	
11-34	1390-1391	,	neutral[11]	_	
11-35	1392-1396	dass	neutral[11]	_	
11-36	1397-1400	man	neutral[11]	_	
11-37	1401-1405	sich	neutral[11]	_	
11-38	1406-1412	selber	neutral[11]	_	
11-39	1413-1420	erstmal	neutral[11]	_	
11-40	1421-1427	spitze	neutral[11]	Persönliches/Emotionen[37]	
11-41	1428-1434	findet	neutral[11]	Persönliches/Emotionen[37]	
11-42	1434-1435	.	neutral[11]	_	

#Text=Da lieb' ich mich doch erstmal selber.- I love me - I love me Ja, der Trick ist, das begreif' ich schnell, nicht hetero-, nicht homo-, sondern autosexuell.
12-1	1436-1438	Da	neutral[12]	_	
12-2	1439-1443	lieb	neutral[12]	Liebe/Partnerschaft[38]	
12-3	1443-1444	'	neutral[12]	Liebe/Partnerschaft[38]	
12-4	1445-1448	ich	neutral[12]	Liebe/Partnerschaft[38]	
12-5	1449-1453	mich	neutral[12]	Liebe/Partnerschaft[38]	
12-6	1454-1458	doch	neutral[12]	_	
12-7	1459-1466	erstmal	neutral[12]	_	
12-8	1467-1473	selber	neutral[12]	_	
12-9	1473-1474	.	neutral[12]	_	
12-10	1474-1475	-	neutral[12]	_	
12-11	1476-1477	I	neutral[12]	_	
12-12	1478-1482	love	neutral[12]	_	
12-13	1483-1485	me	neutral[12]	_	
12-14	1486-1487	-	neutral[12]	_	
12-15	1488-1489	I	neutral[12]	_	
12-16	1490-1494	love	neutral[12]	_	
12-17	1495-1497	me	neutral[12]	_	
12-18	1498-1500	Ja	neutral[12]	_	
12-19	1500-1501	,	neutral[12]	_	
12-20	1502-1505	der	neutral[12]	_	
12-21	1506-1511	Trick	neutral[12]	_	
12-22	1512-1515	ist	neutral[12]	_	
12-23	1515-1516	,	neutral[12]	_	
12-24	1517-1520	das	neutral[12]	_	
12-25	1521-1528	begreif	neutral[12]	_	
12-26	1528-1529	'	neutral[12]	_	
12-27	1530-1533	ich	neutral[12]	_	
12-28	1534-1541	schnell	neutral[12]	_	
12-29	1541-1542	,	neutral[12]	_	
12-30	1543-1548	nicht	neutral[12]	_	
12-31	1549-1555	hetero	neutral[12]	_	
12-32	1555-1556	-	neutral[12]	_	
12-33	1556-1557	,	neutral[12]	_	
12-34	1558-1563	nicht	neutral[12]	_	
12-35	1564-1568	homo	neutral[12]	_	
12-36	1568-1569	-	neutral[12]	_	
12-37	1569-1570	,	neutral[12]	_	
12-38	1571-1578	sondern	neutral[12]	_	
12-39	1579-1590	autosexuell	neutral[12]	Liebe/Partnerschaft	
12-40	1590-1591	.	neutral[12]	_	

#Text=I love me - he loves he
13-1	1592-1593	I	positive[13]	_	
13-2	1594-1598	love	positive[13]	_	
13-3	1599-1601	me	positive[13]	_	
13-4	1602-1603	-	positive[13]	_	
13-5	1604-1606	he	positive[13]	_	
13-6	1607-1612	loves	positive[13]	_	
13-7	1613-1615	he	positive[13]	_	
