#FORMAT=WebAnno TSV 3.2
#T_SP=webanno.custom.Sentiment|Polarity
#T_SP=webanno.custom.Topic|Topics


#Text=Und es sind die finsteren Zeiten in der fremden Stadt.
1-1	0-3	Und	negative[1]	_	
1-2	4-6	es	negative[1]	_	
1-3	7-11	sind	negative[1]	_	
1-4	12-15	die	negative[1]	_	
1-5	16-25	finsteren	negative[1]	Persönliches/Emotionen[5]	
1-6	26-32	Zeiten	negative[1]	Persönliches/Emotionen[5]	
1-7	33-35	in	negative[1]	_	
1-8	36-39	der	negative[1]	_	
1-9	40-47	fremden	negative[1]	_	
1-10	48-53	Stadt	negative[1]	_	
1-11	53-54	.	negative[1]	_	

#Text=Doch es bleibt beim leichten Schreiten und die Stirn ist glatt.
2-1	55-59	Doch	negative[2]	_	
2-2	60-62	es	negative[2]	_	
2-3	63-69	bleibt	negative[2]	_	
2-4	70-74	beim	negative[2]	_	
2-5	75-83	leichten	negative[2]	_	
2-6	84-93	Schreiten	negative[2]	_	
2-7	94-97	und	negative[2]	_	
2-8	98-101	die	negative[2]	_	
2-9	102-107	Stirn	negative[2]	_	
2-10	108-111	ist	negative[2]	_	
2-11	112-117	glatt	negative[2]	_	
2-12	117-118	.	_	_	

#Text=Harte Menschheit, unbewegt, Lang erfror'nem Fischvolk gleich.
3-1	119-124	Harte	negative[3]	Politik/Soziales/Missstände[6]	
3-2	125-135	Menschheit	negative[3]	Politik/Soziales/Missstände[6]	
3-3	135-136	,	negative[3]	_	
3-4	137-145	unbewegt	negative[3]	_	
3-5	145-146	,	negative[3]	_	
3-6	147-151	Lang	negative[3]	_	
3-7	152-162	erfror'nem	negative[3]	_	
3-8	163-172	Fischvolk	negative[3]	Politik/Soziales/Missstände	
3-9	173-179	gleich	negative[3]	_	
3-10	179-180	.	negative[3]	_	

#Text=Doch das Herz bleibt schnell geregt Und das Lächeln weich.
4-1	181-185	Doch	negative[4]	_	
4-2	186-189	das	negative[4]	_	
4-3	190-194	Herz	negative[4]	_	
4-4	195-201	bleibt	negative[4]	_	
4-5	202-209	schnell	negative[4]	_	
4-6	210-216	geregt	negative[4]	_	
4-7	217-220	Und	negative[4]	_	
4-8	221-224	das	negative[4]	Persönliches/Emotionen[7]	
4-9	225-232	Lächeln	negative[4]	Persönliches/Emotionen[7]	
4-10	233-238	weich	negative[4]	Persönliches/Emotionen[7]	
4-11	238-239	.	negative[4]	_	
