#FORMAT=WebAnno TSV 3.2
#T_SP=webanno.custom.Sentiment|Polarity
#T_SP=webanno.custom.Topic|Topics


#Text=Die Vopos lächeln freundlich und gucken kaum in den Pass und sie sagen: "Keine Panik", und sie wünschen uns viel Spaß.
1-1	0-3	Die	positive[1]	_	
1-2	4-9	Vopos	positive[1]	Politik/Soziales/Missstände	
1-3	10-17	lächeln	positive[1]	Persönliches/Emotionen[15]	
1-4	18-28	freundlich	positive[1]	Persönliches/Emotionen[15]	
1-5	29-32	und	positive[1]	_	
1-6	33-39	gucken	positive[1]	_	
1-7	40-44	kaum	positive[1]	_	
1-8	45-47	in	positive[1]	_	
1-9	48-51	den	positive[1]	_	
1-10	52-56	Pass	positive[1]	Politik/Soziales/Missstände	
1-11	57-60	und	positive[1]	_	
1-12	61-64	sie	positive[1]	_	
1-13	65-70	sagen	positive[1]	_	
1-14	70-71	:	positive[1]	_	
1-15	72-73	"	positive[1]	_	
1-16	73-78	Keine	positive[1]	Persönliches/Emotionen[16]	
1-17	79-84	Panik	positive[1]	Persönliches/Emotionen[16]	
1-18	84-85	"	positive[1]	_	
1-19	85-86	,	positive[1]	_	
1-20	87-90	und	positive[1]	_	
1-21	91-94	sie	positive[1]	_	
1-22	95-103	wünschen	positive[1]	_	
1-23	104-107	uns	positive[1]	_	
1-24	108-112	viel	positive[1]	_	
1-25	113-117	Spaß	positive[1]	_	
1-26	117-118	.	positive[1]	_	

#Text=Und der Bandbus gleitet weiter, denn ostwärts geht die Fahrt und wir reiten ein zu unserer ersten Tournee in den Hammer-und-Sichel-Staat.
2-1	119-122	Und	neutral[2]	_	
2-2	123-126	der	neutral[2]	_	
2-3	127-134	Bandbus	neutral[2]	Musik	
2-4	135-142	gleitet	neutral[2]	_	
2-5	143-149	weiter	neutral[2]	_	
2-6	149-150	,	neutral[2]	_	
2-7	151-155	denn	neutral[2]	_	
2-8	156-164	ostwärts	neutral[2]	Reisen[17]	
2-9	165-169	geht	neutral[2]	Reisen[17]	
2-10	170-173	die	neutral[2]	Reisen[17]	
2-11	174-179	Fahrt	neutral[2]	Reisen[17]	
2-12	180-183	und	neutral[2]	_	
2-13	184-187	wir	neutral[2]	_	
2-14	188-194	reiten	neutral[2]	_	
2-15	195-198	ein	neutral[2]	_	
2-16	199-201	zu	neutral[2]	_	
2-17	202-209	unserer	neutral[2]	_	
2-18	210-216	ersten	neutral[2]	_	
2-19	217-224	Tournee	neutral[2]	Musik	
2-20	225-227	in	neutral[2]	_	
2-21	228-231	den	neutral[2]	_	
2-22	232-255	Hammer-und-Sichel-Staat	neutral[2]	Politik/Soziales/Missstände	
2-23	255-256	.	neutral[2]	_	

#Text=Und jetzt ist endlich Schluss mit der Warterei, im Sommer '84 kommen wir vorbei und Edu von Schnitzler im "Schwarzen Kanal" sagt: "Genossen, das ist jetzt alles völlig normal."
3-1	261-264	Und	neutral[3]	_	
3-2	265-270	jetzt	neutral[3]	_	
3-3	271-274	ist	neutral[3]	_	
3-4	275-282	endlich	neutral[3]	_	
3-5	283-290	Schluss	neutral[3]	_	
3-6	291-294	mit	neutral[3]	_	
3-7	295-298	der	neutral[3]	_	
3-8	299-307	Warterei	neutral[3]	_	
3-9	307-308	,	neutral[3]	_	
3-10	309-311	im	neutral[3]	_	
3-11	312-318	Sommer	neutral[3]	_	
3-12	319-320	'	neutral[3]	_	
3-13	320-322	84	neutral[3]	_	
3-14	323-329	kommen	neutral[3]	_	
3-15	330-333	wir	neutral[3]	_	
3-16	334-340	vorbei	neutral[3]	_	
3-17	341-344	und	neutral[3]	_	
3-18	345-348	Edu	neutral[3]	_	
3-19	349-352	von	neutral[3]	_	
3-20	353-363	Schnitzler	neutral[3]	_	
3-21	364-366	im	neutral[3]	_	
3-22	367-368	"	neutral[3]	_	
3-23	368-377	Schwarzen	neutral[3]	_	
3-24	378-383	Kanal	neutral[3]	_	
3-25	383-384	"	neutral[3]	_	
3-26	385-389	sagt	neutral[3]	_	
3-27	389-390	:	neutral[3]	_	
3-28	391-392	"	neutral[3]	_	
3-29	392-400	Genossen	neutral[3]	_	
3-30	400-401	,	neutral[3]	_	
3-31	402-405	das	neutral[3]	_	
3-32	406-409	ist	neutral[3]	_	
3-33	410-415	jetzt	neutral[3]	_	
3-34	416-421	alles	neutral[3]	_	
3-35	422-428	völlig	neutral[3]	_	
3-36	429-435	normal	neutral[3]	_	
3-37	435-436	.	neutral[3]	_	
3-38	436-437	"	neutral[3]	_	

#Text=Oh yeah - wir rocken und rollen durch die DDR, oh yeah - und diesmal nicht nur im Transitverkehr.
4-1	442-444	Oh	positive[4]	_	
4-2	445-449	yeah	positive[4]	_	
4-3	450-451	-	positive[4]	_	
4-4	452-455	wir	positive[4]	Musik[18]	
4-5	456-462	rocken	positive[4]	Musik[18]	
4-6	463-466	und	positive[4]	Musik[18]	
4-7	467-473	rollen	positive[4]	Musik[18]	
4-8	474-479	durch	positive[4]	_	
4-9	480-483	die	positive[4]	_	
4-10	484-487	DDR	positive[4]	Politik/Soziales/Missstände	
4-11	487-488	,	positive[4]	_	
4-12	489-491	oh	positive[4]	_	
4-13	492-496	yeah	positive[4]	_	
4-14	497-498	-	positive[4]	_	
4-15	499-502	und	positive[4]	_	
4-16	503-510	diesmal	positive[4]	_	
4-17	511-516	nicht	positive[4]	_	
4-18	517-520	nur	positive[4]	_	
4-19	521-523	im	positive[4]	_	
4-20	524-538	Transitverkehr	positive[4]	Reisen	
4-21	538-539	.	positive[4]	_	

#Text=Oh yeah - wir rocken und rollen durch die DDR, oh yeah - wir machen richtig los, und es tanzt der Berliner Bär.
5-1	540-542	Oh	positive[5]	_	
5-2	543-547	yeah	positive[5]	_	
5-3	548-549	-	positive[5]	_	
5-4	550-553	wir	positive[5]	Musik[19]	
5-5	554-560	rocken	positive[5]	Musik[19]	
5-6	561-564	und	positive[5]	Musik[19]	
5-7	565-571	rollen	positive[5]	Musik[19]	
5-8	572-577	durch	positive[5]	_	
5-9	578-581	die	positive[5]	_	
5-10	582-585	DDR	positive[5]	Politik/Soziales/Missstände	
5-11	585-586	,	positive[5]	_	
5-12	587-589	oh	positive[5]	_	
5-13	590-594	yeah	positive[5]	_	
5-14	595-596	-	positive[5]	_	
5-15	597-600	wir	positive[5]	_	
5-16	601-607	machen	positive[5]	_	
5-17	608-615	richtig	positive[5]	_	
5-18	616-619	los	positive[5]	_	
5-19	619-620	,	positive[5]	_	
5-20	621-624	und	positive[5]	_	
5-21	625-627	es	positive[5]	_	
5-22	628-633	tanzt	positive[5]	_	
5-23	634-637	der	positive[5]	_	
5-24	638-646	Berliner	positive[5]	Politik/Soziales/Missstände[20]	
5-25	647-650	Bär	positive[5]	Politik/Soziales/Missstände[20]	
5-26	650-651	.	positive[5]	_	

#Text=Wir kommen angerattert, die Roadies sind schon da und sie machen den Mikrofonschleudertest und die Bühne klar.
6-1	656-659	Wir	neutral[6]	_	
6-2	660-666	kommen	neutral[6]	_	
6-3	667-678	angerattert	neutral[6]	_	
6-4	678-679	,	neutral[6]	_	
6-5	680-683	die	neutral[6]	_	
6-6	684-691	Roadies	neutral[6]	Musik	
6-7	692-696	sind	neutral[6]	_	
6-8	697-702	schon	neutral[6]	_	
6-9	703-705	da	neutral[6]	_	
6-10	706-709	und	neutral[6]	_	
6-11	710-713	sie	neutral[6]	_	
6-12	714-720	machen	neutral[6]	_	
6-13	721-724	den	neutral[6]	_	
6-14	725-746	Mikrofonschleudertest	neutral[6]	Musik	
6-15	747-750	und	neutral[6]	_	
6-16	751-754	die	neutral[6]	_	
6-17	755-760	Bühne	neutral[6]	Musik	
6-18	761-765	klar	neutral[6]	_	
6-19	765-766	.	neutral[6]	_	

#Text=Steffi spielt den Exzessor-Bass und es trommelt der grenzenlose Berte Blass und auch Hannes, Olaf, Hendrik und Jacques sind heute ganz besonders auf Zack.
7-1	767-773	Steffi	positive[7]	_	
7-2	774-780	spielt	positive[7]	_	
7-3	781-784	den	positive[7]	_	
7-4	785-798	Exzessor-Bass	positive[7]	Musik	
7-5	799-802	und	positive[7]	_	
7-6	803-805	es	positive[7]	_	
7-7	806-814	trommelt	positive[7]	Musik	
7-8	815-818	der	positive[7]	_	
7-9	819-830	grenzenlose	positive[7]	_	
7-10	831-836	Berte	positive[7]	_	
7-11	837-842	Blass	positive[7]	_	
7-12	843-846	und	positive[7]	_	
7-13	847-851	auch	positive[7]	_	
7-14	852-858	Hannes	positive[7]	_	
7-15	858-859	,	positive[7]	_	
7-16	860-864	Olaf	positive[7]	_	
7-17	864-865	,	positive[7]	_	
7-18	866-873	Hendrik	positive[7]	_	
7-19	874-877	und	positive[7]	_	
7-20	878-885	Jacques	positive[7]	_	
7-21	886-890	sind	positive[7]	_	
7-22	891-896	heute	positive[7]	_	
7-23	897-901	ganz	positive[7]	_	
7-24	902-911	besonders	positive[7]	_	
7-25	912-915	auf	positive[7]	Persönliches/Emotionen[21]	
7-26	916-920	Zack	positive[7]	Persönliches/Emotionen[21]	
7-27	920-921	.	positive[7]	_	

#Text=Dann knipsen wir die Lightshow an in der Abenddämmerung und das Panik-Orchester ballert die absolute Götterhämmerung.
8-1	922-926	Dann	neutral[8]	_	
8-2	927-934	knipsen	neutral[8]	_	
8-3	935-938	wir	neutral[8]	_	
8-4	939-942	die	neutral[8]	_	
8-5	943-952	Lightshow	neutral[8]	_	
8-6	953-955	an	neutral[8]	_	
8-7	956-958	in	neutral[8]	_	
8-8	959-962	der	neutral[8]	_	
8-9	963-977	Abenddämmerung	neutral[8]	_	
8-10	978-981	und	neutral[8]	_	
8-11	982-985	das	neutral[8]	_	
8-12	986-1001	Panik-Orchester	neutral[8]	Musik	
8-13	1002-1009	ballert	neutral[8]	Musik	
8-14	1010-1013	die	neutral[8]	Musik[22]	
8-15	1014-1022	absolute	neutral[8]	Musik[22]	
8-16	1023-1038	Götterhämmerung	neutral[8]	Musik[22]	
8-17	1038-1039	.	neutral[8]	_	

#Text=Oh yeah - wir rocken und rollen durch die DDR, oh yeah - und diesmal nicht nur im Transitverkehr.
9-1	1044-1046	Oh	positive[9]	_	
9-2	1047-1051	yeah	positive[9]	_	
9-3	1052-1053	-	positive[9]	_	
9-4	1054-1057	wir	positive[9]	Musik[23]	
9-5	1058-1064	rocken	positive[9]	Musik[23]	
9-6	1065-1068	und	positive[9]	Musik[23]	
9-7	1069-1075	rollen	positive[9]	Musik[23]	
9-8	1076-1081	durch	positive[9]	_	
9-9	1082-1085	die	positive[9]	_	
9-10	1086-1089	DDR	positive[9]	Politik/Soziales/Missstände	
9-11	1089-1090	,	positive[9]	_	
9-12	1091-1093	oh	positive[9]	_	
9-13	1094-1098	yeah	positive[9]	_	
9-14	1099-1100	-	positive[9]	_	
9-15	1101-1104	und	positive[9]	_	
9-16	1105-1112	diesmal	positive[9]	_	
9-17	1113-1118	nicht	positive[9]	_	
9-18	1119-1122	nur	positive[9]	_	
9-19	1123-1125	im	positive[9]	_	
9-20	1126-1140	Transitverkehr	positive[9]	Reisen	
9-21	1140-1141	.	positive[9]	_	

#Text=Hallo Dresden, hallo Jena - wir rocken und rollen durch die DDR.
10-1	1142-1147	Hallo	neutral[10]	_	
10-2	1148-1155	Dresden	neutral[10]	_	
10-3	1155-1156	,	neutral[10]	_	
10-4	1157-1162	hallo	neutral[10]	_	
10-5	1163-1167	Jena	neutral[10]	_	
10-6	1168-1169	-	neutral[10]	_	
10-7	1170-1173	wir	neutral[10]	Musik[24]	
10-8	1174-1180	rocken	neutral[10]	Musik[24]	
10-9	1181-1184	und	neutral[10]	Musik[24]	
10-10	1185-1191	rollen	neutral[10]	Musik[24]	
10-11	1192-1197	durch	neutral[10]	_	
10-12	1198-1201	die	neutral[10]	_	
10-13	1202-1205	DDR	neutral[10]	Politik/Soziales/Missstände	
10-14	1205-1206	.	neutral[10]	_	

#Text=Hallo Rostock, hallo Leipzig - und es tanzt der Panik-Bär.
11-1	1207-1212	Hallo	neutral[11]	_	
11-2	1213-1220	Rostock	neutral[11]	_	
11-3	1220-1221	,	neutral[11]	_	
11-4	1222-1227	hallo	neutral[11]	_	
11-5	1228-1235	Leipzig	neutral[11]	_	
11-6	1236-1237	-	neutral[11]	_	
11-7	1238-1241	und	neutral[11]	_	
11-8	1242-1244	es	neutral[11]	Musik[25]	
11-9	1245-1250	tanzt	neutral[11]	Musik[25]	
11-10	1251-1254	der	neutral[11]	Musik[25]	
11-11	1255-1264	Panik-Bär	neutral[11]	Musik[25]	
11-12	1264-1265	.	neutral[11]	_	

#Text=Hallo Weimar, Karl-Marx-Stadt.
12-1	1270-1275	Hallo	neutral[12]	_	
12-2	1276-1282	Weimar	neutral[12]	_	
12-3	1282-1283	,	neutral[12]	_	
12-4	1284-1299	Karl-Marx-Stadt	neutral[12]	_	
12-5	1299-1300	.	neutral[12]	_	

#Text=Hallo Frankfurt, Halle, Magdeburg.
13-1	1301-1306	Hallo	neutral[13]	_	
13-2	1307-1316	Frankfurt	neutral[13]	_	
13-3	1316-1317	,	neutral[13]	_	
13-4	1318-1323	Halle	neutral[13]	_	
13-5	1323-1324	,	neutral[13]	_	
13-6	1325-1334	Magdeburg	neutral[13]	_	
13-7	1334-1335	.	neutral[13]	_	

#Text=Hallo Berlin, hallo Zwickau.
14-1	1336-1341	Hallo	neutral[14]	_	
14-2	1342-1348	Berlin	neutral[14]	_	
14-3	1348-1349	,	neutral[14]	_	
14-4	1350-1355	hallo	neutral[14]	_	
14-5	1356-1363	Zwickau	neutral[14]	_	
14-6	1363-1364	.	neutral[14]	_	
