#FORMAT=WebAnno TSV 3.2
#T_SP=webanno.custom.Sentiment|Polarity
#T_SP=webanno.custom.Topic|Topics


#Text=Elli Pyrelli  vom Regensburger Opernhaus  bläht ihre Kehle und ihre Seele auf  und kommt wieder ganz groß raus.
1-1	0-4	Elli	neutral[1]	_	
1-2	5-12	Pyrelli	neutral[1]	_	
1-3	14-17	vom	neutral[1]	_	
1-4	18-30	Regensburger	neutral[1]	Musik[13]	
1-5	31-40	Opernhaus	neutral[1]	Musik[13]	
1-6	42-47	bläht	neutral[1]	Musik[14]	
1-7	48-52	ihre	neutral[1]	Musik[14]	
1-8	53-58	Kehle	neutral[1]	Musik[14]	
1-9	59-62	und	neutral[1]	_	
1-10	63-67	ihre	neutral[1]	_	
1-11	68-73	Seele	neutral[1]	_	
1-12	74-77	auf	neutral[1]	_	
1-13	79-82	und	neutral[1]	_	
1-14	83-88	kommt	neutral[1]	_	
1-15	89-95	wieder	neutral[1]	_	
1-16	96-100	ganz	neutral[1]	_	
1-17	101-105	groß	neutral[1]	_	
1-18	106-110	raus	neutral[1]	_	
1-19	110-111	.	neutral[1]	_	

#Text=Überhaupt ist diese Art Schmettergesang  neuerdings wieder sehr gefragt.
2-1	112-121	Überhaupt	neutral[2]	_	
2-2	122-125	ist	neutral[2]	_	
2-3	126-131	diese	neutral[2]	_	
2-4	132-135	Art	neutral[2]	_	
2-5	136-151	Schmettergesang	neutral[2]	Musik	
2-6	153-163	neuerdings	neutral[2]	_	
2-7	164-170	wieder	neutral[2]	_	
2-8	171-175	sehr	neutral[2]	_	
2-9	176-183	gefragt	neutral[2]	_	
2-10	183-184	.	neutral[2]	_	

#Text=Die Rock'n'Roll-Gespenster sind weg vom Fenster, die Arie ist angesagt.
3-1	185-188	Die	neutral[3]	_	
3-2	189-211	Rock'n'Roll-Gespenster	neutral[3]	Musik	
3-3	212-216	sind	neutral[3]	_	
3-4	217-220	weg	neutral[3]	_	
3-5	221-224	vom	neutral[3]	_	
3-6	225-232	Fenster	neutral[3]	_	
3-7	232-233	,	neutral[3]	_	
3-8	234-237	die	neutral[3]	_	
3-9	238-242	Arie	neutral[3]	Musik	
3-10	243-246	ist	neutral[3]	_	
3-11	247-255	angesagt	neutral[3]	_	
3-12	255-256	.	neutral[3]	_	

#Text=Elli Pyrelli: Oh Votan weiche von mir, oh Votan weiche von mir, Oh Votan weiche von mir, oh Votan weiche von mir.
4-1	261-265	Elli	negative[4]	_	
4-2	266-273	Pyrelli	negative[4]	_	
4-3	273-274	:	negative[4]	_	
4-4	275-277	Oh	negative[4]	_	
4-5	278-283	Votan	negative[4]	_	
4-6	284-290	weiche	negative[4]	_	
4-7	291-294	von	negative[4]	_	
4-8	295-298	mir	negative[4]	_	
4-9	298-299	,	negative[4]	_	
4-10	300-302	oh	negative[4]	_	
4-11	303-308	Votan	negative[4]	_	
4-12	309-315	weiche	negative[4]	_	
4-13	316-319	von	negative[4]	_	
4-14	320-323	mir	negative[4]	_	
4-15	323-324	,	negative[4]	_	
4-16	325-327	Oh	negative[4]	_	
4-17	328-333	Votan	negative[4]	_	
4-18	334-340	weiche	negative[4]	_	
4-19	341-344	von	negative[4]	_	
4-20	345-348	mir	negative[4]	_	
4-21	348-349	,	negative[4]	_	
4-22	350-352	oh	negative[4]	_	
4-23	353-358	Votan	negative[4]	_	
4-24	359-365	weiche	negative[4]	_	
4-25	366-369	von	negative[4]	_	
4-26	370-373	mir	negative[4]	_	
4-27	373-374	.	negative[4]	_	

#Text=Eines abends kam die Pyrelli auf die Bühne  und der Wind von der Windmaschine  hat sich ihr Gewand gepackt  und plötzlich war die Dame nackt.
5-1	379-384	Eines	neutral[5]	_	
5-2	385-391	abends	neutral[5]	_	
5-3	392-395	kam	neutral[5]	_	
5-4	396-399	die	neutral[5]	_	
5-5	400-407	Pyrelli	neutral[5]	_	
5-6	408-411	auf	neutral[5]	_	
5-7	412-415	die	neutral[5]	_	
5-8	416-421	Bühne	neutral[5]	Musik	
5-9	423-426	und	neutral[5]	_	
5-10	427-430	der	neutral[5]	_	
5-11	431-435	Wind	neutral[5]	_	
5-12	436-439	von	neutral[5]	_	
5-13	440-443	der	neutral[5]	_	
5-14	444-456	Windmaschine	neutral[5]	_	
5-15	458-461	hat	neutral[5]	_	
5-16	462-466	sich	neutral[5]	_	
5-17	467-470	ihr	neutral[5]	_	
5-18	471-477	Gewand	neutral[5]	_	
5-19	478-485	gepackt	neutral[5]	_	
5-20	487-490	und	neutral[5]	_	
5-21	491-500	plötzlich	neutral[5]	_	
5-22	501-504	war	neutral[5]	_	
5-23	505-508	die	neutral[5]	_	
5-24	509-513	Dame	neutral[5]	_	
5-25	514-519	nackt	neutral[5]	_	
5-26	519-520	.	neutral[5]	_	

#Text=Ihr Orkan-Organ und dann noch dieser Anblick, das trieb die Leute auf die Sitze, das hielt das ganze Haus im Kopf nicht aus, sie war ja auch wirklich einsame Spitze.
6-1	521-524	Ihr	positive[6]	_	
6-2	525-536	Orkan-Organ	positive[6]	Musik	
6-3	537-540	und	positive[6]	_	
6-4	541-545	dann	positive[6]	_	
6-5	546-550	noch	positive[6]	_	
6-6	551-557	dieser	positive[6]	_	
6-7	558-565	Anblick	positive[6]	_	
6-8	565-566	,	positive[6]	_	
6-9	567-570	das	positive[6]	_	
6-10	571-576	trieb	positive[6]	_	
6-11	577-580	die	positive[6]	_	
6-12	581-586	Leute	positive[6]	_	
6-13	587-590	auf	positive[6]	_	
6-14	591-594	die	positive[6]	_	
6-15	595-600	Sitze	positive[6]	_	
6-16	600-601	,	positive[6]	_	
6-17	602-605	das	positive[6]	_	
6-18	606-611	hielt	positive[6]	_	
6-19	612-615	das	positive[6]	_	
6-20	616-621	ganze	positive[6]	_	
6-21	622-626	Haus	positive[6]	_	
6-22	627-629	im	positive[6]	_	
6-23	630-634	Kopf	positive[6]	_	
6-24	635-640	nicht	positive[6]	_	
6-25	641-644	aus	positive[6]	_	
6-26	644-645	,	positive[6]	_	
6-27	646-649	sie	positive[6]	_	
6-28	650-653	war	positive[6]	_	
6-29	654-656	ja	positive[6]	_	
6-30	657-661	auch	positive[6]	_	
6-31	662-670	wirklich	positive[6]	_	
6-32	671-678	einsame	positive[6]	Persönliches/Emotionen[15]	
6-33	679-685	Spitze	positive[6]	Persönliches/Emotionen[15]	
6-34	685-686	.	positive[6]	_	

#Text=Elli Pyrelli: Oh Votan weiche von mir, oh Votan weiche von mir, Oh Votan weiche von mir, oh Votan weiche von mir.
7-1	691-695	Elli	negative[7]	_	
7-2	696-703	Pyrelli	negative[7]	_	
7-3	703-704	:	negative[7]	_	
7-4	705-707	Oh	negative[7]	_	
7-5	708-713	Votan	negative[7]	_	
7-6	714-720	weiche	negative[7]	_	
7-7	721-724	von	negative[7]	_	
7-8	725-728	mir	negative[7]	_	
7-9	728-729	,	negative[7]	_	
7-10	730-732	oh	negative[7]	_	
7-11	733-738	Votan	negative[7]	_	
7-12	739-745	weiche	negative[7]	_	
7-13	746-749	von	negative[7]	_	
7-14	750-753	mir	negative[7]	_	
7-15	753-754	,	negative[7]	_	
7-16	755-757	Oh	negative[7]	_	
7-17	758-763	Votan	negative[7]	_	
7-18	764-770	weiche	negative[7]	_	
7-19	771-774	von	negative[7]	_	
7-20	775-778	mir	negative[7]	_	
7-21	778-779	,	negative[7]	_	
7-22	780-782	oh	negative[7]	_	
7-23	783-788	Votan	negative[7]	_	
7-24	789-795	weiche	negative[7]	_	
7-25	796-799	von	negative[7]	_	
7-26	800-803	mir	negative[7]	_	
7-27	803-804	.	negative[7]	_	

#Text=Früher drehten die Elektrorocker  ihre Verstärker auf.
8-1	809-815	Früher	neutral[8]	_	
8-2	816-823	drehten	neutral[8]	_	
8-3	824-827	die	neutral[8]	_	
8-4	828-841	Elektrorocker	neutral[8]	Musik	
8-5	843-847	ihre	neutral[8]	_	
8-6	848-858	Verstärker	neutral[8]	Musik	
8-7	859-862	auf	neutral[8]	_	
8-8	862-863	.	neutral[8]	_	

#Text=Jede Menge Phon, bis zur Ohramputation  und schließlich stand kein Mensch mehr drauf.
9-1	864-868	Jede	negative[9]	_	
9-2	869-874	Menge	negative[9]	_	
9-3	875-879	Phon	negative[9]	Musik	
9-4	879-880	,	negative[9]	_	
9-5	881-884	bis	negative[9]	_	
9-6	885-888	zur	negative[9]	_	
9-7	889-902	Ohramputation	negative[9]	Gesundheit/Drogen	
9-8	904-907	und	negative[9]	_	
9-9	908-919	schließlich	negative[9]	_	
9-10	920-925	stand	negative[9]	_	
9-11	926-930	kein	negative[9]	_	
9-12	931-937	Mensch	negative[9]	_	
9-13	938-942	mehr	negative[9]	_	
9-14	943-948	drauf	negative[9]	_	
9-15	948-949	.	negative[9]	_	

#Text=Man wollte lieber wieder seriöse Lieder  und nicht diesen Pop-Krawall.
10-1	950-953	Man	negative[10]	_	
10-2	954-960	wollte	negative[10]	_	
10-3	961-967	lieber	negative[10]	_	
10-4	968-974	wieder	negative[10]	_	
10-5	975-982	seriöse	negative[10]	Musik[16]	
10-6	983-989	Lieder	negative[10]	Musik[16]	
10-7	991-994	und	negative[10]	_	
10-8	995-1000	nicht	negative[10]	_	
10-9	1001-1007	diesen	negative[10]	_	
10-10	1008-1019	Pop-Krawall	negative[10]	Musik	
10-11	1019-1020	.	negative[10]	_	

#Text=Vielleicht auch mal wieder 'ne nette Operette  mit Gesang wie von 'ner Nachtigall.
11-1	1021-1031	Vielleicht	positive[11]	_	
11-2	1032-1036	auch	positive[11]	_	
11-3	1037-1040	mal	positive[11]	_	
11-4	1041-1047	wieder	positive[11]	_	
11-5	1048-1049	'	positive[11]	_	
11-6	1049-1051	ne	positive[11]	_	
11-7	1052-1057	nette	positive[11]	_	
11-8	1058-1066	Operette	positive[11]	Musik	
11-9	1068-1071	mit	positive[11]	_	
11-10	1072-1078	Gesang	positive[11]	Musik	
11-11	1079-1082	wie	positive[11]	_	
11-12	1083-1086	von	positive[11]	_	
11-13	1087-1088	'	positive[11]	_	
11-14	1088-1091	ner	positive[11]	_	
11-15	1092-1102	Nachtigall	positive[11]	_	
11-16	1102-1103	.	positive[11]	_	

#Text=Elli Pyrelli: Oh Votan weiche von mir, oh Votan weiche von mir, Oh Votan weiche von mir, oh Votan weiche von mir.
12-1	1108-1112	Elli	negative[12]	_	
12-2	1113-1120	Pyrelli	negative[12]	_	
12-3	1120-1121	:	negative[12]	_	
12-4	1122-1124	Oh	negative[12]	_	
12-5	1125-1130	Votan	negative[12]	_	
12-6	1131-1137	weiche	negative[12]	_	
12-7	1138-1141	von	negative[12]	_	
12-8	1142-1145	mir	negative[12]	_	
12-9	1145-1146	,	negative[12]	_	
12-10	1147-1149	oh	negative[12]	_	
12-11	1150-1155	Votan	negative[12]	_	
12-12	1156-1162	weiche	negative[12]	_	
12-13	1163-1166	von	negative[12]	_	
12-14	1167-1170	mir	negative[12]	_	
12-15	1170-1171	,	negative[12]	_	
12-16	1172-1174	Oh	negative[12]	_	
12-17	1175-1180	Votan	negative[12]	_	
12-18	1181-1187	weiche	negative[12]	_	
12-19	1188-1191	von	negative[12]	_	
12-20	1192-1195	mir	negative[12]	_	
12-21	1195-1196	,	negative[12]	_	
12-22	1197-1199	oh	negative[12]	_	
12-23	1200-1205	Votan	negative[12]	_	
12-24	1206-1212	weiche	negative[12]	_	
12-25	1213-1216	von	negative[12]	_	
12-26	1217-1220	mir	negative[12]	_	
12-27	1220-1221	.	negative[12]	_	
