#FORMAT=WebAnno TSV 3.2
#T_SP=webanno.custom.Sentiment|Polarity
#T_SP=webanno.custom.Topic|Topics


#Text=Ich komme aus dem Dunkeln und trete in das Licht.
1-1	0-3	Ich	positive[1]	_	
1-2	4-9	komme	positive[1]	_	
1-3	10-13	aus	positive[1]	_	
1-4	14-17	dem	positive[1]	_	
1-5	18-25	Dunkeln	positive[1]	_	
1-6	26-29	und	positive[1]	_	
1-7	30-35	trete	positive[1]	_	
1-8	36-38	in	positive[1]	_	
1-9	39-42	das	positive[1]	_	
1-10	43-48	Licht	positive[1]	_	
1-11	48-49	.	positive[1]	_	

#Text=Und braucht hier einer Trouble, der schau mir ins Gesicht.
2-1	50-53	Und	neutral[2]	_	
2-2	54-61	braucht	neutral[2]	_	
2-3	62-66	hier	neutral[2]	_	
2-4	67-72	einer	neutral[2]	_	
2-5	73-80	Trouble	neutral[2]	_	
2-6	80-81	,	neutral[2]	_	
2-7	82-85	der	neutral[2]	_	
2-8	86-91	schau	neutral[2]	_	
2-9	92-95	mir	neutral[2]	_	
2-10	96-99	ins	neutral[2]	_	
2-11	100-107	Gesicht	neutral[2]	_	
2-12	107-108	.	neutral[2]	_	

#Text=Ich komme aus dem Gulli und will zur Sonne starten.
3-1	113-116	Ich	positive[3]	_	
3-2	117-122	komme	positive[3]	Politik/Soziales/Missstände[30]	
3-3	123-126	aus	positive[3]	Politik/Soziales/Missstände[30]	
3-4	127-130	dem	positive[3]	Politik/Soziales/Missstände[30]	
3-5	131-136	Gulli	positive[3]	Politik/Soziales/Missstände[30]	
3-6	137-140	und	positive[3]	_	
3-7	141-145	will	positive[3]	_	
3-8	146-149	zur	positive[3]	_	
3-9	150-155	Sonne	positive[3]	_	
3-10	156-163	starten	positive[3]	_	
3-11	163-164	.	positive[3]	_	

#Text=Und wer mich daran hindert, der hat schlechte Karten.
4-1	165-168	Und	negative[4]	_	
4-2	169-172	wer	negative[4]	_	
4-3	173-177	mich	negative[4]	_	
4-4	178-183	daran	negative[4]	_	
4-5	184-191	hindert	negative[4]	_	
4-6	191-192	,	negative[4]	_	
4-7	193-196	der	negative[4]	_	
4-8	197-200	hat	negative[4]	Persönliches/Emotionen[31]	
4-9	201-210	schlechte	negative[4]	Persönliches/Emotionen[31]	
4-10	211-217	Karten	negative[4]	Persönliches/Emotionen[31]	
4-11	217-218	.	negative[4]	_	

#Text=Ich weiß, dies ist der Tag, den du später hasst - schick dich zurück ins Universum, wo du als Sternenstaub verblasst.
5-1	223-226	Ich	negative[5]	_	
5-2	227-231	weiß	negative[5]	_	
5-3	231-232	,	negative[5]	_	
5-4	233-237	dies	negative[5]	_	
5-5	238-241	ist	negative[5]	_	
5-6	242-245	der	negative[5]	_	
5-7	246-249	Tag	negative[5]	_	
5-8	249-250	,	negative[5]	_	
5-9	251-254	den	negative[5]	_	
5-10	255-257	du	negative[5]	_	
5-11	258-264	später	negative[5]	_	
5-12	265-270	hasst	negative[5]	Persönliches/Emotionen	
5-13	271-272	-	_	_	
5-14	273-279	schick	neutral[6]	_	
5-15	280-284	dich	neutral[6]	_	
5-16	285-291	zurück	neutral[6]	_	
5-17	292-295	ins	neutral[6]	_	
5-18	296-305	Universum	neutral[6]	_	
5-19	305-306	,	neutral[6]	_	
5-20	307-309	wo	neutral[6]	_	
5-21	310-312	du	neutral[6]	_	
5-22	313-316	als	neutral[6]	_	
5-23	317-329	Sternenstaub	neutral[6]	_	
5-24	330-339	verblasst	neutral[6]	_	
5-25	339-340	.	neutral[6]	_	

#Text=Das Training war 'ne Folter, bin gewachsen an der Qual.
6-1	345-348	Das	negative[7]	_	
6-2	349-357	Training	negative[7]	Gesundheit/Drogen	
6-3	358-361	war	negative[7]	_	
6-4	362-363	'	negative[7]	_	
6-5	363-365	ne	negative[7]	_	
6-6	366-372	Folter	negative[7]	Politik/Soziales/Missstände	
6-7	372-373	,	negative[7]	_	
6-8	374-377	bin	negative[7]	_	
6-9	378-387	gewachsen	negative[7]	_	
6-10	388-390	an	negative[7]	_	
6-11	391-394	der	negative[7]	_	
6-12	395-399	Qual	negative[7]	Persönliches/Emotionen	
6-13	399-400	.	negative[7]	_	

#Text=Ich komm' um zu gewinnen und meine Fäuste sind aus Stahl.
7-1	401-404	Ich	positive[8]	_	
7-2	405-409	komm	positive[8]	_	
7-3	409-410	'	positive[8]	_	
7-4	411-413	um	positive[8]	_	
7-5	414-416	zu	positive[8]	_	
7-6	417-425	gewinnen	positive[8]	_	
7-7	426-429	und	positive[8]	_	
7-8	430-435	meine	positive[8]	_	
7-9	436-442	Fäuste	positive[8]	_	
7-10	443-447	sind	positive[8]	_	
7-11	448-451	aus	positive[8]	_	
7-12	452-457	Stahl	positive[8]	_	
7-13	457-458	.	positive[8]	_	

#Text=Der Exzessor, komm' aus dem Dunkeln, tret' in das Licht.
8-1	463-466	Der	positive[9]	_	
8-2	467-475	Exzessor	positive[9]	_	
8-3	475-476	,	positive[9]	_	
8-4	477-481	komm	positive[9]	_	
8-5	481-482	'	positive[9]	_	
8-6	483-486	aus	positive[9]	_	
8-7	487-490	dem	positive[9]	_	
8-8	491-498	Dunkeln	positive[9]	_	
8-9	498-499	,	positive[9]	_	
8-10	500-504	tret	positive[9]	_	
8-11	504-505	'	positive[9]	_	
8-12	506-508	in	positive[9]	_	
8-13	509-512	das	positive[9]	_	
8-14	513-518	Licht	positive[9]	_	
8-15	518-519	.	positive[9]	_	

#Text=Der Exzessor.
9-1	520-523	Der	neutral[10]	_	
9-2	524-532	Exzessor	neutral[10]	_	
9-3	532-533	.	neutral[10]	_	

#Text=Der Exzessor.
10-1	534-537	Der	neutral[11]	_	
10-2	538-546	Exzessor	neutral[11]	_	
10-3	546-547	.	neutral[11]	_	

#Text=Ich bring dir den Schmerz, leider muss das so sein.
11-1	548-551	Ich	negative[12]	_	
11-2	552-557	bring	negative[12]	_	
11-3	558-561	dir	negative[12]	_	
11-4	562-565	den	negative[12]	_	
11-5	566-573	Schmerz	negative[12]	Politik/Soziales/Missstände	
11-6	573-574	,	negative[12]	_	
11-7	575-581	leider	negative[12]	_	
11-8	582-586	muss	negative[12]	_	
11-9	587-590	das	negative[12]	_	
11-10	591-593	so	negative[12]	_	
11-11	594-598	sein	negative[12]	_	
11-12	598-599	.	negative[12]	_	

#Text=Ich werde lachen und Du wirst weinen.
12-1	600-603	Ich	positive[13]	_	
12-2	604-609	werde	positive[13]	_	
12-3	610-616	lachen	positive[13]	Persönliches/Emotionen	
12-4	617-620	und	positive[13]	_	
12-5	621-623	Du	positive[13]	_	
12-6	624-629	wirst	positive[13]	_	
12-7	630-636	weinen	positive[13]	Persönliches/Emotionen	
12-8	636-637	.	positive[13]	_	

#Text=Der Exzessor.
13-1	638-641	Der	neutral[14]	_	
13-2	642-650	Exzessor	neutral[14]	_	
13-3	650-651	.	neutral[14]	_	

#Text=Der Exzessor, leider muss das so sein.
14-1	656-659	Der	negative[15]	_	
14-2	660-668	Exzessor	negative[15]	_	
14-3	668-669	,	negative[15]	_	
14-4	670-676	leider	negative[15]	_	
14-5	677-681	muss	negative[15]	_	
14-6	682-685	das	negative[15]	_	
14-7	686-688	so	negative[15]	_	
14-8	689-693	sein	negative[15]	_	
14-9	693-694	.	negative[15]	_	

#Text=Einer wird lachen und einer wird weinen.
15-1	695-700	Einer	neutral[16]	_	
15-2	701-705	wird	neutral[16]	_	
15-3	706-712	lachen	neutral[16]	Persönliches/Emotionen	
15-4	713-716	und	neutral[16]	_	
15-5	717-722	einer	neutral[16]	_	
15-6	723-727	wird	neutral[16]	_	
15-7	728-734	weinen	neutral[16]	Persönliches/Emotionen	
15-8	734-735	.	neutral[16]	_	

#Text=Ich komme aus dem Ghetto, wie der Straßenwind.
16-1	740-743	Ich	negative[17]	_	
16-2	744-749	komme	negative[17]	_	
16-3	750-753	aus	negative[17]	_	
16-4	754-757	dem	negative[17]	_	
16-5	758-764	Ghetto	negative[17]	Politik/Soziales/Missstände	
16-6	764-765	,	negative[17]	_	
16-7	766-769	wie	negative[17]	_	
16-8	770-773	der	negative[17]	_	
16-9	774-785	Straßenwind	negative[17]	_	
16-10	785-786	.	negative[17]	_	

#Text=Winde werden Stürme, wenn sie größer sind.
17-1	787-792	Winde	neutral[18]	_	
17-2	793-799	werden	neutral[18]	_	
17-3	800-806	Stürme	neutral[18]	_	
17-4	806-807	,	neutral[18]	_	
17-5	808-812	wenn	neutral[18]	_	
17-6	813-816	sie	neutral[18]	_	
17-7	817-823	größer	neutral[18]	_	
17-8	824-828	sind	neutral[18]	_	
17-9	828-829	.	neutral[18]	_	

#Text=Bin auf dem Weg nach oben, gibt keinen Weg zurück.
18-1	834-837	Bin	positive[19]	_	
18-2	838-841	auf	positive[19]	_	
18-3	842-845	dem	positive[19]	_	
18-4	846-849	Weg	positive[19]	_	
18-5	850-854	nach	positive[19]	_	
18-6	855-859	oben	positive[19]	_	
18-7	859-860	,	positive[19]	_	
18-8	861-865	gibt	positive[19]	_	
18-9	866-872	keinen	positive[19]	_	
18-10	873-876	Weg	positive[19]	_	
18-11	877-883	zurück	positive[19]	_	
18-12	883-884	.	positive[19]	_	

#Text=Verlasse mich auf keinen, auch nicht auf irgendein Glück.
19-1	885-893	Verlasse	negative[20]	_	
19-2	894-898	mich	negative[20]	_	
19-3	899-902	auf	negative[20]	_	
19-4	903-909	keinen	negative[20]	_	
19-5	909-910	,	negative[20]	_	
19-6	911-915	auch	negative[20]	_	
19-7	916-921	nicht	negative[20]	_	
19-8	922-925	auf	negative[20]	_	
19-9	926-935	irgendein	negative[20]	_	
19-10	936-941	Glück	negative[20]	Persönliches/Emotionen	
19-11	941-942	.	_	_	

#Text=Der Exzessor.
20-1	943-946	Der	neutral[21]	_	
20-2	947-955	Exzessor	neutral[21]	_	
20-3	955-956	.	_	_	

#Text=Komm' aus dem Dunkeln und tret' in das Licht.
21-1	961-965	Komm	positive[22]	_	
21-2	965-966	'	positive[22]	_	
21-3	967-970	aus	positive[22]	_	
21-4	971-974	dem	positive[22]	_	
21-5	975-982	Dunkeln	positive[22]	_	
21-6	983-986	und	positive[22]	_	
21-7	987-991	tret	positive[22]	_	
21-8	991-992	'	positive[22]	_	
21-9	993-995	in	positive[22]	_	
21-10	996-999	das	positive[22]	_	
21-11	1000-1005	Licht	positive[22]	_	
21-12	1005-1006	.	positive[22]	_	

#Text=Der Exzessor.
22-1	1007-1010	Der	neutral[23]	_	
22-2	1011-1019	Exzessor	neutral[23]	_	
22-3	1019-1020	.	neutral[23]	_	

#Text=Und braucht hier einer Trouble, der schau mir ins Gesicht.
23-1	1021-1024	Und	neutral[24]	_	
23-2	1025-1032	braucht	neutral[24]	_	
23-3	1033-1037	hier	neutral[24]	_	
23-4	1038-1043	einer	neutral[24]	_	
23-5	1044-1051	Trouble	neutral[24]	_	
23-6	1051-1052	,	neutral[24]	_	
23-7	1053-1056	der	neutral[24]	_	
23-8	1057-1062	schau	neutral[24]	_	
23-9	1063-1066	mir	neutral[24]	_	
23-10	1067-1070	ins	neutral[24]	_	
23-11	1071-1078	Gesicht	neutral[24]	_	
23-12	1078-1079	.	neutral[24]	_	

#Text=Der Exzessor.
24-1	1080-1083	Der	neutral[25]	_	
24-2	1084-1092	Exzessor	neutral[25]	_	
24-3	1092-1093	.	neutral[25]	_	

#Text=Ich bring dir den Schmerz, leider muss das so sein.
25-1	1094-1097	Ich	neutral[26]	_	
25-2	1098-1103	bring	neutral[26]	_	
25-3	1104-1107	dir	neutral[26]	_	
25-4	1108-1111	den	neutral[26]	_	
25-5	1112-1119	Schmerz	neutral[26]	Persönliches/Emotionen	
25-6	1119-1120	,	neutral[26]	_	
25-7	1121-1127	leider	neutral[26]	_	
25-8	1128-1132	muss	neutral[26]	_	
25-9	1133-1136	das	neutral[26]	_	
25-10	1137-1139	so	neutral[26]	_	
25-11	1140-1144	sein	neutral[26]	_	
25-12	1144-1145	.	neutral[26]	_	

#Text=Ich werde lachen und Du wirst weinen.
26-1	1146-1149	Ich	positive[27]	_	
26-2	1150-1155	werde	positive[27]	_	
26-3	1156-1162	lachen	positive[27]	Persönliches/Emotionen	
26-4	1163-1166	und	positive[27]	_	
26-5	1167-1169	Du	positive[27]	_	
26-6	1170-1175	wirst	positive[27]	_	
26-7	1176-1182	weinen	positive[27]	Persönliches/Emotionen	
26-8	1182-1183	.	positive[27]	_	

#Text=Der Exzessor.
27-1	1184-1187	Der	neutral[28]	_	
27-2	1188-1196	Exzessor	neutral[28]	_	
27-3	1196-1197	.	neutral[28]	_	

#Text=Ich werde lachen und Du wirst weinen.
28-1	1198-1201	Ich	positive[29]	_	
28-2	1202-1207	werde	positive[29]	_	
28-3	1208-1214	lachen	positive[29]	Persönliches/Emotionen	
28-4	1215-1218	und	positive[29]	_	
28-5	1219-1221	Du	positive[29]	_	
28-6	1222-1227	wirst	positive[29]	_	
28-7	1228-1234	weinen	positive[29]	Persönliches/Emotionen	
28-8	1234-1235	.	positive[29]	_	
