#FORMAT=WebAnno TSV 3.2
#T_SP=webanno.custom.Sentiment|Polarity
#T_SP=webanno.custom.Topic|Topics


#Text=Er war ein richtig keuscher Junge und bei ihm zog nie ein Hoch auf.
1-1	0-2	Er	negative[1]	_	
1-2	3-6	war	negative[1]	_	
1-3	7-10	ein	negative[1]	_	
1-4	11-18	richtig	negative[1]	Persönliches/Emotionen[21]	
1-5	19-27	keuscher	negative[1]	Persönliches/Emotionen[21]	
1-6	28-33	Junge	negative[1]	Persönliches/Emotionen[21]	
1-7	34-37	und	negative[1]	_	
1-8	38-41	bei	negative[1]	_	
1-9	42-45	ihm	negative[1]	_	
1-10	46-49	zog	negative[1]	_	
1-11	50-53	nie	negative[1]	_	
1-12	54-57	ein	negative[1]	_	
1-13	58-62	Hoch	negative[1]	_	
1-14	63-66	auf	negative[1]	_	
1-15	66-67	.	negative[1]	_	

#Text=Gerade das machte manche Frau so stürmisch und sie flog drauf.
2-1	68-74	Gerade	positive[2]	_	
2-2	75-78	das	positive[2]	Liebe/Partnerschaft[22]	
2-3	79-85	machte	positive[2]	Liebe/Partnerschaft[22]	
2-4	86-92	manche	positive[2]	Liebe/Partnerschaft[22]	
2-5	93-97	Frau	positive[2]	Liebe/Partnerschaft[22]	
2-6	98-100	so	positive[2]	Liebe/Partnerschaft[22]	
2-7	101-110	stürmisch	positive[2]	Liebe/Partnerschaft[22]	
2-8	111-114	und	positive[2]	_	
2-9	115-118	sie	positive[2]	Liebe/Partnerschaft[23]	
2-10	119-123	flog	positive[2]	Liebe/Partnerschaft[23]	
2-11	124-129	drauf	positive[2]	Liebe/Partnerschaft[23]	
2-12	129-130	.	positive[2]	_	

#Text=Ja, immer wieder wurd' er in Versuchung gebracht, dabei wusste doch wohl jede: Dieser Typ ist kein Mann für eine Nacht.
3-1	131-133	Ja	neutral[3]	_	
3-2	133-134	,	neutral[3]	_	
3-3	135-140	immer	neutral[3]	_	
3-4	141-147	wieder	neutral[3]	_	
3-5	148-152	wurd	neutral[3]	_	
3-6	152-153	'	neutral[3]	_	
3-7	154-156	er	neutral[3]	_	
3-8	157-159	in	neutral[3]	Liebe/Partnerschaft[24]	
3-9	160-170	Versuchung	neutral[3]	Liebe/Partnerschaft[24]	
3-10	171-179	gebracht	neutral[3]	Liebe/Partnerschaft[24]	
3-11	179-180	,	neutral[3]	_	
3-12	181-186	dabei	neutral[3]	_	
3-13	187-193	wusste	neutral[3]	_	
3-14	194-198	doch	neutral[3]	_	
3-15	199-203	wohl	neutral[3]	_	
3-16	204-208	jede	neutral[3]	_	
3-17	208-209	:	neutral[3]	_	
3-18	210-216	Dieser	neutral[3]	_	
3-19	217-220	Typ	neutral[3]	_	
3-20	221-224	ist	neutral[3]	_	
3-21	225-229	kein	neutral[3]	Liebe/Partnerschaft[25]	
3-22	230-234	Mann	neutral[3]	Liebe/Partnerschaft[25]	
3-23	235-238	für	neutral[3]	Liebe/Partnerschaft[25]	
3-24	239-243	eine	neutral[3]	Liebe/Partnerschaft[25]	
3-25	244-249	Nacht	neutral[3]	Liebe/Partnerschaft[25]	
3-26	249-250	.	neutral[3]	_	

#Text=Denn 'ne Nacht ist ihm zu lange und er sagt es frei heraus, das artet ihm zu oft in wirklich schwerste Arbeit aus.
4-1	251-255	Denn	negative[4]	_	
4-2	256-257	'	negative[4]	_	
4-3	257-259	ne	negative[4]	_	
4-4	260-265	Nacht	negative[4]	_	
4-5	266-269	ist	negative[4]	_	
4-6	270-273	ihm	negative[4]	_	
4-7	274-276	zu	negative[4]	_	
4-8	277-282	lange	negative[4]	_	
4-9	283-286	und	negative[4]	_	
4-10	287-289	er	negative[4]	_	
4-11	290-294	sagt	negative[4]	_	
4-12	295-297	es	negative[4]	_	
4-13	298-302	frei	negative[4]	_	
4-14	303-309	heraus	negative[4]	_	
4-15	309-310	,	negative[4]	_	
4-16	311-314	das	negative[4]	_	
4-17	315-320	artet	negative[4]	_	
4-18	321-324	ihm	negative[4]	_	
4-19	325-327	zu	negative[4]	_	
4-20	328-331	oft	negative[4]	_	
4-21	332-334	in	negative[4]	_	
4-22	335-343	wirklich	negative[4]	_	
4-23	344-353	schwerste	negative[4]	Persönliches/Emotionen[26]	
4-24	354-360	Arbeit	negative[4]	Persönliches/Emotionen[26]	
4-25	361-364	aus	negative[4]	_	
4-26	364-365	.	negative[4]	_	

#Text=Lieber nur 'ne halbe Stunde, 'n Quicki ist doch auch ganz schön.
5-1	366-372	Lieber	positive[5]	_	
5-2	373-376	nur	positive[5]	_	
5-3	377-378	'	positive[5]	_	
5-4	378-380	ne	positive[5]	_	
5-5	381-386	halbe	positive[5]	_	
5-6	387-393	Stunde	positive[5]	_	
5-7	393-394	,	positive[5]	_	
5-8	395-396	'	positive[5]	_	
5-9	396-397	n	positive[5]	_	
5-10	398-404	Quicki	positive[5]	Liebe/Partnerschaft	
5-11	405-408	ist	positive[5]	_	
5-12	409-413	doch	positive[5]	_	
5-13	414-418	auch	positive[5]	_	
5-14	419-423	ganz	positive[5]	Persönliches/Emotionen[27]	
5-15	424-429	schön	positive[5]	Persönliches/Emotionen[27]	
5-16	429-430	.	positive[5]	_	

#Text=Da kann er nämlich hinterher noch andere glücklich machen geh'n.
6-1	431-433	Da	positive[6]	_	
6-2	434-438	kann	positive[6]	_	
6-3	439-441	er	positive[6]	_	
6-4	442-449	nämlich	positive[6]	_	
6-5	450-459	hinterher	positive[6]	_	
6-6	460-464	noch	positive[6]	_	
6-7	465-471	andere	positive[6]	_	
6-8	472-481	glücklich	positive[6]	Liebe/Partnerschaft[28]	
6-9	482-488	machen	positive[6]	Liebe/Partnerschaft[28]	
6-10	489-494	geh'n	positive[6]	_	
6-11	494-495	.	positive[6]	_	

#Text=Er war nur ein Jonny und er flippte um die Welt, er war ein Gigolo, doch niemals nahm er Geld.
7-1	500-502	Er	neutral[7]	_	
7-2	503-506	war	neutral[7]	_	
7-3	507-510	nur	neutral[7]	_	
7-4	511-514	ein	neutral[7]	_	
7-5	515-520	Jonny	neutral[7]	_	
7-6	521-524	und	neutral[7]	_	
7-7	525-527	er	neutral[7]	_	
7-8	528-535	flippte	neutral[7]	Reisen[29]	
7-9	536-538	um	neutral[7]	Reisen[29]	
7-10	539-542	die	neutral[7]	Reisen[29]	
7-11	543-547	Welt	neutral[7]	Reisen[29]	
7-12	547-548	,	neutral[7]	_	
7-13	549-551	er	neutral[7]	_	
7-14	552-555	war	neutral[7]	_	
7-15	556-559	ein	neutral[7]	_	
7-16	560-566	Gigolo	neutral[7]	Liebe/Partnerschaft	
7-17	566-567	,	neutral[7]	_	
7-18	568-572	doch	neutral[7]	_	
7-19	573-580	niemals	neutral[7]	_	
7-20	581-585	nahm	neutral[7]	_	
7-21	586-588	er	neutral[7]	_	
7-22	589-593	Geld	neutral[7]	_	
7-23	593-594	.	neutral[7]	_	

#Text=Ob blond, ob schwarz, ob braun, ob Henna und manchmal stand er auch auf Männer.
8-1	595-597	Ob	neutral[8]	_	
8-2	598-603	blond	neutral[8]	_	
8-3	603-604	,	neutral[8]	_	
8-4	605-607	ob	neutral[8]	_	
8-5	608-615	schwarz	neutral[8]	_	
8-6	615-616	,	neutral[8]	_	
8-7	617-619	ob	neutral[8]	_	
8-8	620-625	braun	neutral[8]	_	
8-9	625-626	,	neutral[8]	_	
8-10	627-629	ob	neutral[8]	_	
8-11	630-635	Henna	neutral[8]	_	
8-12	636-639	und	neutral[8]	_	
8-13	640-648	manchmal	neutral[8]	Liebe/Partnerschaft[30]	
8-14	649-654	stand	neutral[8]	Liebe/Partnerschaft[30]	
8-15	655-657	er	neutral[8]	Liebe/Partnerschaft[30]	
8-16	658-662	auch	neutral[8]	Liebe/Partnerschaft[30]	
8-17	663-666	auf	neutral[8]	Liebe/Partnerschaft[30]	
8-18	667-673	Männer	neutral[8]	Liebe/Partnerschaft[30]	
8-19	673-674	.	neutral[8]	_	

#Text=Früher war ich öfter krampfig, denn da wusste ich noch nicht: Prickelfit entspannt dich und zwar augenblicklich.
9-1	679-685	Früher	neutral[9]	_	
9-2	686-689	war	neutral[9]	_	
9-3	690-693	ich	neutral[9]	_	
9-4	694-699	öfter	neutral[9]	_	
9-5	700-708	krampfig	neutral[9]	Persönliches/Emotionen	
9-6	708-709	,	neutral[9]	_	
9-7	710-714	denn	neutral[9]	_	
9-8	715-717	da	neutral[9]	_	
9-9	718-724	wusste	neutral[9]	_	
9-10	725-728	ich	neutral[9]	_	
9-11	729-733	noch	neutral[9]	_	
9-12	734-739	nicht	neutral[9]	_	
9-13	739-740	:	neutral[9]	_	
9-14	741-751	Prickelfit	neutral[9]	_	
9-15	752-761	entspannt	neutral[9]	Persönliches/Emotionen[31]	
9-16	762-766	dich	neutral[9]	Persönliches/Emotionen[31]	
9-17	767-770	und	neutral[9]	_	
9-18	771-775	zwar	neutral[9]	_	
9-19	776-790	augenblicklich	neutral[9]	_	
9-20	790-791	.	neutral[9]	_	

#Text=Man fragte mich auch mal, ob ich vom anderen Ufer bin.
10-1	792-795	Man	negative[10]	_	
10-2	796-802	fragte	negative[10]	_	
10-3	803-807	mich	negative[10]	_	
10-4	808-812	auch	negative[10]	_	
10-5	813-816	mal	negative[10]	_	
10-6	816-817	,	negative[10]	_	
10-7	818-820	ob	negative[10]	_	
10-8	821-824	ich	negative[10]	_	
10-9	825-828	vom	negative[10]	Politik/Soziales/Missstände[32]	
10-10	829-836	anderen	negative[10]	Politik/Soziales/Missstände[32]	
10-11	837-841	Ufer	negative[10]	Politik/Soziales/Missstände[32]	
10-12	842-845	bin	negative[10]	_	
10-13	845-846	.	negative[10]	_	

#Text=Nein, ich bin der Fluss selber und ich fließe stolz dahin.
11-1	847-851	Nein	positive[11]	_	
11-2	851-852	,	positive[11]	_	
11-3	853-856	ich	positive[11]	_	
11-4	857-860	bin	positive[11]	_	
11-5	861-864	der	positive[11]	_	
11-6	865-870	Fluss	positive[11]	_	
11-7	871-877	selber	positive[11]	_	
11-8	878-881	und	positive[11]	_	
11-9	882-885	ich	positive[11]	_	
11-10	886-892	fließe	positive[11]	Persönliches/Emotionen[33]	
11-11	893-898	stolz	positive[11]	Persönliches/Emotionen[33]	
11-12	899-904	dahin	positive[11]	Persönliches/Emotionen[33]	
11-13	904-905	.	positive[11]	_	

#Text=Und gelegentlich Probleme mit den klerikalen Cliquen, ob er sich denn nicht was schäme, unaufhörlich rumzumachen.
12-1	906-909	Und	negative[12]	_	
12-2	910-922	gelegentlich	negative[12]	_	
12-3	923-931	Probleme	negative[12]	_	
12-4	932-935	mit	negative[12]	_	
12-5	936-939	den	negative[12]	_	
12-6	940-950	klerikalen	negative[12]	Politik/Soziales/Missstände[34]	
12-7	951-958	Cliquen	negative[12]	Politik/Soziales/Missstände[34]	
12-8	958-959	,	negative[12]	_	
12-9	960-962	ob	negative[12]	_	
12-10	963-965	er	negative[12]	_	
12-11	966-970	sich	negative[12]	_	
12-12	971-975	denn	negative[12]	_	
12-13	976-981	nicht	negative[12]	_	
12-14	982-985	was	negative[12]	_	
12-15	986-992	schäme	negative[12]	Persönliches/Emotionen	
12-16	992-993	,	negative[12]	_	
12-17	994-1006	unaufhörlich	negative[12]	_	
12-18	1007-1018	rumzumachen	negative[12]	Liebe/Partnerschaft	
12-19	1018-1019	.	negative[12]	_	

#Text=Urbi, Orbi, Amen, Amen, wie machen's bloß die Klosterdamen.
13-1	1024-1028	Urbi	neutral[13]	_	
13-2	1028-1029	,	neutral[13]	_	
13-3	1030-1034	Orbi	neutral[13]	_	
13-4	1034-1035	,	neutral[13]	_	
13-5	1036-1040	Amen	neutral[13]	_	
13-6	1040-1041	,	neutral[13]	_	
13-7	1042-1046	Amen	neutral[13]	_	
13-8	1046-1047	,	neutral[13]	_	
13-9	1048-1051	wie	neutral[13]	Liebe/Partnerschaft[35]	
13-10	1052-1060	machen's	neutral[13]	Liebe/Partnerschaft[35]	
13-11	1061-1065	bloß	neutral[13]	Liebe/Partnerschaft[35]	
13-12	1066-1069	die	neutral[13]	Liebe/Partnerschaft[35]	
13-13	1070-1082	Klosterdamen	neutral[13]	Liebe/Partnerschaft[35]	
13-14	1082-1083	.	neutral[13]	_	

#Text=Bumsen oder Onanie?
14-1	1084-1090	Bumsen	neutral[14]	Liebe/Partnerschaft[36]	
14-2	1091-1095	oder	neutral[14]	Liebe/Partnerschaft[36]	
14-3	1096-1102	Onanie	neutral[14]	Liebe/Partnerschaft[36]	
14-4	1102-1103	?	neutral[14]	_	

#Text=ist verboten - und zwar wie.
15-1	1104-1107	ist	negative[15]	_	
15-2	1108-1116	verboten	negative[15]	_	
15-3	1117-1118	-	negative[15]	_	
15-4	1119-1122	und	negative[15]	_	
15-5	1123-1127	zwar	negative[15]	_	
15-6	1128-1131	wie	negative[15]	_	
15-7	1131-1132	.	negative[15]	_	

#Text=Halleluja.
16-1	1133-1142	Halleluja	neutral[16]	_	
16-2	1142-1143	.	neutral[16]	_	

#Text=Er war nur ein Jonny und er flippte um die Welt, er war ein Gigolo, doch niemals nahm er Geld.
17-1	1148-1150	Er	neutral[17]	_	
17-2	1151-1154	war	neutral[17]	_	
17-3	1155-1158	nur	neutral[17]	_	
17-4	1159-1162	ein	neutral[17]	_	
17-5	1163-1168	Jonny	neutral[17]	_	
17-6	1169-1172	und	neutral[17]	_	
17-7	1173-1175	er	neutral[17]	_	
17-8	1176-1183	flippte	neutral[17]	Reisen[37]	
17-9	1184-1186	um	neutral[17]	Reisen[37]	
17-10	1187-1190	die	neutral[17]	Reisen[37]	
17-11	1191-1195	Welt	neutral[17]	Reisen[37]	
17-12	1195-1196	,	neutral[17]	_	
17-13	1197-1199	er	neutral[17]	_	
17-14	1200-1203	war	neutral[17]	_	
17-15	1204-1207	ein	neutral[17]	_	
17-16	1208-1214	Gigolo	neutral[17]	Liebe/Partnerschaft	
17-17	1214-1215	,	neutral[17]	_	
17-18	1216-1220	doch	neutral[17]	_	
17-19	1221-1228	niemals	neutral[17]	_	
17-20	1229-1233	nahm	neutral[17]	_	
17-21	1234-1236	er	neutral[17]	_	
17-22	1237-1241	Geld	neutral[17]	_	
17-23	1241-1242	.	neutral[17]	_	

#Text=Ob blond, ob braun, ob schwarz, ob Henna und manchmal steht er auch auf Männer.
18-1	1243-1245	Ob	neutral[18]	_	
18-2	1246-1251	blond	neutral[18]	_	
18-3	1251-1252	,	neutral[18]	_	
18-4	1253-1255	ob	neutral[18]	_	
18-5	1256-1261	braun	neutral[18]	_	
18-6	1261-1262	,	neutral[18]	_	
18-7	1263-1265	ob	neutral[18]	_	
18-8	1266-1273	schwarz	neutral[18]	_	
18-9	1273-1274	,	neutral[18]	_	
18-10	1275-1277	ob	neutral[18]	_	
18-11	1278-1283	Henna	neutral[18]	_	
18-12	1284-1287	und	neutral[18]	_	
18-13	1288-1296	manchmal	neutral[18]	Liebe/Partnerschaft[38]	
18-14	1297-1302	steht	neutral[18]	Liebe/Partnerschaft[38]	
18-15	1303-1305	er	neutral[18]	Liebe/Partnerschaft[38]	
18-16	1306-1310	auch	neutral[18]	Liebe/Partnerschaft[38]	
18-17	1311-1314	auf	neutral[18]	Liebe/Partnerschaft[38]	
18-18	1315-1321	Männer	neutral[18]	Liebe/Partnerschaft[38]	
18-19	1321-1322	.	neutral[18]	_	

#Text=Er war nur ein Jonny und er flippte um die Welt, er war ein Gigolo, doch niemals nahm er Geld.
19-1	1327-1329	Er	neutral[19]	_	
19-2	1330-1333	war	neutral[19]	_	
19-3	1334-1337	nur	neutral[19]	_	
19-4	1338-1341	ein	neutral[19]	_	
19-5	1342-1347	Jonny	neutral[19]	_	
19-6	1348-1351	und	neutral[19]	_	
19-7	1352-1354	er	neutral[19]	_	
19-8	1355-1362	flippte	neutral[19]	Reisen[39]	
19-9	1363-1365	um	neutral[19]	Reisen[39]	
19-10	1366-1369	die	neutral[19]	Reisen[39]	
19-11	1370-1374	Welt	neutral[19]	Reisen[39]	
19-12	1374-1375	,	neutral[19]	_	
19-13	1376-1378	er	neutral[19]	_	
19-14	1379-1382	war	neutral[19]	_	
19-15	1383-1386	ein	neutral[19]	_	
19-16	1387-1393	Gigolo	neutral[19]	_	
19-17	1393-1394	,	neutral[19]	_	
19-18	1395-1399	doch	neutral[19]	_	
19-19	1400-1407	niemals	neutral[19]	_	
19-20	1408-1412	nahm	neutral[19]	_	
19-21	1413-1415	er	neutral[19]	_	
19-22	1416-1420	Geld	neutral[19]	_	
19-23	1420-1421	.	neutral[19]	_	

#Text=Und bist du von den Flexibel-Betrieben, dann kannst du dich auch mal in Jungs verlieben.
20-1	1426-1429	Und	neutral[20]	_	
20-2	1430-1434	bist	neutral[20]	_	
20-3	1435-1437	du	neutral[20]	_	
20-4	1438-1441	von	neutral[20]	_	
20-5	1442-1445	den	neutral[20]	_	
20-6	1446-1464	Flexibel-Betrieben	neutral[20]	_	
20-7	1464-1465	,	neutral[20]	_	
20-8	1466-1470	dann	neutral[20]	_	
20-9	1471-1477	kannst	neutral[20]	_	
20-10	1478-1480	du	neutral[20]	_	
20-11	1481-1485	dich	neutral[20]	_	
20-12	1486-1490	auch	neutral[20]	_	
20-13	1491-1494	mal	neutral[20]	_	
20-14	1495-1497	in	neutral[20]	Liebe/Partnerschaft[40]	
20-15	1498-1503	Jungs	neutral[20]	Liebe/Partnerschaft[40]	
20-16	1504-1513	verlieben	neutral[20]	Liebe/Partnerschaft[40]	
20-17	1513-1514	.	neutral[20]	_	
