#FORMAT=WebAnno TSV 3.2
#T_SP=webanno.custom.Sentiment|Polarity
#T_SP=webanno.custom.Topic|Topics


#Text=Ich sitz' am Telefon , seit Stunden schon  und warte auf dich .
1-1	0-3	Ich	negative[1]	_	
1-2	4-8	sitz	negative[1]	_	
1-3	8-9	'	negative[1]	_	
1-4	10-12	am	negative[1]	_	
1-5	13-20	Telefon	negative[1]	_	
1-6	21-22	,	negative[1]	_	
1-7	23-27	seit	negative[1]	_	
1-8	28-35	Stunden	negative[1]	_	
1-9	36-41	schon	negative[1]	_	
1-10	43-46	und	negative[1]	_	
1-11	47-52	warte	negative[1]	Liebe/Partnerschaft[21]	
1-12	53-56	auf	negative[1]	Liebe/Partnerschaft[21]	
1-13	57-61	dich	negative[1]	Liebe/Partnerschaft[21]	
1-14	62-63	.	negative[1]	_	

#Text=Warum rufst mich nicht an?
2-1	64-69	Warum	negative[2]	_	
2-2	70-75	rufst	negative[2]	_	
2-3	76-80	mich	negative[2]	_	
2-4	81-86	nicht	negative[2]	_	
2-5	87-89	an	negative[2]	_	
2-6	89-90	?	negative[2]	_	

#Text=Warum kommst nicht nach Haus?
3-1	92-97	Warum	negative[3]	_	
3-2	98-104	kommst	negative[3]	_	
3-3	105-110	nicht	negative[3]	_	
3-4	111-115	nach	negative[3]	_	
3-5	116-120	Haus	negative[3]	_	
3-6	120-121	?	negative[3]	_	

#Text=So langsam  wird das jetzt zuviel für mich.
4-1	123-125	So	negative[4]	_	
4-2	126-133	langsam	negative[4]	_	
4-3	135-139	wird	negative[4]	_	
4-4	140-143	das	negative[4]	_	
4-5	144-149	jetzt	negative[4]	_	
4-6	150-156	zuviel	negative[4]	Persönliches/Emotionen[22]	
4-7	157-160	für	negative[4]	Persönliches/Emotionen[22]	
4-8	161-165	mich	negative[4]	Persönliches/Emotionen[22]	
4-9	165-166	.	negative[4]	_	

#Text=Ich hab' schon mal gedacht  meine Liebe ist zu groß .
5-1	171-174	Ich	neutral[5]	_	
5-2	175-178	hab	neutral[5]	_	
5-3	178-179	'	neutral[5]	_	
5-4	180-185	schon	neutral[5]	_	
5-5	186-189	mal	neutral[5]	_	
5-6	190-197	gedacht	neutral[5]	_	
5-7	199-204	meine	neutral[5]	Liebe/Partnerschaft[23]	
5-8	205-210	Liebe	neutral[5]	Liebe/Partnerschaft[23]	
5-9	211-214	ist	neutral[5]	_	
5-10	215-217	zu	neutral[5]	_	
5-11	218-222	groß	neutral[5]	_	
5-12	223-224	.	neutral[5]	_	

#Text=Jetzt lauf' ich hier Amok  und weiß nicht, was ist los.
6-1	225-230	Jetzt	negative[6]	_	
6-2	231-235	lauf	negative[6]	Persönliches/Emotionen[24]	
6-3	235-236	'	negative[6]	Persönliches/Emotionen[24]	
6-4	237-240	ich	negative[6]	Persönliches/Emotionen[24]	
6-5	241-245	hier	negative[6]	Persönliches/Emotionen[24]	
6-6	246-250	Amok	negative[6]	Persönliches/Emotionen[24]|Politik/Soziales/Missstände[25]	
6-7	252-255	und	negative[6]	_	
6-8	256-260	weiß	negative[6]	_	
6-9	261-266	nicht	negative[6]	_	
6-10	266-267	,	negative[6]	_	
6-11	268-271	was	negative[6]	_	
6-12	272-275	ist	negative[6]	_	
6-13	276-279	los	negative[6]	_	
6-14	279-280	.	negative[6]	_	

#Text=Ich sitz' am Telefon , seit Stunden schon  und warte auf dich.
7-1	285-288	Ich	negative[7]	_	
7-2	289-293	sitz	negative[7]	_	
7-3	293-294	'	negative[7]	_	
7-4	295-297	am	negative[7]	_	
7-5	298-305	Telefon	negative[7]	_	
7-6	306-307	,	negative[7]	_	
7-7	308-312	seit	negative[7]	_	
7-8	313-320	Stunden	negative[7]	_	
7-9	321-326	schon	negative[7]	_	
7-10	328-331	und	negative[7]	_	
7-11	332-337	warte	negative[7]	Liebe/Partnerschaft[26]	
7-12	338-341	auf	negative[7]	Liebe/Partnerschaft[26]	
7-13	342-346	dich	negative[7]	Liebe/Partnerschaft[26]	
7-14	346-347	.	negative[7]	Liebe/Partnerschaft[26]	

#Text=Da -  Licht im Treppenhaus.
8-1	352-354	Da	positive[8]	_	
8-2	355-356	-	positive[8]	_	
8-3	358-363	Licht	positive[8]	_	
8-4	364-366	im	positive[8]	_	
8-5	367-378	Treppenhaus	positive[8]	_	
8-6	378-379	.	_	_	

#Text=Schon wieder aus, war bloß nebenan.
9-1	380-385	Schon	negative[9]	_	
9-2	386-392	wieder	negative[9]	_	
9-3	393-396	aus	negative[9]	_	
9-4	396-397	,	negative[9]	_	
9-5	398-401	war	negative[9]	_	
9-6	402-406	bloß	negative[9]	_	
9-7	407-414	nebenan	negative[9]	_	
9-8	414-415	.	negative[9]	_	

#Text=Und im Fernseh'n  gibt's Küsse auf jedem Kanal.
10-1	416-419	Und	neutral[10]	_	
10-2	420-422	im	neutral[10]	_	
10-3	423-432	Fernseh'n	neutral[10]	_	
10-4	434-440	gibt's	neutral[10]	_	
10-5	441-446	Küsse	neutral[10]	Liebe/Partnerschaft	
10-6	447-450	auf	neutral[10]	_	
10-7	451-456	jedem	neutral[10]	_	
10-8	457-462	Kanal	neutral[10]	_	
10-9	462-463	.	neutral[10]	_	

#Text=Vielleicht küsst du gerade  'n andern Mann?
11-1	464-474	Vielleicht	negative[11]	_	
11-2	475-480	küsst	negative[11]	Liebe/Partnerschaft	
11-3	481-483	du	negative[11]	_	
11-4	484-490	gerade	negative[11]	_	
11-5	492-493	'	negative[11]	Liebe/Partnerschaft[27]	
11-6	493-494	n	negative[11]	Liebe/Partnerschaft[27]	
11-7	495-501	andern	negative[11]	Liebe/Partnerschaft[27]	
11-8	502-506	Mann	negative[11]	Liebe/Partnerschaft[27]	
11-9	506-507	?	negative[11]	_	

#Text=Oder hatt'st du vielleicht 'n Unfall  mit'm Auto oder so?
12-1	512-516	Oder	negative[12]	_	
12-2	517-524	hatt'st	negative[12]	_	
12-3	525-527	du	negative[12]	_	
12-4	528-538	vielleicht	negative[12]	_	
12-5	539-540	'	negative[12]	_	
12-6	540-541	n	negative[12]	_	
12-7	542-548	Unfall	negative[12]	_	
12-8	550-555	mit'm	negative[12]	_	
12-9	556-560	Auto	negative[12]	_	
12-10	561-565	oder	negative[12]	_	
12-11	566-568	so	negative[12]	_	
12-12	568-569	?	negative[12]	_	

#Text=Ich weiß nicht, was hier läuft  und ich fühl' mich so k.o. .
13-1	571-574	Ich	negative[13]	_	
13-2	575-579	weiß	negative[13]	_	
13-3	580-585	nicht	negative[13]	_	
13-4	585-586	,	negative[13]	_	
13-5	587-590	was	negative[13]	_	
13-6	591-595	hier	negative[13]	_	
13-7	596-601	läuft	negative[13]	_	
13-8	603-606	und	negative[13]	_	
13-9	607-610	ich	negative[13]	_	
13-10	611-615	fühl	negative[13]	Persönliches/Emotionen[28]	
13-11	615-616	'	negative[13]	Persönliches/Emotionen[28]	
13-12	617-621	mich	negative[13]	Persönliches/Emotionen[28]	
13-13	622-624	so	negative[13]	Persönliches/Emotionen[28]	
13-14	625-628	k.o	negative[13]	Persönliches/Emotionen[28]	
13-15	628-629	.	negative[13]	Persönliches/Emotionen[28]	
13-16	630-631	.	negative[13]	_	

#Text=Ich sitz' am Telefon, seit Stunden schon  und warte auf dich.
14-1	636-639	Ich	negative[14]	_	
14-2	640-644	sitz	negative[14]	_	
14-3	644-645	'	negative[14]	_	
14-4	646-648	am	negative[14]	_	
14-5	649-656	Telefon	negative[14]	_	
14-6	656-657	,	negative[14]	_	
14-7	658-662	seit	negative[14]	_	
14-8	663-670	Stunden	negative[14]	_	
14-9	671-676	schon	negative[14]	_	
14-10	678-681	und	negative[14]	_	
14-11	682-687	warte	negative[14]	Liebe/Partnerschaft[29]	
14-12	688-691	auf	negative[14]	Liebe/Partnerschaft[29]	
14-13	692-696	dich	negative[14]	Liebe/Partnerschaft[29]	
14-14	696-697	.	negative[14]	_	

#Text=Das ist mir bisher noch nie passiert.
15-1	702-705	Das	neutral[15]	_	
15-2	706-709	ist	neutral[15]	_	
15-3	710-713	mir	neutral[15]	_	
15-4	714-720	bisher	neutral[15]	_	
15-5	721-725	noch	neutral[15]	_	
15-6	726-729	nie	neutral[15]	_	
15-7	730-738	passiert	neutral[15]	_	
15-8	738-739	.	neutral[15]	_	

#Text=Sonst war ich immer der Typ, auf den gewartet wird.
16-1	740-745	Sonst	neutral[16]	_	
16-2	746-749	war	neutral[16]	_	
16-3	750-753	ich	neutral[16]	_	
16-4	754-759	immer	neutral[16]	_	
16-5	760-763	der	neutral[16]	_	
16-6	764-767	Typ	neutral[16]	_	
16-7	767-768	,	neutral[16]	_	
16-8	769-772	auf	neutral[16]	_	
16-9	773-776	den	neutral[16]	_	
16-10	777-785	gewartet	neutral[16]	_	
16-11	786-790	wird	neutral[16]	_	
16-12	790-791	.	neutral[16]	_	

#Text=Der mit 'nem kessen Spruch  und mit entwaffnendem Blick  morgens an der Tür stand, von 'ner schnellen Jagd zurück.
17-1	792-795	Der	neutral[17]	_	
17-2	796-799	mit	neutral[17]	_	
17-3	800-801	'	neutral[17]	_	
17-4	801-804	nem	neutral[17]	_	
17-5	805-811	kessen	neutral[17]	_	
17-6	812-818	Spruch	neutral[17]	_	
17-7	820-823	und	neutral[17]	_	
17-8	824-827	mit	neutral[17]	_	
17-9	828-841	entwaffnendem	neutral[17]	Liebe/Partnerschaft[30]	
17-10	842-847	Blick	neutral[17]	Liebe/Partnerschaft[30]	
17-11	849-856	morgens	neutral[17]	_	
17-12	857-859	an	neutral[17]	_	
17-13	860-863	der	neutral[17]	_	
17-14	864-867	Tür	neutral[17]	_	
17-15	868-873	stand	neutral[17]	_	
17-16	873-874	,	neutral[17]	_	
17-17	875-878	von	neutral[17]	_	
17-18	879-880	'	neutral[17]	_	
17-19	880-883	ner	neutral[17]	_	
17-20	884-893	schnellen	neutral[17]	Liebe/Partnerschaft[31]	
17-21	894-898	Jagd	neutral[17]	Liebe/Partnerschaft[31]	
17-22	899-905	zurück	neutral[17]	_	
17-23	905-906	.	neutral[17]	_	

#Text=Und der einfach sagt:  "War doch nur 'ne Nacht.
18-1	907-910	Und	neutral[18]	_	
18-2	911-914	der	neutral[18]	_	
18-3	915-922	einfach	neutral[18]	_	
18-4	923-927	sagt	neutral[18]	_	
18-5	927-928	:	neutral[18]	_	
18-6	930-931	"	neutral[18]	_	
18-7	931-934	War	neutral[18]	_	
18-8	935-939	doch	neutral[18]	_	
18-9	940-943	nur	neutral[18]	_	
18-10	944-945	'	neutral[18]	_	
18-11	945-947	ne	neutral[18]	Liebe/Partnerschaft[32]	
18-12	948-953	Nacht	neutral[18]	Liebe/Partnerschaft[32]	
18-13	953-954	.	neutral[18]	_	

#Text=Bin wieder da!
19-1	955-958	Bin	neutral[19]	_	
19-2	959-965	wieder	neutral[19]	_	
19-3	966-968	da	neutral[19]	_	
19-4	968-969	!	neutral[19]	_	

#Text=Alles klar?"
20-1	971-976	Alles	neutral[20]	_	
20-2	977-981	klar	neutral[20]	_	
20-3	981-982	?	neutral[20]	_	
20-4	982-983	"	neutral[20]	_	
