#FORMAT=WebAnno TSV 3.2
#T_SP=webanno.custom.Sentiment|Polarity
#T_SP=webanno.custom.Topic|Topics


#Text=Kopf an Kopf, zwei Weltraumkrieger rasen durch die Galaxie, denn die Supermächte brauchen mehr Revier, vom Südpol bis zur Arktis ist alles schon besetzt, jetzt haben sie 'n neuen Planeten im Visier.
1-1	0-4	Kopf	neutral[1]	_	
1-2	5-7	an	neutral[1]	_	
1-3	8-12	Kopf	neutral[1]	_	
1-4	12-13	,	neutral[1]	_	
1-5	14-18	zwei	neutral[1]	_	
1-6	19-34	Weltraumkrieger	neutral[1]	Politik/Soziales/Missstände	
1-7	35-40	rasen	neutral[1]	Reisen[15]	
1-8	41-46	durch	neutral[1]	Reisen[15]	
1-9	47-50	die	neutral[1]	Reisen[15]	
1-10	51-58	Galaxie	neutral[1]	Reisen[15]	
1-11	58-59	,	neutral[1]	_	
1-12	60-64	denn	neutral[1]	_	
1-13	65-68	die	neutral[1]	_	
1-14	69-80	Supermächte	neutral[1]	Politik/Soziales/Missstände[16]	
1-15	81-89	brauchen	neutral[1]	Politik/Soziales/Missstände[16]	
1-16	90-94	mehr	neutral[1]	Politik/Soziales/Missstände[16]	
1-17	95-101	Revier	neutral[1]	Politik/Soziales/Missstände[16]	
1-18	101-102	,	neutral[1]	_	
1-19	103-106	vom	neutral[1]	Reisen[17]	
1-20	107-113	Südpol	neutral[1]	Reisen[17]	
1-21	114-117	bis	neutral[1]	Reisen[17]	
1-22	118-121	zur	neutral[1]	Reisen[17]	
1-23	122-128	Arktis	neutral[1]	Reisen[17]	
1-24	129-132	ist	neutral[1]	_	
1-25	133-138	alles	neutral[1]	Politik/Soziales/Missstände[18]	
1-26	139-144	schon	neutral[1]	Politik/Soziales/Missstände[18]	
1-27	145-152	besetzt	neutral[1]	Politik/Soziales/Missstände[18]	
1-28	152-153	,	neutral[1]	_	
1-29	154-159	jetzt	neutral[1]	_	
1-30	160-165	haben	neutral[1]	_	
1-31	166-169	sie	neutral[1]	_	
1-32	170-171	'	neutral[1]	_	
1-33	171-172	n	neutral[1]	_	
1-34	173-178	neuen	neutral[1]	Politik/Soziales/Missstände[19]	
1-35	179-187	Planeten	neutral[1]	Politik/Soziales/Missstände[19]	
1-36	188-190	im	neutral[1]	Politik/Soziales/Missstände[19]	
1-37	191-197	Visier	neutral[1]	Politik/Soziales/Missstände[19]	
1-38	197-198	.	neutral[1]	_	

#Text=Eine schöne Kosmonautin und ein NASA-Astronaut wurden losgeschickt in diesen Sternenkrieg.
2-1	199-203	Eine	neutral[2]	_	
2-2	204-210	schöne	neutral[2]	Liebe/Partnerschaft[20]	
2-3	211-222	Kosmonautin	neutral[2]	Liebe/Partnerschaft[20]	
2-4	223-226	und	neutral[2]	_	
2-5	227-230	ein	neutral[2]	_	
2-6	231-245	NASA-Astronaut	neutral[2]	Politik/Soziales/Missstände	
2-7	246-252	wurden	neutral[2]	_	
2-8	253-265	losgeschickt	neutral[2]	_	
2-9	266-268	in	neutral[2]	_	
2-10	269-275	diesen	neutral[2]	_	
2-11	276-288	Sternenkrieg	neutral[2]	Politik/Soziales/Missstände	
2-12	288-289	.	neutral[2]	_	

#Text=Doch jetzt stehen sie sich gegenüber mit der Flagge in der Hand, schauen sich an und sagen: Vergessen wir diesen Sieg.
3-1	290-294	Doch	neutral[3]	_	
3-2	295-300	jetzt	neutral[3]	_	
3-3	301-307	stehen	neutral[3]	_	
3-4	308-311	sie	neutral[3]	_	
3-5	312-316	sich	neutral[3]	_	
3-6	317-326	gegenüber	neutral[3]	_	
3-7	327-330	mit	neutral[3]	_	
3-8	331-334	der	neutral[3]	_	
3-9	335-341	Flagge	neutral[3]	Politik/Soziales/Missstände	
3-10	342-344	in	neutral[3]	_	
3-11	345-348	der	neutral[3]	_	
3-12	349-353	Hand	neutral[3]	_	
3-13	353-354	,	neutral[3]	_	
3-14	355-362	schauen	neutral[3]	_	
3-15	363-367	sich	neutral[3]	_	
3-16	368-370	an	neutral[3]	_	
3-17	371-374	und	neutral[3]	_	
3-18	375-380	sagen	neutral[3]	_	
3-19	380-381	:	neutral[3]	_	
3-20	382-391	Vergessen	neutral[3]	_	
3-21	392-395	wir	neutral[3]	_	
3-22	396-402	diesen	neutral[3]	_	
3-23	403-407	Sieg	neutral[3]	Politik/Soziales/Missstände	
3-24	407-408	.	neutral[3]	_	

#Text=Wir sind doch frei, das ist 'ne neue Dimension, ey, für uns zwei gibt's 'ne gigantische Mission.
4-1	413-416	Wir	neutral[4]	_	
4-2	417-421	sind	neutral[4]	Persönliches/Emotionen[21]	
4-3	422-426	doch	neutral[4]	Persönliches/Emotionen[21]	
4-4	427-431	frei	neutral[4]	Persönliches/Emotionen[21]	
4-5	431-432	,	neutral[4]	_	
4-6	433-436	das	neutral[4]	_	
4-7	437-440	ist	neutral[4]	_	
4-8	441-442	'	neutral[4]	_	
4-9	442-444	ne	neutral[4]	_	
4-10	445-449	neue	neutral[4]	Reisen[22]	
4-11	450-459	Dimension	neutral[4]	Reisen[22]	
4-12	459-460	,	neutral[4]	_	
4-13	461-463	ey	neutral[4]	_	
4-14	463-464	,	neutral[4]	_	
4-15	465-468	für	neutral[4]	_	
4-16	469-472	uns	neutral[4]	_	
4-17	473-477	zwei	neutral[4]	_	
4-18	478-484	gibt's	neutral[4]	_	
4-19	485-486	'	neutral[4]	_	
4-20	486-488	ne	neutral[4]	_	
4-21	489-500	gigantische	neutral[4]	Politik/Soziales/Missstände[23]	
4-22	501-508	Mission	neutral[4]	Politik/Soziales/Missstände[23]	
4-23	508-509	.	neutral[4]	_	

#Text=Das ist der Countdown - wir sind raus, zieh' doch den Weltraumanzug aus, schmeiß dein Visier ins All, wir bleiben hier.
5-1	510-513	Das	neutral[5]	_	
5-2	514-517	ist	neutral[5]	_	
5-3	518-521	der	neutral[5]	_	
5-4	522-531	Countdown	neutral[5]	_	
5-5	532-533	-	neutral[5]	_	
5-6	534-537	wir	neutral[5]	_	
5-7	538-542	sind	neutral[5]	_	
5-8	543-547	raus	neutral[5]	_	
5-9	547-548	,	neutral[5]	_	
5-10	549-553	zieh	neutral[5]	_	
5-11	553-554	'	neutral[5]	_	
5-12	555-559	doch	neutral[5]	_	
5-13	560-563	den	neutral[5]	_	
5-14	564-577	Weltraumanzug	neutral[5]	_	
5-15	578-581	aus	neutral[5]	_	
5-16	581-582	,	neutral[5]	_	
5-17	583-590	schmeiß	neutral[5]	_	
5-18	591-595	dein	neutral[5]	_	
5-19	596-602	Visier	neutral[5]	_	
5-20	603-606	ins	neutral[5]	_	
5-21	607-610	All	neutral[5]	_	
5-22	610-611	,	neutral[5]	_	
5-23	612-615	wir	neutral[5]	_	
5-24	616-623	bleiben	neutral[5]	_	
5-25	624-628	hier	neutral[5]	_	
5-26	628-629	.	neutral[5]	_	

#Text=Kriege werden inszeniert, wie Theaterstücke aufgeführt, jeder schmiert mal rein, ins Buch der Welt-Regie.
6-1	634-640	Kriege	neutral[6]	Politik/Soziales/Missstände	
6-2	641-647	werden	neutral[6]	_	
6-3	648-658	inszeniert	neutral[6]	_	
6-4	658-659	,	neutral[6]	_	
6-5	660-663	wie	neutral[6]	_	
6-6	664-677	Theaterstücke	neutral[6]	_	
6-7	678-688	aufgeführt	neutral[6]	_	
6-8	688-689	,	neutral[6]	_	
6-9	690-695	jeder	neutral[6]	_	
6-10	696-704	schmiert	neutral[6]	_	
6-11	705-708	mal	neutral[6]	_	
6-12	709-713	rein	neutral[6]	_	
6-13	713-714	,	neutral[6]	_	
6-14	715-718	ins	neutral[6]	_	
6-15	719-723	Buch	neutral[6]	Politik/Soziales/Missstände[24]	
6-16	724-727	der	neutral[6]	Politik/Soziales/Missstände[24]	
6-17	728-738	Welt-Regie	neutral[6]	Politik/Soziales/Missstände[24]	
6-18	738-739	.	neutral[6]	_	

#Text=Wer ist böse, wer ist gut - teure Bomben, reichlich Blut und den Schampus säuft die Waffenindustrie.
7-1	740-743	Wer	negative[7]	_	
7-2	744-747	ist	negative[7]	_	
7-3	748-752	böse	negative[7]	_	
7-4	752-753	,	negative[7]	_	
7-5	754-757	wer	negative[7]	_	
7-6	758-761	ist	negative[7]	_	
7-7	762-765	gut	negative[7]	_	
7-8	766-767	-	negative[7]	_	
7-9	768-773	teure	negative[7]	Politik/Soziales/Missstände[25]	
7-10	774-780	Bomben	negative[7]	Politik/Soziales/Missstände[25]	
7-11	780-781	,	negative[7]	_	
7-12	782-791	reichlich	negative[7]	Politik/Soziales/Missstände[26]	
7-13	792-796	Blut	negative[7]	Politik/Soziales/Missstände[26]	
7-14	797-800	und	negative[7]	_	
7-15	801-804	den	negative[7]	_	
7-16	805-813	Schampus	negative[7]	Gesundheit/Drogen[27]	
7-17	814-819	säuft	negative[7]	Gesundheit/Drogen[27]	
7-18	820-823	die	negative[7]	_	
7-19	824-839	Waffenindustrie	negative[7]	Politik/Soziales/Missstände	
7-20	839-840	.	negative[7]	_	

#Text=Was haben wir denn zu verlieren, lass uns einfach desertieren, in Pioniermanier wird Geschichte neu geschrieben.
8-1	841-844	Was	neutral[8]	_	
8-2	845-850	haben	neutral[8]	_	
8-3	851-854	wir	neutral[8]	_	
8-4	855-859	denn	neutral[8]	_	
8-5	860-862	zu	neutral[8]	_	
8-6	863-872	verlieren	neutral[8]	_	
8-7	872-873	,	neutral[8]	_	
8-8	874-878	lass	neutral[8]	_	
8-9	879-882	uns	neutral[8]	_	
8-10	883-890	einfach	neutral[8]	_	
8-11	891-902	desertieren	neutral[8]	Politik/Soziales/Missstände	
8-12	902-903	,	neutral[8]	_	
8-13	904-906	in	neutral[8]	_	
8-14	907-920	Pioniermanier	neutral[8]	Politik/Soziales/Missstände	
8-15	921-925	wird	neutral[8]	_	
8-16	926-936	Geschichte	neutral[8]	Politik/Soziales/Missstände[28]	
8-17	937-940	neu	neutral[8]	Politik/Soziales/Missstände[28]	
8-18	941-952	geschrieben	neutral[8]	Politik/Soziales/Missstände[28]	
8-19	952-953	.	neutral[8]	_	

#Text=Wir sind die Friedens-Überflieger, legen alle Waffen nieder, sind nicht geboren, um zu töten - aber um zu lieben.
9-1	954-957	Wir	positive[9]	_	
9-2	958-962	sind	positive[9]	_	
9-3	963-966	die	positive[9]	_	
9-4	967-987	Friedens-Überflieger	positive[9]	Politik/Soziales/Missstände	
9-5	987-988	,	positive[9]	_	
9-6	989-994	legen	positive[9]	Politik/Soziales/Missstände[29]	
9-7	995-999	alle	positive[9]	Politik/Soziales/Missstände[29]	
9-8	1000-1006	Waffen	positive[9]	Politik/Soziales/Missstände[29]	
9-9	1007-1013	nieder	positive[9]	Politik/Soziales/Missstände[29]	
9-10	1013-1014	,	positive[9]	_	
9-11	1015-1019	sind	positive[9]	_	
9-12	1020-1025	nicht	positive[9]	_	
9-13	1026-1033	geboren	positive[9]	Politik/Soziales/Missstände[30]	
9-14	1033-1034	,	positive[9]	Politik/Soziales/Missstände[30]	
9-15	1035-1037	um	positive[9]	Politik/Soziales/Missstände[30]	
9-16	1038-1040	zu	positive[9]	Politik/Soziales/Missstände[30]	
9-17	1041-1046	töten	positive[9]	Politik/Soziales/Missstände[30]	
9-18	1047-1048	-	positive[9]	_	
9-19	1049-1053	aber	positive[9]	_	
9-20	1054-1056	um	positive[9]	_	
9-21	1057-1059	zu	positive[9]	Liebe/Partnerschaft[31]	
9-22	1060-1066	lieben	positive[9]	Liebe/Partnerschaft[31]	
9-23	1066-1067	.	positive[9]	_	

#Text=Wir sind doch frei, das ist 'ne neue Dimension, ey, für uns zwei gibt's 'ne gigantische Mission.
10-1	1072-1075	Wir	neutral[10]	_	
10-2	1076-1080	sind	neutral[10]	Persönliches/Emotionen[32]	
10-3	1081-1085	doch	neutral[10]	Persönliches/Emotionen[32]	
10-4	1086-1090	frei	neutral[10]	Persönliches/Emotionen[32]	
10-5	1090-1091	,	neutral[10]	_	
10-6	1092-1095	das	neutral[10]	_	
10-7	1096-1099	ist	neutral[10]	_	
10-8	1100-1101	'	neutral[10]	_	
10-9	1101-1103	ne	neutral[10]	_	
10-10	1104-1108	neue	neutral[10]	Reisen[33]	
10-11	1109-1118	Dimension	neutral[10]	Reisen[33]	
10-12	1118-1119	,	neutral[10]	_	
10-13	1120-1122	ey	neutral[10]	_	
10-14	1122-1123	,	neutral[10]	_	
10-15	1124-1127	für	neutral[10]	_	
10-16	1128-1131	uns	neutral[10]	_	
10-17	1132-1136	zwei	neutral[10]	_	
10-18	1137-1143	gibt's	neutral[10]	_	
10-19	1144-1145	'	neutral[10]	_	
10-20	1145-1147	ne	neutral[10]	Politik/Soziales/Missstände[34]	
10-21	1148-1159	gigantische	neutral[10]	Politik/Soziales/Missstände[34]	
10-22	1160-1167	Mission	neutral[10]	Politik/Soziales/Missstände[34]	
10-23	1167-1168	.	neutral[10]	_	

#Text=Das ist der Countdown - wir sind raus, zieh' doch den Weltraumanzug aus, schmeiß dein Visier ins All, wir bleiben hier.
11-1	1169-1172	Das	neutral[11]	_	
11-2	1173-1176	ist	neutral[11]	_	
11-3	1177-1180	der	neutral[11]	_	
11-4	1181-1190	Countdown	neutral[11]	_	
11-5	1191-1192	-	neutral[11]	_	
11-6	1193-1196	wir	neutral[11]	_	
11-7	1197-1201	sind	neutral[11]	_	
11-8	1202-1206	raus	neutral[11]	_	
11-9	1206-1207	,	neutral[11]	_	
11-10	1208-1212	zieh	neutral[11]	_	
11-11	1212-1213	'	neutral[11]	_	
11-12	1214-1218	doch	neutral[11]	_	
11-13	1219-1222	den	neutral[11]	_	
11-14	1223-1236	Weltraumanzug	neutral[11]	_	
11-15	1237-1240	aus	neutral[11]	_	
11-16	1240-1241	,	neutral[11]	_	
11-17	1242-1249	schmeiß	neutral[11]	_	
11-18	1250-1254	dein	neutral[11]	_	
11-19	1255-1261	Visier	neutral[11]	_	
11-20	1262-1265	ins	neutral[11]	_	
11-21	1266-1269	All	neutral[11]	_	
11-22	1269-1270	,	neutral[11]	_	
11-23	1271-1274	wir	neutral[11]	_	
11-24	1275-1282	bleiben	neutral[11]	_	
11-25	1283-1287	hier	neutral[11]	_	
11-26	1287-1288	.	neutral[11]	_	

#Text=Wir sind doch frei, das ist 'ne neue Dimension, ey, für uns zwei gibt's 'ne gigantische Mission.
12-1	1293-1296	Wir	neutral[12]	_	
12-2	1297-1301	sind	neutral[12]	Persönliches/Emotionen[35]	
12-3	1302-1306	doch	neutral[12]	Persönliches/Emotionen[35]	
12-4	1307-1311	frei	neutral[12]	Persönliches/Emotionen[35]	
12-5	1311-1312	,	neutral[12]	_	
12-6	1313-1316	das	neutral[12]	_	
12-7	1317-1320	ist	neutral[12]	_	
12-8	1321-1322	'	neutral[12]	_	
12-9	1322-1324	ne	neutral[12]	_	
12-10	1325-1329	neue	neutral[12]	Reisen[36]	
12-11	1330-1339	Dimension	neutral[12]	Reisen[36]	
12-12	1339-1340	,	neutral[12]	_	
12-13	1341-1343	ey	neutral[12]	_	
12-14	1343-1344	,	neutral[12]	_	
12-15	1345-1348	für	neutral[12]	_	
12-16	1349-1352	uns	neutral[12]	_	
12-17	1353-1357	zwei	neutral[12]	_	
12-18	1358-1364	gibt's	neutral[12]	_	
12-19	1365-1366	'	neutral[12]	_	
12-20	1366-1368	ne	neutral[12]	Politik/Soziales/Missstände[37]	
12-21	1369-1380	gigantische	neutral[12]	Politik/Soziales/Missstände[37]	
12-22	1381-1388	Mission	neutral[12]	Politik/Soziales/Missstände[37]	
12-23	1388-1389	.	neutral[12]	_	

#Text=Das ist der Countdown - wir sind raus, zieh' doch den Weltraumanzug aus, schmeiß dein Visier ins All, wir bleiben hier.
13-1	1390-1393	Das	neutral[13]	_	
13-2	1394-1397	ist	neutral[13]	_	
13-3	1398-1401	der	neutral[13]	_	
13-4	1402-1411	Countdown	neutral[13]	_	
13-5	1412-1413	-	neutral[13]	_	
13-6	1414-1417	wir	neutral[13]	_	
13-7	1418-1422	sind	neutral[13]	_	
13-8	1423-1427	raus	neutral[13]	_	
13-9	1427-1428	,	neutral[13]	_	
13-10	1429-1433	zieh	neutral[13]	_	
13-11	1433-1434	'	neutral[13]	_	
13-12	1435-1439	doch	neutral[13]	_	
13-13	1440-1443	den	neutral[13]	_	
13-14	1444-1457	Weltraumanzug	neutral[13]	_	
13-15	1458-1461	aus	neutral[13]	_	
13-16	1461-1462	,	neutral[13]	_	
13-17	1463-1470	schmeiß	neutral[13]	_	
13-18	1471-1475	dein	neutral[13]	_	
13-19	1476-1482	Visier	neutral[13]	_	
13-20	1483-1486	ins	neutral[13]	_	
13-21	1487-1490	All	neutral[13]	_	
13-22	1490-1491	,	neutral[13]	_	
13-23	1492-1495	wir	neutral[13]	_	
13-24	1496-1503	bleiben	neutral[13]	_	
13-25	1504-1508	hier	neutral[13]	_	
13-26	1508-1509	.	neutral[13]	_	

#Text=Das ist der Countdown - wir sind raus, zieh' doch den Weltraumanzug aus, schmeiß dein Visier ins All, wir bleiben hier.
14-1	1514-1517	Das	neutral[14]	_	
14-2	1518-1521	ist	neutral[14]	_	
14-3	1522-1525	der	neutral[14]	_	
14-4	1526-1535	Countdown	neutral[14]	_	
14-5	1536-1537	-	neutral[14]	_	
14-6	1538-1541	wir	neutral[14]	_	
14-7	1542-1546	sind	neutral[14]	_	
14-8	1547-1551	raus	neutral[14]	_	
14-9	1551-1552	,	neutral[14]	_	
14-10	1553-1557	zieh	neutral[14]	_	
14-11	1557-1558	'	neutral[14]	_	
14-12	1559-1563	doch	neutral[14]	_	
14-13	1564-1567	den	neutral[14]	_	
14-14	1568-1581	Weltraumanzug	neutral[14]	_	
14-15	1582-1585	aus	neutral[14]	_	
14-16	1585-1586	,	neutral[14]	_	
14-17	1587-1594	schmeiß	neutral[14]	_	
14-18	1595-1599	dein	neutral[14]	_	
14-19	1600-1606	Visier	neutral[14]	_	
14-20	1607-1610	ins	neutral[14]	_	
14-21	1611-1614	All	neutral[14]	_	
14-22	1614-1615	,	neutral[14]	_	
14-23	1616-1619	wir	neutral[14]	_	
14-24	1620-1627	bleiben	neutral[14]	_	
14-25	1628-1632	hier	neutral[14]	_	
14-26	1632-1633	.	neutral[14]	_	
