#FORMAT=WebAnno TSV 3.2
#T_SP=webanno.custom.Sentiment|Polarity
#T_SP=webanno.custom.Topic|Topics


#Text=Irgendwo auf der Welt gibt's ein kleines bisschen Glück und ich träum' davon in jedem Augenblick.
1-1	0-8	Irgendwo	positive[1]	_	
1-2	9-12	auf	positive[1]	_	
1-3	13-16	der	positive[1]	_	
1-4	17-21	Welt	positive[1]	_	
1-5	22-28	gibt's	positive[1]	_	
1-6	29-32	ein	positive[1]	Persönliches/Emotionen[6]	
1-7	33-40	kleines	positive[1]	Persönliches/Emotionen[6]	
1-8	41-49	bisschen	positive[1]	Persönliches/Emotionen[6]	
1-9	50-55	Glück	positive[1]	Persönliches/Emotionen[6]	
1-10	56-59	und	positive[1]	_	
1-11	60-63	ich	positive[1]	_	
1-12	64-69	träum	positive[1]	_	
1-13	69-70	'	positive[1]	_	
1-14	71-76	davon	positive[1]	_	
1-15	77-79	in	positive[1]	_	
1-16	80-85	jedem	positive[1]	_	
1-17	86-96	Augenblick	positive[1]	_	
1-18	96-97	.	positive[1]	_	

#Text=Irgendwo auf der Welt gibt's ein bisschen Seeligkeit und ich träum' davon schon lange, lange Zeit.
2-1	98-106	Irgendwo	positive[2]	_	
2-2	107-110	auf	positive[2]	_	
2-3	111-114	der	positive[2]	_	
2-4	115-119	Welt	positive[2]	_	
2-5	120-126	gibt's	positive[2]	_	
2-6	127-130	ein	positive[2]	Persönliches/Emotionen[7]	
2-7	131-139	bisschen	positive[2]	Persönliches/Emotionen[7]	
2-8	140-150	Seeligkeit	positive[2]	Persönliches/Emotionen[7]	
2-9	151-154	und	positive[2]	_	
2-10	155-158	ich	positive[2]	_	
2-11	159-164	träum	positive[2]	_	
2-12	164-165	'	positive[2]	_	
2-13	166-171	davon	positive[2]	_	
2-14	172-177	schon	positive[2]	_	
2-15	178-183	lange	positive[2]	_	
2-16	183-184	,	positive[2]	_	
2-17	185-190	lange	positive[2]	_	
2-18	191-195	Zeit	positive[2]	_	
2-19	195-196	.	positive[2]	_	

#Text=Wenn ich wüsst', wo das ist, ging ich in die Welt hinein, denn ich möcht' einmal recht so von Herzen glücklich sein.
3-1	197-201	Wenn	positive[3]	_	
3-2	202-205	ich	positive[3]	_	
3-3	206-211	wüsst	positive[3]	_	
3-4	211-212	'	positive[3]	_	
3-5	212-213	,	positive[3]	_	
3-6	214-216	wo	positive[3]	_	
3-7	217-220	das	positive[3]	_	
3-8	221-224	ist	positive[3]	_	
3-9	224-225	,	positive[3]	_	
3-10	226-230	ging	positive[3]	_	
3-11	231-234	ich	positive[3]	_	
3-12	235-237	in	positive[3]	_	
3-13	238-241	die	positive[3]	_	
3-14	242-246	Welt	positive[3]	_	
3-15	247-253	hinein	positive[3]	_	
3-16	253-254	,	positive[3]	_	
3-17	255-259	denn	positive[3]	_	
3-18	260-263	ich	positive[3]	_	
3-19	264-269	möcht	positive[3]	_	
3-20	269-270	'	positive[3]	_	
3-21	271-277	einmal	positive[3]	_	
3-22	278-283	recht	positive[3]	_	
3-23	284-286	so	positive[3]	_	
3-24	287-290	von	positive[3]	Persönliches/Emotionen[8]	
3-25	291-297	Herzen	positive[3]	Persönliches/Emotionen[8]	
3-26	298-307	glücklich	positive[3]	Persönliches/Emotionen[8]	
3-27	308-312	sein	positive[3]	Persönliches/Emotionen[8]	
3-28	312-313	.	positive[3]	_	

#Text=Irgendwo auf der Welt fängt mein Weg zum Himmel an.
4-1	314-322	Irgendwo	positive[4]	_	
4-2	323-326	auf	positive[4]	_	
4-3	327-330	der	positive[4]	_	
4-4	331-335	Welt	positive[4]	_	
4-5	336-341	fängt	positive[4]	_	
4-6	342-346	mein	positive[4]	Persönliches/Emotionen[9]	
4-7	347-350	Weg	positive[4]	Persönliches/Emotionen[9]	
4-8	351-354	zum	positive[4]	Persönliches/Emotionen[9]	
4-9	355-361	Himmel	positive[4]	Persönliches/Emotionen[9]	
4-10	362-364	an	positive[4]	_	
4-11	364-365	.	positive[4]	_	

#Text=Irgendwo, irgendwie, irgendwann.
5-1	366-374	Irgendwo	neutral[5]	_	
5-2	374-375	,	neutral[5]	_	
5-3	376-385	irgendwie	neutral[5]	_	
5-4	385-386	,	neutral[5]	_	
5-5	387-397	irgendwann	neutral[5]	_	
5-6	397-398	.	neutral[5]	_	
