#FORMAT=WebAnno TSV 3.2
#T_SP=webanno.custom.Sentiment|Polarity
#T_SP=webanno.custom.Topic|Topics


#Text=Den ganzen Tag sitz' ich am Hafen, die Schiffe laufen ein und aus.
1-1	0-3	Den	neutral[1]	_	
1-2	4-10	ganzen	neutral[1]	_	
1-3	11-14	Tag	neutral[1]	_	
1-4	15-19	sitz	neutral[1]	_	
1-5	19-20	'	neutral[1]	_	
1-6	21-24	ich	neutral[1]	_	
1-7	25-27	am	neutral[1]	_	
1-8	28-33	Hafen	neutral[1]	Reisen	
1-9	33-34	,	neutral[1]	_	
1-10	35-38	die	neutral[1]	_	
1-11	39-46	Schiffe	neutral[1]	Reisen[12]	
1-12	47-53	laufen	neutral[1]	Reisen[12]	
1-13	54-57	ein	neutral[1]	Reisen[12]	
1-14	58-61	und	neutral[1]	Reisen[12]	
1-15	62-65	aus	neutral[1]	Reisen[12]	
1-16	65-66	.	neutral[1]	_	

#Text=Den ganzen Tag sitz' ich am Hafen, hab' keinen Job und hab' kein Zuhaus.
2-1	67-70	Den	negative[2]	_	
2-2	71-77	ganzen	negative[2]	_	
2-3	78-81	Tag	negative[2]	_	
2-4	82-86	sitz	negative[2]	_	
2-5	86-87	'	negative[2]	_	
2-6	88-91	ich	negative[2]	*	
2-7	92-94	am	negative[2]	_	
2-8	95-100	Hafen	negative[2]	Reisen	
2-9	100-101	,	negative[2]	_	
2-10	102-105	hab	negative[2]	_	
2-11	105-106	'	negative[2]	_	
2-12	107-113	keinen	negative[2]	Politik/Soziales/Missstände[13]	
2-13	114-117	Job	negative[2]	Politik/Soziales/Missstände[13]	
2-14	118-121	und	negative[2]	_	
2-15	122-125	hab	negative[2]	_	
2-16	125-126	'	negative[2]	_	
2-17	127-131	kein	negative[2]	Politik/Soziales/Missstände[14]	
2-18	132-138	Zuhaus	negative[2]	Politik/Soziales/Missstände[14]	
2-19	138-139	.	negative[2]	_	

#Text=Ich sitz' den ganzen Tag bei den Docks und alles, was ich hier machen kann, von guten Zeiten träumen und ich guck' mir Flut und Ebbe an.
3-1	140-143	Ich	neutral[3]	_	
3-2	144-148	sitz	neutral[3]	_	
3-3	148-149	'	neutral[3]	_	
3-4	150-153	den	neutral[3]	_	
3-5	154-160	ganzen	neutral[3]	_	
3-6	161-164	Tag	neutral[3]	_	
3-7	165-168	bei	neutral[3]	_	
3-8	169-172	den	neutral[3]	_	
3-9	173-178	Docks	neutral[3]	Reisen	
3-10	179-182	und	neutral[3]	_	
3-11	183-188	alles	neutral[3]	_	
3-12	188-189	,	neutral[3]	_	
3-13	190-193	was	neutral[3]	_	
3-14	194-197	ich	neutral[3]	_	
3-15	198-202	hier	neutral[3]	_	
3-16	203-209	machen	neutral[3]	_	
3-17	210-214	kann	neutral[3]	_	
3-18	214-215	,	neutral[3]	_	
3-19	216-219	von	neutral[3]	Persönliches/Emotionen[15]	
3-20	220-225	guten	neutral[3]	Persönliches/Emotionen[15]	
3-21	226-232	Zeiten	neutral[3]	Persönliches/Emotionen[15]	
3-22	233-240	träumen	neutral[3]	Persönliches/Emotionen[15]	
3-23	241-244	und	neutral[3]	_	
3-24	245-248	ich	neutral[3]	_	
3-25	249-253	guck	neutral[3]	_	
3-26	253-254	'	neutral[3]	_	
3-27	255-258	mir	neutral[3]	_	
3-28	259-263	Flut	neutral[3]	Reisen[16]	
3-29	264-267	und	neutral[3]	Reisen[16]	
3-30	268-272	Ebbe	neutral[3]	Reisen[16]	
3-31	273-275	an	neutral[3]	_	
3-32	275-276	.	neutral[3]	_	

#Text=Ich kam den weiten Weg von Georgia, trampte zur Frisco-Bay in der Hoffung, hier was aufzubau'n, doch jetzt glaub' ich, ich sollte bald wieder abhau'n.
4-1	281-284	Ich	negative[4]	_	
4-2	285-288	kam	negative[4]	_	
4-3	289-292	den	negative[4]	_	
4-4	293-299	weiten	negative[4]	_	
4-5	300-303	Weg	negative[4]	_	
4-6	304-307	von	negative[4]	Reisen[17]	
4-7	308-315	Georgia	negative[4]	Reisen[17]	
4-8	315-316	,	negative[4]	_	
4-9	317-324	trampte	negative[4]	Reisen[18]	
4-10	325-328	zur	negative[4]	Reisen[18]	
4-11	329-339	Frisco-Bay	negative[4]	Reisen[18]	
4-12	340-342	in	negative[4]	_	
4-13	343-346	der	negative[4]	_	
4-14	347-354	Hoffung	negative[4]	Persönliches/Emotionen	
4-15	354-355	,	negative[4]	_	
4-16	356-360	hier	negative[4]	_	
4-17	361-364	was	negative[4]	_	
4-18	365-375	aufzubau'n	negative[4]	_	
4-19	375-376	,	negative[4]	_	
4-20	377-381	doch	negative[4]	_	
4-21	382-387	jetzt	negative[4]	_	
4-22	388-393	glaub	negative[4]	_	
4-23	393-394	'	negative[4]	_	
4-24	395-398	ich	negative[4]	_	
4-25	398-399	,	negative[4]	_	
4-26	400-403	ich	negative[4]	_	
4-27	404-410	sollte	negative[4]	_	
4-28	411-415	bald	negative[4]	_	
4-29	416-422	wieder	negative[4]	_	
4-30	423-430	abhau'n	negative[4]	_	
4-31	430-431	.	negative[4]	_	

#Text=Nichts, was ich hier tun kann - die Kähne geh'n auf die nächste Reise und ich häng' hier rum, verlier' meine Zeit und das bedient mich in keinster Weise.
5-1	432-438	Nichts	negative[5]	_	
5-2	438-439	,	negative[5]	_	
5-3	440-443	was	negative[5]	_	
5-4	444-447	ich	negative[5]	_	
5-5	448-452	hier	negative[5]	_	
5-6	453-456	tun	negative[5]	_	
5-7	457-461	kann	negative[5]	_	
5-8	462-463	-	negative[5]	_	
5-9	464-467	die	negative[5]	_	
5-10	468-473	Kähne	negative[5]	Reisen	
5-11	474-479	geh'n	negative[5]	_	
5-12	480-483	auf	negative[5]	_	
5-13	484-487	die	negative[5]	_	
5-14	488-495	nächste	negative[5]	Reisen[19]	
5-15	496-501	Reise	negative[5]	Reisen[19]	
5-16	502-505	und	negative[5]	_	
5-17	506-509	ich	negative[5]	_	
5-18	510-514	häng	negative[5]	_	
5-19	514-515	'	negative[5]	_	
5-20	516-520	hier	negative[5]	_	
5-21	521-524	rum	negative[5]	_	
5-22	524-525	,	negative[5]	_	
5-23	526-533	verlier	negative[5]	_	
5-24	533-534	'	negative[5]	_	
5-25	535-540	meine	negative[5]	_	
5-26	541-545	Zeit	negative[5]	_	
5-27	546-549	und	negative[5]	_	
5-28	550-553	das	negative[5]	_	
5-29	554-561	bedient	negative[5]	_	
5-30	562-566	mich	negative[5]	_	
5-31	567-569	in	negative[5]	_	
5-32	570-578	keinster	negative[5]	_	
5-33	579-584	Weise	negative[5]	_	
5-34	584-585	.	negative[5]	_	

#Text=Was soll ich machen, wenn nichts passiert?
6-1	590-593	Was	negative[6]	_	
6-2	594-598	soll	negative[6]	_	
6-3	599-602	ich	negative[6]	_	
6-4	603-609	machen	negative[6]	_	
6-5	609-610	,	negative[6]	_	
6-6	611-615	wenn	negative[6]	_	
6-7	616-622	nichts	negative[6]	_	
6-8	623-631	passiert	negative[6]	_	
6-9	631-632	?	negative[6]	_	

#Text=Ich bin kaputt und deprimiert.
7-1	633-636	Ich	negative[7]	_	
7-2	637-640	bin	negative[7]	_	
7-3	641-647	kaputt	negative[7]	Persönliches/Emotionen[20]	
7-4	648-651	und	negative[7]	Persönliches/Emotionen[20]	
7-5	652-662	deprimiert	negative[7]	Persönliches/Emotionen[20]	
7-6	662-663	.	negative[7]	_	

#Text=Die anderen Typen hier, genauso wie ich, sie suchen Arbeit, doch die gibt es nicht.
8-1	664-667	Die	negative[8]	_	
8-2	668-675	anderen	negative[8]	_	
8-3	676-681	Typen	negative[8]	_	
8-4	682-686	hier	negative[8]	_	
8-5	686-687	,	negative[8]	_	
8-6	688-695	genauso	negative[8]	_	
8-7	696-699	wie	negative[8]	_	
8-8	700-703	ich	negative[8]	_	
8-9	703-704	,	negative[8]	_	
8-10	705-708	sie	negative[8]	_	
8-11	709-715	suchen	negative[8]	Politik/Soziales/Missstände[21]	
8-12	716-722	Arbeit	negative[8]	Politik/Soziales/Missstände[21]	
8-13	722-723	,	negative[8]	_	
8-14	724-728	doch	negative[8]	_	
8-15	729-732	die	negative[8]	_	
8-16	733-737	gibt	negative[8]	_	
8-17	738-740	es	negative[8]	_	
8-18	741-746	nicht	negative[8]	_	
8-19	746-747	.	negative[8]	_	

#Text=Hier hab' ich nichts gefunden außer Einsamkeit.
9-1	752-756	Hier	negative[9]	_	
9-2	757-760	hab	negative[9]	_	
9-3	760-761	'	negative[9]	_	
9-4	762-765	ich	negative[9]	_	
9-5	766-772	nichts	negative[9]	_	
9-6	773-781	gefunden	negative[9]	_	
9-7	782-787	außer	negative[9]	_	
9-8	788-798	Einsamkeit	negative[9]	Persönliches/Emotionen	
9-9	798-799	.	negative[9]	_	

#Text=Zweitausend Meilen hab' ich hinter mir, doch jetzt vertu' ich hier meine Zeit.
10-1	800-811	Zweitausend	neutral[10]	Reisen[22]	
10-2	812-818	Meilen	neutral[10]	Reisen[22]	
10-3	819-822	hab	neutral[10]	_	
10-4	822-823	'	neutral[10]	_	
10-5	824-827	ich	neutral[10]	_	
10-6	828-834	hinter	neutral[10]	_	
10-7	835-838	mir	neutral[10]	_	
10-8	838-839	,	neutral[10]	_	
10-9	840-844	doch	neutral[10]	_	
10-10	845-850	jetzt	neutral[10]	_	
10-11	851-856	vertu	neutral[10]	_	
10-12	856-857	'	neutral[10]	_	
10-13	858-861	ich	neutral[10]	_	
10-14	862-866	hier	neutral[10]	_	
10-15	867-872	meine	neutral[10]	_	
10-16	873-877	Zeit	neutral[10]	_	
10-17	877-878	.	neutral[10]	_	

#Text=Ich sitze bei den Docks an der Bucht...
11-1	879-882	Ich	neutral[11]	_	
11-2	883-888	sitze	neutral[11]	_	
11-3	889-892	bei	neutral[11]	_	
11-4	893-896	den	neutral[11]	_	
11-5	897-902	Docks	neutral[11]	Reisen	
11-6	903-905	an	neutral[11]	_	
11-7	906-909	der	neutral[11]	_	
11-8	910-915	Bucht	neutral[11]	_	
11-9	915-916	.	neutral[11]	_	
11-10	916-917	.	neutral[11]	_	
11-11	917-918	.	neutral[11]	_	
