#FORMAT=WebAnno TSV 3.2
#T_SP=webanno.custom.Sentiment|Polarity
#T_SP=webanno.custom.Topic|Topics


#Text=Er war ein Dirigent, ein großer Dirigent, so berühmt wie Herbert von Karajan.
1-1	0-2	Er	neutral[1]	_	
1-2	3-6	war	neutral[1]	_	
1-3	7-10	ein	neutral[1]	_	
1-4	11-19	Dirigent	neutral[1]	Musik	
1-5	19-20	,	neutral[1]	_	
1-6	21-24	ein	neutral[1]	_	
1-7	25-31	großer	neutral[1]	Musik[6]	
1-8	32-40	Dirigent	neutral[1]	Musik[6]	
1-9	40-41	,	neutral[1]	_	
1-10	42-44	so	neutral[1]	_	
1-11	45-52	berühmt	neutral[1]	_	
1-12	53-56	wie	neutral[1]	_	
1-13	57-64	Herbert	neutral[1]	Musik[7]	
1-14	65-68	von	neutral[1]	Musik[7]	
1-15	69-76	Karajan	neutral[1]	Musik[7]	
1-16	76-77	.	_	_	

#Text=Wenn er den Taktstock in seine Hände nahm, dann hielt das Publikum den Atem an.
2-1	78-82	Wenn	positive[2]	_	
2-2	83-85	er	positive[2]	_	
2-3	86-89	den	positive[2]	_	
2-4	90-99	Taktstock	positive[2]	Musik	
2-5	100-102	in	positive[2]	_	
2-6	103-108	seine	positive[2]	_	
2-7	109-114	Hände	positive[2]	_	
2-8	115-119	nahm	positive[2]	_	
2-9	119-120	,	positive[2]	_	
2-10	121-125	dann	positive[2]	_	
2-11	126-131	hielt	positive[2]	_	
2-12	132-135	das	positive[2]	_	
2-13	136-144	Publikum	positive[2]	Musik	
2-14	145-148	den	positive[2]	_	
2-15	149-153	Atem	positive[2]	_	
2-16	154-156	an	positive[2]	_	
2-17	156-157	.	_	_	

#Text=Das Orchester war getrimmt und bestens eingestimmt, ein letzter Blick auf die Partitur, der Frack saß exzellent und nun begann der Dirigent mit seiner Chaos-Symphonie in Atom-Dur.
3-1	162-165	Das	positive[3]	_	
3-2	166-175	Orchester	positive[3]	Musik	
3-3	176-179	war	positive[3]	_	
3-4	180-188	getrimmt	positive[3]	_	
3-5	189-192	und	positive[3]	_	
3-6	193-200	bestens	positive[3]	_	
3-7	201-212	eingestimmt	positive[3]	Musik	
3-8	212-213	,	_	_	
3-9	214-217	ein	neutral[4]	_	
3-10	218-225	letzter	neutral[4]	_	
3-11	226-231	Blick	neutral[4]	_	
3-12	232-235	auf	neutral[4]	_	
3-13	236-239	die	neutral[4]	_	
3-14	240-248	Partitur	neutral[4]	Musik	
3-15	248-249	,	_	_	
3-16	250-253	der	positive[5]	_	
3-17	254-259	Frack	positive[5]	_	
3-18	260-263	saß	positive[5]	_	
3-19	264-273	exzellent	positive[5]	_	
3-20	274-277	und	positive[5]	_	
3-21	278-281	nun	positive[5]	_	
3-22	282-288	begann	positive[5]	_	
3-23	289-292	der	positive[5]	_	
3-24	293-301	Dirigent	positive[5]	Musik	
3-25	302-305	mit	positive[5]	_	
3-26	306-312	seiner	positive[5]	_	
3-27	313-328	Chaos-Symphonie	positive[5]	Musik[8]	
3-28	329-331	in	positive[5]	Musik[8]	
3-29	332-340	Atom-Dur	positive[5]	Musik[8]	
3-30	340-341	.	positive[5]	_	
