#FORMAT=WebAnno TSV 3.2
#T_SP=webanno.custom.Sentiment|Polarity
#T_SP=webanno.custom.Topic|Topics


#Text=Sonntagnacht - zurück zum Bund, ich bin ja so ein armer Hund.
1-1	0-12	Sonntagnacht	negative[1]	_	
1-2	13-14	-	negative[1]	_	
1-3	15-21	zurück	negative[1]	_	
1-4	22-25	zum	negative[1]	_	
1-5	26-30	Bund	negative[1]	Politik/Soziales/Missstände	
1-6	30-31	,	negative[1]	_	
1-7	32-35	ich	negative[1]	_	
1-8	36-39	bin	negative[1]	_	
1-9	40-42	ja	negative[1]	_	
1-10	43-45	so	negative[1]	_	
1-11	46-49	ein	negative[1]	_	
1-12	50-55	armer	negative[1]	Persönliches/Emotionen[20]	
1-13	56-60	Hund	negative[1]	Persönliches/Emotionen[20]	
1-14	60-61	.	negative[1]	_	

#Text=Zieh die Bremse, halt den Zug an, ich will hier raus, ich hab' genug, Mann.
2-1	62-66	Zieh	negative[2]	_	
2-2	67-70	die	negative[2]	_	
2-3	71-77	Bremse	negative[2]	_	
2-4	77-78	,	negative[2]	_	
2-5	79-83	halt	negative[2]	_	
2-6	84-87	den	negative[2]	_	
2-7	88-91	Zug	negative[2]	_	
2-8	92-94	an	negative[2]	_	
2-9	94-95	,	negative[2]	_	
2-10	96-99	ich	negative[2]	_	
2-11	100-104	will	negative[2]	Persönliches/Emotionen[21]	
2-12	105-109	hier	negative[2]	Persönliches/Emotionen[21]	
2-13	110-114	raus	negative[2]	Persönliches/Emotionen[21]	
2-14	114-115	,	negative[2]	_	
2-15	116-119	ich	negative[2]	_	
2-16	120-123	hab	negative[2]	Persönliches/Emotionen[22]	
2-17	123-124	'	negative[2]	Persönliches/Emotionen[22]	
2-18	125-130	genug	negative[2]	Persönliches/Emotionen[22]	
2-19	130-131	,	negative[2]	_	
2-20	132-136	Mann	negative[2]	_	
2-21	136-137	.	negative[2]	_	

#Text=Wie ich das hasse, jetzt mit der Bahn in diese Hölle zurückzufahren.
3-1	138-141	Wie	negative[3]	Persönliches/Emotionen[23]	
3-2	142-145	ich	negative[3]	Persönliches/Emotionen[23]	
3-3	146-149	das	negative[3]	Persönliches/Emotionen[23]	
3-4	150-155	hasse	negative[3]	Persönliches/Emotionen[23]	
3-5	155-156	,	negative[3]	_	
3-6	157-162	jetzt	negative[3]	_	
3-7	163-166	mit	negative[3]	_	
3-8	167-170	der	negative[3]	_	
3-9	171-175	Bahn	negative[3]	_	
3-10	176-178	in	negative[3]	_	
3-11	179-184	diese	negative[3]	_	
3-12	185-190	Hölle	negative[3]	_	
3-13	191-205	zurückzufahren	negative[3]	_	
3-14	205-206	.	negative[3]	_	

#Text=Wie ich das hasse, jetzt mit der Bundeswehrbahn in diese Hölle zurückzufahren.
4-1	207-210	Wie	negative[4]	Persönliches/Emotionen[24]	
4-2	211-214	ich	negative[4]	Persönliches/Emotionen[24]	
4-3	215-218	das	negative[4]	Persönliches/Emotionen[24]	
4-4	219-224	hasse	negative[4]	Persönliches/Emotionen[24]	
4-5	224-225	,	negative[4]	_	
4-6	226-231	jetzt	negative[4]	_	
4-7	232-235	mit	negative[4]	_	
4-8	236-239	der	negative[4]	_	
4-9	240-254	Bundeswehrbahn	negative[4]	Politik/Soziales/Missstände	
4-10	255-257	in	negative[4]	_	
4-11	258-263	diese	negative[4]	_	
4-12	264-269	Hölle	negative[4]	_	
4-13	270-284	zurückzufahren	negative[4]	_	
4-14	284-285	.	negative[4]	_	

#Text=Ich bin beim Bund, ich bin beim Bund, ich bin beim Bund, ich bin ja so ein armer Hund.
5-1	290-293	Ich	negative[5]	_	
5-2	294-297	bin	negative[5]	_	
5-3	298-302	beim	negative[5]	_	
5-4	303-307	Bund	negative[5]	Politik/Soziales/Missstände	
5-5	307-308	,	negative[5]	_	
5-6	309-312	ich	negative[5]	_	
5-7	313-316	bin	negative[5]	_	
5-8	317-321	beim	negative[5]	_	
5-9	322-326	Bund	negative[5]	Politik/Soziales/Missstände	
5-10	326-327	,	negative[5]	_	
5-11	328-331	ich	negative[5]	_	
5-12	332-335	bin	negative[5]	_	
5-13	336-340	beim	negative[5]	_	
5-14	341-345	Bund	negative[5]	Politik/Soziales/Missstände	
5-15	345-346	,	negative[5]	_	
5-16	347-350	ich	negative[5]	_	
5-17	351-354	bin	negative[5]	_	
5-18	355-357	ja	negative[5]	_	
5-19	358-360	so	negative[5]	_	
5-20	361-364	ein	negative[5]	_	
5-21	365-370	armer	negative[5]	Persönliches/Emotionen[25]	
5-22	371-375	Hund	negative[5]	Persönliches/Emotionen[25]	
5-23	375-376	.	negative[5]	_	

#Text=Das Wochenende war echt'n Hammer, ich lieb' mein Mädchen, und jetzt wieder das Drama, jetzt ohne sie die ganze Woche, ohne sie - Onanie.
6-1	381-384	Das	negative[6]	_	
6-2	385-395	Wochenende	negative[6]	_	
6-3	396-399	war	negative[6]	_	
6-4	400-406	echt'n	negative[6]	_	
6-5	407-413	Hammer	negative[6]	Persönliches/Emotionen	
6-6	413-414	,	negative[6]	_	
6-7	415-418	ich	negative[6]	Liebe/Partnerschaft[26]	
6-8	419-423	lieb	negative[6]	Liebe/Partnerschaft[26]	
6-9	423-424	'	negative[6]	Liebe/Partnerschaft[26]	
6-10	425-429	mein	negative[6]	Liebe/Partnerschaft[26]	
6-11	430-437	Mädchen	negative[6]	Liebe/Partnerschaft[26]	
6-12	437-438	,	negative[6]	_	
6-13	439-442	und	negative[6]	_	
6-14	443-448	jetzt	negative[6]	_	
6-15	449-455	wieder	negative[6]	_	
6-16	456-459	das	negative[6]	_	
6-17	460-465	Drama	negative[6]	Persönliches/Emotionen	
6-18	465-466	,	negative[6]	_	
6-19	467-472	jetzt	negative[6]	_	
6-20	473-477	ohne	negative[6]	_	
6-21	478-481	sie	negative[6]	_	
6-22	482-485	die	negative[6]	_	
6-23	486-491	ganze	negative[6]	_	
6-24	492-497	Woche	negative[6]	_	
6-25	497-498	,	negative[6]	_	
6-26	499-503	ohne	negative[6]	Liebe/Partnerschaft[27]	
6-27	504-507	sie	negative[6]	Liebe/Partnerschaft[27]	
6-28	508-509	-	negative[6]	Liebe/Partnerschaft[27]	
6-29	510-516	Onanie	negative[6]	Liebe/Partnerschaft[27]	
6-30	516-517	.	negative[6]	_	

#Text=Fürs blöde Vaterland nehm' ich die Hand zur Hand, lege Hand an mich.
7-1	518-522	Fürs	negative[7]	_	
7-2	523-528	blöde	negative[7]	Politik/Soziales/Missstände[28]	
7-3	529-538	Vaterland	negative[7]	Politik/Soziales/Missstände[28]	
7-4	539-543	nehm	negative[7]	_	
7-5	543-544	'	negative[7]	_	
7-6	545-548	ich	negative[7]	_	
7-7	549-552	die	negative[7]	_	
7-8	553-557	Hand	negative[7]	_	
7-9	558-561	zur	negative[7]	_	
7-10	562-566	Hand	negative[7]	_	
7-11	566-567	,	negative[7]	_	
7-12	568-572	lege	negative[7]	Liebe/Partnerschaft[29]	
7-13	573-577	Hand	negative[7]	Liebe/Partnerschaft[29]	
7-14	578-580	an	negative[7]	Liebe/Partnerschaft[29]	
7-15	581-585	mich	negative[7]	Liebe/Partnerschaft[29]	
7-16	585-586	.	negative[7]	_	

#Text=Onanie - stärkt das Hemd und schwächt das Knie.
8-1	587-593	Onanie	neutral[8]	Liebe/Partnerschaft	
8-2	594-595	-	neutral[8]	_	
8-3	596-602	stärkt	neutral[8]	_	
8-4	603-606	das	neutral[8]	_	
8-5	607-611	Hemd	neutral[8]	_	
8-6	612-615	und	neutral[8]	_	
8-7	616-624	schwächt	neutral[8]	_	
8-8	625-628	das	neutral[8]	_	
8-9	629-633	Knie	neutral[8]	_	
8-10	633-634	.	neutral[8]	_	

#Text=Ich bin beim Bund, ich bin beim Bund, ich bin beim Bund, ich bin ja so ein armer Hund.
9-1	639-642	Ich	negative[9]	_	
9-2	643-646	bin	negative[9]	_	
9-3	647-651	beim	negative[9]	Politik/Soziales/Missstände[30]	
9-4	652-656	Bund	negative[9]	Politik/Soziales/Missstände[30]	
9-5	656-657	,	negative[9]	_	
9-6	658-661	ich	negative[9]	_	
9-7	662-665	bin	negative[9]	_	
9-8	666-670	beim	negative[9]	_	
9-9	671-675	Bund	negative[9]	Politik/Soziales/Missstände	
9-10	675-676	,	negative[9]	_	
9-11	677-680	ich	negative[9]	_	
9-12	681-684	bin	negative[9]	_	
9-13	685-689	beim	negative[9]	_	
9-14	690-694	Bund	negative[9]	Politik/Soziales/Missstände	
9-15	694-695	,	negative[9]	_	
9-16	696-699	ich	negative[9]	_	
9-17	700-703	bin	negative[9]	_	
9-18	704-706	ja	negative[9]	_	
9-19	707-709	so	negative[9]	_	
9-20	710-713	ein	negative[9]	_	
9-21	714-719	armer	negative[9]	Persönliches/Emotionen[31]	
9-22	720-724	Hund	negative[9]	Persönliches/Emotionen[31]	
9-23	724-725	.	negative[9]	_	

#Text=Muss wieder Schützengräben graben, Knarre putzen, mich im Schlamm beschmutzen.
10-1	730-734	Muss	negative[10]	_	
10-2	735-741	wieder	negative[10]	_	
10-3	742-756	Schützengräben	negative[10]	Politik/Soziales/Missstände[32]	
10-4	757-763	graben	negative[10]	Politik/Soziales/Missstände[32]	
10-5	763-764	,	negative[10]	_	
10-6	765-771	Knarre	negative[10]	Politik/Soziales/Missstände[33]	
10-7	772-778	putzen	negative[10]	Politik/Soziales/Missstände[33]	
10-8	778-779	,	negative[10]	_	
10-9	780-784	mich	negative[10]	_	
10-10	785-787	im	negative[10]	_	
10-11	788-795	Schlamm	negative[10]	_	
10-12	796-807	beschmutzen	negative[10]	_	
10-13	807-808	.	negative[10]	_	

#Text=Was soll das alles für 'n Sinn haben, dieses öde, blöde Stupidium vom Staat, Panzer ölen und trag' den Hut aus Stahl.
11-1	809-812	Was	negative[11]	_	
11-2	813-817	soll	negative[11]	_	
11-3	818-821	das	negative[11]	_	
11-4	822-827	alles	negative[11]	_	
11-5	828-831	für	negative[11]	_	
11-6	832-833	'	negative[11]	_	
11-7	833-834	n	negative[11]	_	
11-8	835-839	Sinn	negative[11]	_	
11-9	840-845	haben	negative[11]	_	
11-10	845-846	,	negative[11]	_	
11-11	847-853	dieses	negative[11]	_	
11-12	854-857	öde	negative[11]	Politik/Soziales/Missstände[34]	
11-13	857-858	,	negative[11]	Politik/Soziales/Missstände[34]	
11-14	859-864	blöde	negative[11]	Politik/Soziales/Missstände[34]	
11-15	865-874	Stupidium	negative[11]	Politik/Soziales/Missstände[34]	
11-16	875-878	vom	negative[11]	Politik/Soziales/Missstände[34]	
11-17	879-884	Staat	negative[11]	Politik/Soziales/Missstände[34]	
11-18	884-885	,	negative[11]	_	
11-19	886-892	Panzer	negative[11]	Politik/Soziales/Missstände[35]	
11-20	893-897	ölen	negative[11]	Politik/Soziales/Missstände[35]	
11-21	898-901	und	negative[11]	_	
11-22	902-906	trag	negative[11]	_	
11-23	906-907	'	negative[11]	_	
11-24	908-911	den	negative[11]	_	
11-25	912-915	Hut	negative[11]	Politik/Soziales/Missstände[36]	
11-26	916-919	aus	negative[11]	Politik/Soziales/Missstände[36]	
11-27	920-925	Stahl	negative[11]	Politik/Soziales/Missstände[36]	
11-28	925-926	.	negative[11]	_	

#Text=Wenn mal die große Bombe fällt, ist das doch alles sowieso egal, sowieso alles für 'n Arsch gewesen.
12-1	927-931	Wenn	negative[12]	_	
12-2	932-935	mal	negative[12]	_	
12-3	936-939	die	negative[12]	_	
12-4	940-945	große	negative[12]	Politik/Soziales/Missstände[37]	
12-5	946-951	Bombe	negative[12]	Politik/Soziales/Missstände[37]	
12-6	952-957	fällt	negative[12]	Politik/Soziales/Missstände[37]	
12-7	957-958	,	negative[12]	_	
12-8	959-962	ist	negative[12]	_	
12-9	963-966	das	negative[12]	_	
12-10	967-971	doch	negative[12]	_	
12-11	972-977	alles	negative[12]	_	
12-12	978-985	sowieso	negative[12]	_	
12-13	986-990	egal	negative[12]	_	
12-14	990-991	,	negative[12]	_	
12-15	992-999	sowieso	negative[12]	_	
12-16	1000-1005	alles	negative[12]	_	
12-17	1006-1009	für	negative[12]	_	
12-18	1010-1011	'	negative[12]	_	
12-19	1011-1012	n	negative[12]	_	
12-20	1013-1018	Arsch	negative[12]	_	
12-21	1019-1026	gewesen	negative[12]	_	
12-22	1026-1027	.	negative[12]	_	

#Text=Dann steh' ich doch lieber in unserer Kneipe am Trallafitti-Tresen.
13-1	1028-1032	Dann	positive[13]	_	
13-2	1033-1037	steh	positive[13]	_	
13-3	1037-1038	'	positive[13]	_	
13-4	1039-1042	ich	positive[13]	_	
13-5	1043-1047	doch	positive[13]	_	
13-6	1048-1054	lieber	positive[13]	_	
13-7	1055-1057	in	positive[13]	_	
13-8	1058-1065	unserer	positive[13]	_	
13-9	1066-1072	Kneipe	positive[13]	Gesundheit/Drogen	
13-10	1073-1075	am	positive[13]	_	
13-11	1076-1094	Trallafitti-Tresen	positive[13]	Gesundheit/Drogen	
13-12	1094-1095	.	positive[13]	_	

#Text=Ich bin beim Bund, ich bin beim Bund, ich bin beim Bund, ich bin ja so ein armer Hund.
14-1	1100-1103	Ich	negative[14]	_	
14-2	1104-1107	bin	negative[14]	_	
14-3	1108-1112	beim	negative[14]	_	
14-4	1113-1117	Bund	negative[14]	Politik/Soziales/Missstände	
14-5	1117-1118	,	negative[14]	_	
14-6	1119-1122	ich	negative[14]	_	
14-7	1123-1126	bin	negative[14]	_	
14-8	1127-1131	beim	negative[14]	_	
14-9	1132-1136	Bund	negative[14]	Politik/Soziales/Missstände	
14-10	1136-1137	,	negative[14]	_	
14-11	1138-1141	ich	negative[14]	_	
14-12	1142-1145	bin	negative[14]	_	
14-13	1146-1150	beim	negative[14]	_	
14-14	1151-1155	Bund	negative[14]	Politik/Soziales/Missstände	
14-15	1155-1156	,	negative[14]	_	
14-16	1157-1160	ich	negative[14]	_	
14-17	1161-1164	bin	negative[14]	_	
14-18	1165-1167	ja	negative[14]	_	
14-19	1168-1170	so	negative[14]	_	
14-20	1171-1174	ein	negative[14]	_	
14-21	1175-1180	armer	negative[14]	Persönliches/Emotionen[38]	
14-22	1181-1185	Hund	negative[14]	Persönliches/Emotionen[38]	
14-23	1185-1186	.	negative[14]	_	

#Text=Der Spieß pöbelt rum wie die letzte Sau, der hat bestimmt Komplexe - oder Trouble mit seiner Frau.
15-1	1191-1194	Der	negative[15]	_	
15-2	1195-1200	Spieß	negative[15]	Politik/Soziales/Missstände	
15-3	1201-1207	pöbelt	negative[15]	_	
15-4	1208-1211	rum	negative[15]	_	
15-5	1212-1215	wie	negative[15]	_	
15-6	1216-1219	die	negative[15]	_	
15-7	1220-1226	letzte	negative[15]	Politik/Soziales/Missstände[39]	
15-8	1227-1230	Sau	negative[15]	Politik/Soziales/Missstände[39]	
15-9	1230-1231	,	negative[15]	_	
15-10	1232-1235	der	negative[15]	_	
15-11	1236-1239	hat	negative[15]	Persönliches/Emotionen[40]	
15-12	1240-1248	bestimmt	negative[15]	Persönliches/Emotionen[40]	
15-13	1249-1257	Komplexe	negative[15]	Persönliches/Emotionen[40]	
15-14	1258-1259	-	negative[15]	_	
15-15	1260-1264	oder	negative[15]	_	
15-16	1265-1272	Trouble	negative[15]	Liebe/Partnerschaft[41]	
15-17	1273-1276	mit	negative[15]	Liebe/Partnerschaft[41]	
15-18	1277-1283	seiner	negative[15]	Liebe/Partnerschaft[41]	
15-19	1284-1288	Frau	negative[15]	Liebe/Partnerschaft[41]	
15-20	1288-1289	.	negative[15]	_	

#Text=Schreit hier rum, so'n beknacktes Schwein, ich sag: "Dein Gesicht und mein Arsch könnten gute Freunde sein."
16-1	1290-1297	Schreit	negative[16]	_	
16-2	1298-1302	hier	negative[16]	_	
16-3	1303-1306	rum	negative[16]	_	
16-4	1306-1307	,	negative[16]	_	
16-5	1308-1312	so'n	negative[16]	_	
16-6	1313-1323	beknacktes	negative[16]	Politik/Soziales/Missstände[42]	
16-7	1324-1331	Schwein	negative[16]	Politik/Soziales/Missstände[42]	
16-8	1331-1332	,	negative[16]	_	
16-9	1333-1336	ich	negative[16]	_	
16-10	1337-1340	sag	negative[16]	_	
16-11	1340-1341	:	negative[16]	_	
16-12	1342-1343	"	negative[16]	_	
16-13	1343-1347	Dein	negative[16]	_	
16-14	1348-1355	Gesicht	negative[16]	_	
16-15	1356-1359	und	negative[16]	_	
16-16	1360-1364	mein	negative[16]	_	
16-17	1365-1370	Arsch	negative[16]	_	
16-18	1371-1378	könnten	negative[16]	_	
16-19	1379-1383	gute	negative[16]	Liebe/Partnerschaft[43]	
16-20	1384-1391	Freunde	negative[16]	Liebe/Partnerschaft[43]	
16-21	1392-1396	sein	negative[16]	_	
16-22	1396-1397	.	negative[16]	_	
16-23	1397-1398	"	negative[16]	_	

#Text=Ich bin beim Bund, ich bin beim Bund, ich bin beim Bund, ich bin ja so ein armer Hund.
17-1	1403-1406	Ich	negative[17]	_	
17-2	1407-1410	bin	negative[17]	_	
17-3	1411-1415	beim	negative[17]	_	
17-4	1416-1420	Bund	negative[17]	Politik/Soziales/Missstände	
17-5	1420-1421	,	negative[17]	_	
17-6	1422-1425	ich	negative[17]	_	
17-7	1426-1429	bin	negative[17]	_	
17-8	1430-1434	beim	negative[17]	_	
17-9	1435-1439	Bund	negative[17]	Politik/Soziales/Missstände	
17-10	1439-1440	,	negative[17]	_	
17-11	1441-1444	ich	negative[17]	_	
17-12	1445-1448	bin	negative[17]	_	
17-13	1449-1453	beim	negative[17]	_	
17-14	1454-1458	Bund	negative[17]	Politik/Soziales/Missstände	
17-15	1458-1459	,	negative[17]	_	
17-16	1460-1463	ich	negative[17]	_	
17-17	1464-1467	bin	negative[17]	_	
17-18	1468-1470	ja	negative[17]	_	
17-19	1471-1473	so	negative[17]	_	
17-20	1474-1477	ein	negative[17]	_	
17-21	1478-1483	armer	negative[17]	Persönliches/Emotionen[44]	
17-22	1484-1488	Hund	negative[17]	Persönliches/Emotionen[44]	
17-23	1488-1489	.	negative[17]	_	

#Text=Und dann sag' ich irgendwann: "Ey, halt den Zug an, ich will hier raus, Mann."
18-1	1494-1497	Und	negative[18]	_	
18-2	1498-1502	dann	negative[18]	_	
18-3	1503-1506	sag	negative[18]	_	
18-4	1506-1507	'	negative[18]	_	
18-5	1508-1511	ich	negative[18]	_	
18-6	1512-1522	irgendwann	negative[18]	_	
18-7	1522-1523	:	negative[18]	_	
18-8	1524-1525	"	negative[18]	_	
18-9	1525-1527	Ey	negative[18]	_	
18-10	1527-1528	,	negative[18]	_	
18-11	1529-1533	halt	negative[18]	_	
18-12	1534-1537	den	negative[18]	_	
18-13	1538-1541	Zug	negative[18]	_	
18-14	1542-1544	an	negative[18]	_	
18-15	1544-1545	,	negative[18]	_	
18-16	1546-1549	ich	negative[18]	_	
18-17	1550-1554	will	negative[18]	Persönliches/Emotionen[45]	
18-18	1555-1559	hier	negative[18]	Persönliches/Emotionen[45]	
18-19	1560-1564	raus	negative[18]	Persönliches/Emotionen[45]	
18-20	1564-1565	,	negative[18]	_	
18-21	1566-1570	Mann	negative[18]	_	
18-22	1570-1571	.	negative[18]	_	
18-23	1571-1572	"	negative[18]	_	

#Text=Ich bin nicht mehr lange beim Bund, bin nicht mehr lange beim Bund, bin nicht mehr lange so'n armer Hund.
19-1	1577-1580	Ich	positive[19]	_	
19-2	1581-1584	bin	positive[19]	_	
19-3	1585-1590	nicht	positive[19]	_	
19-4	1591-1595	mehr	positive[19]	_	
19-5	1596-1601	lange	positive[19]	_	
19-6	1602-1606	beim	positive[19]	_	
19-7	1607-1611	Bund	positive[19]	Politik/Soziales/Missstände	
19-8	1611-1612	,	positive[19]	_	
19-9	1613-1616	bin	positive[19]	_	
19-10	1617-1622	nicht	positive[19]	_	
19-11	1623-1627	mehr	positive[19]	_	
19-12	1628-1633	lange	positive[19]	_	
19-13	1634-1638	beim	positive[19]	_	
19-14	1639-1643	Bund	positive[19]	Politik/Soziales/Missstände	
19-15	1643-1644	,	positive[19]	_	
19-16	1645-1648	bin	positive[19]	_	
19-17	1649-1654	nicht	positive[19]	_	
19-18	1655-1659	mehr	positive[19]	_	
19-19	1660-1665	lange	positive[19]	_	
19-20	1666-1670	so'n	positive[19]	_	
19-21	1671-1676	armer	positive[19]	Persönliches/Emotionen[46]	
19-22	1677-1681	Hund	positive[19]	Persönliches/Emotionen[46]	
19-23	1681-1682	.	positive[19]	_	
