#FORMAT=WebAnno TSV 3.2
#T_SP=webanno.custom.Sentiment|Polarity
#T_SP=webanno.custom.Topic|Topics


#Text=Alle Tage sind gleich lang, jedoch verschieden breit und wir fühlen uns heute so speedy - wie Lichtgeschwindigkeit, und wir fahren unser Rennen, bis die Reifen brennen schneller als der Wüstenwind.
1-1	0-4	Alle	positive[1]	_	
1-2	5-9	Tage	positive[1]	_	
1-3	10-14	sind	positive[1]	_	
1-4	15-21	gleich	positive[1]	_	
1-5	22-26	lang	positive[1]	_	
1-6	26-27	,	positive[1]	_	
1-7	28-34	jedoch	positive[1]	_	
1-8	35-46	verschieden	positive[1]	_	
1-9	47-52	breit	positive[1]	_	
1-10	53-56	und	positive[1]	_	
1-11	57-60	wir	positive[1]	_	
1-12	61-67	fühlen	positive[1]	_	
1-13	68-71	uns	positive[1]	_	
1-14	72-77	heute	positive[1]	_	
1-15	78-80	so	positive[1]	_	
1-16	81-87	speedy	positive[1]	Persönliches/Emotionen	
1-17	88-89	-	positive[1]	_	
1-18	90-93	wie	positive[1]	_	
1-19	94-114	Lichtgeschwindigkeit	positive[1]	_	
1-20	114-115	,	positive[1]	_	
1-21	116-119	und	positive[1]	_	
1-22	120-123	wir	positive[1]	_	
1-23	124-130	fahren	positive[1]	_	
1-24	131-136	unser	positive[1]	_	
1-25	137-143	Rennen	positive[1]	_	
1-26	143-144	,	positive[1]	_	
1-27	145-148	bis	positive[1]	_	
1-28	149-152	die	positive[1]	_	
1-29	153-159	Reifen	positive[1]	_	
1-30	160-167	brennen	positive[1]	_	
1-31	168-177	schneller	positive[1]	_	
1-32	178-181	als	positive[1]	_	
1-33	182-185	der	positive[1]	_	
1-34	186-196	Wüstenwind	positive[1]	_	
1-35	196-197	.	positive[1]	_	

#Text=Nix passieren wird immer noch genug, wenn wir über 'n Jordan sind.
2-1	198-201	Nix	neutral[2]	_	
2-2	202-211	passieren	neutral[2]	_	
2-3	212-216	wird	neutral[2]	_	
2-4	217-222	immer	neutral[2]	_	
2-5	223-227	noch	neutral[2]	_	
2-6	228-233	genug	neutral[2]	_	
2-7	233-234	,	neutral[2]	_	
2-8	235-239	wenn	neutral[2]	_	
2-9	240-243	wir	neutral[2]	_	
2-10	244-248	über	neutral[2]	_	
2-11	249-250	'	neutral[2]	_	
2-12	250-251	n	neutral[2]	_	
2-13	252-258	Jordan	neutral[2]	Reisen	
2-14	259-263	sind	neutral[2]	_	
2-15	263-264	.	neutral[2]	_	

#Text=Wir sind Götter - Götter der Lust und wir killen den Höllenfrust, geile Götter und wir holen uns munter den Himmel auf die Erde runter.
3-1	269-272	Wir	positive[3]	_	
3-2	273-277	sind	positive[3]	_	
3-3	278-284	Götter	positive[3]	_	
3-4	285-286	-	positive[3]	_	
3-5	287-293	Götter	positive[3]	Liebe/Partnerschaft[16]	
3-6	294-297	der	positive[3]	Liebe/Partnerschaft[16]	
3-7	298-302	Lust	positive[3]	Liebe/Partnerschaft[16]	
3-8	303-306	und	positive[3]	_	
3-9	307-310	wir	positive[3]	_	
3-10	311-317	killen	positive[3]	Politik/Soziales/Missstände	
3-11	318-321	den	positive[3]	_	
3-12	322-333	Höllenfrust	positive[3]	Politik/Soziales/Missstände	
3-13	333-334	,	positive[3]	_	
3-14	335-340	geile	positive[3]	_	
3-15	341-347	Götter	positive[3]	_	
3-16	348-351	und	positive[3]	_	
3-17	352-355	wir	positive[3]	_	
3-18	356-361	holen	positive[3]	_	
3-19	362-365	uns	positive[3]	_	
3-20	366-372	munter	positive[3]	_	
3-21	373-376	den	positive[3]	_	
3-22	377-383	Himmel	positive[3]	_	
3-23	384-387	auf	positive[3]	_	
3-24	388-391	die	positive[3]	_	
3-25	392-396	Erde	positive[3]	_	
3-26	397-403	runter	positive[3]	_	
3-27	403-404	.	positive[3]	_	

#Text="You can't always get what you want", kann ich nicht akzeptieren.
4-1	409-410	"	negative[4]	_	
4-2	410-413	You	negative[4]	_	
4-3	414-419	can't	negative[4]	_	
4-4	420-426	always	negative[4]	_	
4-5	427-430	get	negative[4]	_	
4-6	431-435	what	negative[4]	_	
4-7	436-439	you	negative[4]	_	
4-8	440-444	want	negative[4]	_	
4-9	444-445	"	negative[4]	_	
4-10	445-446	,	negative[4]	_	
4-11	447-451	kann	negative[4]	Persönliches/Emotionen[17]	
4-12	452-455	ich	negative[4]	Persönliches/Emotionen[17]	
4-13	456-461	nicht	negative[4]	Persönliches/Emotionen[17]	
4-14	462-473	akzeptieren	negative[4]	Persönliches/Emotionen[17]	
4-15	473-474	.	negative[4]	_	

#Text="Give peace a chance" - das ist leider zu wenig, wir sind nicht bereit, zu krepieren.
5-1	475-476	"	negative[5]	_	
5-2	476-480	Give	negative[5]	_	
5-3	481-486	peace	negative[5]	_	
5-4	487-488	a	negative[5]	_	
5-5	489-495	chance	negative[5]	_	
5-6	495-496	"	negative[5]	_	
5-7	497-498	-	negative[5]	_	
5-8	499-502	das	negative[5]	_	
5-9	503-506	ist	negative[5]	_	
5-10	507-513	leider	negative[5]	_	
5-11	514-516	zu	negative[5]	_	
5-12	517-522	wenig	negative[5]	_	
5-13	522-523	,	negative[5]	_	
5-14	524-527	wir	negative[5]	_	
5-15	528-532	sind	negative[5]	_	
5-16	533-538	nicht	negative[5]	Persönliches/Emotionen[18]	
5-17	539-545	bereit	negative[5]	Persönliches/Emotionen[18]	
5-18	545-546	,	negative[5]	Persönliches/Emotionen[18]	
5-19	547-549	zu	negative[5]	Persönliches/Emotionen[18]	
5-20	550-559	krepieren	negative[5]	Persönliches/Emotionen[18]	
5-21	559-560	.	negative[5]	_	

#Text="I can't get no satisfaction" - sehen wir überhaupt nicht ein.
6-1	561-562	"	negative[6]	_	
6-2	562-563	I	negative[6]	_	
6-3	564-569	can't	negative[6]	_	
6-4	570-573	get	negative[6]	_	
6-5	574-576	no	negative[6]	_	
6-6	577-589	satisfaction	negative[6]	_	
6-7	589-590	"	negative[6]	_	
6-8	591-592	-	negative[6]	_	
6-9	593-598	sehen	negative[6]	Persönliches/Emotionen[19]	
6-10	599-602	wir	negative[6]	Persönliches/Emotionen[19]	
6-11	603-612	überhaupt	negative[6]	Persönliches/Emotionen[19]	
6-12	613-618	nicht	negative[6]	Persönliches/Emotionen[19]	
6-13	619-622	ein	negative[6]	Persönliches/Emotionen[19]	
6-14	622-623	.	negative[6]	Persönliches/Emotionen[19]	

#Text=Es muss abgehen wie der Blitz, wie 'n Schleudersitz, es muss der Urknall sein!
7-1	624-626	Es	positive[7]	Persönliches/Emotionen[20]	
7-2	627-631	muss	positive[7]	Persönliches/Emotionen[20]	
7-3	632-639	abgehen	positive[7]	Persönliches/Emotionen[20]	
7-4	640-643	wie	positive[7]	_	
7-5	644-647	der	positive[7]	_	
7-6	648-653	Blitz	positive[7]	_	
7-7	653-654	,	positive[7]	_	
7-8	655-658	wie	positive[7]	_	
7-9	659-660	'	positive[7]	_	
7-10	660-661	n	positive[7]	_	
7-11	662-675	Schleudersitz	positive[7]	_	
7-12	675-676	,	positive[7]	_	
7-13	677-679	es	positive[7]	_	
7-14	680-684	muss	positive[7]	_	
7-15	685-688	der	positive[7]	_	
7-16	689-696	Urknall	positive[7]	_	
7-17	697-701	sein	positive[7]	_	
7-18	701-702	!	positive[7]	_	

#Text=Geile Götter - Götter der Lust und wir killen den Höllenfrust, geile Götter und wir holen uns munter den Himmel auf die Erde runter.
8-1	707-712	Geile	positive[8]	_	
8-2	713-719	Götter	positive[8]	_	
8-3	720-721	-	positive[8]	_	
8-4	722-728	Götter	positive[8]	Liebe/Partnerschaft[21]	
8-5	729-732	der	positive[8]	Liebe/Partnerschaft[21]	
8-6	733-737	Lust	positive[8]	Liebe/Partnerschaft[21]	
8-7	738-741	und	positive[8]	_	
8-8	742-745	wir	positive[8]	_	
8-9	746-752	killen	positive[8]	Politik/Soziales/Missstände	
8-10	753-756	den	positive[8]	_	
8-11	757-768	Höllenfrust	positive[8]	Politik/Soziales/Missstände	
8-12	768-769	,	positive[8]	_	
8-13	770-775	geile	positive[8]	_	
8-14	776-782	Götter	positive[8]	_	
8-15	783-786	und	positive[8]	_	
8-16	787-790	wir	positive[8]	_	
8-17	791-796	holen	positive[8]	_	
8-18	797-800	uns	positive[8]	_	
8-19	801-807	munter	positive[8]	_	
8-20	808-811	den	positive[8]	_	
8-21	812-818	Himmel	positive[8]	_	
8-22	819-822	auf	positive[8]	_	
8-23	823-826	die	positive[8]	_	
8-24	827-831	Erde	positive[8]	_	
8-25	832-838	runter	positive[8]	_	
8-26	838-839	.	positive[8]	_	

#Text=Geile Götter - und zwar radikal.
9-1	840-845	Geile	neutral[9]	_	
9-2	846-852	Götter	neutral[9]	_	
9-3	853-854	-	neutral[9]	_	
9-4	855-858	und	neutral[9]	_	
9-5	859-863	zwar	neutral[9]	_	
9-6	864-871	radikal	neutral[9]	_	
9-7	871-872	.	neutral[9]	_	

#Text=Geile Götter - als wär's das letzte Mal.
10-1	873-878	Geile	neutral[10]	_	
10-2	879-885	Götter	neutral[10]	_	
10-3	886-887	-	neutral[10]	_	
10-4	888-891	als	neutral[10]	_	
10-5	892-897	wär's	neutral[10]	_	
10-6	898-901	das	neutral[10]	_	
10-7	902-908	letzte	neutral[10]	_	
10-8	909-912	Mal	neutral[10]	_	
10-9	912-913	.	neutral[10]	_	

#Text=Geile Götter - jede Stunde und jede Sekunde, als wär's das letzte Mal.
11-1	914-919	Geile	neutral[11]	_	
11-2	920-926	Götter	neutral[11]	_	
11-3	927-928	-	neutral[11]	_	
11-4	929-933	jede	neutral[11]	_	
11-5	934-940	Stunde	neutral[11]	_	
11-6	941-944	und	neutral[11]	_	
11-7	945-949	jede	neutral[11]	_	
11-8	950-957	Sekunde	neutral[11]	_	
11-9	957-958	,	neutral[11]	_	
11-10	959-962	als	neutral[11]	_	
11-11	963-968	wär's	neutral[11]	_	
11-12	969-972	das	neutral[11]	_	
11-13	973-979	letzte	neutral[11]	_	
11-14	980-983	Mal	neutral[11]	_	
11-15	983-984	.	neutral[11]	_	

#Text=Wir sind Götter - Götter der Lust.
12-1	989-992	Wir	positive[12]	_	
12-2	993-997	sind	positive[12]	_	
12-3	998-1004	Götter	positive[12]	_	
12-4	1005-1006	-	positive[12]	_	
12-5	1007-1013	Götter	positive[12]	Liebe/Partnerschaft[22]	
12-6	1014-1017	der	positive[12]	Liebe/Partnerschaft[22]	
12-7	1018-1022	Lust	positive[12]	Liebe/Partnerschaft[22]	
12-8	1022-1023	.	positive[12]	_	

#Text=Geile Götter - Götter der Lust.
13-1	1024-1029	Geile	neutral[13]	_	
13-2	1030-1036	Götter	neutral[13]	_	
13-3	1037-1038	-	neutral[13]	_	
13-4	1039-1045	Götter	neutral[13]	Liebe/Partnerschaft[23]	
13-5	1046-1049	der	neutral[13]	Liebe/Partnerschaft[23]	
13-6	1050-1054	Lust	neutral[13]	Liebe/Partnerschaft[23]	
13-7	1054-1055	.	neutral[13]	_	

#Text=Wir sind Götter - und zwar affengeile und wir sprengen die Tempel der Langeweile.
14-1	1056-1059	Wir	positive[14]	_	
14-2	1060-1064	sind	positive[14]	_	
14-3	1065-1071	Götter	positive[14]	_	
14-4	1072-1073	-	positive[14]	_	
14-5	1074-1077	und	positive[14]	_	
14-6	1078-1082	zwar	positive[14]	_	
14-7	1083-1093	affengeile	positive[14]	Persönliches/Emotionen	
14-8	1094-1097	und	positive[14]	_	
14-9	1098-1101	wir	positive[14]	_	
14-10	1102-1110	sprengen	positive[14]	_	
14-11	1111-1114	die	positive[14]	_	
14-12	1115-1121	Tempel	positive[14]	_	
14-13	1122-1125	der	positive[14]	_	
14-14	1126-1136	Langeweile	positive[14]	Persönliches/Emotionen	
14-15	1136-1137	.	positive[14]	_	

#Text=Geile Götter - uh, reich' mir mal die Götterspeise.
15-1	1138-1143	Geile	neutral[15]	_	
15-2	1144-1150	Götter	neutral[15]	_	
15-3	1151-1152	-	neutral[15]	_	
15-4	1153-1155	uh	neutral[15]	_	
15-5	1155-1156	,	neutral[15]	_	
15-6	1157-1162	reich	neutral[15]	_	
15-7	1162-1163	'	neutral[15]	_	
15-8	1164-1167	mir	neutral[15]	_	
15-9	1168-1171	mal	neutral[15]	_	
15-10	1172-1175	die	neutral[15]	_	
15-11	1176-1188	Götterspeise	neutral[15]	_	
15-12	1188-1189	.	neutral[15]	_	
