#FORMAT=WebAnno TSV 3.2
#T_SP=webanno.custom.Sentiment|Polarity
#T_SP=webanno.custom.Topic|Topics


#Text=Herr und Frau Kabeljau  glotzen Video und TV, ständig rappelt der Recorder  und die Pizza kommt per Fernsehorder.
1-1	0-4	Herr	negative[1]	_	
1-2	5-8	und	negative[1]	_	
1-3	9-13	Frau	negative[1]	_	
1-4	14-22	Kabeljau	negative[1]	_	
1-5	24-31	glotzen	negative[1]	Politik/Soziales/Missstände[14]	
1-6	32-37	Video	negative[1]	Politik/Soziales/Missstände[14]	
1-7	38-41	und	negative[1]	Politik/Soziales/Missstände[14]	
1-8	42-44	TV	negative[1]	Politik/Soziales/Missstände[14]	
1-9	44-45	,	negative[1]	Politik/Soziales/Missstände[14]	
1-10	46-53	ständig	negative[1]	_	
1-11	54-61	rappelt	negative[1]	_	
1-12	62-65	der	negative[1]	_	
1-13	66-74	Recorder	negative[1]	_	
1-14	76-79	und	negative[1]	_	
1-15	80-83	die	negative[1]	_	
1-16	84-89	Pizza	negative[1]	_	
1-17	90-95	kommt	negative[1]	_	
1-18	96-99	per	negative[1]	_	
1-19	100-112	Fernsehorder	negative[1]	_	
1-20	112-113	.	_	_	

#Text=Kabelfernsehen, BTX , Computerspiele, 1000 Tricks, Pantoffelcockpit, Heimpiloten, das sind echte Videoten.
2-1	114-128	Kabelfernsehen	negative[2]	_	
2-2	128-129	,	negative[2]	_	
2-3	130-133	BTX	negative[2]	_	
2-4	134-135	,	negative[2]	_	
2-5	136-150	Computerspiele	negative[2]	_	
2-6	150-151	,	negative[2]	_	
2-7	152-156	1000	negative[2]	_	
2-8	157-163	Tricks	negative[2]	_	
2-9	163-164	,	negative[2]	_	
2-10	165-181	Pantoffelcockpit	negative[2]	_	
2-11	181-182	,	negative[2]	_	
2-12	183-194	Heimpiloten	negative[2]	_	
2-13	194-195	,	negative[2]	_	
2-14	196-199	das	negative[2]	_	
2-15	200-204	sind	negative[2]	_	
2-16	205-210	echte	negative[2]	_	
2-17	211-219	Videoten	negative[2]	Politik/Soziales/Missstände	
2-18	219-220	.	_	_	

#Text=Und das Söhnchen spielt so gerne Krieg der Knöpfe, Krieg der Sterne, tüchtig süchtig, Atari Junkie, voll verseuchtes, kleines Kanki.
3-1	221-224	Und	negative[3]	_	
3-2	225-228	das	negative[3]	_	
3-3	229-237	Söhnchen	negative[3]	_	
3-4	238-244	spielt	negative[3]	_	
3-5	245-247	so	negative[3]	_	
3-6	248-253	gerne	negative[3]	_	
3-7	254-259	Krieg	negative[3]	_	
3-8	260-263	der	negative[3]	_	
3-9	264-270	Knöpfe	negative[3]	_	
3-10	270-271	,	negative[3]	_	
3-11	272-277	Krieg	negative[3]	_	
3-12	278-281	der	negative[3]	_	
3-13	282-288	Sterne	negative[3]	_	
3-14	288-289	,	negative[3]	_	
3-15	290-297	tüchtig	negative[3]	_	
3-16	298-305	süchtig	negative[3]	Gesundheit/Drogen	
3-17	305-306	,	negative[3]	_	
3-18	307-312	Atari	negative[3]	Gesundheit/Drogen[15]	
3-19	313-319	Junkie	negative[3]	Gesundheit/Drogen[15]	
3-20	319-320	,	negative[3]	_	
3-21	321-325	voll	negative[3]	Politik/Soziales/Missstände[16]	
3-22	326-337	verseuchtes	negative[3]	Politik/Soziales/Missstände[16]	
3-23	337-338	,	negative[3]	Politik/Soziales/Missstände[16]	
3-24	339-346	kleines	negative[3]	Politik/Soziales/Missstände[16]	
3-25	347-352	Kanki	negative[3]	Politik/Soziales/Missstände[16]	
3-26	352-353	.	_	_	

#Text=Und man sieht ihn auch vor'm Testbild liegen und sich ohne Grund vor Lachen biegen.
4-1	354-357	Und	neutral[4]	_	
4-2	358-361	man	neutral[4]	_	
4-3	362-367	sieht	neutral[4]	_	
4-4	368-371	ihn	neutral[4]	_	
4-5	372-376	auch	neutral[4]	_	
4-6	377-382	vor'm	neutral[4]	_	
4-7	383-391	Testbild	neutral[4]	_	
4-8	392-398	liegen	neutral[4]	_	
4-9	399-402	und	neutral[4]	_	
4-10	403-407	sich	neutral[4]	_	
4-11	408-412	ohne	neutral[4]	_	
4-12	413-418	Grund	neutral[4]	_	
4-13	419-422	vor	neutral[4]	Persönliches/Emotionen[17]	
4-14	423-429	Lachen	neutral[4]	Persönliches/Emotionen[17]	
4-15	430-436	biegen	neutral[4]	Persönliches/Emotionen[17]	
4-16	436-437	.	neutral[4]	_	

#Text=Und überhaupt, wie toll, denkt er, dass man mit Computi besser spielen kann  als mit Jan von nebenan.
5-1	438-441	Und	negative[5]	_	
5-2	442-451	überhaupt	negative[5]	_	
5-3	451-452	,	negative[5]	_	
5-4	453-456	wie	negative[5]	_	
5-5	457-461	toll	negative[5]	_	
5-6	461-462	,	negative[5]	_	
5-7	463-468	denkt	negative[5]	_	
5-8	469-471	er	negative[5]	_	
5-9	471-472	,	negative[5]	_	
5-10	473-477	dass	negative[5]	_	
5-11	478-481	man	negative[5]	_	
5-12	482-485	mit	negative[5]	_	
5-13	486-493	Computi	negative[5]	_	
5-14	494-500	besser	negative[5]	_	
5-15	501-508	spielen	negative[5]	_	
5-16	509-513	kann	negative[5]	_	
5-17	515-518	als	negative[5]	_	
5-18	519-522	mit	negative[5]	_	
5-19	523-526	Jan	negative[5]	_	
5-20	527-530	von	negative[5]	_	
5-21	531-538	nebenan	negative[5]	_	
5-22	538-539	.	negative[5]	_	

#Text=Familie Kabeljau glotzt die Nonstop-Schau mit dem Vierkant-Auge im Gesicht und der Erleuchtung im dunklen Flimmerlicht, Familie Kabeljau sieht die Horrorschau.
6-1	544-551	Familie	negative[6]	_	
6-2	552-560	Kabeljau	negative[6]	_	
6-3	561-567	glotzt	negative[6]	Politik/Soziales/Missstände	
6-4	568-571	die	negative[6]	_	
6-5	572-585	Nonstop-Schau	negative[6]	_	
6-6	586-589	mit	negative[6]	_	
6-7	590-593	dem	negative[6]	_	
6-8	594-607	Vierkant-Auge	negative[6]	_	
6-9	608-610	im	negative[6]	_	
6-10	611-618	Gesicht	negative[6]	_	
6-11	619-622	und	negative[6]	_	
6-12	623-626	der	negative[6]	_	
6-13	627-638	Erleuchtung	negative[6]	_	
6-14	639-641	im	negative[6]	_	
6-15	642-649	dunklen	negative[6]	_	
6-16	650-662	Flimmerlicht	negative[6]	_	
6-17	662-663	,	negative[6]	_	
6-18	664-671	Familie	negative[6]	_	
6-19	672-680	Kabeljau	negative[6]	_	
6-20	681-686	sieht	negative[6]	_	
6-21	687-690	die	negative[6]	_	
6-22	691-702	Horrorschau	negative[6]	_	
6-23	702-703	.	_	_	

#Text=Mit dem Schlafwagenhirn und der Neandertalstirn, ja, an den Kabeln hängt der hohle Kopf, wie an einem Tropf.
7-1	704-707	Mit	negative[7]	_	
7-2	708-711	dem	negative[7]	_	
7-3	712-727	Schlafwagenhirn	negative[7]	Politik/Soziales/Missstände	
7-4	728-731	und	negative[7]	_	
7-5	732-735	der	negative[7]	_	
7-6	736-751	Neandertalstirn	negative[7]	Politik/Soziales/Missstände	
7-7	751-752	,	negative[7]	_	
7-8	753-755	ja	negative[7]	_	
7-9	755-756	,	negative[7]	_	
7-10	757-759	an	negative[7]	_	
7-11	760-763	den	negative[7]	_	
7-12	764-770	Kabeln	negative[7]	_	
7-13	771-776	hängt	negative[7]	_	
7-14	777-780	der	negative[7]	_	
7-15	781-786	hohle	negative[7]	Politik/Soziales/Missstände[18]	
7-16	787-791	Kopf	negative[7]	Politik/Soziales/Missstände[18]	
7-17	791-792	,	negative[7]	_	
7-18	793-796	wie	negative[7]	_	
7-19	797-799	an	negative[7]	_	
7-20	800-805	einem	negative[7]	_	
7-21	806-811	Tropf	negative[7]	_	
7-22	811-812	.	negative[7]	_	

#Text=Und es sprach der Minister, Dr.
8-1	817-820	Und	neutral[8]	_	
8-2	821-823	es	neutral[8]	_	
8-3	824-830	sprach	neutral[8]	_	
8-4	831-834	der	neutral[8]	_	
8-5	835-843	Minister	neutral[8]	_	
8-6	843-844	,	neutral[8]	_	
8-7	845-847	Dr	neutral[8]	Gesundheit/Drogen	
8-8	847-848	.	neutral[8]	_	

#Text=H.C.
9-1	849-852	H.C	_	_	
9-2	852-853	.	_	_	

#Text=Kabelknister, von der schönen neuen Welt, keine Arbeit, trotzdem Geld.
10-1	854-866	Kabelknister	neutral[9]	_	
10-2	866-867	,	neutral[9]	_	
10-3	868-871	von	neutral[9]	_	
10-4	872-875	der	neutral[9]	_	
10-5	876-883	schönen	neutral[9]	_	
10-6	884-889	neuen	neutral[9]	_	
10-7	890-894	Welt	neutral[9]	_	
10-8	894-895	,	neutral[9]	_	
10-9	896-901	keine	neutral[9]	Politik/Soziales/Missstände[19]	
10-10	902-908	Arbeit	neutral[9]	Politik/Soziales/Missstände[19]	
10-11	908-909	,	neutral[9]	Politik/Soziales/Missstände[19]	
10-12	910-918	trotzdem	neutral[9]	Politik/Soziales/Missstände[19]	
10-13	919-923	Geld	neutral[9]	Politik/Soziales/Missstände[19]	
10-14	923-924	.	neutral[9]	_	

#Text=Ja, der Microchip aus Taiwan  macht die Arbeit dann.
11-1	925-927	Ja	neutral[10]	_	
11-2	927-928	,	neutral[10]	_	
11-3	929-932	der	neutral[10]	_	
11-4	933-942	Microchip	neutral[10]	_	
11-5	943-946	aus	neutral[10]	_	
11-6	947-953	Taiwan	neutral[10]	_	
11-7	955-960	macht	neutral[10]	_	
11-8	961-964	die	neutral[10]	_	
11-9	965-971	Arbeit	neutral[10]	_	
11-10	972-976	dann	neutral[10]	_	
11-11	976-977	.	neutral[10]	_	

#Text=Und wenn dann nix mehr zu tun is', fahr'n wir nach Tunis, wo wir in der Sonne sitzen  und ganz locker um die Ecke schwitzen.
12-1	978-981	Und	neutral[11]	_	
12-2	982-986	wenn	neutral[11]	_	
12-3	987-991	dann	neutral[11]	_	
12-4	992-995	nix	neutral[11]	_	
12-5	996-1000	mehr	neutral[11]	_	
12-6	1001-1003	zu	neutral[11]	_	
12-7	1004-1007	tun	neutral[11]	_	
12-8	1008-1010	is	neutral[11]	_	
12-9	1010-1011	'	neutral[11]	_	
12-10	1011-1012	,	neutral[11]	_	
12-11	1013-1019	fahr'n	neutral[11]	Reisen[20]	
12-12	1020-1023	wir	neutral[11]	Reisen[20]	
12-13	1024-1028	nach	neutral[11]	Reisen[20]	
12-14	1029-1034	Tunis	neutral[11]	Reisen[20]	
12-15	1034-1035	,	neutral[11]	_	
12-16	1036-1038	wo	neutral[11]	_	
12-17	1039-1042	wir	neutral[11]	_	
12-18	1043-1045	in	neutral[11]	_	
12-19	1046-1049	der	neutral[11]	_	
12-20	1050-1055	Sonne	neutral[11]	_	
12-21	1056-1062	sitzen	neutral[11]	_	
12-22	1064-1067	und	neutral[11]	_	
12-23	1068-1072	ganz	neutral[11]	_	
12-24	1073-1079	locker	neutral[11]	_	
12-25	1080-1082	um	neutral[11]	_	
12-26	1083-1086	die	neutral[11]	_	
12-27	1087-1091	Ecke	neutral[11]	_	
12-28	1092-1101	schwitzen	neutral[11]	_	
12-29	1101-1102	.	neutral[11]	_	

#Text=Familie Kabeljau glotzt die Nonstop-Schau mit dem Vierkant-Auge im Gesicht und der Erleuchtung im dunklen Flimmerlicht, Familie Kabeljau sieht die Horrorschau.
13-1	1107-1114	Familie	negative[12]	_	
13-2	1115-1123	Kabeljau	negative[12]	_	
13-3	1124-1130	glotzt	negative[12]	Politik/Soziales/Missstände[21]	
13-4	1131-1134	die	negative[12]	Politik/Soziales/Missstände[21]	
13-5	1135-1148	Nonstop-Schau	negative[12]	Politik/Soziales/Missstände[21]	
13-6	1149-1152	mit	negative[12]	_	
13-7	1153-1156	dem	negative[12]	_	
13-8	1157-1170	Vierkant-Auge	negative[12]	Politik/Soziales/Missstände	
13-9	1171-1173	im	negative[12]	_	
13-10	1174-1181	Gesicht	negative[12]	_	
13-11	1182-1185	und	negative[12]	_	
13-12	1186-1189	der	negative[12]	_	
13-13	1190-1201	Erleuchtung	negative[12]	_	
13-14	1202-1204	im	negative[12]	_	
13-15	1205-1212	dunklen	negative[12]	_	
13-16	1213-1225	Flimmerlicht	negative[12]	_	
13-17	1225-1226	,	negative[12]	_	
13-18	1227-1234	Familie	negative[12]	_	
13-19	1235-1243	Kabeljau	negative[12]	_	
13-20	1244-1249	sieht	negative[12]	_	
13-21	1250-1253	die	negative[12]	_	
13-22	1254-1265	Horrorschau	negative[12]	_	
13-23	1265-1266	.	negative[12]	_	

#Text=Mit dem Schlafwagenhirn und der Neandertalstirn die Hirne sind total verödet, macht ja nix, wenn man verblödet.
14-1	1267-1270	Mit	negative[13]	_	
14-2	1271-1274	dem	negative[13]	_	
14-3	1275-1290	Schlafwagenhirn	negative[13]	Politik/Soziales/Missstände	
14-4	1291-1294	und	negative[13]	_	
14-5	1295-1298	der	negative[13]	_	
14-6	1299-1314	Neandertalstirn	negative[13]	Politik/Soziales/Missstände	
14-7	1315-1318	die	negative[13]	_	
14-8	1319-1324	Hirne	negative[13]	_	
14-9	1325-1329	sind	negative[13]	_	
14-10	1330-1335	total	negative[13]	Persönliches/Emotionen[22]	
14-11	1336-1343	verödet	negative[13]	Persönliches/Emotionen[22]	
14-12	1343-1344	,	negative[13]	_	
14-13	1345-1350	macht	negative[13]	_	
14-14	1351-1353	ja	negative[13]	_	
14-15	1354-1357	nix	negative[13]	_	
14-16	1357-1358	,	negative[13]	_	
14-17	1359-1363	wenn	negative[13]	_	
14-18	1364-1367	man	negative[13]	_	
14-19	1368-1377	verblödet	negative[13]	Persönliches/Emotionen	
14-20	1377-1378	.	negative[13]	_	
