#FORMAT=WebAnno TSV 3.2
#T_SP=webanno.custom.Sentiment|Polarity
#T_SP=webanno.custom.Topic|Topics


#Text=Wenn die Bürger schlafen geh'n, in der Zipfelmütze  und zu ihrem König fleh'n, dass er sie beschütze, zieh'n wir festlich angetan  hin zu den Tavernen, Schlendrian, Schlendrian, unter den Laternen.
1-1	0-4	Wenn	neutral[1]	_	
1-2	5-8	die	neutral[1]	_	
1-3	9-15	Bürger	neutral[1]	_	
1-4	16-24	schlafen	neutral[1]	_	
1-5	25-30	geh'n	neutral[1]	_	
1-6	30-31	,	neutral[1]	_	
1-7	32-34	in	neutral[1]	_	
1-8	35-38	der	neutral[1]	_	
1-9	39-50	Zipfelmütze	neutral[1]	_	
1-10	52-55	und	neutral[1]	_	
1-11	56-58	zu	neutral[1]	_	
1-12	59-64	ihrem	neutral[1]	_	
1-13	65-70	König	neutral[1]	Politik/Soziales/Missstände	
1-14	71-77	fleh'n	neutral[1]	_	
1-15	77-78	,	neutral[1]	_	
1-16	79-83	dass	neutral[1]	_	
1-17	84-86	er	neutral[1]	_	
1-18	87-90	sie	neutral[1]	_	
1-19	91-100	beschütze	neutral[1]	_	
1-20	100-101	,	neutral[1]	_	
1-21	102-108	zieh'n	neutral[1]	_	
1-22	109-112	wir	neutral[1]	_	
1-23	113-121	festlich	neutral[1]	_	
1-24	122-129	angetan	neutral[1]	_	
1-25	131-134	hin	neutral[1]	_	
1-26	135-137	zu	neutral[1]	_	
1-27	138-141	den	neutral[1]	_	
1-28	142-150	Tavernen	neutral[1]	Gesundheit/Drogen	
1-29	150-151	,	neutral[1]	_	
1-30	152-163	Schlendrian	neutral[1]	_	
1-31	163-164	,	neutral[1]	_	
1-32	165-176	Schlendrian	neutral[1]	_	
1-33	176-177	,	neutral[1]	_	
1-34	178-183	unter	neutral[1]	_	
1-35	184-187	den	neutral[1]	_	
1-36	188-196	Laternen	neutral[1]	_	
1-37	196-197	.	_	_	

#Text=Die Nacht ist nicht allein zum Schlafen da, die Nacht ist da, dass was gescheh'.
2-1	202-205	Die	neutral[2]	_	
2-2	206-211	Nacht	neutral[2]	_	
2-3	212-215	ist	neutral[2]	_	
2-4	216-221	nicht	neutral[2]	_	
2-5	222-228	allein	neutral[2]	_	
2-6	229-232	zum	neutral[2]	_	
2-7	233-241	Schlafen	neutral[2]	_	
2-8	242-244	da	neutral[2]	_	
2-9	244-245	,	neutral[2]	_	
2-10	246-249	die	neutral[2]	_	
2-11	250-255	Nacht	neutral[2]	_	
2-12	256-259	ist	neutral[2]	_	
2-13	260-262	da	neutral[2]	_	
2-14	262-263	,	neutral[2]	_	
2-15	264-268	dass	neutral[2]	_	
2-16	269-272	was	neutral[2]	_	
2-17	273-280	gescheh	neutral[2]	_	
2-18	280-281	'	_	_	
2-19	281-282	.	_	_	

#Text=Ein Schiff ist nicht nur für den Hafen da, es muss hinaus, hinaus auf hohe See.
3-1	283-286	Ein	neutral[3]	_	
3-2	287-293	Schiff	neutral[3]	Reisen	
3-3	294-297	ist	neutral[3]	_	
3-4	298-303	nicht	neutral[3]	_	
3-5	304-307	nur	neutral[3]	_	
3-6	308-311	für	neutral[3]	_	
3-7	312-315	den	neutral[3]	_	
3-8	316-321	Hafen	neutral[3]	_	
3-9	322-324	da	neutral[3]	_	
3-10	324-325	,	neutral[3]	_	
3-11	326-328	es	neutral[3]	_	
3-12	329-333	muss	neutral[3]	_	
3-13	334-340	hinaus	neutral[3]	_	
3-14	340-341	,	neutral[3]	_	
3-15	342-348	hinaus	neutral[3]	_	
3-16	349-352	auf	neutral[3]	Reisen[11]	
3-17	353-357	hohe	neutral[3]	Reisen[11]	
3-18	358-361	See	neutral[3]	Reisen[11]	
3-19	361-362	.	_	_	

#Text=Berauscht euch Freunde, trinkt und liebt  und lacht und lebt den schönsten Augenblick.
4-1	363-372	Berauscht	positive[4]	Gesundheit/Drogen	
4-2	373-377	euch	positive[4]	_	
4-3	378-385	Freunde	positive[4]	Liebe/Partnerschaft	
4-4	385-386	,	positive[4]	_	
4-5	387-393	trinkt	positive[4]	Gesundheit/Drogen	
4-6	394-397	und	positive[4]	_	
4-7	398-403	liebt	positive[4]	_	
4-8	405-408	und	positive[4]	_	
4-9	409-414	lacht	positive[4]	_	
4-10	415-418	und	positive[4]	_	
4-11	419-423	lebt	positive[4]	_	
4-12	424-427	den	positive[4]	_	
4-13	428-437	schönsten	positive[4]	_	
4-14	438-448	Augenblick	positive[4]	_	
4-15	448-449	.	_	_	

#Text=Die Nacht, die man in einem Rausch verbracht, bedeutet Seligkeit und Glück.
5-1	450-453	Die	positive[5]	_	
5-2	454-459	Nacht	positive[5]	_	
5-3	459-460	,	positive[5]	_	
5-4	461-464	die	positive[5]	_	
5-5	465-468	man	positive[5]	_	
5-6	469-471	in	positive[5]	_	
5-7	472-477	einem	positive[5]	_	
5-8	478-484	Rausch	positive[5]	Gesundheit/Drogen	
5-9	485-494	verbracht	positive[5]	_	
5-10	494-495	,	positive[5]	_	
5-11	496-504	bedeutet	positive[5]	_	
5-12	505-514	Seligkeit	positive[5]	_	
5-13	515-518	und	positive[5]	_	
5-14	519-524	Glück	positive[5]	_	
5-15	524-525	.	_	_	

#Text=Wenn im Glase perlt der Sekt, unter roten Ampeln  und die Mädchen süß erschreckt, auf dem Schoß uns strampeln, küssen wir die Prüderie  von den roten Mündern, Amnestie, Amnestie allen braven Sündern.
6-1	530-534	Wenn	positive[6]	_	
6-2	535-537	im	positive[6]	_	
6-3	538-543	Glase	positive[6]	_	
6-4	544-549	perlt	positive[6]	_	
6-5	550-553	der	positive[6]	_	
6-6	554-558	Sekt	positive[6]	Gesundheit/Drogen	
6-7	558-559	,	positive[6]	_	
6-8	560-565	unter	positive[6]	_	
6-9	566-571	roten	positive[6]	_	
6-10	572-578	Ampeln	positive[6]	_	
6-11	580-583	und	positive[6]	_	
6-12	584-587	die	positive[6]	Liebe/Partnerschaft[12]	
6-13	588-595	Mädchen	positive[6]	Liebe/Partnerschaft[12]	
6-14	596-599	süß	positive[6]	_	
6-15	600-610	erschreckt	positive[6]	_	
6-16	610-611	,	positive[6]	_	
6-17	612-615	auf	positive[6]	_	
6-18	616-619	dem	positive[6]	_	
6-19	620-625	Schoß	positive[6]	Liebe/Partnerschaft	
6-20	626-629	uns	positive[6]	_	
6-21	630-639	strampeln	positive[6]	_	
6-22	639-640	,	positive[6]	_	
6-23	641-647	küssen	positive[6]	Liebe/Partnerschaft	
6-24	648-651	wir	positive[6]	_	
6-25	652-655	die	positive[6]	_	
6-26	656-664	Prüderie	positive[6]	Liebe/Partnerschaft	
6-27	666-669	von	positive[6]	_	
6-28	670-673	den	positive[6]	_	
6-29	674-679	roten	positive[6]	_	
6-30	680-687	Mündern	positive[6]	_	
6-31	687-688	,	positive[6]	_	
6-32	689-697	Amnestie	positive[6]	Liebe/Partnerschaft	
6-33	697-698	,	positive[6]	_	
6-34	699-707	Amnestie	positive[6]	Liebe/Partnerschaft	
6-35	708-713	allen	positive[6]	_	
6-36	714-720	braven	positive[6]	_	
6-37	721-728	Sündern	positive[6]	_	
6-38	728-729	.	_	_	

#Text=Die Nacht ist nicht allein zum Schlafen da, die Nacht ist da, dass was gescheh'.
7-1	734-737	Die	neutral[7]	_	
7-2	738-743	Nacht	neutral[7]	_	
7-3	744-747	ist	neutral[7]	_	
7-4	748-753	nicht	neutral[7]	_	
7-5	754-760	allein	neutral[7]	_	
7-6	761-764	zum	neutral[7]	_	
7-7	765-773	Schlafen	neutral[7]	_	
7-8	774-776	da	neutral[7]	_	
7-9	776-777	,	neutral[7]	_	
7-10	778-781	die	neutral[7]	_	
7-11	782-787	Nacht	neutral[7]	_	
7-12	788-791	ist	neutral[7]	_	
7-13	792-794	da	neutral[7]	_	
7-14	794-795	,	neutral[7]	_	
7-15	796-800	dass	neutral[7]	_	
7-16	801-804	was	neutral[7]	_	
7-17	805-812	gescheh	neutral[7]	_	
7-18	812-813	'	_	_	
7-19	813-814	.	_	_	

#Text=Ein Schiff ist nicht nur für den Hafen da, es muss hinaus, hinaus auf hohe See.
8-1	815-818	Ein	neutral[8]	_	
8-2	819-825	Schiff	neutral[8]	Reisen	
8-3	826-829	ist	neutral[8]	_	
8-4	830-835	nicht	neutral[8]	_	
8-5	836-839	nur	neutral[8]	_	
8-6	840-843	für	neutral[8]	_	
8-7	844-847	den	neutral[8]	_	
8-8	848-853	Hafen	neutral[8]	_	
8-9	854-856	da	neutral[8]	_	
8-10	856-857	,	neutral[8]	_	
8-11	858-860	es	neutral[8]	_	
8-12	861-865	muss	neutral[8]	_	
8-13	866-872	hinaus	neutral[8]	_	
8-14	872-873	,	neutral[8]	_	
8-15	874-880	hinaus	neutral[8]	_	
8-16	881-884	auf	neutral[8]	Reisen[13]	
8-17	885-889	hohe	neutral[8]	Reisen[13]	
8-18	890-893	See	neutral[8]	Reisen[13]	
8-19	893-894	.	_	_	

#Text=Berauscht euch Freunde trinkt und liebt  und lacht und lebt den schönsten Augenblick.
9-1	895-904	Berauscht	positive[9]	Gesundheit/Drogen	
9-2	905-909	euch	positive[9]	_	
9-3	910-917	Freunde	positive[9]	Liebe/Partnerschaft	
9-4	918-924	trinkt	positive[9]	Gesundheit/Drogen	
9-5	925-928	und	positive[9]	_	
9-6	929-934	liebt	positive[9]	_	
9-7	936-939	und	positive[9]	_	
9-8	940-945	lacht	positive[9]	_	
9-9	946-949	und	positive[9]	_	
9-10	950-954	lebt	positive[9]	_	
9-11	955-958	den	positive[9]	_	
9-12	959-968	schönsten	positive[9]	_	
9-13	969-979	Augenblick	positive[9]	_	
9-14	979-980	.	_	_	

#Text=Die Nacht, die man in einem Rausch verbracht, bedeutet Seligkeit und Glück.
10-1	981-984	Die	positive[10]	_	
10-2	985-990	Nacht	positive[10]	_	
10-3	990-991	,	positive[10]	_	
10-4	992-995	die	positive[10]	_	
10-5	996-999	man	positive[10]	_	
10-6	1000-1002	in	positive[10]	_	
10-7	1003-1008	einem	positive[10]	_	
10-8	1009-1015	Rausch	positive[10]	Gesundheit/Drogen	
10-9	1016-1025	verbracht	positive[10]	_	
10-10	1025-1026	,	positive[10]	_	
10-11	1027-1035	bedeutet	positive[10]	_	
10-12	1036-1045	Seligkeit	positive[10]	_	
10-13	1046-1049	und	positive[10]	_	
10-14	1050-1055	Glück	positive[10]	_	
10-15	1055-1056	.	_	_	
