#FORMAT=WebAnno TSV 3.2
#T_SP=webanno.custom.Sentiment|Polarity
#T_SP=webanno.custom.Topic|Topics


#Text=Noch drei Minuten bis zum Countdown,  dann wird die Show losgehen, er hat'n bisschen weiche Knie und Magendrehen , 'ne Lichterflut, ein Menschenmeer, zum Fürchten schön , ja, den Erfinder höchster Coolness wollen sie sehen.
1-1	0-4	Noch	neutral[1]	_	
1-2	5-9	drei	neutral[1]	_	
1-3	10-17	Minuten	neutral[1]	_	
1-4	18-21	bis	neutral[1]	_	
1-5	22-25	zum	neutral[1]	_	
1-6	26-35	Countdown	neutral[1]	_	
1-7	35-36	,	neutral[1]	_	
1-8	38-42	dann	neutral[1]	_	
1-9	43-47	wird	neutral[1]	_	
1-10	48-51	die	neutral[1]	_	
1-11	52-56	Show	neutral[1]	Musik	
1-12	57-65	losgehen	neutral[1]	_	
1-13	65-66	,	_	_	
1-14	67-69	er	negative[2]	_	
1-15	70-75	hat'n	negative[2]	_	
1-16	76-84	bisschen	negative[2]	_	
1-17	85-91	weiche	negative[2]	Persönliches/Emotionen[18]	
1-18	92-96	Knie	negative[2]	Persönliches/Emotionen[18]	
1-19	97-100	und	negative[2]	_	
1-20	101-112	Magendrehen	negative[2]	Persönliches/Emotionen	
1-21	113-114	,	_	_	
1-22	115-116	'	neutral[3]	_	
1-23	116-118	ne	neutral[3]	_	
1-24	119-130	Lichterflut	neutral[3]	Musik	
1-25	130-131	,	neutral[3]	_	
1-26	132-135	ein	neutral[3]	_	
1-27	136-148	Menschenmeer	neutral[3]	_	
1-28	148-149	,	neutral[3]	_	
1-29	150-153	zum	neutral[3]	_	
1-30	154-162	Fürchten	neutral[3]	_	
1-31	163-168	schön	neutral[3]	_	
1-32	169-170	,	neutral[3]	_	
1-33	171-173	ja	neutral[3]	_	
1-34	173-174	,	neutral[3]	_	
1-35	175-178	den	neutral[3]	_	
1-36	179-187	Erfinder	neutral[3]	Persönliches/Emotionen[19]	
1-37	188-196	höchster	neutral[3]	Persönliches/Emotionen[19]	
1-38	197-205	Coolness	neutral[3]	Persönliches/Emotionen[19]	
1-39	206-212	wollen	neutral[3]	_	
1-40	213-216	sie	neutral[3]	_	
1-41	217-222	sehen	neutral[3]	_	
1-42	222-223	.	_	_	

#Text=Jetzt fühlt er sich doch sehr allein , durch die Wolken geht sein Blick und er weiß genau: Hermine und Gustav schauen zurück , sie sind immer dabei.
2-1	228-233	Jetzt	negative[4]	_	
2-2	234-239	fühlt	negative[4]	_	
2-3	240-242	er	negative[4]	_	
2-4	243-247	sich	negative[4]	_	
2-5	248-252	doch	negative[4]	_	
2-6	253-257	sehr	negative[4]	_	
2-7	258-264	allein	negative[4]	_	
2-8	265-266	,	_	_	
2-9	267-272	durch	positive[5]	_	
2-10	273-276	die	positive[5]	_	
2-11	277-283	Wolken	positive[5]	_	
2-12	284-288	geht	positive[5]	_	
2-13	289-293	sein	positive[5]	_	
2-14	294-299	Blick	positive[5]	_	
2-15	300-303	und	positive[5]	_	
2-16	304-306	er	positive[5]	_	
2-17	307-311	weiß	positive[5]	_	
2-18	312-317	genau	positive[5]	_	
2-19	317-318	:	positive[5]	_	
2-20	319-326	Hermine	positive[5]	Liebe/Partnerschaft[20]	
2-21	327-330	und	positive[5]	Liebe/Partnerschaft[20]	
2-22	331-337	Gustav	positive[5]	Liebe/Partnerschaft[20]	
2-23	338-345	schauen	positive[5]	_	
2-24	346-352	zurück	positive[5]	_	
2-25	353-354	,	positive[5]	_	
2-26	355-358	sie	positive[5]	_	
2-27	359-363	sind	positive[5]	_	
2-28	364-369	immer	positive[5]	_	
2-29	370-375	dabei	positive[5]	_	
2-30	375-376	.	_	_	

#Text=Und außerdem kriegt er die Power von seiner Band, 50.000 Leute, doch es ist der einsamste Moment.
3-1	377-380	Und	negative[6]	_	
3-2	381-389	außerdem	negative[6]	_	
3-3	390-396	kriegt	negative[6]	_	
3-4	397-399	er	negative[6]	_	
3-5	400-403	die	negative[6]	_	
3-6	404-409	Power	negative[6]	_	
3-7	410-413	von	negative[6]	_	
3-8	414-420	seiner	negative[6]	_	
3-9	421-425	Band	negative[6]	Musik	
3-10	425-426	,	negative[6]	_	
3-11	427-433	50.000	negative[6]	_	
3-12	434-439	Leute	negative[6]	_	
3-13	439-440	,	negative[6]	_	
3-14	441-445	doch	negative[6]	_	
3-15	446-448	es	negative[6]	_	
3-16	449-452	ist	negative[6]	_	
3-17	453-456	der	negative[6]	_	
3-18	457-466	einsamste	negative[6]	_	
3-19	467-473	Moment	negative[6]	_	
3-20	473-474	.	negative[6]	_	

#Text=Später nach der Show, allein im Hotel macht er die Glotze an , ey, wie lange man sich diesen Wahnsinn noch reinziehen kann, auf dem Highway to Hell, der uns langsam in den Abgrund lenkt  und wieder 1000 Seelen sinnlos in die Luft gesprengt.
4-1	479-485	Später	neutral[7]	_	
4-2	486-490	nach	neutral[7]	_	
4-3	491-494	der	neutral[7]	_	
4-4	495-499	Show	neutral[7]	Musik	
4-5	499-500	,	neutral[7]	_	
4-6	501-507	allein	neutral[7]	_	
4-7	508-510	im	neutral[7]	_	
4-8	511-516	Hotel	neutral[7]	_	
4-9	517-522	macht	neutral[7]	_	
4-10	523-525	er	neutral[7]	_	
4-11	526-529	die	neutral[7]	_	
4-12	530-536	Glotze	neutral[7]	_	
4-13	537-539	an	neutral[7]	_	
4-14	540-541	,	_	_	
4-15	542-544	ey	negative[8]	_	
4-16	544-545	,	negative[8]	_	
4-17	546-549	wie	negative[8]	_	
4-18	550-555	lange	negative[8]	_	
4-19	556-559	man	negative[8]	_	
4-20	560-564	sich	negative[8]	_	
4-21	565-571	diesen	negative[8]	_	
4-22	572-580	Wahnsinn	negative[8]	_	
4-23	581-585	noch	negative[8]	_	
4-24	586-596	reinziehen	negative[8]	_	
4-25	597-601	kann	negative[8]	_	
4-26	601-602	,	negative[8]	_	
4-27	603-606	auf	negative[8]	_	
4-28	607-610	dem	negative[8]	_	
4-29	611-618	Highway	negative[8]	Politik/Soziales/Missstände[21]	
4-30	619-621	to	negative[8]	Politik/Soziales/Missstände[21]	
4-31	622-626	Hell	negative[8]	Politik/Soziales/Missstände[21]	
4-32	626-627	,	negative[8]	_	
4-33	628-631	der	negative[8]	_	
4-34	632-635	uns	negative[8]	_	
4-35	636-643	langsam	negative[8]	_	
4-36	644-646	in	negative[8]	_	
4-37	647-650	den	negative[8]	_	
4-38	651-658	Abgrund	negative[8]	_	
4-39	659-664	lenkt	negative[8]	_	
4-40	666-669	und	_	_	
4-41	670-676	wieder	negative[9]	_	
4-42	677-681	1000	negative[9]	_	
4-43	682-688	Seelen	negative[9]	_	
4-44	689-696	sinnlos	negative[9]	_	
4-45	697-699	in	negative[9]	Politik/Soziales/Missstände[22]	
4-46	700-703	die	negative[9]	Politik/Soziales/Missstände[22]	
4-47	704-708	Luft	negative[9]	Politik/Soziales/Missstände[22]	
4-48	709-718	gesprengt	negative[9]	Politik/Soziales/Missstände[22]	
4-49	718-719	.	_	_	

#Text=Und er sieht, der blaue Planet, der wird rot wie Blut, schlaflos irrt er durch die Gänge, zwischen Ohnmacht und Wut.
5-1	724-727	Und	negative[10]	_	
5-2	728-730	er	negative[10]	_	
5-3	731-736	sieht	negative[10]	_	
5-4	736-737	,	negative[10]	_	
5-5	738-741	der	negative[10]	_	
5-6	742-747	blaue	negative[10]	Politik/Soziales/Missstände[23]	
5-7	748-754	Planet	negative[10]	Politik/Soziales/Missstände[23]	
5-8	754-755	,	negative[10]	_	
5-9	756-759	der	negative[10]	_	
5-10	760-764	wird	negative[10]	_	
5-11	765-768	rot	negative[10]	_	
5-12	769-772	wie	negative[10]	_	
5-13	773-777	Blut	negative[10]	_	
5-14	777-778	,	_	_	
5-15	779-788	schlaflos	negative[11]	_	
5-16	789-793	irrt	negative[11]	_	
5-17	794-796	er	negative[11]	_	
5-18	797-802	durch	negative[11]	_	
5-19	803-806	die	negative[11]	_	
5-20	807-812	Gänge	negative[11]	_	
5-21	812-813	,	negative[11]	_	
5-22	814-822	zwischen	negative[11]	_	
5-23	823-831	Ohnmacht	negative[11]	Persönliches/Emotionen	
5-24	832-835	und	negative[11]	_	
5-25	836-839	Wut	negative[11]	Persönliches/Emotionen	
5-26	839-840	.	_	_	

#Text=Diese Welt ist voll am Arsch, das Inferno draußen brennt  und er fühlt sich ganz schön hilflos - in diesem einsamsten Mo-ment , diesem einsamsten Moment.
6-1	841-846	Diese	negative[12]	Politik/Soziales/Missstände[24]	
6-2	847-851	Welt	negative[12]	Politik/Soziales/Missstände[24]	
6-3	852-855	ist	negative[12]	Politik/Soziales/Missstände[24]	
6-4	856-860	voll	negative[12]	Politik/Soziales/Missstände[24]	
6-5	861-863	am	negative[12]	Politik/Soziales/Missstände[24]	
6-6	864-869	Arsch	negative[12]	Politik/Soziales/Missstände[24]	
6-7	869-870	,	_	_	
6-8	871-874	das	negative[13]	Politik/Soziales/Missstände[25]	
6-9	875-882	Inferno	negative[13]	Politik/Soziales/Missstände[25]	
6-10	883-890	draußen	negative[13]	Politik/Soziales/Missstände[25]	
6-11	891-897	brennt	negative[13]	Politik/Soziales/Missstände[25]	
6-12	899-902	und	negative[13]	_	
6-13	903-905	er	negative[13]	_	
6-14	906-911	fühlt	negative[13]	_	
6-15	912-916	sich	negative[13]	_	
6-16	917-921	ganz	negative[13]	_	
6-17	922-927	schön	negative[13]	_	
6-18	928-935	hilflos	negative[13]	_	
6-19	936-937	-	negative[13]	_	
6-20	938-940	in	negative[13]	_	
6-21	941-947	diesem	negative[13]	_	
6-22	948-958	einsamsten	negative[13]	_	
6-23	959-966	Mo-ment	negative[13]	_	
6-24	967-968	,	negative[13]	_	
6-25	969-975	diesem	negative[13]	_	
6-26	976-986	einsamsten	negative[13]	_	
6-27	987-993	Moment	negative[13]	_	
6-28	993-994	.	negative[13]	_	

#Text=Seinen alten Kumpel Hoffnung hält er im Arm, so fest er kann, wir wollten doch die Welt verändern - irgendwann.
7-1	999-1005	Seinen	neutral[14]	_	
7-2	1006-1011	alten	neutral[14]	Liebe/Partnerschaft[26]	
7-3	1012-1018	Kumpel	neutral[14]	Liebe/Partnerschaft[26]	
7-4	1019-1027	Hoffnung	neutral[14]	_	
7-5	1028-1032	hält	neutral[14]	_	
7-6	1033-1035	er	neutral[14]	_	
7-7	1036-1038	im	neutral[14]	_	
7-8	1039-1042	Arm	neutral[14]	_	
7-9	1042-1043	,	neutral[14]	_	
7-10	1044-1046	so	neutral[14]	_	
7-11	1047-1051	fest	neutral[14]	_	
7-12	1052-1054	er	neutral[14]	_	
7-13	1055-1059	kann	neutral[14]	_	
7-14	1059-1060	,	neutral[14]	_	
7-15	1061-1064	wir	neutral[14]	_	
7-16	1065-1072	wollten	neutral[14]	_	
7-17	1073-1077	doch	neutral[14]	_	
7-18	1078-1081	die	neutral[14]	_	
7-19	1082-1086	Welt	neutral[14]	_	
7-20	1087-1096	verändern	neutral[14]	_	
7-21	1097-1098	-	neutral[14]	_	
7-22	1099-1109	irgendwann	neutral[14]	_	
7-23	1109-1110	.	_	_	

#Text=Und er fragt sich, ob er mit seinen Liedern  überhaupt was erreichen kann.
8-1	1111-1114	Und	negative[15]	_	
8-2	1115-1117	er	negative[15]	_	
8-3	1118-1123	fragt	negative[15]	_	
8-4	1124-1128	sich	negative[15]	_	
8-5	1128-1129	,	negative[15]	_	
8-6	1130-1132	ob	negative[15]	_	
8-7	1133-1135	er	negative[15]	_	
8-8	1136-1139	mit	negative[15]	_	
8-9	1140-1146	seinen	negative[15]	_	
8-10	1147-1154	Liedern	negative[15]	Musik	
8-11	1156-1165	überhaupt	negative[15]	_	
8-12	1166-1169	was	negative[15]	_	
8-13	1170-1179	erreichen	negative[15]	_	
8-14	1180-1184	kann	negative[15]	_	
8-15	1184-1185	.	_	_	

#Text=Wir wollten doch die Welt verändern - irgendwann.
9-1	1186-1189	Wir	neutral[16]	_	
9-2	1190-1197	wollten	neutral[16]	_	
9-3	1198-1202	doch	neutral[16]	_	
9-4	1203-1206	die	neutral[16]	_	
9-5	1207-1211	Welt	neutral[16]	_	
9-6	1212-1221	verändern	neutral[16]	_	
9-7	1222-1223	-	neutral[16]	_	
9-8	1224-1234	irgendwann	neutral[16]	_	
9-9	1234-1235	.	_	_	

#Text=Sag mir wann.
10-1	1236-1239	Sag	neutral[17]	_	
10-2	1240-1243	mir	neutral[17]	_	
10-3	1244-1248	wann	neutral[17]	_	
10-4	1248-1249	.	_	_	
