#FORMAT=WebAnno TSV 3.2
#T_SP=webanno.custom.Sentiment|Polarity
#T_SP=webanno.custom.Topic|Topics


#Text=Mit dreizehn ist er zum ersten Mal  von zu Hause weggerannt, er wollte nach London und später nach Paris.
1-1	0-3	Mit	neutral[1]	_	
1-2	4-12	dreizehn	neutral[1]	_	
1-3	13-16	ist	neutral[1]	_	
1-4	17-19	er	neutral[1]	_	
1-5	20-23	zum	neutral[1]	_	
1-6	24-30	ersten	neutral[1]	_	
1-7	31-34	Mal	neutral[1]	_	
1-8	36-39	von	neutral[1]	_	
1-9	40-42	zu	neutral[1]	Persönliches/Emotionen[14]	
1-10	43-48	Hause	neutral[1]	Persönliches/Emotionen[14]	
1-11	49-59	weggerannt	neutral[1]	_	
1-12	59-60	,	neutral[1]	_	
1-13	61-63	er	neutral[1]	_	
1-14	64-70	wollte	neutral[1]	_	
1-15	71-75	nach	neutral[1]	Reisen[15]	
1-16	76-82	London	neutral[1]	Reisen[15]	
1-17	83-86	und	neutral[1]	_	
1-18	87-93	später	neutral[1]	_	
1-19	94-98	nach	neutral[1]	Reisen[16]	
1-20	99-104	Paris	neutral[1]	Reisen[16]	
1-21	104-105	.	neutral[1]	_	

#Text=Das waren komische Gefühle  als er nachts an der Straße stand, den Schlafsack unterm Arm  und dreißig Mark in der Hand.
2-1	106-109	Das	neutral[2]	_	
2-2	110-115	waren	neutral[2]	_	
2-3	116-124	komische	neutral[2]	Persönliches/Emotionen[17]	
2-4	125-132	Gefühle	neutral[2]	Persönliches/Emotionen[17]	
2-5	134-137	als	neutral[2]	_	
2-6	138-140	er	neutral[2]	_	
2-7	141-147	nachts	neutral[2]	_	
2-8	148-150	an	neutral[2]	_	
2-9	151-154	der	neutral[2]	_	
2-10	155-161	Straße	neutral[2]	_	
2-11	162-167	stand	neutral[2]	_	
2-12	167-168	,	neutral[2]	_	
2-13	169-172	den	neutral[2]	_	
2-14	173-183	Schlafsack	neutral[2]	_	
2-15	184-190	unterm	neutral[2]	_	
2-16	191-194	Arm	neutral[2]	_	
2-17	196-199	und	neutral[2]	_	
2-18	200-207	dreißig	neutral[2]	Politik/Soziales/Missstände[18]	
2-19	208-212	Mark	neutral[2]	Politik/Soziales/Missstände[18]	
2-20	213-215	in	neutral[2]	_	
2-21	216-219	der	neutral[2]	_	
2-22	220-224	Hand	neutral[2]	_	
2-23	224-225	.	_	_	

#Text=Er rauchte viele Zigaretten  und dann wurd' es wieder heller  und morgens um sieben hatten sie ihn, sein Alter war leider schneller.
3-1	226-228	Er	negative[3]	_	
3-2	229-236	rauchte	negative[3]	Gesundheit/Drogen	
3-3	237-242	viele	negative[3]	_	
3-4	243-253	Zigaretten	negative[3]	Gesundheit/Drogen	
3-5	255-258	und	negative[3]	_	
3-6	259-263	dann	negative[3]	_	
3-7	264-268	wurd	negative[3]	_	
3-8	268-269	'	negative[3]	_	
3-9	270-272	es	negative[3]	_	
3-10	273-279	wieder	negative[3]	_	
3-11	280-286	heller	negative[3]	_	
3-12	288-291	und	negative[3]	_	
3-13	292-299	morgens	negative[3]	_	
3-14	300-302	um	negative[3]	_	
3-15	303-309	sieben	negative[3]	_	
3-16	310-316	hatten	negative[3]	_	
3-17	317-320	sie	negative[3]	_	
3-18	321-324	ihn	negative[3]	_	
3-19	324-325	,	negative[3]	_	
3-20	326-330	sein	negative[3]	Liebe/Partnerschaft[19]	
3-21	331-336	Alter	negative[3]	Liebe/Partnerschaft[19]	
3-22	337-340	war	negative[3]	_	
3-23	341-347	leider	negative[3]	_	
3-24	348-357	schneller	negative[3]	_	
3-25	357-358	.	negative[3]	_	

#Text=Als er so um fünfzehn war, hat er's noch mal versucht  und dieses Mal hat's hingehauen, da haben sie sehr geflucht.
4-1	363-366	Als	positive[4]	_	
4-2	367-369	er	positive[4]	_	
4-3	370-372	so	positive[4]	_	
4-4	373-375	um	positive[4]	_	
4-5	376-384	fünfzehn	positive[4]	_	
4-6	385-388	war	positive[4]	_	
4-7	388-389	,	positive[4]	_	
4-8	390-393	hat	positive[4]	_	
4-9	394-398	er's	positive[4]	_	
4-10	399-403	noch	positive[4]	_	
4-11	404-407	mal	positive[4]	_	
4-12	408-416	versucht	positive[4]	_	
4-13	418-421	und	positive[4]	_	
4-14	422-428	dieses	positive[4]	_	
4-15	429-432	Mal	positive[4]	_	
4-16	433-438	hat's	positive[4]	_	
4-17	439-449	hingehauen	positive[4]	_	
4-18	449-450	,	positive[4]	_	
4-19	451-453	da	positive[4]	_	
4-20	454-459	haben	positive[4]	_	
4-21	460-463	sie	positive[4]	_	
4-22	464-468	sehr	positive[4]	_	
4-23	469-477	geflucht	positive[4]	Persönliches/Emotionen	
4-24	477-478	.	positive[4]	_	

#Text=Als er drei Tage später den Eindruck hatte, dass er weit genug weg war, hat er zu Hause angerufen  und gesagt, es wär' alles klar.
5-1	479-482	Als	neutral[5]	_	
5-2	483-485	er	neutral[5]	_	
5-3	486-490	drei	neutral[5]	_	
5-4	491-495	Tage	neutral[5]	_	
5-5	496-502	später	neutral[5]	_	
5-6	503-506	den	neutral[5]	_	
5-7	507-515	Eindruck	neutral[5]	Persönliches/Emotionen[20]	
5-8	516-521	hatte	neutral[5]	Persönliches/Emotionen[20]	
5-9	521-522	,	neutral[5]	_	
5-10	523-527	dass	neutral[5]	_	
5-11	528-530	er	neutral[5]	_	
5-12	531-535	weit	neutral[5]	_	
5-13	536-541	genug	neutral[5]	_	
5-14	542-545	weg	neutral[5]	_	
5-15	546-549	war	neutral[5]	_	
5-16	549-550	,	neutral[5]	_	
5-17	551-554	hat	neutral[5]	_	
5-18	555-557	er	neutral[5]	_	
5-19	558-560	zu	neutral[5]	_	
5-20	561-566	Hause	neutral[5]	_	
5-21	567-576	angerufen	neutral[5]	_	
5-22	578-581	und	neutral[5]	_	
5-23	582-588	gesagt	neutral[5]	_	
5-24	588-589	,	neutral[5]	_	
5-25	590-592	es	neutral[5]	_	
5-26	593-596	wär	neutral[5]	_	
5-27	596-597	'	neutral[5]	_	
5-28	598-603	alles	neutral[5]	_	
5-29	604-608	klar	neutral[5]	_	
5-30	608-609	.	_	_	

#Text=Eigentlich war gar nichts klar  und das Geld war auch schon alle  und nun stand er da, in irgendeiner kalten Bahnhofshalle.
6-1	610-620	Eigentlich	negative[6]	_	
6-2	621-624	war	negative[6]	_	
6-3	625-628	gar	negative[6]	_	
6-4	629-635	nichts	negative[6]	_	
6-5	636-640	klar	negative[6]	_	
6-6	642-645	und	negative[6]	_	
6-7	646-649	das	negative[6]	_	
6-8	650-654	Geld	negative[6]	_	
6-9	655-658	war	negative[6]	_	
6-10	659-663	auch	negative[6]	_	
6-11	664-669	schon	negative[6]	_	
6-12	670-674	alle	negative[6]	_	
6-13	676-679	und	negative[6]	_	
6-14	680-683	nun	negative[6]	_	
6-15	684-689	stand	negative[6]	_	
6-16	690-692	er	negative[6]	_	
6-17	693-695	da	negative[6]	_	
6-18	695-696	,	negative[6]	_	
6-19	697-699	in	negative[6]	_	
6-20	700-711	irgendeiner	negative[6]	_	
6-21	712-718	kalten	negative[6]	Politik/Soziales/Missstände[21]	
6-22	719-732	Bahnhofshalle	negative[6]	Politik/Soziales/Missstände[21]	
6-23	732-733	.	_	_	

#Text=Er war in London, er war in Paris, er war in vielen großen Städten, er schlief auf harten Parkbänken  und auf weichen Wasserbetten.
7-1	738-740	Er	neutral[7]	_	
7-2	741-744	war	neutral[7]	_	
7-3	745-747	in	neutral[7]	_	
7-4	748-754	London	neutral[7]	_	
7-5	754-755	,	neutral[7]	_	
7-6	756-758	er	neutral[7]	_	
7-7	759-762	war	neutral[7]	_	
7-8	763-765	in	neutral[7]	_	
7-9	766-771	Paris	neutral[7]	_	
7-10	771-772	,	neutral[7]	_	
7-11	773-775	er	neutral[7]	_	
7-12	776-779	war	neutral[7]	_	
7-13	780-782	in	neutral[7]	_	
7-14	783-789	vielen	neutral[7]	_	
7-15	790-796	großen	neutral[7]	_	
7-16	797-804	Städten	neutral[7]	_	
7-17	804-805	,	neutral[7]	_	
7-18	806-808	er	neutral[7]	_	
7-19	809-816	schlief	neutral[7]	Politik/Soziales/Missstände[22]	
7-20	817-820	auf	neutral[7]	Politik/Soziales/Missstände[22]	
7-21	821-827	harten	neutral[7]	Politik/Soziales/Missstände[22]	
7-22	828-838	Parkbänken	neutral[7]	Politik/Soziales/Missstände[22]	
7-23	840-843	und	neutral[7]	_	
7-24	844-847	auf	neutral[7]	_	
7-25	848-855	weichen	neutral[7]	_	
7-26	856-868	Wasserbetten	neutral[7]	_	
7-27	868-869	.	_	_	

#Text=Er spürte, dass er irgendwie auf der Suche war, doch was er eigentlich wollte, das war ihm damals noch nicht klar.
8-1	870-872	Er	neutral[8]	_	
8-2	873-879	spürte	neutral[8]	_	
8-3	879-880	,	neutral[8]	_	
8-4	881-885	dass	neutral[8]	_	
8-5	886-888	er	neutral[8]	_	
8-6	889-898	irgendwie	neutral[8]	_	
8-7	899-902	auf	neutral[8]	_	
8-8	903-906	der	neutral[8]	_	
8-9	907-912	Suche	neutral[8]	_	
8-10	913-916	war	neutral[8]	_	
8-11	916-917	,	neutral[8]	_	
8-12	918-922	doch	neutral[8]	_	
8-13	923-926	was	neutral[8]	_	
8-14	927-929	er	neutral[8]	_	
8-15	930-940	eigentlich	neutral[8]	_	
8-16	941-947	wollte	neutral[8]	_	
8-17	947-948	,	neutral[8]	_	
8-18	949-952	das	neutral[8]	_	
8-19	953-956	war	neutral[8]	_	
8-20	957-960	ihm	neutral[8]	_	
8-21	961-967	damals	neutral[8]	_	
8-22	968-972	noch	neutral[8]	Persönliches/Emotionen[23]	
8-23	973-978	nicht	neutral[8]	Persönliches/Emotionen[23]	
8-24	979-983	klar	neutral[8]	Persönliches/Emotionen[23]	
8-25	983-984	.	neutral[8]	_	

#Text=Inzwischen ist er neunzehn  und er weiß immer noch nicht so genau, was er denn nun davon halten soll  von dieser ganzen Schau.
9-1	989-999	Inzwischen	neutral[9]	_	
9-2	1000-1003	ist	neutral[9]	_	
9-3	1004-1006	er	neutral[9]	_	
9-4	1007-1015	neunzehn	neutral[9]	_	
9-5	1017-1020	und	neutral[9]	_	
9-6	1021-1023	er	neutral[9]	_	
9-7	1024-1028	weiß	neutral[9]	_	
9-8	1029-1034	immer	neutral[9]	_	
9-9	1035-1039	noch	neutral[9]	_	
9-10	1040-1045	nicht	neutral[9]	_	
9-11	1046-1048	so	neutral[9]	_	
9-12	1049-1054	genau	neutral[9]	_	
9-13	1054-1055	,	neutral[9]	_	
9-14	1056-1059	was	neutral[9]	_	
9-15	1060-1062	er	neutral[9]	_	
9-16	1063-1067	denn	neutral[9]	_	
9-17	1068-1071	nun	neutral[9]	_	
9-18	1072-1077	davon	neutral[9]	_	
9-19	1078-1084	halten	neutral[9]	_	
9-20	1085-1089	soll	neutral[9]	_	
9-21	1091-1094	von	neutral[9]	_	
9-22	1095-1101	dieser	neutral[9]	_	
9-23	1102-1108	ganzen	neutral[9]	_	
9-24	1109-1114	Schau	neutral[9]	_	
9-25	1114-1115	.	_	_	

#Text=Viele Sachen sieht er anders  und er glaubt auch nicht mehr so daran, dass es nur an der Umgebung liegt.
10-1	1116-1121	Viele	neutral[10]	_	
10-2	1122-1128	Sachen	neutral[10]	_	
10-3	1129-1134	sieht	neutral[10]	_	
10-4	1135-1137	er	neutral[10]	_	
10-5	1138-1144	anders	neutral[10]	_	
10-6	1146-1149	und	neutral[10]	_	
10-7	1150-1152	er	neutral[10]	_	
10-8	1153-1159	glaubt	neutral[10]	Persönliches/Emotionen[24]	
10-9	1160-1164	auch	neutral[10]	Persönliches/Emotionen[24]	
10-10	1165-1170	nicht	neutral[10]	Persönliches/Emotionen[24]	
10-11	1171-1175	mehr	neutral[10]	Persönliches/Emotionen[24]	
10-12	1176-1178	so	neutral[10]	Persönliches/Emotionen[24]	
10-13	1179-1184	daran	neutral[10]	Persönliches/Emotionen[24]	
10-14	1184-1185	,	neutral[10]	_	
10-15	1186-1190	dass	neutral[10]	_	
10-16	1191-1193	es	neutral[10]	_	
10-17	1194-1197	nur	neutral[10]	_	
10-18	1198-1200	an	neutral[10]	_	
10-19	1201-1204	der	neutral[10]	_	
10-20	1205-1213	Umgebung	neutral[10]	_	
10-21	1214-1219	liegt	neutral[10]	_	
10-22	1219-1220	.	_	_	

#Text=Vielleicht kommt es doch mehr auf einen selber an.
11-1	1221-1231	Vielleicht	neutral[11]	_	
11-2	1232-1237	kommt	neutral[11]	_	
11-3	1238-1240	es	neutral[11]	_	
11-4	1241-1245	doch	neutral[11]	_	
11-5	1246-1250	mehr	neutral[11]	_	
11-6	1251-1254	auf	neutral[11]	_	
11-7	1255-1260	einen	neutral[11]	_	
11-8	1261-1267	selber	neutral[11]	_	
11-9	1268-1270	an	neutral[11]	_	
11-10	1270-1271	.	neutral[11]	_	

#Text=Und nun liest er ein Buch von Hermann Hesse  und nun macht er Meditation.
12-1	1276-1279	Und	positive[12]	_	
12-2	1280-1283	nun	positive[12]	_	
12-3	1284-1289	liest	positive[12]	_	
12-4	1290-1292	er	positive[12]	_	
12-5	1293-1296	ein	positive[12]	_	
12-6	1297-1301	Buch	positive[12]	_	
12-7	1302-1305	von	positive[12]	_	
12-8	1306-1313	Hermann	positive[12]	Politik/Soziales/Missstände[25]	
12-9	1314-1319	Hesse	positive[12]	Politik/Soziales/Missstände[25]	
12-10	1321-1324	und	positive[12]	_	
12-11	1325-1328	nun	positive[12]	_	
12-12	1329-1334	macht	positive[12]	_	
12-13	1335-1337	er	positive[12]	_	
12-14	1338-1348	Meditation	positive[12]	_	
12-15	1348-1349	.	_	_	

#Text=Doch er findet Jerry Cotton auch sehr stark  und er lernt jetzt auch noch Saxophon.
13-1	1350-1354	Doch	positive[13]	_	
13-2	1355-1357	er	positive[13]	_	
13-3	1358-1364	findet	positive[13]	_	
13-4	1365-1370	Jerry	positive[13]	Musik[26]	
13-5	1371-1377	Cotton	positive[13]	Musik[26]	
13-6	1378-1382	auch	positive[13]	_	
13-7	1383-1387	sehr	positive[13]	_	
13-8	1388-1393	stark	positive[13]	_	
13-9	1395-1398	und	positive[13]	_	
13-10	1399-1401	er	positive[13]	_	
13-11	1402-1407	lernt	positive[13]	_	
13-12	1408-1413	jetzt	positive[13]	_	
13-13	1414-1418	auch	positive[13]	_	
13-14	1419-1423	noch	positive[13]	_	
13-15	1424-1432	Saxophon	positive[13]	Musik	
13-16	1432-1433	.	_	_	
