#FORMAT=WebAnno TSV 3.2
#T_SP=webanno.custom.Sentiment|Polarity
#T_SP=webanno.custom.Topic|Topics


#Text=Ich schau' dir in die Augen, Kleines, hast'n trauriges Gesicht.
1-1	0-3	Ich	negative[1]	_	
1-2	4-9	schau	negative[1]	_	
1-3	9-10	'	negative[1]	_	
1-4	11-14	dir	negative[1]	_	
1-5	15-17	in	negative[1]	_	
1-6	18-21	die	negative[1]	_	
1-7	22-27	Augen	negative[1]	_	
1-8	27-28	,	negative[1]	_	
1-9	29-36	Kleines	negative[1]	_	
1-10	36-37	,	negative[1]	_	
1-11	38-44	hast'n	negative[1]	_	
1-12	45-54	trauriges	negative[1]	Persönliches/Emotionen[11]	
1-13	55-62	Gesicht	negative[1]	Persönliches/Emotionen[11]	
1-14	62-63	.	negative[1]	_	

#Text=Ist es wieder die alte Geschichte?
2-1	64-67	Ist	negative[2]	_	
2-2	68-70	es	negative[2]	_	
2-3	71-77	wieder	negative[2]	_	
2-4	78-81	die	negative[2]	_	
2-5	82-86	alte	negative[2]	_	
2-6	87-97	Geschichte	negative[2]	_	
2-7	97-98	?	negative[2]	_	

#Text=Verstehst du das denn immer noch nicht?
3-1	99-108	Verstehst	negative[3]	_	
3-2	109-111	du	negative[3]	_	
3-3	112-115	das	negative[3]	_	
3-4	116-120	denn	negative[3]	_	
3-5	121-126	immer	negative[3]	_	
3-6	127-131	noch	negative[3]	_	
3-7	132-137	nicht	negative[3]	_	
3-8	137-138	?	negative[3]	_	

#Text=Ist es wieder wegen Dirty Harry, was dich so schwer bedrückt?
4-1	143-146	Ist	negative[4]	_	
4-2	147-149	es	negative[4]	_	
4-3	150-156	wieder	negative[4]	_	
4-4	157-162	wegen	negative[4]	_	
4-5	163-168	Dirty	negative[4]	Liebe/Partnerschaft[12]	
4-6	169-174	Harry	negative[4]	Liebe/Partnerschaft[12]	
4-7	174-175	,	negative[4]	_	
4-8	176-179	was	negative[4]	_	
4-9	180-184	dich	negative[4]	_	
4-10	185-187	so	negative[4]	_	
4-11	188-194	schwer	negative[4]	Persönliches/Emotionen[13]	
4-12	195-203	bedrückt	negative[4]	Persönliches/Emotionen[13]	
4-13	203-204	?	negative[4]	_	

#Text=Hat er wieder am Wegesrand ein anderes Blümelein gepflückt?
5-1	205-208	Hat	negative[5]	_	
5-2	209-211	er	negative[5]	_	
5-3	212-218	wieder	negative[5]	_	
5-4	219-221	am	negative[5]	_	
5-5	222-231	Wegesrand	negative[5]	_	
5-6	232-235	ein	negative[5]	_	
5-7	236-243	anderes	negative[5]	Liebe/Partnerschaft[14]	
5-8	244-253	Blümelein	negative[5]	Liebe/Partnerschaft[14]	
5-9	254-263	gepflückt	negative[5]	Liebe/Partnerschaft[14]	
5-10	263-264	?	negative[5]	_	

#Text=Ach, Frau Schmitz, diese läppischen kleinen Romanzen, dieses bisschen besoffen auf flüchtigen Parties tanzen.
6-1	269-272	Ach	neutral[6]	_	
6-2	272-273	,	neutral[6]	_	
6-3	274-278	Frau	neutral[6]	_	
6-4	279-286	Schmitz	neutral[6]	_	
6-5	286-287	,	neutral[6]	_	
6-6	288-293	diese	neutral[6]	_	
6-7	294-304	läppischen	neutral[6]	Liebe/Partnerschaft[15]	
6-8	305-312	kleinen	neutral[6]	Liebe/Partnerschaft[15]	
6-9	313-321	Romanzen	neutral[6]	Liebe/Partnerschaft[15]	
6-10	321-322	,	neutral[6]	_	
6-11	323-329	dieses	neutral[6]	_	
6-12	330-338	bisschen	neutral[6]	Gesundheit/Drogen[16]	
6-13	339-347	besoffen	neutral[6]	Gesundheit/Drogen[16]	
6-14	348-351	auf	neutral[6]	Musik[17]	
6-15	352-362	flüchtigen	neutral[6]	Musik[17]	
6-16	363-370	Parties	neutral[6]	Musik[17]	
6-17	371-377	tanzen	neutral[6]	Musik[17]	
6-18	377-378	.	neutral[6]	_	

#Text=Das hat mit uns doch nichts zu tun.
7-1	379-382	Das	negative[7]	_	
7-2	383-386	hat	negative[7]	_	
7-3	387-390	mit	negative[7]	_	
7-4	391-394	uns	negative[7]	_	
7-5	395-399	doch	negative[7]	_	
7-6	400-406	nichts	negative[7]	_	
7-7	407-409	zu	negative[7]	_	
7-8	410-413	tun	negative[7]	_	
7-9	413-414	.	negative[7]	_	

#Text=Ich liebe doch nur dich - für immer.
8-1	415-418	Ich	positive[8]	Liebe/Partnerschaft[18]	
8-2	419-424	liebe	positive[8]	Liebe/Partnerschaft[18]	
8-3	425-429	doch	positive[8]	Liebe/Partnerschaft[18]	
8-4	430-433	nur	positive[8]	Liebe/Partnerschaft[18]	
8-5	434-438	dich	positive[8]	Liebe/Partnerschaft[18]	
8-6	439-440	-	positive[8]	_	
8-7	441-444	für	positive[8]	_	
8-8	445-450	immer	positive[8]	_	
8-9	450-451	.	positive[8]	_	

#Text=Ach, Frau Schmitz das ist doch alles nicht so wichtig, du weißt, nur dich liebe ich so richtig.
9-1	456-459	Ach	positive[9]	_	
9-2	459-460	,	positive[9]	_	
9-3	461-465	Frau	positive[9]	_	
9-4	466-473	Schmitz	positive[9]	_	
9-5	474-477	das	positive[9]	_	
9-6	478-481	ist	positive[9]	_	
9-7	482-486	doch	positive[9]	_	
9-8	487-492	alles	positive[9]	_	
9-9	493-498	nicht	positive[9]	_	
9-10	499-501	so	positive[9]	_	
9-11	502-509	wichtig	positive[9]	_	
9-12	509-510	,	positive[9]	_	
9-13	511-513	du	positive[9]	_	
9-14	514-519	weißt	positive[9]	_	
9-15	519-520	,	positive[9]	_	
9-16	521-524	nur	positive[9]	_	
9-17	525-529	dich	positive[9]	Liebe/Partnerschaft[19]	
9-18	530-535	liebe	positive[9]	Liebe/Partnerschaft[19]	
9-19	536-539	ich	positive[9]	Liebe/Partnerschaft[19]	
9-20	540-542	so	positive[9]	Liebe/Partnerschaft[19]	
9-21	543-550	richtig	positive[9]	Liebe/Partnerschaft[19]	
9-22	550-551	.	positive[9]	_	

#Text=Ich bleibe bei dir, Frau Schmitz, bei dir und bei meinen Kids für immer und immer und immer.
10-1	552-555	Ich	positive[10]	_	
10-2	556-562	bleibe	positive[10]	Liebe/Partnerschaft[20]	
10-3	563-566	bei	positive[10]	Liebe/Partnerschaft[20]	
10-4	567-570	dir	positive[10]	Liebe/Partnerschaft[20]	
10-5	570-571	,	positive[10]	_	
10-6	572-576	Frau	positive[10]	_	
10-7	577-584	Schmitz	positive[10]	_	
10-8	584-585	,	positive[10]	_	
10-9	586-589	bei	positive[10]	_	
10-10	590-593	dir	positive[10]	_	
10-11	594-597	und	positive[10]	_	
10-12	598-601	bei	positive[10]	_	
10-13	602-608	meinen	positive[10]	Liebe/Partnerschaft[21]	
10-14	609-613	Kids	positive[10]	Liebe/Partnerschaft[21]	
10-15	614-617	für	positive[10]	_	
10-16	618-623	immer	positive[10]	_	
10-17	624-627	und	positive[10]	_	
10-18	628-633	immer	positive[10]	_	
10-19	634-637	und	positive[10]	_	
10-20	638-643	immer	positive[10]	_	
10-21	643-644	.	positive[10]	_	
