#FORMAT=WebAnno TSV 3.2
#T_SP=webanno.custom.Sentiment|Polarity
#T_SP=webanno.custom.Topic|Topics


#Text=Nur noch ein paar Jahre , dann siehst du Menschen  mit 'ner Seriennummer auf der Stirn , Chemikalien in den Adern , künstliches Gehirn . sie erzeugen im Labor  einen kompletten Kirchenchor  und das Team für den Flug  nach Alpha Centauri.
1-1	0-3	Nur	negative[1]	_	
1-2	4-8	noch	negative[1]	_	
1-3	9-12	ein	negative[1]	_	
1-4	13-17	paar	negative[1]	_	
1-5	18-23	Jahre	negative[1]	_	
1-6	24-25	,	negative[1]	_	
1-7	26-30	dann	negative[1]	_	
1-8	31-37	siehst	negative[1]	_	
1-9	38-40	du	negative[1]	_	
1-10	41-49	Menschen	negative[1]	_	
1-11	51-54	mit	negative[1]	_	
1-12	55-56	'	negative[1]	_	
1-13	56-59	ner	negative[1]	_	
1-14	60-72	Seriennummer	negative[1]	Politik/Soziales/Missstände[6]	
1-15	73-76	auf	negative[1]	Politik/Soziales/Missstände[6]	
1-16	77-80	der	negative[1]	Politik/Soziales/Missstände[6]	
1-17	81-86	Stirn	negative[1]	Politik/Soziales/Missstände[6]	
1-18	87-88	,	negative[1]	_	
1-19	89-100	Chemikalien	negative[1]	Gesundheit/Drogen[7]	
1-20	101-103	in	negative[1]	Gesundheit/Drogen[7]	
1-21	104-107	den	negative[1]	Gesundheit/Drogen[7]	
1-22	108-113	Adern	negative[1]	Gesundheit/Drogen[7]	
1-23	114-115	,	negative[1]	_	
1-24	116-127	künstliches	negative[1]	Politik/Soziales/Missstände[8]	
1-25	128-134	Gehirn	negative[1]	Politik/Soziales/Missstände[8]	
1-26	135-136	.	_	_	
1-27	137-140	sie	negative[2]	_	
1-28	141-149	erzeugen	negative[2]	_	
1-29	150-152	im	negative[2]	_	
1-30	153-158	Labor	negative[2]	_	
1-31	160-165	einen	negative[2]	_	
1-32	166-176	kompletten	negative[2]	_	
1-33	177-188	Kirchenchor	negative[2]	_	
1-34	190-193	und	negative[2]	_	
1-35	194-197	das	negative[2]	_	
1-36	198-202	Team	negative[2]	_	
1-37	203-206	für	negative[2]	_	
1-38	207-210	den	negative[2]	_	
1-39	211-215	Flug	negative[2]	Reisen	
1-40	217-221	nach	negative[2]	_	
1-41	222-227	Alpha	negative[2]	_	
1-42	228-236	Centauri	negative[2]	_	
1-43	236-237	.	_	_	

#Text=Biochemon - Zukunftsdämon.
2-1	242-251	Biochemon	negative[3]	_	
2-2	252-253	-	negative[3]	_	
2-3	254-267	Zukunftsdämon	negative[3]	_	
2-4	267-268	.	_	_	

#Text=Gar nicht mehr so lange , dann lachen wir  über Frankensteins Stümpereien , genau nach Plan - wie auf einer Hühnchenfarm , Menschenproduktion , Retortenkinder, was wird aus euch?
3-1	273-276	Gar	negative[4]	_	
3-2	277-282	nicht	negative[4]	_	
3-3	283-287	mehr	negative[4]	_	
3-4	288-290	so	negative[4]	_	
3-5	291-296	lange	negative[4]	_	
3-6	297-298	,	negative[4]	_	
3-7	299-303	dann	negative[4]	_	
3-8	304-310	lachen	negative[4]	_	
3-9	311-314	wir	negative[4]	_	
3-10	316-320	über	negative[4]	_	
3-11	321-334	Frankensteins	negative[4]	Persönliches/Emotionen[9]	
3-12	335-346	Stümpereien	negative[4]	Persönliches/Emotionen[9]	
3-13	347-348	,	negative[4]	_	
3-14	349-354	genau	negative[4]	_	
3-15	355-359	nach	negative[4]	_	
3-16	360-364	Plan	negative[4]	_	
3-17	365-366	-	negative[4]	_	
3-18	367-370	wie	negative[4]	_	
3-19	371-374	auf	negative[4]	_	
3-20	375-380	einer	negative[4]	_	
3-21	381-393	Hühnchenfarm	negative[4]	Politik/Soziales/Missstände	
3-22	394-395	,	negative[4]	_	
3-23	396-414	Menschenproduktion	negative[4]	Politik/Soziales/Missstände	
3-24	415-416	,	negative[4]	_	
3-25	417-431	Retortenkinder	negative[4]	Politik/Soziales/Missstände	
3-26	431-432	,	negative[4]	_	
3-27	433-436	was	negative[4]	_	
3-28	437-441	wird	negative[4]	_	
3-29	442-445	aus	negative[4]	_	
3-30	446-450	euch	negative[4]	_	
3-31	450-451	?	negative[4]	_	

#Text=Arbeitsmänner - Freizeitfrauen , werdet ihr Sklaven sein  oder bringt ihr uns alle um?
4-1	453-466	Arbeitsmänner	negative[5]	Politik/Soziales/Missstände	
4-2	467-468	-	negative[5]	_	
4-3	469-483	Freizeitfrauen	negative[5]	Politik/Soziales/Missstände	
4-4	484-485	,	negative[5]	_	
4-5	486-492	werdet	negative[5]	_	
4-6	493-496	ihr	negative[5]	_	
4-7	497-504	Sklaven	negative[5]	Politik/Soziales/Missstände	
4-8	505-509	sein	negative[5]	_	
4-9	511-515	oder	negative[5]	_	
4-10	516-522	bringt	negative[5]	_	
4-11	523-526	ihr	negative[5]	_	
4-12	527-530	uns	negative[5]	_	
4-13	531-535	alle	negative[5]	_	
4-14	536-538	um	negative[5]	_	
4-15	538-539	?	negative[5]	_	
