#FORMAT=WebAnno TSV 3.2
#T_SP=webanno.custom.Sentiment|Polarity
#T_SP=webanno.custom.Topic|Topics


#Text=Der Schatten Deines Lächelns ist alles, was mir blieb, das Echo Deiner Worte: Ich hab' Dich so lieb.
1-1	0-3	Der	positive[1]	_	
1-2	4-12	Schatten	positive[1]	_	
1-3	13-19	Deines	positive[1]	_	
1-4	20-28	Lächelns	positive[1]	_	
1-5	29-32	ist	positive[1]	_	
1-6	33-38	alles	positive[1]	_	
1-7	38-39	,	positive[1]	_	
1-8	40-43	was	positive[1]	_	
1-9	44-47	mir	positive[1]	_	
1-10	48-53	blieb	positive[1]	_	
1-11	53-54	,	positive[1]	_	
1-12	55-58	das	positive[1]	_	
1-13	59-63	Echo	positive[1]	_	
1-14	64-70	Deiner	positive[1]	_	
1-15	71-76	Worte	positive[1]	_	
1-16	76-77	:	positive[1]	_	
1-17	78-81	Ich	positive[1]	Liebe/Partnerschaft[14]	
1-18	82-85	hab	positive[1]	Liebe/Partnerschaft[14]	
1-19	85-86	'	positive[1]	Liebe/Partnerschaft[14]	
1-20	87-91	Dich	positive[1]	Liebe/Partnerschaft[14]	
1-21	92-94	so	positive[1]	Liebe/Partnerschaft[14]	
1-22	95-99	lieb	positive[1]	Liebe/Partnerschaft[14]	
1-23	99-100	.	positive[1]	_	

#Text=Der Wecker hat mich wachgerattert und Du bist wieder weggeflattert, entschwandest mit dem heißen Traum.
2-1	101-104	Der	negative[2]	_	
2-2	105-111	Wecker	negative[2]	_	
2-3	112-115	hat	negative[2]	_	
2-4	116-120	mich	negative[2]	_	
2-5	121-134	wachgerattert	negative[2]	Persönliches/Emotionen	
2-6	135-138	und	negative[2]	_	
2-7	139-141	Du	negative[2]	_	
2-8	142-146	bist	negative[2]	_	
2-9	147-153	wieder	negative[2]	_	
2-10	154-167	weggeflattert	negative[2]	_	
2-11	167-168	,	negative[2]	_	
2-12	169-182	entschwandest	negative[2]	_	
2-13	183-186	mit	negative[2]	_	
2-14	187-190	dem	negative[2]	_	
2-15	191-197	heißen	negative[2]	Liebe/Partnerschaft[15]	
2-16	198-203	Traum	negative[2]	Liebe/Partnerschaft[15]	
2-17	203-204	.	negative[2]	_	

#Text=Uuh - Uuh.
3-1	205-208	Uuh	neutral[3]	_	
3-2	209-210	-	neutral[3]	_	
3-3	211-214	Uuh	neutral[3]	_	
3-4	214-215	.	neutral[3]	_	

#Text=Dein Name fing mit "H" an, dann "el" und "mut".
4-1	220-224	Dein	neutral[4]	_	
4-2	225-229	Name	neutral[4]	_	
4-3	230-234	fing	neutral[4]	_	
4-4	235-238	mit	neutral[4]	_	
4-5	239-240	"	neutral[4]	_	
4-6	240-241	H	neutral[4]	_	
4-7	241-242	"	neutral[4]	_	
4-8	243-245	an	neutral[4]	_	
4-9	245-246	,	neutral[4]	_	
4-10	247-251	dann	neutral[4]	_	
4-11	252-253	"	neutral[4]	_	
4-12	253-255	el	neutral[4]	_	
4-13	255-256	"	neutral[4]	_	
4-14	257-260	und	neutral[4]	_	
4-15	261-262	"	neutral[4]	_	
4-16	262-265	mut	neutral[4]	_	
4-17	265-266	"	neutral[4]	_	
4-18	266-267	.	neutral[4]	_	

#Text=Du hattest kein' BH an und ich war ohne Hut, nun sitzt Du wieder in der Schaumburg-Villa und bist nicht nur ein Ladykiller, nein, auch für manchen Mann ein echter Thriller.
5-1	268-270	Du	positive[5]	_	
5-2	271-278	hattest	positive[5]	_	
5-3	279-283	kein	positive[5]	_	
5-4	283-284	'	positive[5]	_	
5-5	285-287	BH	positive[5]	_	
5-6	288-290	an	positive[5]	_	
5-7	291-294	und	positive[5]	_	
5-8	295-298	ich	positive[5]	_	
5-9	299-302	war	positive[5]	_	
5-10	303-307	ohne	positive[5]	_	
5-11	308-311	Hut	positive[5]	_	
5-12	311-312	,	positive[5]	_	
5-13	313-316	nun	positive[5]	_	
5-14	317-322	sitzt	positive[5]	_	
5-15	323-325	Du	positive[5]	_	
5-16	326-332	wieder	positive[5]	_	
5-17	333-335	in	positive[5]	_	
5-18	336-339	der	positive[5]	_	
5-19	340-356	Schaumburg-Villa	positive[5]	_	
5-20	357-360	und	positive[5]	_	
5-21	361-365	bist	positive[5]	_	
5-22	366-371	nicht	positive[5]	_	
5-23	372-375	nur	positive[5]	_	
5-24	376-379	ein	positive[5]	_	
5-25	380-390	Ladykiller	positive[5]	Liebe/Partnerschaft	
5-26	390-391	,	positive[5]	_	
5-27	392-396	nein	positive[5]	_	
5-28	396-397	,	positive[5]	_	
5-29	398-402	auch	positive[5]	_	
5-30	403-406	für	positive[5]	Liebe/Partnerschaft[16]	
5-31	407-414	manchen	positive[5]	Liebe/Partnerschaft[16]	
5-32	415-419	Mann	positive[5]	Liebe/Partnerschaft[16]	
5-33	420-423	ein	positive[5]	Liebe/Partnerschaft[16]	
5-34	424-430	echter	positive[5]	Liebe/Partnerschaft[16]	
5-35	431-439	Thriller	positive[5]	Liebe/Partnerschaft[16]	
5-36	439-440	.	positive[5]	_	

#Text=Helmut Owiewohl - mein Sex-Idol.
6-1	441-447	Helmut	positive[6]	_	
6-2	448-456	Owiewohl	positive[6]	_	
6-3	457-458	-	positive[6]	_	
6-4	459-463	mein	positive[6]	_	
6-5	464-472	Sex-Idol	positive[6]	Liebe/Partnerschaft	
6-6	472-473	.	positive[6]	_	

#Text=Dieser Traum war wie ein süßer Trip, ich seh' Dich noch vor mir in Deinem Tanga-Slip, wie Du die Brille runterreißt, wie Du mir in die Lippen beißt und grenzenloses Glück verheißt in Deinem Märchenland.
7-1	478-484	Dieser	positive[7]	_	
7-2	485-490	Traum	positive[7]	_	
7-3	491-494	war	positive[7]	_	
7-4	495-498	wie	positive[7]	_	
7-5	499-502	ein	positive[7]	Liebe/Partnerschaft[17]	
7-6	503-508	süßer	positive[7]	Liebe/Partnerschaft[17]	
7-7	509-513	Trip	positive[7]	Liebe/Partnerschaft[17]	
7-8	513-514	,	positive[7]	_	
7-9	515-518	ich	positive[7]	_	
7-10	519-522	seh	positive[7]	_	
7-11	522-523	'	positive[7]	_	
7-12	524-528	Dich	positive[7]	_	
7-13	529-533	noch	positive[7]	_	
7-14	534-537	vor	positive[7]	_	
7-15	538-541	mir	positive[7]	_	
7-16	542-544	in	positive[7]	_	
7-17	545-551	Deinem	positive[7]	_	
7-18	552-562	Tanga-Slip	positive[7]	Liebe/Partnerschaft	
7-19	562-563	,	positive[7]	_	
7-20	564-567	wie	positive[7]	_	
7-21	568-570	Du	positive[7]	_	
7-22	571-574	die	positive[7]	_	
7-23	575-581	Brille	positive[7]	_	
7-24	582-593	runterreißt	positive[7]	_	
7-25	593-594	,	positive[7]	_	
7-26	595-598	wie	positive[7]	_	
7-27	599-601	Du	positive[7]	_	
7-28	602-605	mir	positive[7]	_	
7-29	606-608	in	positive[7]	Liebe/Partnerschaft[18]	
7-30	609-612	die	positive[7]	Liebe/Partnerschaft[18]	
7-31	613-619	Lippen	positive[7]	Liebe/Partnerschaft[18]	
7-32	620-625	beißt	positive[7]	Liebe/Partnerschaft[18]	
7-33	626-629	und	positive[7]	_	
7-34	630-642	grenzenloses	positive[7]	Liebe/Partnerschaft[19]	
7-35	643-648	Glück	positive[7]	Liebe/Partnerschaft[19]	
7-36	649-657	verheißt	positive[7]	_	
7-37	658-660	in	positive[7]	_	
7-38	661-667	Deinem	positive[7]	_	
7-39	668-679	Märchenland	positive[7]	_	
7-40	679-680	.	positive[7]	_	

#Text=Es perlte Dir der Schweiß von Deiner Stirne.
8-1	685-687	Es	neutral[8]	_	
8-2	688-694	perlte	neutral[8]	_	
8-3	695-698	Dir	neutral[8]	_	
8-4	699-702	der	neutral[8]	_	
8-5	703-710	Schweiß	neutral[8]	_	
8-6	711-714	von	neutral[8]	_	
8-7	715-721	Deiner	neutral[8]	_	
8-8	722-728	Stirne	neutral[8]	_	
8-9	728-729	.	neutral[8]	_	

#Text=Dein Kuss, er war so fruchtig und schmeckte nach Birne.
9-1	730-734	Dein	positive[9]	_	
9-2	735-739	Kuss	positive[9]	Liebe/Partnerschaft	
9-3	739-740	,	positive[9]	_	
9-4	741-743	er	positive[9]	_	
9-5	744-747	war	positive[9]	_	
9-6	748-750	so	positive[9]	_	
9-7	751-759	fruchtig	positive[9]	_	
9-8	760-763	und	positive[9]	_	
9-9	764-773	schmeckte	positive[9]	_	
9-10	774-778	nach	positive[9]	_	
9-11	779-784	Birne	positive[9]	_	
9-12	784-785	.	positive[9]	_	

#Text=Ooh, ich leg' mich lieber wieder hin, weil ich zum Aufstehn jetzt zu traurig bin.
10-1	786-789	Ooh	negative[10]	_	
10-2	789-790	,	negative[10]	_	
10-3	791-794	ich	negative[10]	_	
10-4	795-798	leg	negative[10]	_	
10-5	798-799	'	negative[10]	_	
10-6	800-804	mich	negative[10]	_	
10-7	805-811	lieber	negative[10]	_	
10-8	812-818	wieder	negative[10]	_	
10-9	819-822	hin	negative[10]	_	
10-10	822-823	,	negative[10]	_	
10-11	824-828	weil	negative[10]	_	
10-12	829-832	ich	negative[10]	_	
10-13	833-836	zum	negative[10]	_	
10-14	837-845	Aufstehn	negative[10]	_	
10-15	846-851	jetzt	negative[10]	_	
10-16	852-854	zu	negative[10]	_	
10-17	855-862	traurig	negative[10]	Persönliches/Emotionen	
10-18	863-866	bin	negative[10]	_	
10-19	866-867	.	negative[10]	_	

#Text=Du gehst mir nicht mehr aus dem Sinn, oh, Helmut und Dein Lächeln.
11-1	868-870	Du	positive[11]	_	
11-2	871-876	gehst	positive[11]	Persönliches/Emotionen[20]	
11-3	877-880	mir	positive[11]	Persönliches/Emotionen[20]	
11-4	881-886	nicht	positive[11]	Persönliches/Emotionen[20]	
11-5	887-891	mehr	positive[11]	Persönliches/Emotionen[20]	
11-6	892-895	aus	positive[11]	Persönliches/Emotionen[20]	
11-7	896-899	dem	positive[11]	Persönliches/Emotionen[20]	
11-8	900-904	Sinn	positive[11]	Persönliches/Emotionen[20]	
11-9	904-905	,	positive[11]	_	
11-10	906-908	oh	positive[11]	_	
11-11	908-909	,	positive[11]	_	
11-12	910-916	Helmut	positive[11]	_	
11-13	917-920	und	positive[11]	_	
11-14	921-925	Dein	positive[11]	_	
11-15	926-933	Lächeln	positive[11]	_	
11-16	933-934	.	positive[11]	_	

#Text=Nun sitzt Du wieder in der Schaumburg-Villa und bist nicht nur ein Ladykiller, nein, auch für manchen Mann ein Thriller.
12-1	939-942	Nun	positive[12]	_	
12-2	943-948	sitzt	positive[12]	_	
12-3	949-951	Du	positive[12]	_	
12-4	952-958	wieder	positive[12]	_	
12-5	959-961	in	positive[12]	_	
12-6	962-965	der	positive[12]	_	
12-7	966-982	Schaumburg-Villa	positive[12]	_	
12-8	983-986	und	positive[12]	_	
12-9	987-991	bist	positive[12]	_	
12-10	992-997	nicht	positive[12]	_	
12-11	998-1001	nur	positive[12]	_	
12-12	1002-1005	ein	positive[12]	_	
12-13	1006-1016	Ladykiller	positive[12]	Liebe/Partnerschaft	
12-14	1016-1017	,	positive[12]	_	
12-15	1018-1022	nein	positive[12]	_	
12-16	1022-1023	,	positive[12]	_	
12-17	1024-1028	auch	positive[12]	_	
12-18	1029-1032	für	positive[12]	Liebe/Partnerschaft[21]	
12-19	1033-1040	manchen	positive[12]	Liebe/Partnerschaft[21]	
12-20	1041-1045	Mann	positive[12]	Liebe/Partnerschaft[21]	
12-21	1046-1049	ein	positive[12]	Liebe/Partnerschaft[21]	
12-22	1050-1058	Thriller	positive[12]	Liebe/Partnerschaft[21]	
12-23	1058-1059	.	positive[12]	_	

#Text=Helmut Owiewohl - mein Sex-Idol.
13-1	1060-1066	Helmut	positive[13]	_	
13-2	1067-1075	Owiewohl	positive[13]	_	
13-3	1076-1077	-	positive[13]	_	
13-4	1078-1082	mein	positive[13]	_	
13-5	1083-1091	Sex-Idol	positive[13]	Liebe/Partnerschaft	
13-6	1091-1092	.	positive[13]	_	
