#FORMAT=WebAnno TSV 3.2
#T_SP=webanno.custom.Sentiment|Polarity
#T_SP=webanno.custom.Topic|Topics


#Text=I say: Hey, hey, hey good life city - I'm on my way Hey, hey, hey good life city - I'm on my way  
#Text= 
#Text=Den Typ da im Radio, ich glaub', den kenne ich.
1-1	0-1	I	_	_	
1-2	2-5	say	_	_	
1-3	5-6	:	_	_	
1-4	7-10	Hey	_	_	
1-5	10-11	,	_	_	
1-6	12-15	hey	_	_	
1-7	15-16	,	_	_	
1-8	17-20	hey	_	_	
1-9	21-25	good	_	_	
1-10	26-30	life	_	_	
1-11	31-35	city	_	_	
1-12	36-37	-	_	_	
1-13	38-41	I'm	_	_	
1-14	42-44	on	_	_	
1-15	45-47	my	_	_	
1-16	48-51	way	_	_	
1-17	52-55	Hey	_	_	
1-18	55-56	,	_	_	
1-19	57-60	hey	_	_	
1-20	60-61	,	_	_	
1-21	62-65	hey	_	_	
1-22	66-70	good	_	_	
1-23	71-75	life	_	_	
1-24	76-80	city	_	_	
1-25	81-82	-	_	_	
1-26	83-86	I'm	_	_	
1-27	87-89	on	_	_	
1-28	90-92	my	_	_	
1-29	93-96	way	_	_	
1-30	101-104	Den	neutral[1]	_	
1-31	105-108	Typ	neutral[1]	_	
1-32	109-111	da	neutral[1]	_	
1-33	112-114	im	neutral[1]	_	
1-34	115-120	Radio	neutral[1]	Musik	
1-35	120-121	,	neutral[1]	_	
1-36	122-125	ich	neutral[1]	_	
1-37	126-131	glaub	neutral[1]	_	
1-38	131-132	'	neutral[1]	_	
1-39	132-133	,	neutral[1]	_	
1-40	134-137	den	neutral[1]	_	
1-41	138-143	kenne	neutral[1]	_	
1-42	144-147	ich	neutral[1]	_	
1-43	147-148	.	neutral[1]	_	

#Text=Dreh' mal lauter, mal hör'n, was der da singt, machst du das mal für mich?
2-1	149-153	Dreh	neutral[2]	Musik[10]	
2-2	153-154	'	neutral[2]	Musik[10]	
2-3	155-158	mal	neutral[2]	Musik[10]	
2-4	159-165	lauter	neutral[2]	Musik[10]	
2-5	165-166	,	neutral[2]	Musik[10]	
2-6	167-170	mal	neutral[2]	Musik[10]	
2-7	171-176	hör'n	neutral[2]	Musik[10]	
2-8	176-177	,	neutral[2]	Musik[10]	
2-9	178-181	was	neutral[2]	Musik[10]	
2-10	182-185	der	neutral[2]	Musik[10]	
2-11	186-188	da	neutral[2]	Musik[10]	
2-12	189-194	singt	neutral[2]	Musik[10]	
2-13	194-195	,	neutral[2]	_	
2-14	196-202	machst	neutral[2]	_	
2-15	203-205	du	neutral[2]	_	
2-16	206-209	das	neutral[2]	_	
2-17	210-213	mal	neutral[2]	_	
2-18	214-217	für	neutral[2]	_	
2-19	218-222	mich	neutral[2]	_	
2-20	222-223	?	neutral[2]	_	

#Text=Du, diese Stimme, die hab' ich doch schon mal gehört.
3-1	224-226	Du	neutral[3]	_	
3-2	226-227	,	neutral[3]	_	
3-3	228-233	diese	neutral[3]	_	
3-4	234-240	Stimme	neutral[3]	Musik	
3-5	240-241	,	neutral[3]	_	
3-6	242-245	die	neutral[3]	_	
3-7	246-249	hab	neutral[3]	_	
3-8	249-250	'	neutral[3]	_	
3-9	251-254	ich	neutral[3]	_	
3-10	255-259	doch	neutral[3]	_	
3-11	260-265	schon	neutral[3]	_	
3-12	266-269	mal	neutral[3]	_	
3-13	270-276	gehört	neutral[3]	_	
3-14	276-277	.	neutral[3]	_	

#Text=Das klingt ja ganz manierlich, wenn man den Gesang mal überhört.
4-1	278-281	Das	positive[4]	_	
4-2	282-288	klingt	positive[4]	_	
4-3	289-291	ja	positive[4]	_	
4-4	292-296	ganz	positive[4]	_	
4-5	297-307	manierlich	positive[4]	Persönliches/Emotionen	
4-6	307-308	,	positive[4]	_	
4-7	309-313	wenn	positive[4]	_	
4-8	314-317	man	positive[4]	_	
4-9	318-321	den	positive[4]	_	
4-10	322-328	Gesang	positive[4]	Musik	
4-11	329-332	mal	positive[4]	_	
4-12	333-341	überhört	positive[4]	_	
4-13	341-342	.	positive[4]	_	

#Text=I say: Hey, hey, hey good life city - I'm on my way Hey, hey, hey good life city - I'm on my way  
#Text= 
#Text=Mein Onkel ist Zauberer in Bonn am Rhein.
5-1	347-348	I	_	_	
5-2	349-352	say	_	_	
5-3	352-353	:	_	_	
5-4	354-357	Hey	_	_	
5-5	357-358	,	_	_	
5-6	359-362	hey	_	_	
5-7	362-363	,	_	_	
5-8	364-367	hey	_	_	
5-9	368-372	good	_	_	
5-10	373-377	life	_	_	
5-11	378-382	city	_	_	
5-12	383-384	-	_	_	
5-13	385-388	I'm	_	_	
5-14	389-391	on	_	_	
5-15	392-394	my	_	_	
5-16	395-398	way	_	_	
5-17	399-402	Hey	_	_	
5-18	402-403	,	_	_	
5-19	404-407	hey	_	_	
5-20	407-408	,	_	_	
5-21	409-412	hey	_	_	
5-22	413-417	good	_	_	
5-23	418-422	life	_	_	
5-24	423-427	city	_	_	
5-25	428-429	-	_	_	
5-26	430-433	I'm	_	_	
5-27	434-436	on	_	_	
5-28	437-439	my	_	_	
5-29	440-443	way	_	_	
5-30	448-452	Mein	neutral[5]	_	
5-31	453-458	Onkel	neutral[5]	_	
5-32	459-462	ist	neutral[5]	_	
5-33	463-471	Zauberer	neutral[5]	_	
5-34	472-474	in	neutral[5]	_	
5-35	475-479	Bonn	neutral[5]	Reisen[11]	
5-36	480-482	am	neutral[5]	Reisen[11]	
5-37	483-488	Rhein	neutral[5]	Reisen[11]	
5-38	488-489	.	neutral[5]	_	

#Text=Kaninchen im Zylinder und Tauben im Hosenbein.
6-1	490-499	Kaninchen	neutral[6]	_	
6-2	500-502	im	neutral[6]	_	
6-3	503-511	Zylinder	neutral[6]	_	
6-4	512-515	und	neutral[6]	_	
6-5	516-522	Tauben	neutral[6]	_	
6-6	523-525	im	neutral[6]	_	
6-7	526-535	Hosenbein	neutral[6]	_	
6-8	535-536	.	neutral[6]	_	

#Text=Hokuspokus-Mann, hat 'ne Menge drauf, doch eines gibt's, was er nicht kann: Eine bessere Welt kann auch er nicht zaubern, da muss man sich schon selbst drum kümmern.
7-1	537-552	Hokuspokus-Mann	neutral[7]	_	
7-2	552-553	,	neutral[7]	_	
7-3	554-557	hat	neutral[7]	Persönliches/Emotionen[12]	
7-4	558-559	'	neutral[7]	Persönliches/Emotionen[12]	
7-5	559-561	ne	neutral[7]	Persönliches/Emotionen[12]	
7-6	562-567	Menge	neutral[7]	Persönliches/Emotionen[12]	
7-7	568-573	drauf	neutral[7]	Persönliches/Emotionen[12]	
7-8	573-574	,	neutral[7]	_	
7-9	575-579	doch	neutral[7]	_	
7-10	580-585	eines	neutral[7]	_	
7-11	586-592	gibt's	neutral[7]	_	
7-12	592-593	,	neutral[7]	_	
7-13	594-597	was	neutral[7]	_	
7-14	598-600	er	neutral[7]	_	
7-15	601-606	nicht	neutral[7]	_	
7-16	607-611	kann	neutral[7]	_	
7-17	611-612	:	_	_	
7-18	613-617	Eine	neutral[8]	_	
7-19	618-625	bessere	neutral[8]	Politik/Soziales/Missstände[13]	
7-20	626-630	Welt	neutral[8]	Politik/Soziales/Missstände[13]	
7-21	631-635	kann	neutral[8]	_	
7-22	636-640	auch	neutral[8]	_	
7-23	641-643	er	neutral[8]	_	
7-24	644-649	nicht	neutral[8]	_	
7-25	650-657	zaubern	neutral[8]	_	
7-26	657-658	,	neutral[8]	_	
7-27	659-661	da	neutral[8]	_	
7-28	662-666	muss	neutral[8]	_	
7-29	667-670	man	neutral[8]	_	
7-30	671-675	sich	neutral[8]	_	
7-31	676-681	schon	neutral[8]	_	
7-32	682-688	selbst	neutral[8]	Persönliches/Emotionen[14]	
7-33	689-693	drum	neutral[8]	Persönliches/Emotionen[14]	
7-34	694-701	kümmern	neutral[8]	Persönliches/Emotionen[14]	
7-35	701-702	.	neutral[8]	_	

#Text=Und ich fang' jetzt damit an.
8-1	703-706	Und	neutral[9]	_	
8-2	707-710	ich	neutral[9]	_	
8-3	711-715	fang	neutral[9]	_	
8-4	715-716	'	neutral[9]	_	
8-5	717-722	jetzt	neutral[9]	_	
8-6	723-728	damit	neutral[9]	_	
8-7	729-731	an	neutral[9]	_	
8-8	731-732	.	neutral[9]	_	

#Text=I say: Hey, hey, hey good life city - I'm on my way Hey, hey, hey good life city - I'm on my way
9-1	737-738	I	_	_	
9-2	739-742	say	_	_	
9-3	742-743	:	_	_	
9-4	744-747	Hey	_	_	
9-5	747-748	,	_	_	
9-6	749-752	hey	_	_	
9-7	752-753	,	_	_	
9-8	754-757	hey	_	_	
9-9	758-762	good	_	_	
9-10	763-767	life	_	_	
9-11	768-772	city	_	_	
9-12	773-774	-	_	_	
9-13	775-778	I'm	_	_	
9-14	779-781	on	_	_	
9-15	782-784	my	_	_	
9-16	785-788	way	_	_	
9-17	789-792	Hey	_	_	
9-18	792-793	,	_	_	
9-19	794-797	hey	_	_	
9-20	797-798	,	_	_	
9-21	799-802	hey	_	_	
9-22	803-807	good	_	_	
9-23	808-812	life	_	_	
9-24	813-817	city	_	_	
9-25	818-819	-	_	_	
9-26	820-823	I'm	_	_	
9-27	824-826	on	_	_	
9-28	827-829	my	_	_	
9-29	830-833	way	_	_	
