#FORMAT=WebAnno TSV 3.2
#T_SP=webanno.custom.Sentiment|Polarity
#T_SP=webanno.custom.Topic|Topics


#Text=So fing's ja schon an im Krankenhaus, kaum zog man ihn aus der Dame raus, krakeelte er seinen ersten Rock, doch seine Mutti stand mehr auf Rudolf Schock.
1-1	0-2	So	negative[1]	_	
1-2	3-9	fing's	negative[1]	_	
1-3	10-12	ja	negative[1]	_	
1-4	13-18	schon	negative[1]	_	
1-5	19-21	an	negative[1]	_	
1-6	22-24	im	negative[1]	_	
1-7	25-36	Krankenhaus	negative[1]	Gesundheit/Drogen	
1-8	36-37	,	negative[1]	_	
1-9	38-42	kaum	negative[1]	_	
1-10	43-46	zog	negative[1]	_	
1-11	47-50	man	negative[1]	_	
1-12	51-54	ihn	negative[1]	_	
1-13	55-58	aus	negative[1]	_	
1-14	59-62	der	negative[1]	_	
1-15	63-67	Dame	negative[1]	_	
1-16	68-72	raus	negative[1]	_	
1-17	72-73	,	negative[1]	_	
1-18	74-83	krakeelte	negative[1]	Musik	
1-19	84-86	er	negative[1]	_	
1-20	87-93	seinen	negative[1]	_	
1-21	94-100	ersten	negative[1]	_	
1-22	101-105	Rock	negative[1]	Musik	
1-23	105-106	,	negative[1]	_	
1-24	107-111	doch	negative[1]	_	
1-25	112-117	seine	negative[1]	_	
1-26	118-123	Mutti	negative[1]	Liebe/Partnerschaft	
1-27	124-129	stand	negative[1]	_	
1-28	130-134	mehr	negative[1]	_	
1-29	135-138	auf	negative[1]	_	
1-30	139-145	Rudolf	negative[1]	_	
1-31	146-152	Schock	negative[1]	_	
1-32	152-153	.	_	_	

#Text=Trotzdem hat sie ihn sehr geschätzt, Daddy auch, der kam angewetzt  mit Blumen und 'ner Flasche Gin  und schon langt das Söhnchen hin.
2-1	154-162	Trotzdem	neutral[2]	_	
2-2	163-166	hat	neutral[2]	_	
2-3	167-170	sie	neutral[2]	_	
2-4	171-174	ihn	neutral[2]	_	
2-5	175-179	sehr	neutral[2]	_	
2-6	180-189	geschätzt	neutral[2]	_	
2-7	189-190	,	neutral[2]	_	
2-8	191-196	Daddy	neutral[2]	Liebe/Partnerschaft	
2-9	197-201	auch	neutral[2]	_	
2-10	201-202	,	neutral[2]	_	
2-11	203-206	der	neutral[2]	_	
2-12	207-210	kam	neutral[2]	_	
2-13	211-220	angewetzt	neutral[2]	_	
2-14	222-225	mit	neutral[2]	_	
2-15	226-232	Blumen	neutral[2]	_	
2-16	233-236	und	neutral[2]	_	
2-17	237-238	'	neutral[2]	_	
2-18	238-241	ner	neutral[2]	_	
2-19	242-249	Flasche	neutral[2]	Gesundheit/Drogen[28]	
2-20	250-253	Gin	neutral[2]	Gesundheit/Drogen[28]	
2-21	255-258	und	neutral[2]	_	
2-22	259-264	schon	neutral[2]	_	
2-23	265-270	langt	neutral[2]	_	
2-24	271-274	das	neutral[2]	_	
2-25	275-283	Söhnchen	neutral[2]	Liebe/Partnerschaft	
2-26	284-287	hin	neutral[2]	_	
2-27	287-288	.	neutral[2]	_	

#Text=Die Hebamme sagt: "Gott Sakrament, das ist uns ja wirklich ganz schön fremd.
3-1	289-292	Die	neutral[3]	_	
3-2	293-300	Hebamme	neutral[3]	Gesundheit/Drogen	
3-3	301-305	sagt	neutral[3]	_	
3-4	305-306	:	neutral[3]	_	
3-5	307-308	"	neutral[3]	_	
3-6	308-312	Gott	neutral[3]	_	
3-7	313-322	Sakrament	neutral[3]	_	
3-8	322-323	,	neutral[3]	_	
3-9	324-327	das	neutral[3]	_	
3-10	328-331	ist	neutral[3]	_	
3-11	332-335	uns	neutral[3]	_	
3-12	336-338	ja	neutral[3]	_	
3-13	339-347	wirklich	neutral[3]	_	
3-14	348-352	ganz	neutral[3]	_	
3-15	353-358	schön	neutral[3]	_	
3-16	359-364	fremd	neutral[3]	_	
3-17	364-365	.	neutral[3]	_	

#Text=So ein Baby, so 'n ausgeflipptes  und statt an der Brust am Schnaps da nippt es."
4-1	366-368	So	negative[4]	_	
4-2	369-372	ein	negative[4]	_	
4-3	373-377	Baby	negative[4]	Liebe/Partnerschaft	
4-4	377-378	,	negative[4]	_	
4-5	379-381	so	negative[4]	_	
4-6	382-383	'	negative[4]	_	
4-7	383-384	n	negative[4]	_	
4-8	385-398	ausgeflipptes	negative[4]	Persönliches/Emotionen	
4-9	400-403	und	negative[4]	_	
4-10	404-409	statt	negative[4]	_	
4-11	410-412	an	negative[4]	_	
4-12	413-416	der	negative[4]	_	
4-13	417-422	Brust	negative[4]	_	
4-14	423-425	am	negative[4]	_	
4-15	426-433	Schnaps	negative[4]	Gesundheit/Drogen	
4-16	434-436	da	negative[4]	_	
4-17	437-442	nippt	negative[4]	_	
4-18	443-445	es	negative[4]	_	
4-19	445-446	.	negative[4]	_	
4-20	446-447	"	negative[4]	_	

#Text=Bibabilubap.
5-1	452-463	Bibabilubap	neutral[5]	_	
5-2	463-464	.	neutral[5]	_	

#Text=Yeah yeah yeah.
6-1	465-469	Yeah	neutral[6]	_	
6-2	470-474	yeah	neutral[6]	_	
6-3	475-479	yeah	neutral[6]	_	
6-4	479-480	.	neutral[6]	_	

#Text=Bibabilubap.
7-1	481-492	Bibabilubap	neutral[7]	_	
7-2	492-493	.	neutral[7]	_	

#Text=Yeah yeah yeah.
8-1	494-498	Yeah	neutral[8]	_	
8-2	499-503	yeah	neutral[8]	_	
8-3	504-508	yeah	neutral[8]	_	
8-4	508-509	.	neutral[8]	_	

#Text=Schnuller kauen, Pofe nässen, schlabberigen Griesgrütz fressen.
9-1	514-523	Schnuller	negative[9]	_	
9-2	524-529	kauen	negative[9]	_	
9-3	529-530	,	negative[9]	_	
9-4	531-535	Pofe	negative[9]	_	
9-5	536-542	nässen	negative[9]	_	
9-6	542-543	,	negative[9]	_	
9-7	544-557	schlabberigen	negative[9]	_	
9-8	558-568	Griesgrütz	negative[9]	_	
9-9	569-576	fressen	negative[9]	_	
9-10	576-577	.	negative[9]	_	

#Text=Im Kinderwagen wurde er strapaziert, ständig haben da so Ochsenköpfe reingestiert.
10-1	578-580	Im	negative[10]	_	
10-2	581-592	Kinderwagen	negative[10]	_	
10-3	593-598	wurde	negative[10]	_	
10-4	599-601	er	negative[10]	_	
10-5	602-613	strapaziert	negative[10]	_	
10-6	613-614	,	negative[10]	_	
10-7	615-622	ständig	negative[10]	_	
10-8	623-628	haben	negative[10]	_	
10-9	629-631	da	negative[10]	_	
10-10	632-634	so	negative[10]	_	
10-11	635-646	Ochsenköpfe	negative[10]	_	
10-12	647-659	reingestiert	negative[10]	_	
10-13	659-660	.	negative[10]	_	

#Text="Sach ma Mama, sach ma Papa, sach ma Blablabla."
11-1	661-662	"	neutral[11]	_	
11-2	662-666	Sach	neutral[11]	_	
11-3	667-669	ma	neutral[11]	_	
11-4	670-674	Mama	neutral[11]	_	
11-5	674-675	,	neutral[11]	_	
11-6	676-680	sach	neutral[11]	_	
11-7	681-683	ma	neutral[11]	_	
11-8	684-688	Papa	neutral[11]	_	
11-9	688-689	,	neutral[11]	_	
11-10	690-694	sach	neutral[11]	_	
11-11	695-697	ma	neutral[11]	_	
11-12	698-707	Blablabla	neutral[11]	_	
11-13	707-708	.	neutral[11]	_	
11-14	708-709	"	neutral[11]	_	

#Text=Die haben vielleicht ein albernes Zeug geschnackt, ja, dachten die denn, er wär' total beknackt.
12-1	710-713	Die	negative[12]	_	
12-2	714-719	haben	negative[12]	_	
12-3	720-730	vielleicht	negative[12]	_	
12-4	731-734	ein	negative[12]	_	
12-5	735-743	albernes	negative[12]	_	
12-6	744-748	Zeug	negative[12]	_	
12-7	749-759	geschnackt	negative[12]	_	
12-8	759-760	,	negative[12]	_	
12-9	761-763	ja	negative[12]	_	
12-10	763-764	,	negative[12]	_	
12-11	765-772	dachten	negative[12]	_	
12-12	773-776	die	negative[12]	_	
12-13	777-781	denn	negative[12]	_	
12-14	781-782	,	negative[12]	_	
12-15	783-785	er	negative[12]	_	
12-16	786-789	wär	negative[12]	_	
12-17	789-790	'	negative[12]	_	
12-18	791-796	total	negative[12]	Persönliches/Emotionen[29]	
12-19	797-805	beknackt	negative[12]	Persönliches/Emotionen[29]	
12-20	805-806	.	negative[12]	_	

#Text=Nein, das war nicht sein Job auf Erden, drum beeilte er sich, schnell groß zu werden.
13-1	807-811	Nein	neutral[13]	_	
13-2	811-812	,	neutral[13]	_	
13-3	813-816	das	neutral[13]	_	
13-4	817-820	war	neutral[13]	_	
13-5	821-826	nicht	neutral[13]	_	
13-6	827-831	sein	neutral[13]	_	
13-7	832-835	Job	neutral[13]	_	
13-8	836-839	auf	neutral[13]	_	
13-9	840-845	Erden	neutral[13]	_	
13-10	845-846	,	neutral[13]	_	
13-11	847-851	drum	neutral[13]	_	
13-12	852-859	beeilte	neutral[13]	_	
13-13	860-862	er	neutral[13]	_	
13-14	863-867	sich	neutral[13]	_	
13-15	867-868	,	neutral[13]	_	
13-16	869-876	schnell	neutral[13]	_	
13-17	877-881	groß	neutral[13]	_	
13-18	882-884	zu	neutral[13]	_	
13-19	885-891	werden	neutral[13]	_	
13-20	891-892	.	neutral[13]	_	

#Text=Bibabilubap.
14-1	897-908	Bibabilubap	neutral	_	
14-2	908-909	.	_	_	

#Text=Yeah yeah yeah.
15-1	910-914	Yeah	neutral[14]	_	
15-2	915-919	yeah	neutral[14]	_	
15-3	920-924	yeah	neutral[14]	_	
15-4	924-925	.	neutral[14]	_	

#Text=Bibabilubap.
16-1	926-937	Bibabilubap	neutral	_	
16-2	937-938	.	_	_	

#Text=Yeah yeah yeah.
17-1	939-943	Yeah	neutral[15]	_	
17-2	944-948	yeah	neutral[15]	_	
17-3	949-953	yeah	neutral[15]	_	
17-4	953-954	.	neutral[15]	_	

#Text=Später wurd' er ein Idol, Deutscher Meister im Rock'n'Roll.
18-1	959-965	Später	positive[16]	_	
18-2	966-970	wurd	positive[16]	_	
18-3	970-971	'	positive[16]	_	
18-4	972-974	er	positive[16]	_	
18-5	975-978	ein	positive[16]	_	
18-6	979-983	Idol	positive[16]	_	
18-7	983-984	,	positive[16]	_	
18-8	985-994	Deutscher	positive[16]	_	
18-9	995-1002	Meister	positive[16]	_	
18-10	1003-1005	im	positive[16]	_	
18-11	1006-1017	Rock'n'Roll	positive[16]	Musik	
18-12	1017-1018	.	positive[16]	_	

#Text=Super-Groupies gab's â gogo, dass er sie nicht enttäuschen durfte, war doch wohl logo, oder nicht?
19-1	1019-1033	Super-Groupies	neutral[17]	Musik	
19-2	1034-1039	gab's	neutral[17]	_	
19-3	1040-1041	â	neutral[17]	_	
19-4	1042-1046	gogo	neutral[17]	_	
19-5	1046-1047	,	neutral[17]	_	
19-6	1048-1052	dass	neutral[17]	_	
19-7	1053-1055	er	neutral[17]	_	
19-8	1056-1059	sie	neutral[17]	_	
19-9	1060-1065	nicht	neutral[17]	_	
19-10	1066-1077	enttäuschen	neutral[17]	_	
19-11	1078-1084	durfte	neutral[17]	_	
19-12	1084-1085	,	neutral[17]	_	
19-13	1086-1089	war	neutral[17]	_	
19-14	1090-1094	doch	neutral[17]	_	
19-15	1095-1099	wohl	neutral[17]	_	
19-16	1100-1104	logo	neutral[17]	_	
19-17	1104-1105	,	neutral[17]	_	
19-18	1106-1110	oder	neutral[17]	_	
19-19	1111-1116	nicht	neutral[17]	_	
19-20	1116-1117	?	neutral[17]	_	

#Text=Na klar!
20-1	1119-1121	Na	neutral[18]	_	
20-2	1122-1126	klar	neutral[18]	_	
20-3	1126-1127	!	neutral[18]	_	

#Text=Die Bräute garantierten  mit der Pille, das sei klar  und sie beruhigten ihn, weil er doch so ängstlich war.
21-1	1128-1131	Die	*[19]	_	
21-2	1132-1138	Bräute	*[19]	Liebe/Partnerschaft	
21-3	1139-1151	garantierten	*[19]	_	
21-4	1153-1156	mit	*[19]	_	
21-5	1157-1160	der	*[19]	_	
21-6	1161-1166	Pille	*[19]	Liebe/Partnerschaft	
21-7	1166-1167	,	*[19]	_	
21-8	1168-1171	das	*[19]	_	
21-9	1172-1175	sei	*[19]	_	
21-10	1176-1180	klar	*[19]	_	
21-11	1182-1185	und	*[19]	_	
21-12	1186-1189	sie	*[19]	_	
21-13	1190-1200	beruhigten	*[19]	_	
21-14	1201-1204	ihn	*[19]	_	
21-15	1204-1205	,	*[19]	_	
21-16	1206-1210	weil	*[19]	_	
21-17	1211-1213	er	*[19]	_	
21-18	1214-1218	doch	*[19]	_	
21-19	1219-1221	so	*[19]	_	
21-20	1222-1231	ängstlich	*[19]	Persönliches/Emotionen	
21-21	1232-1235	war	*[19]	_	
21-22	1235-1236	.	*[19]	_	

#Text=Er sagt: "Wenn schon 'n Kind, dann machen wir das bewusst  und nicht mal eben so, das fände ich echt bestusst, find'st nicht auch?!"
22-1	1237-1239	Er	negative[20]	_	
22-2	1240-1244	sagt	negative[20]	_	
22-3	1244-1245	:	negative[20]	_	
22-4	1246-1247	"	negative[20]	_	
22-5	1247-1251	Wenn	negative[20]	_	
22-6	1252-1257	schon	negative[20]	_	
22-7	1258-1259	'	negative[20]	_	
22-8	1259-1260	n	negative[20]	_	
22-9	1261-1265	Kind	negative[20]	_	
22-10	1265-1266	,	negative[20]	_	
22-11	1267-1271	dann	negative[20]	_	
22-12	1272-1278	machen	negative[20]	_	
22-13	1279-1282	wir	negative[20]	_	
22-14	1283-1286	das	negative[20]	_	
22-15	1287-1294	bewusst	negative[20]	_	
22-16	1296-1299	und	negative[20]	_	
22-17	1300-1305	nicht	negative[20]	_	
22-18	1306-1309	mal	negative[20]	_	
22-19	1310-1314	eben	negative[20]	_	
22-20	1315-1317	so	negative[20]	_	
22-21	1317-1318	,	negative[20]	_	
22-22	1319-1322	das	negative[20]	_	
22-23	1323-1328	fände	negative[20]	_	
22-24	1329-1332	ich	negative[20]	_	
22-25	1333-1337	echt	negative[20]	_	
22-26	1338-1346	bestusst	negative[20]	_	
22-27	1346-1347	,	negative[20]	_	
22-28	1348-1355	find'st	negative[20]	_	
22-29	1356-1361	nicht	negative[20]	_	
22-30	1362-1366	auch	negative[20]	_	
22-31	1366-1367	?	negative[20]	_	
22-32	1367-1368	!	negative[20]	_	
22-33	1368-1369	"	negative[20]	_	

#Text="Ja klar!"
23-1	1370-1371	"	positive[21]	_	
23-2	1371-1373	Ja	positive[21]	_	
23-3	1374-1378	klar	positive[21]	_	
23-4	1378-1379	!	positive[21]	_	
23-5	1379-1380	"	positive[21]	_	

#Text=Er ließ die Spermazocken rocken  und neun Monate später  lief dann doch die Horrorshow, denn er war der Täter.
24-1	1385-1387	Er	negative[22]	_	
24-2	1388-1392	ließ	negative[22]	_	
24-3	1393-1396	die	negative[22]	_	
24-4	1397-1409	Spermazocken	negative[22]	Liebe/Partnerschaft	
24-5	1410-1416	rocken	negative[22]	Musik	
24-6	1418-1421	und	negative[22]	_	
24-7	1422-1426	neun	negative[22]	_	
24-8	1427-1433	Monate	negative[22]	_	
24-9	1434-1440	später	negative[22]	_	
24-10	1442-1446	lief	negative[22]	_	
24-11	1447-1451	dann	negative[22]	_	
24-12	1452-1456	doch	negative[22]	_	
24-13	1457-1460	die	negative[22]	_	
24-14	1461-1471	Horrorshow	negative[22]	_	
24-15	1471-1472	,	negative[22]	_	
24-16	1473-1477	denn	negative[22]	_	
24-17	1478-1480	er	negative[22]	_	
24-18	1481-1484	war	negative[22]	_	
24-19	1485-1488	der	negative[22]	_	
24-20	1489-1494	Täter	negative[22]	_	
24-21	1494-1495	.	negative[22]	_	

#Text=Erschüttert fuhr er zur Nabelstation, da hörte er diese Gesänge schon.
25-1	1496-1507	Erschüttert	neutral[23]	_	
25-2	1508-1512	fuhr	neutral[23]	_	
25-3	1513-1515	er	neutral[23]	_	
25-4	1516-1519	zur	neutral[23]	_	
25-5	1520-1532	Nabelstation	neutral[23]	Gesundheit/Drogen	
25-6	1532-1533	,	neutral[23]	_	
25-7	1534-1536	da	neutral[23]	_	
25-8	1537-1542	hörte	neutral[23]	_	
25-9	1543-1545	er	neutral[23]	_	
25-10	1546-1551	diese	neutral[23]	_	
25-11	1552-1559	Gesänge	neutral[23]	Musik	
25-12	1560-1565	schon	neutral[23]	_	
25-13	1565-1566	.	neutral[23]	_	

#Text=Die Drillingscrew krähte im Chor  der Mutti Tutti Frutti vor.
26-1	1567-1570	Die	neutral[24]	_	
26-2	1571-1584	Drillingscrew	neutral[24]	_	
26-3	1585-1591	krähte	neutral[24]	_	
26-4	1592-1594	im	neutral[24]	_	
26-5	1595-1599	Chor	neutral[24]	Musik	
26-6	1601-1604	der	neutral[24]	_	
26-7	1605-1610	Mutti	neutral[24]	_	
26-8	1611-1616	Tutti	neutral[24]	_	
26-9	1617-1623	Frutti	neutral[24]	_	
26-10	1624-1627	vor	neutral[24]	_	
26-11	1627-1628	.	_	_	

#Text=Bibabilubap.
27-1	1633-1644	Bibabilubap	neutral	_	
27-2	1644-1645	.	_	_	

#Text=Tutti Frutti.
28-1	1646-1651	Tutti	neutral[25]	_	
28-2	1652-1658	Frutti	neutral[25]	_	
28-3	1658-1659	.	neutral[25]	_	

#Text=Yeah yeah yeah.
29-1	1660-1664	Yeah	neutral[26]	_	
29-2	1665-1669	yeah	neutral[26]	_	
29-3	1670-1674	yeah	neutral[26]	_	
29-4	1674-1675	.	_	_	

#Text=Aber später wurd's dann doch noch ganz nett, er gründete das Spezialquartett  und heut' in Hollywood kassieren sie  Monsterlöhne, Emanuel Flippmann und die Randale-Söhne.
30-1	1680-1684	Aber	positive[27]	_	
30-2	1685-1691	später	positive[27]	_	
30-3	1692-1698	wurd's	positive[27]	_	
30-4	1699-1703	dann	positive[27]	_	
30-5	1704-1708	doch	positive[27]	_	
30-6	1709-1713	noch	positive[27]	_	
30-7	1714-1718	ganz	positive[27]	_	
30-8	1719-1723	nett	positive[27]	_	
30-9	1723-1724	,	positive[27]	_	
30-10	1725-1727	er	positive[27]	_	
30-11	1728-1736	gründete	positive[27]	_	
30-12	1737-1740	das	positive[27]	_	
30-13	1741-1756	Spezialquartett	positive[27]	Musik	
30-14	1758-1761	und	positive[27]	_	
30-15	1762-1766	heut	positive[27]	_	
30-16	1766-1767	'	positive[27]	_	
30-17	1768-1770	in	positive[27]	_	
30-18	1771-1780	Hollywood	positive[27]	_	
30-19	1781-1790	kassieren	positive[27]	_	
30-20	1791-1794	sie	positive[27]	_	
30-21	1796-1808	Monsterlöhne	positive[27]	_	
30-22	1808-1809	,	positive[27]	_	
30-23	1810-1817	Emanuel	positive[27]	_	
30-24	1818-1827	Flippmann	positive[27]	_	
30-25	1828-1831	und	positive[27]	_	
30-26	1832-1835	die	positive[27]	_	
30-27	1836-1849	Randale-Söhne	positive[27]	_	
30-28	1849-1850	.	positive[27]	_	
