#FORMAT=WebAnno TSV 3.2
#T_SP=webanno.custom.Sentiment|Polarity
#T_SP=webanno.custom.Topic|Topics


#Text=Wir war'n zwei Detektive die Hüte tief im Gesicht.
1-1	0-3	Wir	neutral[1]	_	
1-2	4-9	war'n	neutral[1]	_	
1-3	10-14	zwei	neutral[1]	_	
1-4	15-24	Detektive	neutral[1]	_	
1-5	25-28	die	neutral[1]	_	
1-6	29-33	Hüte	neutral[1]	_	
1-7	34-38	tief	neutral[1]	_	
1-8	39-41	im	neutral[1]	_	
1-9	42-49	Gesicht	neutral[1]	_	
1-10	49-50	.	neutral[1]	_	

#Text=Alle Straßen endlos, Barrikaden gab's für uns doch nicht.
2-1	51-55	Alle	neutral[2]	_	
2-2	56-63	Straßen	neutral[2]	_	
2-3	64-70	endlos	neutral[2]	_	
2-4	70-71	,	neutral[2]	_	
2-5	72-82	Barrikaden	neutral[2]	Politik/Soziales/Missstände	
2-6	83-88	gab's	neutral[2]	_	
2-7	89-92	für	neutral[2]	_	
2-8	93-96	uns	neutral[2]	_	
2-9	97-101	doch	neutral[2]	_	
2-10	102-107	nicht	neutral[2]	_	
2-11	107-108	.	neutral[2]	_	

#Text=Du und ich, das war einfach unschlagbar.
3-1	109-111	Du	positive[3]	Liebe/Partnerschaft[19]	
3-2	112-115	und	positive[3]	Liebe/Partnerschaft[19]	
3-3	116-119	ich	positive[3]	Liebe/Partnerschaft[19]	
3-4	119-120	,	positive[3]	_	
3-5	121-124	das	positive[3]	_	
3-6	125-128	war	positive[3]	_	
3-7	129-136	einfach	positive[3]	Liebe/Partnerschaft[20]	
3-8	137-148	unschlagbar	positive[3]	Liebe/Partnerschaft[20]	
3-9	148-149	.	positive[3]	_	

#Text=Ein Paar wie Blitz und Donner und immer nur auf brennend heißer Spur.
4-1	150-153	Ein	neutral[4]	Liebe/Partnerschaft[21]	
4-2	154-158	Paar	neutral[4]	Liebe/Partnerschaft[21]	
4-3	159-162	wie	neutral[4]	Liebe/Partnerschaft[21]	
4-4	163-168	Blitz	neutral[4]	Liebe/Partnerschaft[21]	
4-5	169-172	und	neutral[4]	Liebe/Partnerschaft[21]	
4-6	173-179	Donner	neutral[4]	Liebe/Partnerschaft[21]	
4-7	180-183	und	neutral[4]	_	
4-8	184-189	immer	neutral[4]	_	
4-9	190-193	nur	neutral[4]	_	
4-10	194-197	auf	neutral[4]	_	
4-11	198-206	brennend	neutral[4]	_	
4-12	207-213	heißer	neutral[4]	_	
4-13	214-218	Spur	neutral[4]	_	
4-14	218-219	.	neutral[4]	_	

#Text=Wir war'n so richtig Freunde für die Ewigkeit, das war doch klar.
5-1	224-227	Wir	positive[5]	_	
5-2	228-233	war'n	positive[5]	_	
5-3	234-236	so	positive[5]	_	
5-4	237-244	richtig	positive[5]	_	
5-5	245-252	Freunde	positive[5]	Liebe/Partnerschaft[22]	
5-6	253-256	für	positive[5]	Liebe/Partnerschaft[22]	
5-7	257-260	die	positive[5]	Liebe/Partnerschaft[22]	
5-8	261-269	Ewigkeit	positive[5]	Liebe/Partnerschaft[22]	
5-9	269-270	,	positive[5]	_	
5-10	271-274	das	positive[5]	_	
5-11	275-278	war	positive[5]	_	
5-12	279-283	doch	positive[5]	_	
5-13	284-288	klar	positive[5]	_	
5-14	288-289	.	positive[5]	_	

#Text=Haben die Wolken nicht gesehn am Horizont, bis es dunkel war.
6-1	290-295	Haben	positive[6]	_	
6-2	296-299	die	positive[6]	_	
6-3	300-306	Wolken	positive[6]	_	
6-4	307-312	nicht	positive[6]	_	
6-5	313-319	gesehn	positive[6]	_	
6-6	320-322	am	positive[6]	_	
6-7	323-331	Horizont	positive[6]	_	
6-8	331-332	,	positive[6]	_	
6-9	333-336	bis	positive[6]	_	
6-10	337-339	es	positive[6]	_	
6-11	340-346	dunkel	positive[6]	_	
6-12	347-350	war	positive[6]	_	
6-13	350-351	.	positive[6]	_	

#Text=Und dann war's passiert, hab' es nicht kapiert, ging alles viel zu schnell.
7-1	352-355	Und	negative[7]	_	
7-2	356-360	dann	negative[7]	_	
7-3	361-366	war's	negative[7]	_	
7-4	367-375	passiert	negative[7]	_	
7-5	375-376	,	negative[7]	_	
7-6	377-380	hab	negative[7]	Persönliches/Emotionen[23]	
7-7	380-381	'	negative[7]	Persönliches/Emotionen[23]	
7-8	382-384	es	negative[7]	Persönliches/Emotionen[23]	
7-9	385-390	nicht	negative[7]	Persönliches/Emotionen[23]	
7-10	391-398	kapiert	negative[7]	Persönliches/Emotionen[23]	
7-11	398-399	,	negative[7]	_	
7-12	400-404	ging	negative[7]	_	
7-13	405-410	alles	negative[7]	_	
7-14	411-415	viel	negative[7]	_	
7-15	416-418	zu	negative[7]	_	
7-16	419-426	schnell	negative[7]	_	
7-17	426-427	.	negative[7]	_	

#Text=Doch zwei wie wir, die dürfen sich nie verlier'n.
8-1	428-432	Doch	neutral[8]	_	
8-2	433-437	zwei	neutral[8]	Liebe/Partnerschaft[24]	
8-3	438-441	wie	neutral[8]	Liebe/Partnerschaft[24]	
8-4	442-445	wir	neutral[8]	Liebe/Partnerschaft[24]	
8-5	445-446	,	neutral[8]	Liebe/Partnerschaft[24]	
8-6	447-450	die	neutral[8]	Liebe/Partnerschaft[24]	
8-7	451-457	dürfen	neutral[8]	Liebe/Partnerschaft[24]	
8-8	458-462	sich	neutral[8]	Liebe/Partnerschaft[24]	
8-9	463-466	nie	neutral[8]	Liebe/Partnerschaft[24]	
8-10	467-476	verlier'n	neutral[8]	Liebe/Partnerschaft[24]	
8-11	476-477	.	neutral[8]	_	

#Text=Hinterm Horizont geht's weiter, ein neuer Tag.
9-1	482-489	Hinterm	positive[9]	_	
9-2	490-498	Horizont	positive[9]	_	
9-3	499-505	geht's	positive[9]	_	
9-4	506-512	weiter	positive[9]	_	
9-5	512-513	,	positive[9]	_	
9-6	514-517	ein	positive[9]	_	
9-7	518-523	neuer	positive[9]	_	
9-8	524-527	Tag	positive[9]	_	
9-9	527-528	.	positive[9]	_	

#Text=Hinterm Horizont immer weiter, zusammen sind wir stark.
10-1	529-536	Hinterm	positive[10]	_	
10-2	537-545	Horizont	positive[10]	_	
10-3	546-551	immer	positive[10]	_	
10-4	552-558	weiter	positive[10]	_	
10-5	558-559	,	positive[10]	_	
10-6	560-568	zusammen	positive[10]	Liebe/Partnerschaft[25]	
10-7	569-573	sind	positive[10]	Liebe/Partnerschaft[25]	
10-8	574-577	wir	positive[10]	Liebe/Partnerschaft[25]	
10-9	578-583	stark	positive[10]	Liebe/Partnerschaft[25]	
10-10	583-584	.	positive[10]	_	

#Text=Das mit uns ging so tief rein, das kann nie zu Ende sein, so was Großes geht nicht einfach so vorbei.
11-1	589-592	Das	positive[11]	_	
11-2	593-596	mit	positive[11]	_	
11-3	597-600	uns	positive[11]	_	
11-4	601-605	ging	positive[11]	_	
11-5	606-608	so	positive[11]	_	
11-6	609-613	tief	positive[11]	_	
11-7	614-618	rein	positive[11]	_	
11-8	618-619	,	positive[11]	_	
11-9	620-623	das	positive[11]	_	
11-10	624-628	kann	positive[11]	_	
11-11	629-632	nie	positive[11]	_	
11-12	633-635	zu	positive[11]	_	
11-13	636-640	Ende	positive[11]	_	
11-14	641-645	sein	positive[11]	_	
11-15	645-646	,	positive[11]	_	
11-16	647-649	so	positive[11]	Liebe/Partnerschaft[26]	
11-17	650-653	was	positive[11]	Liebe/Partnerschaft[26]	
11-18	654-660	Großes	positive[11]	Liebe/Partnerschaft[26]	
11-19	661-665	geht	positive[11]	Liebe/Partnerschaft[26]	
11-20	666-671	nicht	positive[11]	Liebe/Partnerschaft[26]	
11-21	672-679	einfach	positive[11]	Liebe/Partnerschaft[26]	
11-22	680-682	so	positive[11]	Liebe/Partnerschaft[26]	
11-23	683-689	vorbei	positive[11]	Liebe/Partnerschaft[26]	
11-24	689-690	.	positive[11]	_	

#Text=Du und ich, das war einfach unschlagbar, ein Paar wie Blitz und Donner.
12-1	691-693	Du	positive[12]	Liebe/Partnerschaft[27]	
12-2	694-697	und	positive[12]	Liebe/Partnerschaft[27]	
12-3	698-701	ich	positive[12]	Liebe/Partnerschaft[27]	
12-4	701-702	,	positive[12]	_	
12-5	703-706	das	positive[12]	_	
12-6	707-710	war	positive[12]	_	
12-7	711-718	einfach	positive[12]	_	
12-8	719-730	unschlagbar	positive[12]	Liebe/Partnerschaft	
12-9	730-731	,	positive[12]	_	
12-10	732-735	ein	positive[12]	_	
12-11	736-740	Paar	positive[12]	Liebe/Partnerschaft[28]	
12-12	741-744	wie	positive[12]	Liebe/Partnerschaft[28]	
12-13	745-750	Blitz	positive[12]	Liebe/Partnerschaft[28]	
12-14	751-754	und	positive[12]	Liebe/Partnerschaft[28]	
12-15	755-761	Donner	positive[12]	Liebe/Partnerschaft[28]	
12-16	761-762	.	positive[12]	_	

#Text=Zwei wie wir, die können sich nie verlier'n.
13-1	763-767	Zwei	positive[13]	Liebe/Partnerschaft[29]	
13-2	768-771	wie	positive[13]	Liebe/Partnerschaft[29]	
13-3	772-775	wir	positive[13]	Liebe/Partnerschaft[29]	
13-4	775-776	,	positive[13]	Liebe/Partnerschaft[29]	
13-5	777-780	die	positive[13]	Liebe/Partnerschaft[29]	
13-6	781-787	können	positive[13]	Liebe/Partnerschaft[29]	
13-7	788-792	sich	positive[13]	Liebe/Partnerschaft[29]	
13-8	793-796	nie	positive[13]	Liebe/Partnerschaft[29]	
13-9	797-806	verlier'n	positive[13]	Liebe/Partnerschaft[29]	
13-10	806-807	.	positive[13]	Liebe/Partnerschaft[29]	

#Text=Hinterm Horizont geht's weiter, ein neuer Tag.
14-1	812-819	Hinterm	positive[14]	_	
14-2	820-828	Horizont	positive[14]	_	
14-3	829-835	geht's	positive[14]	_	
14-4	836-842	weiter	positive[14]	_	
14-5	842-843	,	positive[14]	_	
14-6	844-847	ein	positive[14]	_	
14-7	848-853	neuer	positive[14]	_	
14-8	854-857	Tag	positive[14]	_	
14-9	857-858	.	positive[14]	_	

#Text=Hinterm Horizont immer weiter, zusammen sind wir stark.
15-1	859-866	Hinterm	positive[15]	_	
15-2	867-875	Horizont	positive[15]	_	
15-3	876-881	immer	positive[15]	_	
15-4	882-888	weiter	positive[15]	_	
15-5	888-889	,	positive[15]	_	
15-6	890-898	zusammen	positive[15]	Liebe/Partnerschaft[30]	
15-7	899-903	sind	positive[15]	Liebe/Partnerschaft[30]	
15-8	904-907	wir	positive[15]	Liebe/Partnerschaft[30]	
15-9	908-913	stark	positive[15]	Liebe/Partnerschaft[30]	
15-10	913-914	.	positive[15]	_	

#Text=Das mit uns ging so tief rein, das kann nie zu Ende sein.
16-1	919-922	Das	positive[16]	_	
16-2	923-926	mit	positive[16]	_	
16-3	927-930	uns	positive[16]	_	
16-4	931-935	ging	positive[16]	_	
16-5	936-938	so	positive[16]	_	
16-6	939-943	tief	positive[16]	_	
16-7	944-948	rein	positive[16]	_	
16-8	948-949	,	positive[16]	_	
16-9	950-953	das	positive[16]	_	
16-10	954-958	kann	positive[16]	_	
16-11	959-962	nie	positive[16]	_	
16-12	963-965	zu	positive[16]	_	
16-13	966-970	Ende	positive[16]	_	
16-14	971-975	sein	positive[16]	_	
16-15	975-976	.	positive[16]	_	

#Text=Denn zwei wie wir, die können sich nie verlier'n.
17-1	977-981	Denn	positive[17]	_	
17-2	982-986	zwei	positive[17]	Liebe/Partnerschaft[31]	
17-3	987-990	wie	positive[17]	Liebe/Partnerschaft[31]	
17-4	991-994	wir	positive[17]	Liebe/Partnerschaft[31]	
17-5	994-995	,	positive[17]	Liebe/Partnerschaft[31]	
17-6	996-999	die	positive[17]	Liebe/Partnerschaft[31]	
17-7	1000-1006	können	positive[17]	Liebe/Partnerschaft[31]	
17-8	1007-1011	sich	positive[17]	Liebe/Partnerschaft[31]	
17-9	1012-1015	nie	positive[17]	Liebe/Partnerschaft[31]	
17-10	1016-1025	verlier'n	positive[17]	Liebe/Partnerschaft[31]	
17-11	1025-1026	.	positive[17]	_	

#Text=Hinterm Horizont geht's weiter.
18-1	1027-1034	Hinterm	positive[18]	_	
18-2	1035-1043	Horizont	positive[18]	_	
18-3	1044-1050	geht's	positive[18]	_	
18-4	1051-1057	weiter	positive[18]	_	
18-5	1057-1058	.	positive[18]	_	
