#FORMAT=WebAnno TSV 3.2
#T_SP=webanno.custom.Sentiment|Polarity
#T_SP=webanno.custom.Topic|Topics


#Text=Wenn du mich so ansiehst , fällt mir nichts mehr ein , wenn du willst, dann nimm mich , es kann für immer sein , ich geb' dir alles, was ich bin , das ist mein Versprechen , jeder Tag ohne dich ein Verbrechen.
1-1	0-4	Wenn	positive[1]	_	
1-2	5-7	du	positive[1]	_	
1-3	8-12	mich	positive[1]	_	
1-4	13-15	so	positive[1]	_	
1-5	16-24	ansiehst	positive[1]	_	
1-6	25-26	,	positive[1]	_	
1-7	27-32	fällt	positive[1]	_	
1-8	33-36	mir	positive[1]	_	
1-9	37-43	nichts	positive[1]	_	
1-10	44-48	mehr	positive[1]	_	
1-11	49-52	ein	positive[1]	_	
1-12	53-54	,	_	_	
1-13	55-59	wenn	positive[2]	_	
1-14	60-62	du	positive[2]	_	
1-15	63-69	willst	positive[2]	_	
1-16	69-70	,	positive[2]	_	
1-17	71-75	dann	positive[2]	_	
1-18	76-80	nimm	positive[2]	_	
1-19	81-85	mich	positive[2]	_	
1-20	86-87	,	positive[2]	_	
1-21	88-90	es	positive[2]	_	
1-22	91-95	kann	positive[2]	_	
1-23	96-99	für	positive[2]	_	
1-24	100-105	immer	positive[2]	_	
1-25	106-110	sein	positive[2]	_	
1-26	111-112	,	_	_	
1-27	113-116	ich	positive[3]	Liebe/Partnerschaft[8]	
1-28	117-120	geb	positive[3]	Liebe/Partnerschaft[8]	
1-29	120-121	'	positive[3]	Liebe/Partnerschaft[8]	
1-30	122-125	dir	positive[3]	Liebe/Partnerschaft[8]	
1-31	126-131	alles	positive[3]	Liebe/Partnerschaft[8]	
1-32	131-132	,	positive[3]	Liebe/Partnerschaft[8]	
1-33	133-136	was	positive[3]	Liebe/Partnerschaft[8]	
1-34	137-140	ich	positive[3]	Liebe/Partnerschaft[8]	
1-35	141-144	bin	positive[3]	Liebe/Partnerschaft[8]	
1-36	145-146	,	positive[3]	_	
1-37	147-150	das	positive[3]	_	
1-38	151-154	ist	positive[3]	_	
1-39	155-159	mein	positive[3]	_	
1-40	160-171	Versprechen	positive[3]	Liebe/Partnerschaft	
1-41	172-173	,	_	_	
1-42	174-179	jeder	positive[4]	Liebe/Partnerschaft[9]	
1-43	180-183	Tag	positive[4]	Liebe/Partnerschaft[9]	
1-44	184-188	ohne	positive[4]	Liebe/Partnerschaft[9]	
1-45	189-193	dich	positive[4]	Liebe/Partnerschaft[9]	
1-46	194-197	ein	positive[4]	Liebe/Partnerschaft[9]	
1-47	198-208	Verbrechen	positive[4]	Liebe/Partnerschaft[9]	
1-48	208-209	.	_	_	

#Text=Ich liebe hohe Spannung  und stehe meistens unter Strom .
2-1	214-217	Ich	positive[5]	_	
2-2	218-223	liebe	positive[5]	Liebe/Partnerschaft	
2-3	224-228	hohe	positive[5]	_	
2-4	229-237	Spannung	positive[5]	_	
2-5	239-242	und	positive[5]	_	
2-6	243-248	stehe	positive[5]	_	
2-7	249-257	meistens	positive[5]	_	
2-8	258-263	unter	positive[5]	_	
2-9	264-269	Strom	positive[5]	_	
2-10	270-271	.	_	_	

#Text=Und die Hochzeit feiern wir  in Panik-Manier im Petersdom  und meinetwegen 13 Kinder , alle total verrückt , oh, Babe, Babe, nimm mich in deine Arme , oh, Kleine, ich bin absolut verzückt.
3-1	272-275	Und	positive[6]	_	
3-2	276-279	die	positive[6]	_	
3-3	280-288	Hochzeit	positive[6]	Liebe/Partnerschaft	
3-4	289-295	feiern	positive[6]	_	
3-5	296-299	wir	positive[6]	_	
3-6	301-303	in	positive[6]	_	
3-7	304-316	Panik-Manier	positive[6]	_	
3-8	317-319	im	positive[6]	_	
3-9	320-329	Petersdom	positive[6]	_	
3-10	331-334	und	positive[6]	_	
3-11	335-346	meinetwegen	positive[6]	_	
3-12	347-349	13	positive[6]	_	
3-13	350-356	Kinder	positive[6]	_	
3-14	357-358	,	positive[6]	_	
3-15	359-363	alle	positive[6]	_	
3-16	364-369	total	positive[6]	_	
3-17	370-378	verrückt	positive[6]	_	
3-18	379-380	,	positive[6]	_	
3-19	381-383	oh	positive[6]	_	
3-20	383-384	,	positive[6]	_	
3-21	385-389	Babe	positive[6]	Liebe/Partnerschaft[10]	
3-22	389-390	,	positive[6]	Liebe/Partnerschaft[10]	
3-23	391-395	Babe	positive[6]	Liebe/Partnerschaft[10]	
3-24	395-396	,	positive[6]	_	
3-25	397-401	nimm	positive[6]	_	
3-26	402-406	mich	positive[6]	_	
3-27	407-409	in	positive[6]	_	
3-28	410-415	deine	positive[6]	_	
3-29	416-420	Arme	positive[6]	_	
3-30	421-422	,	positive[6]	_	
3-31	423-425	oh	positive[6]	_	
3-32	425-426	,	positive[6]	_	
3-33	427-433	Kleine	positive[6]	_	
3-34	433-434	,	positive[6]	_	
3-35	435-438	ich	positive[6]	_	
3-36	439-442	bin	positive[6]	_	
3-37	443-450	absolut	positive[6]	Liebe/Partnerschaft[11]	
3-38	451-459	verzückt	positive[6]	Liebe/Partnerschaft[11]	
3-39	459-460	.	_	_	

#Text=Nur zu dir fallen mir solche schönen Träume ein , ich will jede Sekunde nur noch mit dir zusammen sein , bis ans Ende der Welt, wenn es das gibt , halt mich fest, mir wird schwindlig , ich bin so sehr verliebt.
4-1	465-468	Nur	positive[7]	_	
4-2	469-471	zu	positive[7]	_	
4-3	472-475	dir	positive[7]	_	
4-4	476-482	fallen	positive[7]	_	
4-5	483-486	mir	positive[7]	_	
4-6	487-493	solche	positive[7]	_	
4-7	494-501	schönen	positive[7]	_	
4-8	502-508	Träume	positive[7]	_	
4-9	509-512	ein	positive[7]	_	
4-10	513-514	,	positive[7]	_	
4-11	515-518	ich	positive[7]	_	
4-12	519-523	will	positive[7]	_	
4-13	524-528	jede	positive[7]	_	
4-14	529-536	Sekunde	positive[7]	_	
4-15	537-540	nur	positive[7]	_	
4-16	541-545	noch	positive[7]	_	
4-17	546-549	mit	positive[7]	Liebe/Partnerschaft[12]	
4-18	550-553	dir	positive[7]	Liebe/Partnerschaft[12]	
4-19	554-562	zusammen	positive[7]	Liebe/Partnerschaft[12]	
4-20	563-567	sein	positive[7]	Liebe/Partnerschaft[12]	
4-21	568-569	,	positive[7]	_	
4-22	570-573	bis	positive[7]	_	
4-23	574-577	ans	positive[7]	_	
4-24	578-582	Ende	positive[7]	_	
4-25	583-586	der	positive[7]	_	
4-26	587-591	Welt	positive[7]	_	
4-27	591-592	,	positive[7]	_	
4-28	593-597	wenn	positive[7]	_	
4-29	598-600	es	positive[7]	_	
4-30	601-604	das	positive[7]	_	
4-31	605-609	gibt	positive[7]	_	
4-32	610-611	,	positive[7]	_	
4-33	612-616	halt	positive[7]	_	
4-34	617-621	mich	positive[7]	_	
4-35	622-626	fest	positive[7]	_	
4-36	626-627	,	positive[7]	_	
4-37	628-631	mir	positive[7]	_	
4-38	632-636	wird	positive[7]	_	
4-39	637-647	schwindlig	positive[7]	_	
4-40	648-649	,	positive[7]	_	
4-41	650-653	ich	positive[7]	_	
4-42	654-657	bin	positive[7]	_	
4-43	658-660	so	positive[7]	_	
4-44	661-665	sehr	positive[7]	_	
4-45	666-674	verliebt	positive[7]	Liebe/Partnerschaft	
4-46	674-675	.	_	_	
