#FORMAT=WebAnno TSV 3.2
#T_SP=webanno.custom.Sentiment|Polarity
#T_SP=webanno.custom.Topic|Topics


#Text=Gott, wenn es dich gibt, wie immer du auch heißt und trägst du noch so viele Namen, Gott, wenn es dich gibt, Allah, Jesus, Buddha - und alle, die vor und nach dir kamen.
1-1	0-4	Gott	neutral[1]	_	
1-2	4-5	,	neutral[1]	_	
1-3	6-10	wenn	neutral[1]	_	
1-4	11-13	es	neutral[1]	_	
1-5	14-18	dich	neutral[1]	_	
1-6	19-23	gibt	neutral[1]	_	
1-7	23-24	,	neutral[1]	_	
1-8	25-28	wie	neutral[1]	_	
1-9	29-34	immer	neutral[1]	_	
1-10	35-37	du	neutral[1]	_	
1-11	38-42	auch	neutral[1]	_	
1-12	43-48	heißt	neutral[1]	_	
1-13	49-52	und	neutral[1]	_	
1-14	53-59	trägst	neutral[1]	_	
1-15	60-62	du	neutral[1]	_	
1-16	63-67	noch	neutral[1]	_	
1-17	68-70	so	neutral[1]	_	
1-18	71-76	viele	neutral[1]	_	
1-19	77-82	Namen	neutral[1]	_	
1-20	82-83	,	neutral[1]	_	
1-21	84-88	Gott	neutral[1]	_	
1-22	88-89	,	neutral[1]	_	
1-23	90-94	wenn	neutral[1]	_	
1-24	95-97	es	neutral[1]	_	
1-25	98-102	dich	neutral[1]	_	
1-26	103-107	gibt	neutral[1]	_	
1-27	107-108	,	neutral[1]	_	
1-28	109-114	Allah	neutral[1]	Politik/Soziales/Missstände[12]	
1-29	114-115	,	neutral[1]	Politik/Soziales/Missstände[12]	
1-30	116-121	Jesus	neutral[1]	Politik/Soziales/Missstände[12]	
1-31	121-122	,	neutral[1]	Politik/Soziales/Missstände[12]	
1-32	123-129	Buddha	neutral[1]	Politik/Soziales/Missstände[12]	
1-33	130-131	-	neutral[1]	_	
1-34	132-135	und	neutral[1]	_	
1-35	136-140	alle	neutral[1]	_	
1-36	140-141	,	neutral[1]	_	
1-37	142-145	die	neutral[1]	_	
1-38	146-149	vor	neutral[1]	_	
1-39	150-153	und	neutral[1]	_	
1-40	154-158	nach	neutral[1]	_	
1-41	159-162	dir	neutral[1]	_	
1-42	163-168	kamen	neutral[1]	_	
1-43	168-169	.	neutral[1]	_	

#Text=Nun steh' ich hier mit meinem kleinen Glauben, wie lange hält man das denn aus?
2-1	174-177	Nun	negative[2]	_	
2-2	178-182	steh	negative[2]	_	
2-3	182-183	'	negative[2]	_	
2-4	184-187	ich	negative[2]	_	
2-5	188-192	hier	negative[2]	_	
2-6	193-196	mit	negative[2]	_	
2-7	197-203	meinem	negative[2]	Persönliches/Emotionen[13]	
2-8	204-211	kleinen	negative[2]	Persönliches/Emotionen[13]	
2-9	212-219	Glauben	negative[2]	Persönliches/Emotionen[13]	
2-10	219-220	,	negative[2]	_	
2-11	221-224	wie	negative[2]	_	
2-12	225-230	lange	negative[2]	_	
2-13	231-235	hält	negative[2]	_	
2-14	236-239	man	negative[2]	_	
2-15	240-243	das	negative[2]	_	
2-16	244-248	denn	negative[2]	_	
2-17	249-252	aus	negative[2]	_	
2-18	252-253	?	negative[2]	_	

#Text=Ja, muss denn diese Welt, wenn ich irgendwann mal geh'n muss, immer noch so sein wie'n Irrenhaus?
3-1	254-256	Ja	negative[3]	_	
3-2	256-257	,	negative[3]	_	
3-3	258-262	muss	negative[3]	_	
3-4	263-267	denn	negative[3]	_	
3-5	268-273	diese	negative[3]	_	
3-6	274-278	Welt	negative[3]	_	
3-7	278-279	,	negative[3]	_	
3-8	280-284	wenn	negative[3]	_	
3-9	285-288	ich	negative[3]	_	
3-10	289-299	irgendwann	negative[3]	_	
3-11	300-303	mal	negative[3]	_	
3-12	304-309	geh'n	negative[3]	_	
3-13	310-314	muss	negative[3]	_	
3-14	314-315	,	negative[3]	_	
3-15	316-321	immer	negative[3]	_	
3-16	322-326	noch	negative[3]	_	
3-17	327-329	so	negative[3]	_	
3-18	330-334	sein	negative[3]	_	
3-19	335-340	wie'n	negative[3]	_	
3-20	341-350	Irrenhaus	negative[3]	Politik/Soziales/Missstände	
3-21	350-351	?	negative[3]	_	

#Text=Gib mir die Power, ich will dafür steh'n, die Welt zu ändern, das muss doch geh'n.
4-1	356-359	Gib	neutral[4]	_	
4-2	360-363	mir	neutral[4]	_	
4-3	364-367	die	neutral[4]	_	
4-4	368-373	Power	neutral[4]	_	
4-5	373-374	,	neutral[4]	_	
4-6	375-378	ich	neutral[4]	_	
4-7	379-383	will	neutral[4]	Persönliches/Emotionen[14]	
4-8	384-389	dafür	neutral[4]	Persönliches/Emotionen[14]	
4-9	390-396	steh'n	neutral[4]	Persönliches/Emotionen[14]	
4-10	396-397	,	neutral[4]	_	
4-11	398-401	die	neutral[4]	_	
4-12	402-406	Welt	neutral[4]	_	
4-13	407-409	zu	neutral[4]	_	
4-14	410-416	ändern	neutral[4]	_	
4-15	416-417	,	neutral[4]	_	
4-16	418-421	das	neutral[4]	_	
4-17	422-426	muss	neutral[4]	_	
4-18	427-431	doch	neutral[4]	_	
4-19	432-437	geh'n	neutral[4]	_	
4-20	437-438	.	neutral[4]	_	

#Text=Gott, nun steh' ich hier an den Cliffs von Dublin, graue Wolkenberge, zeig' mir das Licht.
5-1	443-447	Gott	neutral[5]	_	
5-2	447-448	,	neutral[5]	_	
5-3	449-452	nun	neutral[5]	_	
5-4	453-457	steh	neutral[5]	_	
5-5	457-458	'	neutral[5]	_	
5-6	459-462	ich	neutral[5]	_	
5-7	463-467	hier	neutral[5]	_	
5-8	468-470	an	neutral[5]	_	
5-9	471-474	den	neutral[5]	_	
5-10	475-481	Cliffs	neutral[5]	Reisen[15]	
5-11	482-485	von	neutral[5]	Reisen[15]	
5-12	486-492	Dublin	neutral[5]	Reisen[15]	
5-13	492-493	,	neutral[5]	_	
5-14	494-499	graue	neutral[5]	_	
5-15	500-511	Wolkenberge	neutral[5]	_	
5-16	511-512	,	neutral[5]	_	
5-17	513-517	zeig	neutral[5]	_	
5-18	517-518	'	neutral[5]	_	
5-19	519-522	mir	neutral[5]	_	
5-20	523-526	das	neutral[5]	_	
5-21	527-532	Licht	neutral[5]	_	
5-22	532-533	.	neutral[5]	_	

#Text=Wohnst du da drüber oder bist du ein Gerücht?
6-1	534-540	Wohnst	negative[6]	_	
6-2	541-543	du	negative[6]	_	
6-3	544-546	da	negative[6]	_	
6-4	547-553	drüber	negative[6]	_	
6-5	554-558	oder	negative[6]	_	
6-6	559-563	bist	negative[6]	_	
6-7	564-566	du	negative[6]	_	
6-8	567-570	ein	negative[6]	_	
6-9	571-578	Gerücht	negative[6]	Politik/Soziales/Missstände	
6-10	578-579	?	negative[6]	_	

#Text=Die Kriege toben, warum änderst du's nicht?
7-1	580-583	Die	negative[7]	_	
7-2	584-590	Kriege	negative[7]	Politik/Soziales/Missstände[16]	
7-3	591-596	toben	negative[7]	Politik/Soziales/Missstände[16]	
7-4	596-597	,	negative[7]	_	
7-5	598-603	warum	negative[7]	_	
7-6	604-611	änderst	negative[7]	_	
7-7	612-616	du's	negative[7]	_	
7-8	617-622	nicht	negative[7]	_	
7-9	622-623	?	negative[7]	_	

#Text=Nun steh' ich hier mit meinem kleinen Glauben, wie lange hält man das denn aus?
8-1	628-631	Nun	negative[8]	_	
8-2	632-636	steh	negative[8]	_	
8-3	636-637	'	negative[8]	_	
8-4	638-641	ich	negative[8]	_	
8-5	642-646	hier	negative[8]	_	
8-6	647-650	mit	negative[8]	_	
8-7	651-657	meinem	negative[8]	Persönliches/Emotionen[17]	
8-8	658-665	kleinen	negative[8]	Persönliches/Emotionen[17]	
8-9	666-673	Glauben	negative[8]	Persönliches/Emotionen[17]	
8-10	673-674	,	negative[8]	_	
8-11	675-678	wie	negative[8]	_	
8-12	679-684	lange	negative[8]	_	
8-13	685-689	hält	negative[8]	_	
8-14	690-693	man	negative[8]	_	
8-15	694-697	das	negative[8]	_	
8-16	698-702	denn	negative[8]	_	
8-17	703-706	aus	negative[8]	_	
8-18	706-707	?	negative[8]	_	

#Text=Gott, wenn es dich gibt, wie immer du auch heißt.
9-1	708-712	Gott	neutral[9]	_	
9-2	712-713	,	neutral[9]	_	
9-3	714-718	wenn	neutral[9]	_	
9-4	719-721	es	neutral[9]	_	
9-5	722-726	dich	neutral[9]	_	
9-6	727-731	gibt	neutral[9]	_	
9-7	731-732	,	neutral[9]	_	
9-8	733-736	wie	neutral[9]	_	
9-9	737-742	immer	neutral[9]	_	
9-10	743-745	du	neutral[9]	_	
9-11	746-750	auch	neutral[9]	_	
9-12	751-756	heißt	neutral[9]	_	
9-13	756-757	.	neutral[9]	_	

#Text=Die Welt ist doch 'n Irrenhaus.
10-1	758-761	Die	negative[10]	_	
10-2	762-766	Welt	negative[10]	_	
10-3	767-770	ist	negative[10]	_	
10-4	771-775	doch	negative[10]	_	
10-5	776-777	'	negative[10]	_	
10-6	777-778	n	negative[10]	_	
10-7	779-788	Irrenhaus	negative[10]	Politik/Soziales/Missstände	
10-8	788-789	.	negative[10]	_	

#Text=Gib mir die Power, ich will dafür steh'n, die Welt zu ändern, das muss doch geh'n.
11-1	794-797	Gib	neutral[11]	_	
11-2	798-801	mir	neutral[11]	_	
11-3	802-805	die	neutral[11]	_	
11-4	806-811	Power	neutral[11]	_	
11-5	811-812	,	neutral[11]	_	
11-6	813-816	ich	neutral[11]	_	
11-7	817-821	will	neutral[11]	Persönliches/Emotionen[18]	
11-8	822-827	dafür	neutral[11]	Persönliches/Emotionen[18]	
11-9	828-834	steh'n	neutral[11]	Persönliches/Emotionen[18]	
11-10	834-835	,	neutral[11]	_	
11-11	836-839	die	neutral[11]	_	
11-12	840-844	Welt	neutral[11]	_	
11-13	845-847	zu	neutral[11]	_	
11-14	848-854	ändern	neutral[11]	_	
11-15	854-855	,	neutral[11]	_	
11-16	856-859	das	neutral[11]	_	
11-17	860-864	muss	neutral[11]	_	
11-18	865-869	doch	neutral[11]	_	
11-19	870-875	geh'n	neutral[11]	_	
11-20	875-876	.	neutral[11]	_	
