#FORMAT=WebAnno TSV 3.2
#T_SP=webanno.custom.Sentiment|Polarity
#T_SP=webanno.custom.Topic|Topics


#Text=Wir waren völlig fertig und konnten's einfach nicht glauben und man sah, große Ereignisse werfen ihre Schatten unter die Augen.
1-1	0-3	Wir	negative[1]	_	
1-2	4-9	waren	negative[1]	_	
1-3	10-16	völlig	negative[1]	Persönliches/Emotionen[18]	
1-4	17-23	fertig	negative[1]	Persönliches/Emotionen[18]	
1-5	24-27	und	negative[1]	_	
1-6	28-37	konnten's	negative[1]	Persönliches/Emotionen[19]	
1-7	38-45	einfach	negative[1]	Persönliches/Emotionen[19]	
1-8	46-51	nicht	negative[1]	Persönliches/Emotionen[19]	
1-9	52-59	glauben	negative[1]	Persönliches/Emotionen[19]	
1-10	60-63	und	negative[1]	_	
1-11	64-67	man	negative[1]	_	
1-12	68-71	sah	negative[1]	_	
1-13	71-72	,	negative[1]	_	
1-14	73-78	große	negative[1]	_	
1-15	79-89	Ereignisse	negative[1]	_	
1-16	90-96	werfen	negative[1]	_	
1-17	97-101	ihre	negative[1]	_	
1-18	102-110	Schatten	negative[1]	_	
1-19	111-116	unter	negative[1]	_	
1-20	117-120	die	negative[1]	_	
1-21	121-126	Augen	negative[1]	_	
1-22	126-127	.	negative[1]	_	

#Text=Dann haben wir unser Blut vermischt mit Indianerversprechen und es war ganz klar, unsere Verschwörung werden wir nie brechen.
2-1	132-136	Dann	positive[2]	_	
2-2	137-142	haben	positive[2]	_	
2-3	143-146	wir	positive[2]	_	
2-4	147-152	unser	positive[2]	_	
2-5	153-157	Blut	positive[2]	_	
2-6	158-167	vermischt	positive[2]	_	
2-7	168-171	mit	positive[2]	_	
2-8	172-191	Indianerversprechen	positive[2]	Politik/Soziales/Missstände	
2-9	192-195	und	positive[2]	_	
2-10	196-198	es	positive[2]	Persönliches/Emotionen[20]	
2-11	199-202	war	positive[2]	Persönliches/Emotionen[20]	
2-12	203-207	ganz	positive[2]	Persönliches/Emotionen[20]	
2-13	208-212	klar	positive[2]	Persönliches/Emotionen[20]	
2-14	212-213	,	positive[2]	_	
2-15	214-220	unsere	positive[2]	_	
2-16	221-233	Verschwörung	positive[2]	Politik/Soziales/Missstände	
2-17	234-240	werden	positive[2]	_	
2-18	241-244	wir	positive[2]	_	
2-19	245-248	nie	positive[2]	_	
2-20	249-256	brechen	positive[2]	_	
2-21	256-257	.	positive[2]	_	

#Text=Und wir waren die zwei Geflippten, die durch nichts zu bremsen sind und wir schwammen gegen die Strömung und rannten gegen den Wind.
3-1	262-265	Und	positive[3]	_	
3-2	266-269	wir	positive[3]	_	
3-3	270-275	waren	positive[3]	_	
3-4	276-279	die	positive[3]	_	
3-5	280-284	zwei	positive[3]	_	
3-6	285-295	Geflippten	positive[3]	Politik/Soziales/Missstände	
3-7	295-296	,	positive[3]	_	
3-8	297-300	die	positive[3]	_	
3-9	301-306	durch	positive[3]	_	
3-10	307-313	nichts	positive[3]	_	
3-11	314-316	zu	positive[3]	_	
3-12	317-324	bremsen	positive[3]	_	
3-13	325-329	sind	positive[3]	_	
3-14	330-333	und	positive[3]	_	
3-15	334-337	wir	positive[3]	_	
3-16	338-347	schwammen	positive[3]	Persönliches/Emotionen[21]	
3-17	348-353	gegen	positive[3]	Persönliches/Emotionen[21]	
3-18	354-357	die	positive[3]	Persönliches/Emotionen[21]	
3-19	358-366	Strömung	positive[3]	Persönliches/Emotionen[21]	
3-20	367-370	und	positive[3]	_	
3-21	371-378	rannten	positive[3]	_	
3-22	379-384	gegen	positive[3]	_	
3-23	385-388	den	positive[3]	_	
3-24	389-393	Wind	positive[3]	_	
3-25	393-394	.	positive[3]	_	

#Text=Für sogenannte Normale waren wir das Duo Infernale.
4-1	395-398	Für	neutral[4]	_	
4-2	399-409	sogenannte	neutral[4]	_	
4-3	410-417	Normale	neutral[4]	Politik/Soziales/Missstände	
4-4	418-423	waren	neutral[4]	_	
4-5	424-427	wir	neutral[4]	_	
4-6	428-431	das	neutral[4]	_	
4-7	432-435	Duo	neutral[4]	Liebe/Partnerschaft[22]	
4-8	436-445	Infernale	neutral[4]	Liebe/Partnerschaft[22]	
4-9	445-446	.	neutral[4]	_	

#Text=Für uns war das alles ganz lockere Action, doch für die war'n das gleich Skandale  
#Text= 
#Text=Ich sagte dir: "Ich geh mit dir durch Dick und Dünn aber nicht durch Dick und Doof.
5-1	447-450	Für	negative[5]	_	
5-2	451-454	uns	negative[5]	_	
5-3	455-458	war	negative[5]	_	
5-4	459-462	das	negative[5]	_	
5-5	463-468	alles	negative[5]	_	
5-6	469-473	ganz	negative[5]	_	
5-7	474-481	lockere	negative[5]	_	
5-8	482-488	Action	negative[5]	_	
5-9	488-489	,	negative[5]	_	
5-10	490-494	doch	negative[5]	_	
5-11	495-498	für	negative[5]	_	
5-12	499-502	die	negative[5]	_	
5-13	503-508	war'n	negative[5]	_	
5-14	509-512	das	negative[5]	_	
5-15	513-519	gleich	negative[5]	_	
5-16	520-528	Skandale	negative[5]	Politik/Soziales/Missstände	
5-17	533-536	Ich	positive[6]	_	
5-18	537-542	sagte	positive[6]	_	
5-19	543-546	dir	positive[6]	_	
5-20	546-547	:	positive[6]	_	
5-21	548-549	"	positive[6]	_	
5-22	549-552	Ich	positive[6]	_	
5-23	553-556	geh	positive[6]	_	
5-24	557-560	mit	positive[6]	_	
5-25	561-564	dir	positive[6]	_	
5-26	565-570	durch	positive[6]	_	
5-27	571-575	Dick	positive[6]	_	
5-28	576-579	und	positive[6]	_	
5-29	580-584	Dünn	positive[6]	_	
5-30	585-589	aber	positive[6]	_	
5-31	590-595	nicht	positive[6]	_	
5-32	596-601	durch	positive[6]	_	
5-33	602-606	Dick	positive[6]	_	
5-34	607-610	und	positive[6]	_	
5-35	611-615	Doof	positive[6]	_	
5-36	615-616	.	positive[6]	_	

#Text=Bitte schmeiß' nicht gleich uns're Liebe weg, wenn ich mal mit 'ner anderen poof'.
6-1	617-622	Bitte	negative[7]	_	
6-2	623-630	schmeiß	negative[7]	Liebe/Partnerschaft[23]	
6-3	630-631	'	negative[7]	Liebe/Partnerschaft[23]	
6-4	632-637	nicht	negative[7]	Liebe/Partnerschaft[23]	
6-5	638-644	gleich	negative[7]	Liebe/Partnerschaft[23]	
6-6	645-651	uns're	negative[7]	Liebe/Partnerschaft[23]	
6-7	652-657	Liebe	negative[7]	Liebe/Partnerschaft[23]	
6-8	658-661	weg	negative[7]	Liebe/Partnerschaft[23]	
6-9	661-662	,	negative[7]	_	
6-10	663-667	wenn	negative[7]	_	
6-11	668-671	ich	negative[7]	_	
6-12	672-675	mal	negative[7]	_	
6-13	676-679	mit	negative[7]	Liebe/Partnerschaft[24]	
6-14	680-681	'	negative[7]	Liebe/Partnerschaft[24]	
6-15	681-684	ner	negative[7]	Liebe/Partnerschaft[24]	
6-16	685-692	anderen	negative[7]	Liebe/Partnerschaft[24]	
6-17	693-697	poof	negative[7]	Liebe/Partnerschaft[24]	
6-18	697-698	'	negative[7]	_	
6-19	698-699	.	negative[7]	_	

#Text=Ich hab' dir auch nie 'ne Freiheit geklaut und einfach irgendwas bestimmt.
7-1	700-703	Ich	positive[8]	_	
7-2	704-707	hab	positive[8]	_	
7-3	707-708	'	positive[8]	_	
7-4	709-712	dir	positive[8]	_	
7-5	713-717	auch	positive[8]	_	
7-6	718-721	nie	positive[8]	_	
7-7	722-723	'	positive[8]	_	
7-8	723-725	ne	positive[8]	_	
7-9	726-734	Freiheit	positive[8]	Politik/Soziales/Missstände[25]	
7-10	735-742	geklaut	positive[8]	Politik/Soziales/Missstände[25]	
7-11	743-746	und	positive[8]	_	
7-12	747-754	einfach	positive[8]	_	
7-13	755-764	irgendwas	positive[8]	_	
7-14	765-773	bestimmt	positive[8]	_	
7-15	773-774	.	positive[8]	_	

#Text=Wer weiß, ob wir sonst immer noch das Power-Team wär'n, dassdas sich jede Freiheit rausnimmt."
8-1	775-778	Wer	negative[9]	_	
8-2	779-783	weiß	negative[9]	_	
8-3	783-784	,	negative[9]	_	
8-4	785-787	ob	negative[9]	_	
8-5	788-791	wir	negative[9]	_	
8-6	792-797	sonst	negative[9]	_	
8-7	798-803	immer	negative[9]	_	
8-8	804-808	noch	negative[9]	_	
8-9	809-812	das	negative[9]	_	
8-10	813-823	Power-Team	negative[9]	Liebe/Partnerschaft	
8-11	824-829	wär'n	negative[9]	_	
8-12	829-830	,	negative[9]	_	
8-13	831-838	dassdas	negative[9]	_	
8-14	839-843	sich	negative[9]	_	
8-15	844-848	jede	negative[9]	_	
8-16	849-857	Freiheit	negative[9]	Politik/Soziales/Missstände[26]	
8-17	858-867	rausnimmt	negative[9]	Politik/Soziales/Missstände[26]	
8-18	867-868	.	negative[9]	_	
8-19	868-869	"	negative[9]	_	

#Text=Und die Leute motzen: "Da kommen die zwei Geflippten, die durch nichts zu bremsen sind und die schwimmen gegen die Strömung und rennen gegen den Wind."
9-1	874-877	Und	neutral[10]	_	
9-2	878-881	die	neutral[10]	Politik/Soziales/Missstände[27]	
9-3	882-887	Leute	neutral[10]	Politik/Soziales/Missstände[27]	
9-4	888-894	motzen	neutral[10]	Politik/Soziales/Missstände[27]	
9-5	894-895	:	neutral[10]	_	
9-6	896-897	"	neutral[10]	_	
9-7	897-899	Da	neutral[10]	_	
9-8	900-906	kommen	neutral[10]	_	
9-9	907-910	die	neutral[10]	_	
9-10	911-915	zwei	neutral[10]	_	
9-11	916-926	Geflippten	neutral[10]	Politik/Soziales/Missstände	
9-12	926-927	,	neutral[10]	_	
9-13	928-931	die	neutral[10]	_	
9-14	932-937	durch	neutral[10]	_	
9-15	938-944	nichts	neutral[10]	_	
9-16	945-947	zu	neutral[10]	_	
9-17	948-955	bremsen	neutral[10]	_	
9-18	956-960	sind	neutral[10]	_	
9-19	961-964	und	neutral[10]	_	
9-20	965-968	die	neutral[10]	_	
9-21	969-978	schwimmen	neutral[10]	Persönliches/Emotionen[28]	
9-22	979-984	gegen	neutral[10]	Persönliches/Emotionen[28]	
9-23	985-988	die	neutral[10]	Persönliches/Emotionen[28]	
9-24	989-997	Strömung	neutral[10]	Persönliches/Emotionen[28]	
9-25	998-1001	und	neutral[10]	_	
9-26	1002-1008	rennen	neutral[10]	_	
9-27	1009-1014	gegen	neutral[10]	_	
9-28	1015-1018	den	neutral[10]	_	
9-29	1019-1023	Wind	neutral[10]	_	
9-30	1023-1024	.	neutral[10]	_	
9-31	1024-1025	"	neutral[10]	_	

#Text=Die Spießer regen sich tierisch auf und reden von Beklopptomanie.
10-1	1030-1033	Die	negative[11]	_	
10-2	1034-1041	Spießer	negative[11]	Politik/Soziales/Missstände	
10-3	1042-1047	regen	negative[11]	Persönliches/Emotionen[29]	
10-4	1048-1052	sich	negative[11]	Persönliches/Emotionen[29]	
10-5	1053-1061	tierisch	negative[11]	Persönliches/Emotionen[29]	
10-6	1062-1065	auf	negative[11]	Persönliches/Emotionen[29]	
10-7	1066-1069	und	negative[11]	_	
10-8	1070-1075	reden	negative[11]	_	
10-9	1076-1079	von	negative[11]	_	
10-10	1080-1094	Beklopptomanie	negative[11]	Politik/Soziales/Missstände	
10-11	1094-1095	.	negative[11]	_	

#Text=Doch wir kichern uns eins und wissen, die wahren Bekloppten, das sind die.
11-1	1096-1100	Doch	positive[12]	_	
11-2	1101-1104	wir	positive[12]	_	
11-3	1105-1112	kichern	positive[12]	Persönliches/Emotionen	
11-4	1113-1116	uns	positive[12]	_	
11-5	1117-1121	eins	positive[12]	_	
11-6	1122-1125	und	positive[12]	_	
11-7	1126-1132	wissen	positive[12]	_	
11-8	1132-1133	,	positive[12]	_	
11-9	1134-1137	die	positive[12]	_	
11-10	1138-1144	wahren	positive[12]	_	
11-11	1145-1155	Bekloppten	positive[12]	Politik/Soziales/Missstände	
11-12	1155-1156	,	positive[12]	_	
11-13	1157-1160	das	positive[12]	_	
11-14	1161-1165	sind	positive[12]	_	
11-15	1166-1169	die	positive[12]	_	
11-16	1169-1170	.	positive[12]	_	

#Text=Gegen die Strömung, gegen den Wind, lass sie doch labern, blöd wie sie sind.
12-1	1175-1180	Gegen	negative[13]	_	
12-2	1181-1184	die	negative[13]	_	
12-3	1185-1193	Strömung	negative[13]	_	
12-4	1193-1194	,	negative[13]	_	
12-5	1195-1200	gegen	negative[13]	_	
12-6	1201-1204	den	negative[13]	_	
12-7	1205-1209	Wind	negative[13]	_	
12-8	1209-1210	,	negative[13]	_	
12-9	1211-1215	lass	negative[13]	_	
12-10	1216-1219	sie	negative[13]	_	
12-11	1220-1224	doch	negative[13]	_	
12-12	1225-1231	labern	negative[13]	_	
12-13	1231-1232	,	negative[13]	_	
12-14	1233-1237	blöd	negative[13]	Politik/Soziales/Missstände[30]	
12-15	1238-1241	wie	negative[13]	Politik/Soziales/Missstände[30]	
12-16	1242-1245	sie	negative[13]	Politik/Soziales/Missstände[30]	
12-17	1246-1250	sind	negative[13]	Politik/Soziales/Missstände[30]	
12-18	1250-1251	.	negative[13]	_	

#Text=Gegen die Strömung, gegen den Wind.
13-1	1252-1257	Gegen	neutral[14]	_	
13-2	1258-1261	die	neutral[14]	_	
13-3	1262-1270	Strömung	neutral[14]	_	
13-4	1270-1271	,	neutral[14]	_	
13-5	1272-1277	gegen	neutral[14]	_	
13-6	1278-1281	den	neutral[14]	_	
13-7	1282-1286	Wind	neutral[14]	_	
13-8	1286-1287	.	neutral[14]	_	

#Text=Dass ich nicht lache, wir wär'n die Meister im Sichdanebenbenehmen.
14-1	1288-1292	Dass	negative[15]	_	
14-2	1293-1296	ich	negative[15]	_	
14-3	1297-1302	nicht	negative[15]	_	
14-4	1303-1308	lache	negative[15]	Persönliches/Emotionen	
14-5	1308-1309	,	negative[15]	_	
14-6	1310-1313	wir	negative[15]	_	
14-7	1314-1319	wär'n	negative[15]	_	
14-8	1320-1323	die	negative[15]	_	
14-9	1324-1331	Meister	negative[15]	_	
14-10	1332-1334	im	negative[15]	_	
14-11	1335-1354	Sichdanebenbenehmen	negative[15]	_	
14-12	1354-1355	.	negative[15]	_	

#Text=Diese schlaffen, gebügelten Affen, guck sie dir an, sie sollten sich was schämen.
15-1	1356-1361	Diese	negative[16]	_	
15-2	1362-1371	schlaffen	negative[16]	Politik/Soziales/Missstände[31]	
15-3	1371-1372	,	negative[16]	Politik/Soziales/Missstände[31]	
15-4	1373-1383	gebügelten	negative[16]	Politik/Soziales/Missstände[31]	
15-5	1384-1389	Affen	negative[16]	Politik/Soziales/Missstände[31]	
15-6	1389-1390	,	negative[16]	_	
15-7	1391-1395	guck	negative[16]	_	
15-8	1396-1399	sie	negative[16]	_	
15-9	1400-1403	dir	negative[16]	_	
15-10	1404-1406	an	negative[16]	_	
15-11	1406-1407	,	negative[16]	_	
15-12	1408-1411	sie	negative[16]	_	
15-13	1412-1419	sollten	negative[16]	_	
15-14	1420-1424	sich	negative[16]	_	
15-15	1425-1428	was	negative[16]	_	
15-16	1429-1436	schämen	negative[16]	Persönliches/Emotionen	
15-17	1436-1437	.	negative[16]	_	

#Text=Gegen die Strömung, gegen den Wind.
16-1	1438-1443	Gegen	neutral[17]	_	
16-2	1444-1447	die	neutral[17]	_	
16-3	1448-1456	Strömung	neutral[17]	_	
16-4	1456-1457	,	neutral[17]	_	
16-5	1458-1463	gegen	neutral[17]	_	
16-6	1464-1467	den	neutral[17]	_	
16-7	1468-1472	Wind	neutral[17]	_	
16-8	1472-1473	.	neutral[17]	_	
