#FORMAT=WebAnno TSV 3.2
#T_SP=webanno.custom.Sentiment|Polarity
#T_SP=webanno.custom.Topic|Topics


#Text=Egal ob Du 'n Italdieser bist, oder 'n Italjener.
1-1	0-4	Egal	neutral[1]	_	
1-2	5-7	ob	neutral[1]	_	
1-3	8-10	Du	neutral[1]	_	
1-4	11-12	'	neutral[1]	_	
1-5	12-13	n	neutral[1]	_	
1-6	14-24	Italdieser	neutral[1]	_	
1-7	25-29	bist	neutral[1]	_	
1-8	29-30	,	neutral[1]	_	
1-9	31-35	oder	neutral[1]	_	
1-10	36-37	'	neutral[1]	_	
1-11	37-38	n	neutral[1]	_	
1-12	39-48	Italjener	neutral[1]	_	
1-13	48-49	.	_	_	

#Text=Egal, ob Du 'n fescher Deutscher bist oder 'n Türke, 'n schöner.
2-1	50-54	Egal	neutral[2]	_	
2-2	54-55	,	neutral[2]	_	
2-3	56-58	ob	neutral[2]	_	
2-4	59-61	Du	neutral[2]	_	
2-5	62-63	'	neutral[2]	_	
2-6	63-64	n	neutral[2]	_	
2-7	65-72	fescher	neutral[2]	Politik/Soziales/Missstände[14]	
2-8	73-82	Deutscher	neutral[2]	Politik/Soziales/Missstände[14]	
2-9	83-87	bist	neutral[2]	_	
2-10	88-92	oder	neutral[2]	_	
2-11	93-94	'	neutral[2]	_	
2-12	94-95	n	neutral[2]	_	
2-13	96-101	Türke	neutral[2]	_	
2-14	101-102	,	neutral[2]	_	
2-15	103-104	'	neutral[2]	_	
2-16	104-105	n	neutral[2]	_	
2-17	106-113	schöner	neutral[2]	_	
2-18	113-114	.	neutral[2]	_	

#Text=Egal, ob Chinese, ob Irokese, ob Grieche oder Torero.
3-1	115-119	Egal	neutral[3]	_	
3-2	119-120	,	neutral[3]	_	
3-3	121-123	ob	neutral[3]	_	
3-4	124-131	Chinese	neutral[3]	_	
3-5	131-132	,	neutral[3]	_	
3-6	133-135	ob	neutral[3]	_	
3-7	136-143	Irokese	neutral[3]	_	
3-8	143-144	,	neutral[3]	_	
3-9	145-147	ob	neutral[3]	_	
3-10	148-155	Grieche	neutral[3]	_	
3-11	156-160	oder	neutral[3]	_	
3-12	161-167	Torero	neutral[3]	_	
3-13	167-168	.	neutral[3]	_	

#Text=Egal, ob japanischer Sumo-Spezi oder Fachmann für Bolero.
4-1	169-173	Egal	neutral[4]	_	
4-2	173-174	,	neutral[4]	_	
4-3	175-177	ob	neutral[4]	_	
4-4	178-189	japanischer	neutral[4]	_	
4-5	190-200	Sumo-Spezi	neutral[4]	_	
4-6	201-205	oder	neutral[4]	_	
4-7	206-214	Fachmann	neutral[4]	_	
4-8	215-218	für	neutral[4]	_	
4-9	219-225	Bolero	neutral[4]	_	
4-10	225-226	.	neutral[4]	_	

#Text=Egal, ob Du 'n Aficooler bist oder 'n Afrikaner.
5-1	231-235	Egal	neutral[5]	_	
5-2	235-236	,	neutral[5]	_	
5-3	237-239	ob	neutral[5]	_	
5-4	240-242	Du	neutral[5]	_	
5-5	243-244	'	neutral[5]	_	
5-6	244-245	n	neutral[5]	_	
5-7	246-255	Aficooler	neutral[5]	_	
5-8	256-260	bist	neutral[5]	_	
5-9	261-265	oder	neutral[5]	_	
5-10	266-267	'	neutral[5]	_	
5-11	267-268	n	neutral[5]	_	
5-12	269-278	Afrikaner	neutral[5]	_	
5-13	278-279	.	neutral[5]	_	

#Text=Egal, ob Du 'n Indoneser bist oder 'n Indianer.
6-1	280-284	Egal	neutral[6]	_	
6-2	284-285	,	neutral[6]	_	
6-3	286-288	ob	neutral[6]	_	
6-4	289-291	Du	neutral[6]	_	
6-5	292-293	'	neutral[6]	_	
6-6	293-294	n	neutral[6]	_	
6-7	295-304	Indoneser	neutral[6]	_	
6-8	305-309	bist	neutral[6]	_	
6-9	310-314	oder	neutral[6]	_	
6-10	315-316	'	neutral[6]	_	
6-11	316-317	n	neutral[6]	_	
6-12	318-326	Indianer	neutral[6]	_	
6-13	326-327	.	neutral[6]	_	

#Text=Ob Kapuziner, Argentiner, Franziskaner oder Franzose und in seiner bodenlosen Lodenhose hingen seine Hoden lose.
7-1	328-330	Ob	neutral[7]	_	
7-2	331-340	Kapuziner	neutral[7]	_	
7-3	340-341	,	neutral[7]	_	
7-4	342-352	Argentiner	neutral[7]	_	
7-5	352-353	,	neutral[7]	_	
7-6	354-366	Franziskaner	neutral[7]	_	
7-7	367-371	oder	neutral[7]	_	
7-8	372-380	Franzose	neutral[7]	_	
7-9	381-384	und	neutral[7]	_	
7-10	385-387	in	neutral[7]	_	
7-11	388-394	seiner	neutral[7]	_	
7-12	395-405	bodenlosen	neutral[7]	_	
7-13	406-415	Lodenhose	neutral[7]	_	
7-14	416-422	hingen	neutral[7]	_	
7-15	423-428	seine	neutral[7]	_	
7-16	429-434	Hoden	neutral[7]	_	
7-17	435-439	lose	neutral[7]	_	
7-18	439-440	.	neutral[7]	_	

#Text=Bunte Republik Deutschland, ganze Jumbos voller Eskimos, wie in New York City richtig schwer was los.
8-1	445-450	Bunte	positive[8]	Politik/Soziales/Missstände[15]	
8-2	451-459	Republik	positive[8]	Politik/Soziales/Missstände[15]	
8-3	460-471	Deutschland	positive[8]	Politik/Soziales/Missstände[15]	
8-4	471-472	,	positive[8]	_	
8-5	473-478	ganze	positive[8]	_	
8-6	479-485	Jumbos	positive[8]	Reisen	
8-7	486-492	voller	positive[8]	_	
8-8	493-500	Eskimos	positive[8]	_	
8-9	500-501	,	positive[8]	_	
8-10	502-505	wie	positive[8]	_	
8-11	506-508	in	positive[8]	_	
8-12	509-512	New	positive[8]	_	
8-13	513-517	York	positive[8]	_	
8-14	518-522	City	positive[8]	_	
8-15	523-530	richtig	positive[8]	_	
8-16	531-537	schwer	positive[8]	_	
8-17	538-541	was	positive[8]	_	
8-18	542-545	los	positive[8]	_	
8-19	545-546	.	positive[8]	_	

#Text=Wir steh'n am Bahnsteig, begrüßen jeden Zug, denn graue deutsche Mäuse, die haben wir schon genug.
9-1	547-550	Wir	positive[9]	_	
9-2	551-557	steh'n	positive[9]	_	
9-3	558-560	am	positive[9]	_	
9-4	561-570	Bahnsteig	positive[9]	Reisen	
9-5	570-571	,	positive[9]	_	
9-6	572-580	begrüßen	positive[9]	_	
9-7	581-586	jeden	positive[9]	_	
9-8	587-590	Zug	positive[9]	Reisen	
9-9	590-591	,	_	_	
9-10	592-596	denn	negative[10]	_	
9-11	597-602	graue	negative[10]	Politik/Soziales/Missstände[16]	
9-12	603-611	deutsche	negative[10]	Politik/Soziales/Missstände[16]	
9-13	612-617	Mäuse	negative[10]	Politik/Soziales/Missstände[16]	
9-14	617-618	,	negative[10]	_	
9-15	619-622	die	negative[10]	_	
9-16	623-628	haben	negative[10]	_	
9-17	629-632	wir	negative[10]	_	
9-18	633-638	schon	negative[10]	_	
9-19	639-644	genug	negative[10]	_	
9-20	644-645	.	negative[10]	_	

#Text=Bunte Republik Deutschland...
10-1	650-655	Bunte	positive[11]	Politik/Soziales/Missstände[17]	
10-2	656-664	Republik	positive[11]	Politik/Soziales/Missstände[17]	
10-3	665-676	Deutschland	positive[11]	Politik/Soziales/Missstände[17]	
10-4	676-677	.	positive[11]	_	
10-5	677-678	.	positive[11]	_	
10-6	678-679	.	positive[11]	_	

#Text=O müsfik canavar zihnimizin dibikara kuyusunnda uyuyor,  
#Text= 
#Text=bizimle digeri arasinda telörgüden görünmez bir cit örüyor.
11-1	684-685	O	_	_	
11-2	686-692	müsfik	_	_	
11-3	693-700	canavar	_	_	
11-4	701-711	zihnimizin	_	_	
11-5	712-720	dibikara	_	_	
11-6	721-731	kuyusunnda	_	_	
11-7	732-738	uyuyor	_	_	
11-8	738-739	,	_	_	
11-9	744-751	bizimle	_	_	
11-10	752-758	digeri	_	_	
11-11	759-767	arasinda	_	_	
11-12	768-778	telörgüden	_	_	
11-13	779-787	görünmez	_	_	
11-14	788-791	bir	_	_	
11-15	792-795	cit	_	_	
11-16	796-802	örüyor	_	_	
11-17	802-803	.	_	_	

#Text=Bunte Republik Deutschland...
12-1	808-813	Bunte	positive[12]	Politik/Soziales/Missstände[18]	
12-2	814-822	Republik	positive[12]	Politik/Soziales/Missstände[18]	
12-3	823-834	Deutschland	positive[12]	Politik/Soziales/Missstände[18]	
12-4	834-835	.	positive[12]	_	
12-5	835-836	.	positive[12]	_	
12-6	836-837	.	positive[12]	_	

#Text=Bunte Republik Deutschland...
13-1	842-847	Bunte	positive[13]	Politik/Soziales/Missstände[19]	
13-2	848-856	Republik	positive[13]	Politik/Soziales/Missstände[19]	
13-3	857-868	Deutschland	positive[13]	Politik/Soziales/Missstände[19]	
13-4	868-869	.	positive[13]	_	
13-5	869-870	.	positive[13]	_	
13-6	870-871	.	positive[13]	_	
