#FORMAT=WebAnno TSV 3.2
#T_SP=webanno.custom.Sentiment|Polarity
#T_SP=webanno.custom.Topic|Topics


#Text=Du bist 'ne Pflaume, wie du schon aussiehst.
1-1	0-2	Du	negative[1]	_	
1-2	3-7	bist	negative[1]	_	
1-3	8-9	'	negative[1]	_	
1-4	9-11	ne	negative[1]	_	
1-5	12-19	Pflaume	negative[1]	_	
1-6	19-20	,	negative[1]	_	
1-7	21-24	wie	negative[1]	_	
1-8	25-27	du	negative[1]	_	
1-9	28-33	schon	negative[1]	_	
1-10	34-43	aussiehst	negative[1]	_	
1-11	43-44	.	_	_	

#Text=Wird auch nicht besser, wenn du dich ausziehst.
2-1	45-49	Wird	negative[2]	_	
2-2	50-54	auch	negative[2]	_	
2-3	55-60	nicht	negative[2]	_	
2-4	61-67	besser	negative[2]	_	
2-5	67-68	,	negative[2]	_	
2-6	69-73	wenn	negative[2]	_	
2-7	74-76	du	negative[2]	_	
2-8	77-81	dich	negative[2]	_	
2-9	82-91	ausziehst	negative[2]	_	
2-10	91-92	.	_	_	

#Text=Deine Figur ist wie ein Experiment.
3-1	93-98	Deine	negative[3]	_	
3-2	99-104	Figur	negative[3]	_	
3-3	105-108	ist	negative[3]	_	
3-4	109-112	wie	negative[3]	_	
3-5	113-116	ein	negative[3]	_	
3-6	117-127	Experiment	negative[3]	_	
3-7	127-128	.	_	_	

#Text=An dem Tag hat der Schöpfer ja wohl leicht gepennt.
4-1	129-131	An	negative[4]	_	
4-2	132-135	dem	negative[4]	_	
4-3	136-139	Tag	negative[4]	_	
4-4	140-143	hat	negative[4]	_	
4-5	144-147	der	negative[4]	_	
4-6	148-156	Schöpfer	negative[4]	_	
4-7	157-159	ja	negative[4]	_	
4-8	160-164	wohl	negative[4]	_	
4-9	165-171	leicht	negative[4]	_	
4-10	172-179	gepennt	negative[4]	_	
4-11	179-180	.	_	_	

#Text=Und wenn ich mit Dir mal Abends ausgeh' weißte, daß ich dann wie'n Pfleger ausseh'.
5-1	185-188	Und	negative[5]	_	
5-2	189-193	wenn	negative[5]	_	
5-3	194-197	ich	negative[5]	_	
5-4	198-201	mit	negative[5]	_	
5-5	202-205	Dir	negative[5]	_	
5-6	206-209	mal	negative[5]	_	
5-7	210-216	Abends	negative[5]	_	
5-8	217-223	ausgeh	negative[5]	Liebe/Partnerschaft	
5-9	223-224	'	negative[5]	_	
5-10	225-231	weißte	negative[5]	_	
5-11	231-232	,	negative[5]	_	
5-12	233-236	daß	negative[5]	_	
5-13	237-240	ich	negative[5]	_	
5-14	241-245	dann	negative[5]	_	
5-15	246-251	wie'n	negative[5]	_	
5-16	252-259	Pfleger	negative[5]	Gesundheit/Drogen	
5-17	260-266	ausseh	negative[5]	_	
5-18	266-267	'	_	_	
5-19	267-268	.	_	_	

#Text=Und wenn wir tanzen, kommen die Leute an und fragen voller Sorge, ob man helfen kann.
6-1	269-272	Und	negative[6]	_	
6-2	273-277	wenn	negative[6]	_	
6-3	278-281	wir	negative[6]	_	
6-4	282-288	tanzen	negative[6]	_	
6-5	288-289	,	negative[6]	_	
6-6	290-296	kommen	negative[6]	_	
6-7	297-300	die	negative[6]	_	
6-8	301-306	Leute	negative[6]	_	
6-9	307-309	an	negative[6]	_	
6-10	310-313	und	negative[6]	_	
6-11	314-320	fragen	negative[6]	_	
6-12	321-327	voller	negative[6]	_	
6-13	328-333	Sorge	negative[6]	_	
6-14	333-334	,	negative[6]	_	
6-15	335-337	ob	negative[6]	_	
6-16	338-341	man	negative[6]	_	
6-17	342-348	helfen	negative[6]	_	
6-18	349-353	kann	negative[6]	_	
6-19	353-354	.	_	_	

#Text=Ich hab dich ja so lieb, du Arschgesicht, ein bißchen balla-balla, das stört doch nicht und daß du nicht so schön bist, ist auch egal, passiert doch jedem mal.
7-1	359-362	Ich	positive[7]	_	
7-2	363-366	hab	positive[7]	_	
7-3	367-371	dich	positive[7]	_	
7-4	372-374	ja	positive[7]	_	
7-5	375-377	so	positive[7]	_	
7-6	378-382	lieb	positive[7]	Liebe/Partnerschaft	
7-7	382-383	,	_	_	
7-8	384-386	du	negative[8]	_	
7-9	387-399	Arschgesicht	negative[8]	Persönliches/Emotionen	
7-10	399-400	,	_	_	
7-11	401-404	ein	positive[9]	_	
7-12	405-412	bißchen	positive[9]	_	
7-13	413-424	balla-balla	positive[9]	Persönliches/Emotionen	
7-14	424-425		positive[9]	_	
7-15	425-426	,	positive[9]	_	
7-16	427-430	das	positive[9]	_	
7-17	431-436	stört	positive[9]	_	
7-18	437-441	doch	positive[9]	_	
7-19	442-447	nicht	positive[9]	_	
7-20	448-451	und	_	_	
7-21	452-455	daß	positive[10]	_	
7-22	456-458	du	positive[10]	_	
7-23	459-464	nicht	positive[10]	_	
7-24	465-467	so	positive[10]	_	
7-25	468-473	schön	positive[10]	_	
7-26	474-478	bist	positive[10]	_	
7-27	478-479	,	positive[10]	_	
7-28	480-483	ist	positive[10]	_	
7-29	484-488	auch	positive[10]	_	
7-30	489-493	egal	positive[10]	_	
7-31	493-494	,	positive[10]	_	
7-32	495-503	passiert	positive[10]	_	
7-33	504-508	doch	positive[10]	_	
7-34	509-514	jedem	positive[10]	_	
7-35	515-518	mal	positive[10]	_	
7-36	518-519	.	_	_	

#Text=Ich hab dich ja so lieb, du Arschgesicht, man müßte dich erfinden, gäb es dich noch nicht.
8-1	524-527	Ich	positive[11]	_	
8-2	528-531	hab	positive[11]	_	
8-3	532-536	dich	positive[11]	_	
8-4	537-539	ja	positive[11]	_	
8-5	540-542	so	positive[11]	_	
8-6	543-547	lieb	positive[11]	_	
8-7	547-548	,	positive[11]	_	
8-8	549-551	du	positive[11]	_	
8-9	552-564	Arschgesicht	positive[11]	Persönliches/Emotionen	
8-10	564-565	,	positive[11]	_	
8-11	566-569	man	positive[11]	_	
8-12	570-575	müßte	positive[11]	_	
8-13	576-580	dich	positive[11]	_	
8-14	581-589	erfinden	positive[11]	_	
8-15	589-590	,	positive[11]	_	
8-16	591-594	gäb	positive[11]	_	
8-17	595-597	es	positive[11]	_	
8-18	598-602	dich	positive[11]	_	
8-19	603-607	noch	positive[11]	_	
8-20	608-613	nicht	positive[11]	_	
8-21	613-614	.	_	_	

#Text=Schönheit ist vergänglich - sie kommt und geht, doch ein Arschgesicht besteht.
9-1	615-624	Schönheit	negative[12]	_	
9-2	625-628	ist	negative[12]	_	
9-3	629-640	vergänglich	negative[12]	_	
9-4	641-642	-	_	_	
9-5	643-646	sie	neutral[13]	_	
9-6	647-652	kommt	neutral[13]	_	
9-7	653-656	und	neutral[13]	_	
9-8	657-661	geht	neutral[13]	_	
9-9	661-662	,	neutral[13]	_	
9-10	663-667	doch	neutral[13]	_	
9-11	668-671	ein	neutral[13]	_	
9-12	672-684	Arschgesicht	neutral[13]	Persönliches/Emotionen	
9-13	685-692	besteht	neutral[13]	_	
9-14	692-693	.	_	_	

#Text=Du bist 'ne Pflaume, wie du schon aussiehst.
10-1	698-700	Du	negative[14]	_	
10-2	701-705	bist	negative[14]	_	
10-3	706-707	'	negative[14]	_	
10-4	707-709	ne	negative[14]	_	
10-5	710-717	Pflaume	negative[14]	_	
10-6	717-718	,	negative[14]	_	
10-7	719-722	wie	negative[14]	_	
10-8	723-725	du	negative[14]	_	
10-9	726-731	schon	negative[14]	_	
10-10	732-741	aussiehst	negative[14]	_	
10-11	741-742	.	_	_	

#Text=Wird auch nicht besser, wenn du dich ausziehst.
11-1	743-747	Wird	negative[15]	_	
11-2	748-752	auch	negative[15]	_	
11-3	753-758	nicht	negative[15]	_	
11-4	759-765	besser	negative[15]	_	
11-5	765-766	,	negative[15]	_	
11-6	767-771	wenn	negative[15]	_	
11-7	772-774	du	negative[15]	_	
11-8	775-779	dich	negative[15]	_	
11-9	780-789	ausziehst	negative[15]	_	
11-10	789-790	.	_	_	

#Text=Und machst du'n Mund auf, das ist doch wohl nicht wahr, Für jedes Wort gibt es Schmerzensgeld von der AOK.
12-1	791-794	Und	negative[16]	_	
12-2	795-801	machst	negative[16]	_	
12-3	802-806	du'n	negative[16]	_	
12-4	807-811	Mund	negative[16]	_	
12-5	812-815	auf	negative[16]	_	
12-6	815-816	,	negative[16]	_	
12-7	817-820	das	negative[16]	_	
12-8	821-824	ist	negative[16]	_	
12-9	825-829	doch	negative[16]	_	
12-10	830-834	wohl	negative[16]	_	
12-11	835-840	nicht	negative[16]	_	
12-12	841-845	wahr	negative[16]	_	
12-13	845-846	,	negative[16]	_	
12-14	847-850	Für	negative[16]	_	
12-15	851-856	jedes	negative[16]	_	
12-16	857-861	Wort	negative[16]	_	
12-17	862-866	gibt	negative[16]	_	
12-18	867-869	es	negative[16]	_	
12-19	870-884	Schmerzensgeld	negative[16]	Gesundheit/Drogen	
12-20	885-888	von	negative[16]	_	
12-21	889-892	der	negative[16]	_	
12-22	893-896	AOK	negative[16]	Gesundheit/Drogen	
12-23	896-897	.	_	_	

#Text=Die glatten Movie-Stars, die sind zwar wunderschön, doch trotzdem möchte ich nicht gern mit denen geh'n, denn da will jeder ran - den Stress, den brauch ich nich', da halt' ich mich doch lieber an mein Arschgesicht.
13-1	902-905	Die	positive[17]	_	
13-2	906-913	glatten	positive[17]	_	
13-3	914-925	Movie-Stars	positive[17]	_	
13-4	925-926	,	positive[17]	_	
13-5	927-930	die	positive[17]	_	
13-6	931-935	sind	positive[17]	_	
13-7	936-940	zwar	positive[17]	_	
13-8	941-952	wunderschön	positive[17]	_	
13-9	952-953	,	positive[17]	_	
13-10	954-958	doch	positive[17]	_	
13-11	959-967	trotzdem	positive[17]	_	
13-12	968-974	möchte	positive[17]	_	
13-13	975-978	ich	positive[17]	_	
13-14	979-984	nicht	positive[17]	_	
13-15	985-989	gern	positive[17]	_	
13-16	990-993	mit	positive[17]	_	
13-17	994-999	denen	positive[17]	_	
13-18	1000-1005	geh'n	positive[17]	_	
13-19	1005-1006	,	_	_	
13-20	1007-1011	denn	positive[18]	_	
13-21	1012-1014	da	positive[18]	_	
13-22	1015-1019	will	positive[18]	_	
13-23	1020-1025	jeder	positive[18]	_	
13-24	1026-1029	ran	positive[18]	_	
13-25	1030-1031	-	positive[18]	_	
13-26	1032-1035	den	positive[18]	_	
13-27	1036-1042	Stress	positive[18]	_	
13-28	1042-1043	,	positive[18]	_	
13-29	1044-1047	den	positive[18]	_	
13-30	1048-1054	brauch	positive[18]	_	
13-31	1055-1058	ich	positive[18]	_	
13-32	1059-1063	nich	positive[18]	_	
13-33	1063-1064	'	positive[18]	_	
13-34	1064-1065	,	positive[18]	_	
13-35	1066-1068	da	positive[18]	_	
13-36	1069-1073	halt	positive[18]	_	
13-37	1073-1074	'	positive[18]	_	
13-38	1075-1078	ich	positive[18]	_	
13-39	1079-1083	mich	positive[18]	_	
13-40	1084-1088	doch	positive[18]	_	
13-41	1089-1095	lieber	positive[18]	_	
13-42	1096-1098	an	positive[18]	_	
13-43	1099-1103	mein	positive[18]	_	
13-44	1104-1116	Arschgesicht	positive[18]	Persönliches/Emotionen	
13-45	1116-1117	.	_	_	

#Text=Ich hab dich ja so lieb, du Arschgesicht, man müßte dich erfinden, gäb es dich noch nicht.
14-1	1122-1125	Ich	positive[19]	_	
14-2	1126-1129	hab	positive[19]	_	
14-3	1130-1134	dich	positive[19]	_	
14-4	1135-1137	ja	positive[19]	_	
14-5	1138-1140	so	positive[19]	_	
14-6	1141-1145	lieb	positive[19]	Liebe/Partnerschaft	
14-7	1145-1146	,	positive[19]	_	
14-8	1147-1149	du	positive[19]	_	
14-9	1150-1162	Arschgesicht	positive[19]	Persönliches/Emotionen	
14-10	1162-1163	,	positive[19]	_	
14-11	1164-1167	man	positive[19]	_	
14-12	1168-1173	müßte	positive[19]	_	
14-13	1174-1178	dich	positive[19]	_	
14-14	1179-1187	erfinden	positive[19]	_	
14-15	1187-1188	,	positive[19]	_	
14-16	1189-1192	gäb	positive[19]	_	
14-17	1193-1195	es	positive[19]	_	
14-18	1196-1200	dich	positive[19]	_	
14-19	1201-1205	noch	positive[19]	_	
14-20	1206-1211	nicht	positive[19]	_	
14-21	1211-1212	.	_	_	

#Text=Schönheit ist vergänglich - sie kommt und geht, doch ein Arschgesicht besteht.
15-1	1213-1222	Schönheit	positive[20]	_	
15-2	1223-1226	ist	positive[20]	_	
15-3	1227-1238	vergänglich	positive[20]	_	
15-4	1239-1240	-	positive[20]	_	
15-5	1241-1244	sie	positive[20]	_	
15-6	1245-1250	kommt	positive[20]	_	
15-7	1251-1254	und	positive[20]	_	
15-8	1255-1259	geht	positive[20]	_	
15-9	1259-1260	,	positive[20]	_	
15-10	1261-1265	doch	positive[20]	_	
15-11	1266-1269	ein	positive[20]	_	
15-12	1270-1282	Arschgesicht	positive[20]	Persönliches/Emotionen	
15-13	1283-1290	besteht	positive[20]	_	
15-14	1290-1291	.	_	_	
