#FORMAT=WebAnno TSV 3.2
#T_SP=webanno.custom.Sentiment|Polarity
#T_SP=webanno.custom.Topic|Topics


#Text=Fremde in der Nacht, die steh'n sich gegenüber in der Nacht vor einer Disco, und fragen sich auf einmal: ja, spinnen wir jetzt total?
1-1	0-6	Fremde	negative[1]	_	
1-2	7-9	in	negative[1]	_	
1-3	10-13	der	negative[1]	_	
1-4	14-19	Nacht	negative[1]	_	
1-5	19-20	,	negative[1]	_	
1-6	21-24	die	negative[1]	_	
1-7	25-31	steh'n	negative[1]	_	
1-8	32-36	sich	negative[1]	_	
1-9	37-46	gegenüber	negative[1]	_	
1-10	47-49	in	negative[1]	_	
1-11	50-53	der	negative[1]	_	
1-12	54-59	Nacht	negative[1]	_	
1-13	60-63	vor	negative[1]	_	
1-14	64-69	einer	negative[1]	_	
1-15	70-75	Disco	negative[1]	Musik	
1-16	75-76	,	negative[1]	_	
1-17	77-80	und	negative[1]	_	
1-18	81-87	fragen	negative[1]	_	
1-19	88-92	sich	negative[1]	_	
1-20	93-96	auf	negative[1]	_	
1-21	97-103	einmal	negative[1]	_	
1-22	103-104	:	negative[1]	_	
1-23	105-107	ja	negative[1]	_	
1-24	107-108	,	negative[1]	_	
1-25	109-116	spinnen	negative[1]	Persönliches/Emotionen[19]	
1-26	117-120	wir	negative[1]	Persönliches/Emotionen[19]	
1-27	121-126	jetzt	negative[1]	_	
1-28	127-132	total	negative[1]	_	
1-29	132-133	?	negative[1]	_	

#Text=Fremde in der Nacht.
2-1	138-144	Fremde	neutral[2]	_	
2-2	145-147	in	neutral[2]	_	
2-3	148-151	der	neutral[2]	_	
2-4	152-157	Nacht	neutral[2]	_	
2-5	157-158	.	neutral[2]	_	

#Text=Fieber im Blick.
3-1	159-165	Fieber	neutral[3]	Persönliches/Emotionen[20]	
3-2	166-168	im	neutral[3]	Persönliches/Emotionen[20]	
3-3	169-174	Blick	neutral[3]	Persönliches/Emotionen[20]	
3-4	174-175	.	neutral[3]	_	

#Text=Und ein schnelles Glück: geh'n wir zu mir oder gehen wir zu Dir oder ein Kuss gleich hier zitternd vor der Tür?
4-1	180-183	Und	positive[4]	_	
4-2	184-187	ein	positive[4]	_	
4-3	188-197	schnelles	positive[4]	_	
4-4	198-203	Glück	positive[4]	_	
4-5	203-204	:	positive[4]	_	
4-6	205-210	geh'n	positive[4]	_	
4-7	211-214	wir	positive[4]	_	
4-8	215-217	zu	positive[4]	_	
4-9	218-221	mir	positive[4]	_	
4-10	222-226	oder	positive[4]	_	
4-11	227-232	gehen	positive[4]	_	
4-12	233-236	wir	positive[4]	_	
4-13	237-239	zu	positive[4]	_	
4-14	240-243	Dir	positive[4]	_	
4-15	244-248	oder	positive[4]	_	
4-16	249-252	ein	positive[4]	_	
4-17	253-257	Kuss	positive[4]	Liebe/Partnerschaft	
4-18	258-264	gleich	positive[4]	_	
4-19	265-269	hier	positive[4]	_	
4-20	270-278	zitternd	positive[4]	_	
4-21	279-282	vor	positive[4]	_	
4-22	283-286	der	positive[4]	_	
4-23	287-290	Tür	positive[4]	_	
4-24	290-291	?	positive[4]	_	

#Text=Ein erstes Visavis, so mit den Nerven fertig war man ja noch nie, schwer irritiert - das sieht nach Schicksal aus.
5-1	296-299	Ein	negative[5]	_	
5-2	300-306	erstes	negative[5]	_	
5-3	307-314	Visavis	negative[5]	_	
5-4	314-315	,	negative[5]	_	
5-5	316-318	so	negative[5]	_	
5-6	319-322	mit	negative[5]	Persönliches/Emotionen[21]	
5-7	323-326	den	negative[5]	Persönliches/Emotionen[21]	
5-8	327-333	Nerven	negative[5]	Persönliches/Emotionen[21]	
5-9	334-340	fertig	negative[5]	Persönliches/Emotionen[21]	
5-10	341-344	war	negative[5]	_	
5-11	345-348	man	negative[5]	_	
5-12	349-351	ja	negative[5]	_	
5-13	352-356	noch	negative[5]	_	
5-14	357-360	nie	negative[5]	_	
5-15	360-361	,	negative[5]	_	
5-16	362-368	schwer	negative[5]	Persönliches/Emotionen[22]	
5-17	369-378	irritiert	negative[5]	Persönliches/Emotionen[22]	
5-18	379-380	-	negative[5]	_	
5-19	381-384	das	negative[5]	_	
5-20	385-390	sieht	negative[5]	_	
5-21	391-395	nach	negative[5]	_	
5-22	396-405	Schicksal	negative[5]	_	
5-23	406-409	aus	negative[5]	_	
5-24	409-410	.	negative[5]	_	

#Text=Du läßt den Coolen raus.
6-1	411-413	Du	positive[6]	_	
6-2	414-418	läßt	positive[6]	_	
6-3	419-422	den	positive[6]	_	
6-4	423-429	Coolen	positive[6]	Persönliches/Emotionen	
6-5	430-434	raus	positive[6]	_	
6-6	434-435	.	positive[6]	_	

#Text=Ein Blick, der noch ganz schüchtern zwar, aber auch nicht mehr ganz nüchtern war.
7-1	436-439	Ein	negative[7]	_	
7-2	440-445	Blick	negative[7]	_	
7-3	445-446	,	negative[7]	_	
7-4	447-450	der	negative[7]	_	
7-5	451-455	noch	negative[7]	_	
7-6	456-460	ganz	negative[7]	_	
7-7	461-471	schüchtern	negative[7]	Persönliches/Emotionen	
7-8	472-476	zwar	negative[7]	_	
7-9	476-477	,	negative[7]	_	
7-10	478-482	aber	negative[7]	_	
7-11	483-487	auch	negative[7]	_	
7-12	488-493	nicht	negative[7]	_	
7-13	494-498	mehr	negative[7]	_	
7-14	499-503	ganz	negative[7]	_	
7-15	504-512	nüchtern	negative[7]	Gesundheit/Drogen	
7-16	513-516	war	negative[7]	_	
7-17	516-517	.	negative[7]	_	

#Text=Fremde in der Nacht, die steh'n sich gegenüber in der Nacht ginge man vorüber - das wäre doch gelacht.
8-1	522-528	Fremde	neutral[8]	_	
8-2	529-531	in	neutral[8]	_	
8-3	532-535	der	neutral[8]	_	
8-4	536-541	Nacht	neutral[8]	_	
8-5	541-542	,	neutral[8]	_	
8-6	543-546	die	neutral[8]	_	
8-7	547-553	steh'n	neutral[8]	_	
8-8	554-558	sich	neutral[8]	_	
8-9	559-568	gegenüber	neutral[8]	_	
8-10	569-571	in	neutral[8]	_	
8-11	572-575	der	neutral[8]	_	
8-12	576-581	Nacht	neutral[8]	_	
8-13	582-587	ginge	neutral[8]	_	
8-14	588-591	man	neutral[8]	_	
8-15	592-599	vorüber	neutral[8]	_	
8-16	600-601	-	neutral[8]	_	
8-17	602-605	das	neutral[8]	_	
8-18	606-610	wäre	neutral[8]	_	
8-19	611-615	doch	neutral[8]	_	
8-20	616-623	gelacht	neutral[8]	_	
8-21	623-624	.	neutral[8]	_	

#Text=Was hat man zu verlier'n in dieser Nacht?
9-1	625-628	Was	positive[9]	_	
9-2	629-632	hat	positive[9]	_	
9-3	633-636	man	positive[9]	_	
9-4	637-639	zu	positive[9]	_	
9-5	640-649	verlier'n	positive[9]	_	
9-6	650-652	in	positive[9]	_	
9-7	653-659	dieser	positive[9]	_	
9-8	660-665	Nacht	positive[9]	_	
9-9	665-666	?	positive[9]	_	

#Text=Ein erstes Hallo.
10-1	671-674	Ein	neutral[10]	_	
10-2	675-681	erstes	neutral[10]	_	
10-3	682-687	Hallo	neutral[10]	_	
10-4	687-688	.	neutral[10]	_	

#Text=Hallöchen, Schöne - wie geht es dir denn so?
11-1	689-698	Hallöchen	positive[11]	_	
11-2	698-699	,	positive[11]	_	
11-3	700-706	Schöne	positive[11]	Liebe/Partnerschaft	
11-4	707-708	-	positive[11]	_	
11-5	709-712	wie	positive[11]	_	
11-6	713-717	geht	positive[11]	_	
11-7	718-720	es	positive[11]	_	
11-8	721-724	dir	positive[11]	_	
11-9	725-729	denn	positive[11]	_	
11-10	730-732	so	positive[11]	_	
11-11	732-733	?	positive[11]	_	

#Text=Schwer irritiert, das sieht nach Schicksal aus.
12-1	734-740	Schwer	neutral[12]	Persönliches/Emotionen[23]	
12-2	741-750	irritiert	neutral[12]	Persönliches/Emotionen[23]	
12-3	750-751	,	neutral[12]	_	
12-4	752-755	das	neutral[12]	_	
12-5	756-761	sieht	neutral[12]	_	
12-6	762-766	nach	neutral[12]	_	
12-7	767-776	Schicksal	neutral[12]	_	
12-8	777-780	aus	neutral[12]	_	
12-9	780-781	.	neutral[12]	_	

#Text=Du läßt den Coolen raus.
13-1	782-784	Du	positive[13]	_	
13-2	785-789	läßt	positive[13]	_	
13-3	790-793	den	positive[13]	_	
13-4	794-800	Coolen	positive[13]	Persönliches/Emotionen	
13-5	801-805	raus	positive[13]	_	
13-6	805-806	.	positive[13]	_	

#Text=Ein Blick, der noch ganz schüchtern zwar, aber auch nicht mehr ganz nüchtern war.
14-1	807-810	Ein	negative[14]	_	
14-2	811-816	Blick	negative[14]	_	
14-3	816-817	,	negative[14]	_	
14-4	818-821	der	negative[14]	_	
14-5	822-826	noch	negative[14]	_	
14-6	827-831	ganz	negative[14]	_	
14-7	832-842	schüchtern	negative[14]	Persönliches/Emotionen	
14-8	843-847	zwar	negative[14]	_	
14-9	847-848	,	negative[14]	_	
14-10	849-853	aber	negative[14]	_	
14-11	854-858	auch	negative[14]	_	
14-12	859-864	nicht	negative[14]	_	
14-13	865-869	mehr	negative[14]	_	
14-14	870-874	ganz	negative[14]	_	
14-15	875-883	nüchtern	negative[14]	Gesundheit/Drogen	
14-16	884-887	war	negative[14]	_	
14-17	887-888	.	negative[14]	_	

#Text=Fremde in der Nacht.
15-1	893-899	Fremde	neutral[15]	_	
15-2	900-902	in	neutral[15]	_	
15-3	903-906	der	neutral[15]	_	
15-4	907-912	Nacht	neutral[15]	_	
15-5	912-913	.	neutral[15]	_	

#Text=Die Luft vibrierte.
16-1	914-917	Die	neutral[16]	_	
16-2	918-922	Luft	neutral[16]	_	
16-3	923-932	vibrierte	neutral[16]	_	
16-4	932-933	.	neutral[16]	_	

#Text=Einsam in der Nacht was dann passierte...
17-1	934-940	Einsam	neutral[17]	Persönliches/Emotionen	
17-2	941-943	in	neutral[17]	_	
17-3	944-947	der	neutral[17]	_	
17-4	948-953	Nacht	neutral[17]	_	
17-5	954-957	was	neutral[17]	_	
17-6	958-962	dann	neutral[17]	_	
17-7	963-972	passierte	neutral[17]	_	
17-8	972-973	.	neutral[17]	_	
17-9	973-974	.	neutral[17]	_	
17-10	974-975	.	neutral[17]	_	

#Text=Ich hab's noch nie gemacht mit Fremden in der Nacht.
18-1	976-979	Ich	neutral[18]	_	
18-2	980-985	hab's	neutral[18]	_	
18-3	986-990	noch	neutral[18]	Liebe/Partnerschaft[24]	
18-4	991-994	nie	neutral[18]	Liebe/Partnerschaft[24]	
18-5	995-1002	gemacht	neutral[18]	Liebe/Partnerschaft[24]	
18-6	1003-1006	mit	neutral[18]	_	
18-7	1007-1014	Fremden	neutral[18]	_	
18-8	1015-1017	in	neutral[18]	_	
18-9	1018-1021	der	neutral[18]	_	
18-10	1022-1027	Nacht	neutral[18]	_	
18-11	1027-1028	.	neutral[18]	_	

#Text=In the night I feel your body close hold me tight expecting your caress like a dove taking flight in the night... in the night you hold me like a stranger I feel no sign of danger Stranger in the night exchanging glances something in your eyes was so inviting stranger in the night I love you hold me tight two lonely people in the night
19-1	1033-1035	In	_	_	
19-2	1036-1039	the	_	_	
19-3	1040-1045	night	_	_	
19-4	1046-1047	I	_	_	
19-5	1048-1052	feel	_	_	
19-6	1053-1057	your	_	_	
19-7	1058-1062	body	_	_	
19-8	1063-1068	close	_	_	
19-9	1069-1073	hold	_	_	
19-10	1074-1076	me	_	_	
19-11	1077-1082	tight	_	_	
19-12	1083-1092	expecting	_	_	
19-13	1093-1097	your	_	_	
19-14	1098-1104	caress	_	_	
19-15	1105-1109	like	_	_	
19-16	1110-1111	a	_	_	
19-17	1112-1116	dove	_	_	
19-18	1117-1123	taking	_	_	
19-19	1124-1130	flight	_	_	
19-20	1131-1133	in	_	_	
19-21	1134-1137	the	_	_	
19-22	1138-1143	night	_	_	
19-23	1143-1144	.	_	_	
19-24	1144-1145	.	_	_	
19-25	1145-1146	.	_	_	
19-26	1147-1149	in	_	_	
19-27	1150-1153	the	_	_	
19-28	1154-1159	night	_	_	
19-29	1160-1163	you	_	_	
19-30	1164-1168	hold	_	_	
19-31	1169-1171	me	_	_	
19-32	1172-1176	like	_	_	
19-33	1177-1178	a	_	_	
19-34	1179-1187	stranger	_	_	
19-35	1188-1189	I	_	_	
19-36	1190-1194	feel	_	_	
19-37	1195-1197	no	_	_	
19-38	1198-1202	sign	_	_	
19-39	1203-1205	of	_	_	
19-40	1206-1212	danger	_	_	
19-41	1213-1221	Stranger	_	_	
19-42	1222-1224	in	_	_	
19-43	1225-1228	the	_	_	
19-44	1229-1234	night	_	_	
19-45	1235-1245	exchanging	_	_	
19-46	1246-1253	glances	_	_	
19-47	1254-1263	something	_	_	
19-48	1264-1266	in	_	_	
19-49	1267-1271	your	_	_	
19-50	1272-1276	eyes	_	_	
19-51	1277-1280	was	_	_	
19-52	1281-1283	so	_	_	
19-53	1284-1292	inviting	_	_	
19-54	1293-1301	stranger	_	_	
19-55	1302-1304	in	_	_	
19-56	1305-1308	the	_	_	
19-57	1309-1314	night	_	_	
19-58	1315-1316	I	_	_	
19-59	1317-1321	love	_	_	
19-60	1322-1325	you	_	_	
19-61	1326-1330	hold	_	_	
19-62	1331-1333	me	_	_	
19-63	1334-1339	tight	_	_	
19-64	1340-1343	two	_	_	
19-65	1344-1350	lonely	_	_	
19-66	1351-1357	people	_	_	
19-67	1358-1360	in	_	_	
19-68	1361-1364	the	_	_	
19-69	1365-1370	night	_	_	
