#FORMAT=WebAnno TSV 3.2
#T_SP=webanno.custom.Sentiment|Polarity
#T_SP=webanno.custom.Topic|Topics


#Text=Überall im Zentrum der reichen alten Stadt, drängen sich die Möwen, halberfroren und matt, denn auf dem Meer sind Stürme und das bringt große Not. in der City gibt's kein Futter, hier finden sie den Tod.
1-1	0-7	Überall	negative[1]	_	
1-2	8-10	im	negative[1]	_	
1-3	11-18	Zentrum	negative[1]	_	
1-4	19-22	der	negative[1]	_	
1-5	23-30	reichen	negative[1]	_	
1-6	31-36	alten	negative[1]	_	
1-7	37-42	Stadt	negative[1]	_	
1-8	42-43	,	negative[1]	_	
1-9	44-51	drängen	negative[1]	Politik/Soziales/Missstände[13]	
1-10	52-56	sich	negative[1]	Politik/Soziales/Missstände[13]	
1-11	57-60	die	negative[1]	Politik/Soziales/Missstände[13]	
1-12	61-66	Möwen	negative[1]	Politik/Soziales/Missstände[13]	
1-13	66-67	,	negative[1]	Politik/Soziales/Missstände[13]	
1-14	68-80	halberfroren	negative[1]	Politik/Soziales/Missstände[13]	
1-15	81-84	und	negative[1]	Politik/Soziales/Missstände[13]	
1-16	85-89	matt	negative[1]	Politik/Soziales/Missstände[13]	
1-17	89-90	,	negative[1]	_	
1-18	91-95	denn	negative[1]	_	
1-19	96-99	auf	negative[1]	_	
1-20	100-103	dem	negative[1]	_	
1-21	104-108	Meer	negative[1]	_	
1-22	109-113	sind	negative[1]	_	
1-23	114-120	Stürme	negative[1]	_	
1-24	121-124	und	negative[1]	_	
1-25	125-128	das	negative[1]	_	
1-26	129-135	bringt	negative[1]	_	
1-27	136-141	große	negative[1]	Politik/Soziales/Missstände[14]	
1-28	142-145	Not	negative[1]	Politik/Soziales/Missstände[14]	
1-29	145-146	.	negative[1]	_	
1-30	147-149	in	negative[2]	_	
1-31	150-153	der	negative[2]	_	
1-32	154-158	City	negative[2]	_	
1-33	159-165	gibt's	negative[2]	_	
1-34	166-170	kein	negative[2]	Politik/Soziales/Missstände[15]	
1-35	171-177	Futter	negative[2]	Politik/Soziales/Missstände[15]	
1-36	177-178	,	negative[2]	_	
1-37	179-183	hier	negative[2]	Politik/Soziales/Missstände[16]	
1-38	184-190	finden	negative[2]	Politik/Soziales/Missstände[16]	
1-39	191-194	sie	negative[2]	Politik/Soziales/Missstände[16]	
1-40	195-198	den	negative[2]	Politik/Soziales/Missstände[16]	
1-41	199-202	Tod	negative[2]	Politik/Soziales/Missstände[16]	
1-42	202-203	.	negative[2]	_	

#Text=Eine Nutte wartet auf das letzte Rendezvous und ein Penner deckt sich mit Plastiktüten zu. die Leute, die du ansiehst, gucken weg und drehn sich um. jeder spürt, die City stirbt und keiner weiß genau, warum..
2-1	208-212	Eine	negative[3]	_	
2-2	213-218	Nutte	negative[3]	Politik/Soziales/Missstände	
2-3	219-225	wartet	negative[3]	_	
2-4	226-229	auf	negative[3]	_	
2-5	230-233	das	negative[3]	_	
2-6	234-240	letzte	negative[3]	_	
2-7	241-251	Rendezvous	negative[3]	_	
2-8	252-255	und	negative[3]	_	
2-9	256-259	ein	negative[3]	_	
2-10	260-266	Penner	negative[3]	Politik/Soziales/Missstände	
2-11	267-272	deckt	negative[3]	Politik/Soziales/Missstände[17]	
2-12	273-277	sich	negative[3]	Politik/Soziales/Missstände[17]	
2-13	278-281	mit	negative[3]	Politik/Soziales/Missstände[17]	
2-14	282-294	Plastiktüten	negative[3]	Politik/Soziales/Missstände[17]	
2-15	295-297	zu	negative[3]	Politik/Soziales/Missstände[17]	
2-16	297-298	.	negative[3]	_	
2-17	299-302	die	negative[4]	_	
2-18	303-308	Leute	negative[4]	_	
2-19	308-309	,	negative[4]	_	
2-20	310-313	die	negative[4]	_	
2-21	314-316	du	negative[4]	_	
2-22	317-325	ansiehst	negative[4]	_	
2-23	325-326	,	negative[4]	_	
2-24	327-333	gucken	negative[4]	Politik/Soziales/Missstände[18]	
2-25	334-337	weg	negative[4]	Politik/Soziales/Missstände[18]	
2-26	338-341	und	negative[4]	_	
2-27	342-347	drehn	negative[4]	Politik/Soziales/Missstände[19]	
2-28	348-352	sich	negative[4]	Politik/Soziales/Missstände[19]	
2-29	353-355	um	negative[4]	Politik/Soziales/Missstände[19]	
2-30	355-356	.	negative[4]	_	
2-31	357-362	jeder	negative[5]	_	
2-32	363-368	spürt	negative[5]	_	
2-33	368-369	,	negative[5]	_	
2-34	370-373	die	negative[5]	Politik/Soziales/Missstände[20]	
2-35	374-378	City	negative[5]	Politik/Soziales/Missstände[20]	
2-36	379-385	stirbt	negative[5]	Politik/Soziales/Missstände[20]	
2-37	386-389	und	negative[5]	_	
2-38	390-396	keiner	negative[5]	_	
2-39	397-401	weiß	negative[5]	_	
2-40	402-407	genau	negative[5]	_	
2-41	407-408	,	negative[5]	_	
2-42	409-414	warum	negative[5]	_	
2-43	414-415	.	negative[5]	_	
2-44	415-416	.	_	_	

#Text=Oh, Baltimore, dein Ende ist in Sicht, oh, Baltimore, ein paar Jahre noch, länger geb' ich dir nicht.
3-1	421-423	Oh	negative[6]	_	
3-2	423-424	,	negative[6]	_	
3-3	425-434	Baltimore	negative[6]	_	
3-4	434-435	,	negative[6]	_	
3-5	436-440	dein	negative[6]	Politik/Soziales/Missstände[21]	
3-6	441-445	Ende	negative[6]	Politik/Soziales/Missstände[21]	
3-7	446-449	ist	negative[6]	Politik/Soziales/Missstände[21]	
3-8	450-452	in	negative[6]	Politik/Soziales/Missstände[21]	
3-9	453-458	Sicht	negative[6]	Politik/Soziales/Missstände[21]	
3-10	458-459	,	negative[6]	_	
3-11	460-462	oh	negative[6]	_	
3-12	462-463	,	negative[6]	_	
3-13	464-473	Baltimore	negative[6]	_	
3-14	473-474	,	negative[6]	_	
3-15	475-478	ein	negative[6]	_	
3-16	479-483	paar	negative[6]	_	
3-17	484-489	Jahre	negative[6]	_	
3-18	490-494	noch	negative[6]	_	
3-19	494-495	,	negative[6]	_	
3-20	496-502	länger	negative[6]	_	
3-21	503-506	geb	negative[6]	_	
3-22	506-507	'	negative[6]	_	
3-23	508-511	ich	negative[6]	_	
3-24	512-515	dir	negative[6]	_	
3-25	516-521	nicht	negative[6]	_	
3-26	521-522	.	negative[6]	_	

#Text=Meine Schwester Sandy und mein kleiner Bruder Gregg, ich kauf' ein altes Auto, das bringt uns ganz weit weg, in die höchsten Berge und in das weite Land. da bleiben wir für immer. komm, nimm meine Hand.
4-1	527-532	Meine	positive[7]	_	
4-2	533-542	Schwester	positive[7]	Liebe/Partnerschaft	
4-3	543-548	Sandy	positive[7]	_	
4-4	549-552	und	positive[7]	_	
4-5	553-557	mein	positive[7]	_	
4-6	558-565	kleiner	positive[7]	_	
4-7	566-572	Bruder	positive[7]	Liebe/Partnerschaft	
4-8	573-578	Gregg	positive[7]	_	
4-9	578-579	,	positive[7]	_	
4-10	580-583	ich	positive[7]	_	
4-11	584-588	kauf	positive[7]	_	
4-12	588-589	'	positive[7]	_	
4-13	590-593	ein	positive[7]	_	
4-14	594-599	altes	positive[7]	_	
4-15	600-604	Auto	positive[7]	Reisen	
4-16	604-605	,	positive[7]	_	
4-17	606-609	das	positive[7]	_	
4-18	610-616	bringt	positive[7]	_	
4-19	617-620	uns	positive[7]	_	
4-20	621-625	ganz	positive[7]	Reisen[22]	
4-21	626-630	weit	positive[7]	Reisen[22]	
4-22	631-634	weg	positive[7]	Reisen[22]	
4-23	634-635	,	positive[7]	_	
4-24	636-638	in	positive[7]	_	
4-25	639-642	die	positive[7]	_	
4-26	643-651	höchsten	positive[7]	Reisen[23]	
4-27	652-657	Berge	positive[7]	Reisen[23]	
4-28	658-661	und	positive[7]	_	
4-29	662-664	in	positive[7]	_	
4-30	665-668	das	positive[7]	Reisen[24]	
4-31	669-674	weite	positive[7]	Reisen[24]	
4-32	675-679	Land	positive[7]	Reisen[24]	
4-33	679-680	.	positive[7]	_	
4-34	681-683	da	positive[8]	_	
4-35	684-691	bleiben	positive[8]	_	
4-36	692-695	wir	positive[8]	_	
4-37	696-699	für	positive[8]	_	
4-38	700-705	immer	positive[8]	_	
4-39	705-706	.	positive[8]	_	
4-40	707-711	komm	positive[8]	_	
4-41	711-712	,	positive[8]	_	
4-42	713-717	nimm	positive[8]	_	
4-43	718-723	meine	positive[8]	_	
4-44	724-728	Hand	positive[8]	_	
4-45	728-729	.	positive[8]	_	

#Text=Oh, Baltimore, dein Ende ist in Sicht, oh, Baltimore, ein paar Jahre noch, mehr geb' ich dir nicht.
5-1	734-736	Oh	negative[9]	_	
5-2	736-737	,	negative[9]	_	
5-3	738-747	Baltimore	negative[9]	_	
5-4	747-748	,	negative[9]	_	
5-5	749-753	dein	negative[9]	Politik/Soziales/Missstände[25]	
5-6	754-758	Ende	negative[9]	Politik/Soziales/Missstände[25]	
5-7	759-762	ist	negative[9]	Politik/Soziales/Missstände[25]	
5-8	763-765	in	negative[9]	Politik/Soziales/Missstände[25]	
5-9	766-771	Sicht	negative[9]	Politik/Soziales/Missstände[25]	
5-10	771-772	,	negative[9]	_	
5-11	773-775	oh	negative[9]	_	
5-12	775-776	,	negative[9]	_	
5-13	777-786	Baltimore	negative[9]	_	
5-14	786-787	,	negative[9]	_	
5-15	788-791	ein	negative[9]	_	
5-16	792-796	paar	negative[9]	_	
5-17	797-802	Jahre	negative[9]	_	
5-18	803-807	noch	negative[9]	_	
5-19	807-808	,	negative[9]	_	
5-20	809-813	mehr	negative[9]	_	
5-21	814-817	geb	negative[9]	_	
5-22	817-818	'	negative[9]	_	
5-23	819-822	ich	negative[9]	_	
5-24	823-826	dir	negative[9]	_	
5-25	827-832	nicht	negative[9]	_	
5-26	832-833	.	negative[9]	_	

#Text=Oh, Baltimore, du wirst untergehn wie ein großes Schiff. oh, Baltimore, du gehst unter, doch mich ziehst du nicht mit runter.
6-1	838-840	Oh	negative[10]	_	
6-2	840-841	,	negative[10]	_	
6-3	842-851	Baltimore	negative[10]	_	
6-4	851-852	,	negative[10]	_	
6-5	853-855	du	negative[10]	Politik/Soziales/Missstände[26]	
6-6	856-861	wirst	negative[10]	Politik/Soziales/Missstände[26]	
6-7	862-871	untergehn	negative[10]	Politik/Soziales/Missstände[26]	
6-8	872-875	wie	negative[10]	_	
6-9	876-879	ein	negative[10]	_	
6-10	880-886	großes	negative[10]	Reisen[27]	
6-11	887-893	Schiff	negative[10]	Reisen[27]	
6-12	893-894	.	negative[10]	_	
6-13	895-897	oh	positive[11]	_	
6-14	897-898	,	positive[11]	_	
6-15	899-908	Baltimore	positive[11]	_	
6-16	908-909	,	positive[11]	_	
6-17	910-912	du	positive[11]	Politik/Soziales/Missstände[28]	
6-18	913-918	gehst	positive[11]	Politik/Soziales/Missstände[28]	
6-19	919-924	unter	positive[11]	Politik/Soziales/Missstände[28]	
6-20	924-925	,	positive[11]	_	
6-21	926-930	doch	positive[11]	_	
6-22	931-935	mich	positive[11]	_	
6-23	936-942	ziehst	positive[11]	_	
6-24	943-945	du	positive[11]	_	
6-25	946-951	nicht	positive[11]	_	
6-26	952-955	mit	positive[11]	_	
6-27	956-962	runter	positive[11]	_	
6-28	962-963	.	positive[11]	_	

#Text=Baltimore, in deinem Schutt erstick' ich nicht...
7-1	968-977	Baltimore	positive[12]	_	
7-2	977-978	,	positive[12]	_	
7-3	979-981	in	positive[12]	_	
7-4	982-988	deinem	positive[12]	_	
7-5	989-995	Schutt	positive[12]	Politik/Soziales/Missstände	
7-6	996-1003	erstick	positive[12]	_	
7-7	1003-1004	'	positive[12]	_	
7-8	1005-1008	ich	positive[12]	_	
7-9	1009-1014	nicht	positive[12]	_	
7-10	1014-1015	.	positive[12]	_	
7-11	1015-1016	.	positive[12]	_	
7-12	1016-1017	.	positive[12]	_	
