#FORMAT=WebAnno TSV 3.2
#T_SP=webanno.custom.Sentiment|Polarity
#T_SP=webanno.custom.Topic|Topics


#Text=Ich bin ein kleiner Koffer aus Frankfurt am Main und ich such meinen Herrn, wo mag er nur sein?
1-1	0-3	Ich	neutral[1]	_	
1-2	4-7	bin	neutral[1]	_	
1-3	8-11	ein	neutral[1]	_	
1-4	12-19	kleiner	neutral[1]	_	
1-5	20-26	Koffer	neutral[1]	_	
1-6	27-30	aus	neutral[1]	_	
1-7	31-40	Frankfurt	neutral[1]	_	
1-8	41-43	am	neutral[1]	_	
1-9	44-48	Main	neutral[1]	_	
1-10	49-52	und	neutral[1]	_	
1-11	53-56	ich	neutral[1]	_	
1-12	57-61	such	neutral[1]	_	
1-13	62-68	meinen	neutral[1]	_	
1-14	69-74	Herrn	neutral[1]	_	
1-15	74-75	,	neutral[1]	_	
1-16	76-78	wo	neutral[1]	_	
1-17	79-82	mag	neutral[1]	_	
1-18	83-85	er	neutral[1]	_	
1-19	86-89	nur	neutral[1]	_	
1-20	90-94	sein	neutral[1]	_	
1-21	94-95	?	neutral[1]	_	

#Text=Er trug einen Stern, und war alt und blind und er hielt mich gut, als wär' ich sein Kind.
2-1	96-98	Er	positive[2]	Politik/Soziales/Missstände[13]	
2-2	99-103	trug	positive[2]	Politik/Soziales/Missstände[13]	
2-3	104-109	einen	positive[2]	Politik/Soziales/Missstände[13]	
2-4	110-115	Stern	positive[2]	Politik/Soziales/Missstände[13]	
2-5	115-116	,	positive[2]	_	
2-6	117-120	und	positive[2]	_	
2-7	121-124	war	positive[2]	_	
2-8	125-128	alt	positive[2]	Persönliches/Emotionen[14]	
2-9	129-132	und	positive[2]	Persönliches/Emotionen[14]	
2-10	133-138	blind	positive[2]	Persönliches/Emotionen[14]	
2-11	139-142	und	positive[2]	_	
2-12	143-145	er	positive[2]	_	
2-13	146-151	hielt	positive[2]	_	
2-14	152-156	mich	positive[2]	_	
2-15	157-160	gut	positive[2]	_	
2-16	160-161	,	positive[2]	_	
2-17	162-165	als	positive[2]	_	
2-18	166-169	wär	positive[2]	_	
2-19	169-170	'	positive[2]	_	
2-20	171-174	ich	positive[2]	_	
2-21	175-179	sein	positive[2]	Liebe/Partnerschaft[15]	
2-22	180-184	Kind	positive[2]	Liebe/Partnerschaft[15]	
2-23	184-185	.	positive[2]	_	

#Text=Ich hab meinen Herrn begleitet - jahraus jahrein, auch diesmal ging ich mit ihm, nun ist er allein, er war alt und blind, wohin ist er gekommen und weshalb hat man mich ihm fortgenommen?
3-1	190-193	Ich	negative[3]	_	
3-2	194-197	hab	negative[3]	_	
3-3	198-204	meinen	negative[3]	Liebe/Partnerschaft[16]	
3-4	205-210	Herrn	negative[3]	Liebe/Partnerschaft[16]	
3-5	211-220	begleitet	negative[3]	_	
3-6	221-222	-	negative[3]	_	
3-7	223-230	jahraus	negative[3]	_	
3-8	231-238	jahrein	negative[3]	_	
3-9	238-239	,	negative[3]	_	
3-10	240-244	auch	negative[3]	_	
3-11	245-252	diesmal	negative[3]	_	
3-12	253-257	ging	negative[3]	_	
3-13	258-261	ich	negative[3]	_	
3-14	262-265	mit	negative[3]	_	
3-15	266-269	ihm	negative[3]	_	
3-16	269-270	,	negative[3]	_	
3-17	271-274	nun	negative[3]	_	
3-18	275-278	ist	negative[3]	_	
3-19	279-281	er	negative[3]	_	
3-20	282-288	allein	negative[3]	_	
3-21	288-289	,	negative[3]	_	
3-22	290-292	er	negative[3]	_	
3-23	293-296	war	negative[3]	_	
3-24	297-300	alt	negative[3]	Persönliches/Emotionen[17]	
3-25	301-304	und	negative[3]	Persönliches/Emotionen[17]	
3-26	305-310	blind	negative[3]	Persönliches/Emotionen[17]	
3-27	310-311	,	negative[3]	_	
3-28	312-317	wohin	negative[3]	_	
3-29	318-321	ist	negative[3]	_	
3-30	322-324	er	negative[3]	_	
3-31	325-333	gekommen	negative[3]	_	
3-32	334-337	und	negative[3]	_	
3-33	338-345	weshalb	negative[3]	_	
3-34	346-349	hat	negative[3]	_	
3-35	350-353	man	negative[3]	_	
3-36	354-358	mich	negative[3]	_	
3-37	359-362	ihm	negative[3]	_	
3-38	363-375	fortgenommen	negative[3]	_	
3-39	375-376	?	negative[3]	_	

#Text=Ich bin ein kleiner Koffer aus Frankfurt am Main und ich such meinen Herrn, wo mag er nur sein?
4-1	381-384	Ich	neutral[4]	_	
4-2	385-388	bin	neutral[4]	_	
4-3	389-392	ein	neutral[4]	_	
4-4	393-400	kleiner	neutral[4]	_	
4-5	401-407	Koffer	neutral[4]	_	
4-6	408-411	aus	neutral[4]	_	
4-7	412-421	Frankfurt	neutral[4]	_	
4-8	422-424	am	neutral[4]	_	
4-9	425-429	Main	neutral[4]	_	
4-10	430-433	und	neutral[4]	_	
4-11	434-437	ich	neutral[4]	_	
4-12	438-442	such	neutral[4]	_	
4-13	443-449	meinen	neutral[4]	_	
4-14	450-455	Herrn	neutral[4]	_	
4-15	455-456	,	neutral[4]	_	
4-16	457-459	wo	neutral[4]	_	
4-17	460-463	mag	neutral[4]	_	
4-18	464-466	er	neutral[4]	_	
4-19	467-470	nur	neutral[4]	_	
4-20	471-475	sein	neutral[4]	_	
4-21	475-476	?	neutral[4]	_	

#Text=Er trug einen Stern, und war alt und blind und er hielt mich gut, als wär' ich sein Kind.
5-1	477-479	Er	positive[5]	Politik/Soziales/Missstände[18]	
5-2	480-484	trug	positive[5]	Politik/Soziales/Missstände[18]	
5-3	485-490	einen	positive[5]	Politik/Soziales/Missstände[18]	
5-4	491-496	Stern	positive[5]	Politik/Soziales/Missstände[18]	
5-5	496-497	,	positive[5]	_	
5-6	498-501	und	positive[5]	_	
5-7	502-505	war	positive[5]	_	
5-8	506-509	alt	positive[5]	Persönliches/Emotionen[19]	
5-9	510-513	und	positive[5]	Persönliches/Emotionen[19]	
5-10	514-519	blind	positive[5]	Persönliches/Emotionen[19]	
5-11	520-523	und	positive[5]	_	
5-12	524-526	er	positive[5]	_	
5-13	527-532	hielt	positive[5]	_	
5-14	533-537	mich	positive[5]	_	
5-15	538-541	gut	positive[5]	_	
5-16	541-542	,	positive[5]	_	
5-17	543-546	als	positive[5]	_	
5-18	547-550	wär	positive[5]	_	
5-19	550-551	'	positive[5]	_	
5-20	552-555	ich	positive[5]	_	
5-21	556-560	sein	positive[5]	Liebe/Partnerschaft[20]	
5-22	561-565	Kind	positive[5]	Liebe/Partnerschaft[20]	
5-23	565-566	.	positive[5]	_	

#Text=Warum bin ich auf dem Kasernenhof geblieben?
6-1	571-576	Warum	negative[6]	_	
6-2	577-580	bin	negative[6]	_	
6-3	581-584	ich	negative[6]	_	
6-4	585-588	auf	negative[6]	_	
6-5	589-592	dem	negative[6]	_	
6-6	593-604	Kasernenhof	negative[6]	Politik/Soziales/Missstände	
6-7	605-614	geblieben	negative[6]	_	
6-8	614-615	?	negative[6]	_	

#Text=Sein Name steht doch auf meinem Kleid geschrieben.
7-1	616-620	Sein	neutral[7]	_	
7-2	621-625	Name	neutral[7]	_	
7-3	626-631	steht	neutral[7]	_	
7-4	632-636	doch	neutral[7]	_	
7-5	637-640	auf	neutral[7]	_	
7-6	641-647	meinem	neutral[7]	_	
7-7	648-653	Kleid	neutral[7]	_	
7-8	654-665	geschrieben	neutral[7]	_	
7-9	665-666	.	neutral[7]	_	

#Text=Nun bin ich schmutzig, mein Schloss hält nicht mehr, man hat mich geplündert, ich bin fast leer.
8-1	667-670	Nun	negative[8]	_	
8-2	671-674	bin	negative[8]	_	
8-3	675-678	ich	negative[8]	_	
8-4	679-688	schmutzig	negative[8]	_	
8-5	688-689	,	negative[8]	_	
8-6	690-694	mein	negative[8]	_	
8-7	695-702	Schloss	negative[8]	_	
8-8	703-707	hält	negative[8]	_	
8-9	708-713	nicht	negative[8]	_	
8-10	714-718	mehr	negative[8]	_	
8-11	718-719	,	negative[8]	_	
8-12	720-723	man	negative[8]	_	
8-13	724-727	hat	negative[8]	_	
8-14	728-732	mich	negative[8]	_	
8-15	733-743	geplündert	negative[8]	Politik/Soziales/Missstände	
8-16	743-744	,	negative[8]	_	
8-17	745-748	ich	negative[8]	_	
8-18	749-752	bin	negative[8]	_	
8-19	753-757	fast	negative[8]	_	
8-20	758-762	leer	negative[8]	_	
8-21	762-763	.	negative[8]	_	

#Text=Nur ein Tuch ist noch da, ein Becher dabei, seine kleine Blindentafel aus Blei, alles ist fort, die Arzeneien, das Brot, er sucht mich gewiss, vielleicht leidet er Not.
9-1	768-771	Nur	negative[9]	_	
9-2	772-775	ein	negative[9]	_	
9-3	776-780	Tuch	negative[9]	_	
9-4	781-784	ist	negative[9]	_	
9-5	785-789	noch	negative[9]	_	
9-6	790-792	da	negative[9]	_	
9-7	792-793	,	negative[9]	_	
9-8	794-797	ein	negative[9]	_	
9-9	798-804	Becher	negative[9]	_	
9-10	805-810	dabei	negative[9]	_	
9-11	810-811	,	negative[9]	_	
9-12	812-817	seine	negative[9]	_	
9-13	818-824	kleine	negative[9]	_	
9-14	825-837	Blindentafel	negative[9]	_	
9-15	838-841	aus	negative[9]	_	
9-16	842-846	Blei	negative[9]	_	
9-17	846-847	,	negative[9]	_	
9-18	848-853	alles	negative[9]	_	
9-19	854-857	ist	negative[9]	_	
9-20	858-862	fort	negative[9]	_	
9-21	862-863	,	negative[9]	_	
9-22	864-867	die	negative[9]	_	
9-23	868-877	Arzeneien	negative[9]	Gesundheit/Drogen	
9-24	877-878	,	negative[9]	_	
9-25	879-882	das	negative[9]	_	
9-26	883-887	Brot	negative[9]	_	
9-27	887-888	,	negative[9]	_	
9-28	889-891	er	negative[9]	_	
9-29	892-897	sucht	negative[9]	_	
9-30	898-902	mich	negative[9]	_	
9-31	903-909	gewiss	negative[9]	_	
9-32	909-910	,	negative[9]	_	
9-33	911-921	vielleicht	negative[9]	_	
9-34	922-928	leidet	negative[9]	Persönliches/Emotionen[21]	
9-35	929-931	er	negative[9]	Persönliches/Emotionen[21]	
9-36	932-935	Not	negative[9]	Persönliches/Emotionen[21]	
9-37	935-936	.	negative[9]	_	

#Text=Ich bin ein kleiner Koffer aus Frankfurt am Main und ich such meinen Herrn, wo mag er nur sein?
10-1	941-944	Ich	neutral[10]	_	
10-2	945-948	bin	neutral[10]	_	
10-3	949-952	ein	neutral[10]	_	
10-4	953-960	kleiner	neutral[10]	_	
10-5	961-967	Koffer	neutral[10]	_	
10-6	968-971	aus	neutral[10]	_	
10-7	972-981	Frankfurt	neutral[10]	_	
10-8	982-984	am	neutral[10]	_	
10-9	985-989	Main	neutral[10]	_	
10-10	990-993	und	neutral[10]	_	
10-11	994-997	ich	neutral[10]	_	
10-12	998-1002	such	neutral[10]	_	
10-13	1003-1009	meinen	neutral[10]	_	
10-14	1010-1015	Herrn	neutral[10]	_	
10-15	1015-1016	,	neutral[10]	_	
10-16	1017-1019	wo	neutral[10]	_	
10-17	1020-1023	mag	neutral[10]	_	
10-18	1024-1026	er	neutral[10]	_	
10-19	1027-1030	nur	neutral[10]	_	
10-20	1031-1035	sein	neutral[10]	_	
10-21	1035-1036	?	neutral[10]	_	

#Text=Er trug einen Stern, und war alt und blind und er hielt mich gut, als wär' ich sein Kind.
11-1	1037-1039	Er	positive[11]	Politik/Soziales/Missstände[22]	
11-2	1040-1044	trug	positive[11]	Politik/Soziales/Missstände[22]	
11-3	1045-1050	einen	positive[11]	Politik/Soziales/Missstände[22]	
11-4	1051-1056	Stern	positive[11]	Politik/Soziales/Missstände[22]	
11-5	1056-1057	,	positive[11]	_	
11-6	1058-1061	und	positive[11]	_	
11-7	1062-1065	war	positive[11]	_	
11-8	1066-1069	alt	positive[11]	Persönliches/Emotionen[23]	
11-9	1070-1073	und	positive[11]	Persönliches/Emotionen[23]	
11-10	1074-1079	blind	positive[11]	Persönliches/Emotionen[23]	
11-11	1080-1083	und	positive[11]	_	
11-12	1084-1086	er	positive[11]	_	
11-13	1087-1092	hielt	positive[11]	_	
11-14	1093-1097	mich	positive[11]	_	
11-15	1098-1101	gut	positive[11]	_	
11-16	1101-1102	,	positive[11]	_	
11-17	1103-1106	als	positive[11]	_	
11-18	1107-1110	wär	positive[11]	_	
11-19	1110-1111	'	positive[11]	_	
11-20	1112-1115	ich	positive[11]	_	
11-21	1116-1120	sein	positive[11]	Liebe/Partnerschaft[24]	
11-22	1121-1125	Kind	positive[11]	Liebe/Partnerschaft[24]	
11-23	1125-1126	.	positive[11]	_	

#Text=Das muss schwer sein für einen Blinden, mich in dem Stapel von Koffern zu finden, ich kann es auch so schwer verstehen, weshalb wir hier nutzlos zugrunde gehen.
12-1	1131-1134	Das	negative[12]	_	
12-2	1135-1139	muss	negative[12]	_	
12-3	1140-1146	schwer	negative[12]	_	
12-4	1147-1151	sein	negative[12]	_	
12-5	1152-1155	für	negative[12]	_	
12-6	1156-1161	einen	negative[12]	_	
12-7	1162-1169	Blinden	negative[12]	_	
12-8	1169-1170	,	negative[12]	_	
12-9	1171-1175	mich	negative[12]	_	
12-10	1176-1178	in	negative[12]	_	
12-11	1179-1182	dem	negative[12]	_	
12-12	1183-1189	Stapel	negative[12]	_	
12-13	1190-1193	von	negative[12]	_	
12-14	1194-1201	Koffern	negative[12]	_	
12-15	1202-1204	zu	negative[12]	_	
12-16	1205-1211	finden	negative[12]	_	
12-17	1211-1212	,	negative[12]	_	
12-18	1213-1216	ich	negative[12]	_	
12-19	1217-1221	kann	negative[12]	_	
12-20	1222-1224	es	negative[12]	_	
12-21	1225-1229	auch	negative[12]	_	
12-22	1230-1232	so	negative[12]	_	
12-23	1233-1239	schwer	negative[12]	_	
12-24	1240-1249	verstehen	negative[12]	_	
12-25	1249-1250	,	negative[12]	_	
12-26	1251-1258	weshalb	negative[12]	_	
12-27	1259-1262	wir	negative[12]	_	
12-28	1263-1267	hier	negative[12]	_	
12-29	1268-1275	nutzlos	negative[12]	Politik/Soziales/Missstände[25]	
12-30	1276-1284	zugrunde	negative[12]	Politik/Soziales/Missstände[25]	
12-31	1285-1290	gehen	negative[12]	Politik/Soziales/Missstände[25]	
12-32	1290-1291	.	negative[12]	_	
