#FORMAT=WebAnno TSV 3.2
#T_SP=webanno.custom.Sentiment|Polarity
#T_SP=webanno.custom.Topic|Topics


#Text=Schon seit Tagen bin ich hier allein, ich kann nicht immer im Zimmer sein, mit dir telefonieren und rumphantasieren, ich vermiss' dich so.
1-1	0-5	Schon	negative[1]	_	
1-2	6-10	seit	negative[1]	_	
1-3	11-16	Tagen	negative[1]	_	
1-4	17-20	bin	negative[1]	_	
1-5	21-24	ich	negative[1]	_	
1-6	25-29	hier	negative[1]	_	
1-7	30-36	allein	negative[1]	Persönliches/Emotionen	
1-8	36-37	,	negative[1]	_	
1-9	38-41	ich	negative[1]	_	
1-10	42-46	kann	negative[1]	_	
1-11	47-52	nicht	negative[1]	_	
1-12	53-58	immer	negative[1]	_	
1-13	59-61	im	negative[1]	_	
1-14	62-68	Zimmer	negative[1]	_	
1-15	69-73	sein	negative[1]	_	
1-16	73-74	,	negative[1]	_	
1-17	75-78	mit	negative[1]	_	
1-18	79-82	dir	negative[1]	_	
1-19	83-95	telefonieren	negative[1]	_	
1-20	96-99	und	negative[1]	_	
1-21	100-115	rumphantasieren	negative[1]	_	
1-22	115-116	,	negative[1]	_	
1-23	117-120	ich	negative[1]	Liebe/Partnerschaft[24]	
1-24	121-128	vermiss	negative[1]	Liebe/Partnerschaft[24]	
1-25	128-129	'	negative[1]	Liebe/Partnerschaft[24]	
1-26	130-134	dich	negative[1]	Liebe/Partnerschaft[24]	
1-27	135-137	so	negative[1]	_	
1-28	137-138	.	negative[1]	_	

#Text=Ich geh' raus in die fremde Stadt, die für mich keine Liebe hat, geh' in irgend 'ne Bar und du bist nicht da, ich vermisse dich so.
2-1	143-146	Ich	negative[2]	_	
2-2	147-150	geh	negative[2]	_	
2-3	150-151	'	negative[2]	_	
2-4	152-156	raus	negative[2]	_	
2-5	157-159	in	negative[2]	_	
2-6	160-163	die	negative[2]	_	
2-7	164-170	fremde	negative[2]	_	
2-8	171-176	Stadt	negative[2]	_	
2-9	176-177	,	negative[2]	_	
2-10	178-181	die	negative[2]	_	
2-11	182-185	für	negative[2]	_	
2-12	186-190	mich	negative[2]	_	
2-13	191-196	keine	negative[2]	Liebe/Partnerschaft[25]	
2-14	197-202	Liebe	negative[2]	Liebe/Partnerschaft[25]	
2-15	203-206	hat	negative[2]	_	
2-16	206-207	,	negative[2]	_	
2-17	208-211	geh	negative[2]	_	
2-18	211-212	'	negative[2]	_	
2-19	213-215	in	negative[2]	_	
2-20	216-222	irgend	negative[2]	_	
2-21	223-224	'	negative[2]	_	
2-22	224-226	ne	negative[2]	_	
2-23	227-230	Bar	negative[2]	Gesundheit/Drogen	
2-24	231-234	und	negative[2]	_	
2-25	235-237	du	negative[2]	_	
2-26	238-242	bist	negative[2]	_	
2-27	243-248	nicht	negative[2]	_	
2-28	249-251	da	negative[2]	_	
2-29	251-252	,	negative[2]	_	
2-30	253-256	ich	negative[2]	Liebe/Partnerschaft[26]	
2-31	257-265	vermisse	negative[2]	Liebe/Partnerschaft[26]	
2-32	266-270	dich	negative[2]	Liebe/Partnerschaft[26]	
2-33	271-273	so	negative[2]	_	
2-34	273-274	.	negative[2]	_	

#Text=Im Moment ist mir egal, was sonst so um mich 'rum passiert.
3-1	279-281	Im	negative[3]	_	
3-2	282-288	Moment	negative[3]	_	
3-3	289-292	ist	negative[3]	Persönliches/Emotionen[27]	
3-4	293-296	mir	negative[3]	Persönliches/Emotionen[27]	
3-5	297-301	egal	negative[3]	Persönliches/Emotionen[27]	
3-6	301-302	,	negative[3]	_	
3-7	303-306	was	negative[3]	_	
3-8	307-312	sonst	negative[3]	_	
3-9	313-315	so	negative[3]	_	
3-10	316-318	um	negative[3]	_	
3-11	319-323	mich	negative[3]	_	
3-12	324-325	'	negative[3]	_	
3-13	325-328	rum	negative[3]	_	
3-14	329-337	passiert	negative[3]	_	
3-15	337-338	.	_	_	

#Text=Im Moment bist du alles was mich wirklich interessiert.
4-1	339-341	Im	neutral[4]	_	
4-2	342-348	Moment	neutral[4]	_	
4-3	349-353	bist	neutral[4]	_	
4-4	354-356	du	neutral[4]	_	
4-5	357-362	alles	neutral[4]	_	
4-6	363-366	was	neutral[4]	_	
4-7	367-371	mich	neutral[4]	_	
4-8	372-380	wirklich	neutral[4]	_	
4-9	381-393	interessiert	neutral[4]	_	
4-10	393-394	.	_	_	

#Text=Warum bist du jetzt nicht hier?
5-1	395-400	Warum	negative[5]	_	
5-2	401-405	bist	negative[5]	_	
5-3	406-408	du	negative[5]	_	
5-4	409-414	jetzt	negative[5]	_	
5-5	415-420	nicht	negative[5]	_	
5-6	421-425	hier	negative[5]	_	
5-7	425-426	?	negative[5]	_	

#Text=Ich starre auf eine Tür und stelle mir vor sie geht auf und du bist bei mir.
6-1	427-430	Ich	positive[6]	_	
6-2	431-437	starre	positive[6]	_	
6-3	438-441	auf	positive[6]	_	
6-4	442-446	eine	positive[6]	_	
6-5	447-450	Tür	positive[6]	_	
6-6	451-454	und	positive[6]	_	
6-7	455-461	stelle	positive[6]	_	
6-8	462-465	mir	positive[6]	_	
6-9	466-469	vor	positive[6]	_	
6-10	470-473	sie	positive[6]	_	
6-11	474-478	geht	positive[6]	_	
6-12	479-482	auf	positive[6]	_	
6-13	483-486	und	positive[6]	_	
6-14	487-489	du	positive[6]	Liebe/Partnerschaft[28]	
6-15	490-494	bist	positive[6]	Liebe/Partnerschaft[28]	
6-16	495-498	bei	positive[6]	Liebe/Partnerschaft[28]	
6-17	499-502	mir	positive[6]	Liebe/Partnerschaft[28]	
6-18	502-503	.	_	_	

#Text=Die Augen zu - ich zähl' bis zehn, ich mach sie auf und ich kann dich seh'n.
7-1	508-511	Die	positive[7]	_	
7-2	512-517	Augen	positive[7]	_	
7-3	518-520	zu	positive[7]	_	
7-4	521-522	-	positive[7]	_	
7-5	523-526	ich	positive[7]	_	
7-6	527-531	zähl	positive[7]	_	
7-7	531-532	'	positive[7]	_	
7-8	533-536	bis	positive[7]	_	
7-9	537-541	zehn	positive[7]	_	
7-10	541-542	,	positive[7]	_	
7-11	543-546	ich	positive[7]	_	
7-12	547-551	mach	positive[7]	_	
7-13	552-555	sie	positive[7]	_	
7-14	556-559	auf	positive[7]	_	
7-15	560-563	und	positive[7]	_	
7-16	564-567	ich	positive[7]	_	
7-17	568-572	kann	positive[7]	_	
7-18	573-577	dich	positive[7]	_	
7-19	578-583	seh'n	positive[7]	_	
7-20	583-584	.	_	_	

#Text=Die Augen zu - ich zähl' bis zehn.
8-1	585-588	Die	neutral[8]	_	
8-2	589-594	Augen	neutral[8]	_	
8-3	595-597	zu	neutral[8]	_	
8-4	598-599	-	neutral[8]	_	
8-5	600-603	ich	neutral[8]	_	
8-6	604-608	zähl	neutral[8]	_	
8-7	608-609	'	neutral[8]	_	
8-8	610-613	bis	neutral[8]	_	
8-9	614-618	zehn	neutral[8]	_	
8-10	618-619	.	_	_	

#Text=Die Zeit soll schneller, schneller vergeh'n.
9-1	620-623	Die	neutral[9]	_	
9-2	624-628	Zeit	neutral[9]	_	
9-3	629-633	soll	neutral[9]	_	
9-4	634-643	schneller	neutral[9]	_	
9-5	643-644	,	neutral[9]	_	
9-6	645-654	schneller	neutral[9]	_	
9-7	655-663	vergeh'n	neutral[9]	_	
9-8	663-664	.	_	_	

#Text=Sekunden werden zu Stunden und Stunden werden zu Tagen.
10-1	669-677	Sekunden	negative[10]	_	
10-2	678-684	werden	negative[10]	_	
10-3	685-687	zu	negative[10]	_	
10-4	688-695	Stunden	negative[10]	_	
10-5	696-699	und	negative[10]	_	
10-6	700-707	Stunden	negative[10]	_	
10-7	708-714	werden	negative[10]	_	
10-8	715-717	zu	negative[10]	_	
10-9	718-723	Tagen	negative[10]	_	
10-10	723-724	.	_	_	

#Text=Die Zeiger der Uhr, die stehen auf stur, anstatt nach vorne zu jagen.
11-1	725-728	Die	negative[11]	_	
11-2	729-735	Zeiger	negative[11]	_	
11-3	736-739	der	negative[11]	_	
11-4	740-743	Uhr	negative[11]	_	
11-5	743-744	,	negative[11]	_	
11-6	745-748	die	negative[11]	_	
11-7	749-755	stehen	negative[11]	_	
11-8	756-759	auf	negative[11]	_	
11-9	760-764	stur	negative[11]	_	
11-10	764-765	,	negative[11]	_	
11-11	766-773	anstatt	negative[11]	_	
11-12	774-778	nach	negative[11]	_	
11-13	779-784	vorne	negative[11]	_	
11-14	785-787	zu	negative[11]	_	
11-15	788-793	jagen	negative[11]	_	
11-16	793-794	.	_	_	

#Text=Im Moment ist mir egal was sonst so um mich 'rum passiert.
12-1	799-801	Im	_	_	
12-2	802-808	Moment	neutral[12]	_	
12-3	809-812	ist	neutral[12]	Persönliches/Emotionen[29]	
12-4	813-816	mir	neutral[12]	Persönliches/Emotionen[29]	
12-5	817-821	egal	neutral[12]	Persönliches/Emotionen[29]	
12-6	822-825	was	neutral[12]	_	
12-7	826-831	sonst	neutral[12]	_	
12-8	832-834	so	neutral[12]	_	
12-9	835-837	um	neutral[12]	_	
12-10	838-842	mich	neutral[12]	_	
12-11	843-844	'	neutral[12]	_	
12-12	844-847	rum	neutral[12]	_	
12-13	848-856	passiert	neutral[12]	_	
12-14	856-857	.	_	_	

#Text=Im Moment bist du alles, was mich wirklich interessiert.
13-1	858-860	Im	neutral[13]	_	
13-2	861-867	Moment	neutral[13]	_	
13-3	868-872	bist	neutral[13]	_	
13-4	873-875	du	neutral[13]	_	
13-5	876-881	alles	neutral[13]	_	
13-6	881-882	,	neutral[13]	_	
13-7	883-886	was	neutral[13]	_	
13-8	887-891	mich	neutral[13]	_	
13-9	892-900	wirklich	neutral[13]	_	
13-10	901-913	interessiert	neutral[13]	_	
13-11	913-914	.	_	_	

#Text=Warum bist du jetzt nicht hier?
14-1	915-920	Warum	negative[14]	_	
14-2	921-925	bist	negative[14]	_	
14-3	926-928	du	negative[14]	_	
14-4	929-934	jetzt	negative[14]	_	
14-5	935-940	nicht	negative[14]	_	
14-6	941-945	hier	negative[14]	_	
14-7	945-946	?	negative[14]	_	

#Text=Ich starre bloß auf die Tür und stelle mir vor sie geht auf und du bist bei mir.
15-1	947-950	Ich	positive[15]	_	
15-2	951-957	starre	positive[15]	_	
15-3	958-962	bloß	positive[15]	_	
15-4	963-966	auf	positive[15]	_	
15-5	967-970	die	positive[15]	_	
15-6	971-974	Tür	positive[15]	_	
15-7	975-978	und	positive[15]	_	
15-8	979-985	stelle	positive[15]	_	
15-9	986-989	mir	positive[15]	_	
15-10	990-993	vor	positive[15]	_	
15-11	994-997	sie	positive[15]	_	
15-12	998-1002	geht	positive[15]	_	
15-13	1003-1006	auf	positive[15]	_	
15-14	1007-1010	und	positive[15]	_	
15-15	1011-1013	du	positive[15]	_	
15-16	1014-1018	bist	positive[15]	_	
15-17	1019-1022	bei	positive[15]	_	
15-18	1023-1026	mir	positive[15]	_	
15-19	1026-1027	.	_	_	

#Text=Die Augen zu - ich zähl' bis zehn, ich mach sie auf und ich kann dich seh'n.
16-1	1032-1035	Die	positive[16]	_	
16-2	1036-1041	Augen	positive[16]	_	
16-3	1042-1044	zu	positive[16]	_	
16-4	1045-1046	-	positive[16]	_	
16-5	1047-1050	ich	positive[16]	_	
16-6	1051-1055	zähl	positive[16]	_	
16-7	1055-1056	'	positive[16]	_	
16-8	1057-1060	bis	positive[16]	_	
16-9	1061-1065	zehn	positive[16]	_	
16-10	1065-1066	,	positive[16]	_	
16-11	1067-1070	ich	positive[16]	_	
16-12	1071-1075	mach	positive[16]	_	
16-13	1076-1079	sie	positive[16]	_	
16-14	1080-1083	auf	positive[16]	_	
16-15	1084-1087	und	positive[16]	_	
16-16	1088-1091	ich	positive[16]	_	
16-17	1092-1096	kann	positive[16]	_	
16-18	1097-1101	dich	positive[16]	_	
16-19	1102-1107	seh'n	positive[16]	_	
16-20	1107-1108	.	positive[16]	_	

#Text=Die Augen zu - ich zähl' bis zehn.
17-1	1109-1112	Die	neutral[17]	_	
17-2	1113-1118	Augen	neutral[17]	_	
17-3	1119-1121	zu	neutral[17]	_	
17-4	1122-1123	-	neutral[17]	_	
17-5	1124-1127	ich	neutral[17]	_	
17-6	1128-1132	zähl	neutral[17]	_	
17-7	1132-1133	'	neutral[17]	_	
17-8	1134-1137	bis	neutral[17]	_	
17-9	1138-1142	zehn	neutral[17]	_	
17-10	1142-1143	.	_	_	

#Text=Die Zeit soll schneller, schneller vergeh'n.
18-1	1144-1147	Die	neutral[18]	_	
18-2	1148-1152	Zeit	neutral[18]	_	
18-3	1153-1157	soll	neutral[18]	_	
18-4	1158-1167	schneller	neutral[18]	_	
18-5	1167-1168	,	neutral[18]	_	
18-6	1169-1178	schneller	neutral[18]	_	
18-7	1179-1187	vergeh'n	neutral[18]	_	
18-8	1187-1188	.	_	_	

#Text=Die Augen zu - ich zähl' nochmal, so Zeiten ohne dich 'ne wirkliche Qual.
19-1	1193-1196	Die	negative[19]	_	
19-2	1197-1202	Augen	negative[19]	_	
19-3	1203-1205	zu	negative[19]	_	
19-4	1206-1207	-	negative[19]	_	
19-5	1208-1211	ich	negative[19]	_	
19-6	1212-1216	zähl	negative[19]	_	
19-7	1216-1217	'	negative[19]	_	
19-8	1218-1225	nochmal	negative[19]	_	
19-9	1225-1226	,	negative[19]	_	
19-10	1227-1229	so	negative[19]	_	
19-11	1230-1236	Zeiten	negative[19]	_	
19-12	1237-1241	ohne	negative[19]	Liebe/Partnerschaft[30]	
19-13	1242-1246	dich	negative[19]	Liebe/Partnerschaft[30]	
19-14	1247-1248	'	negative[19]	_	
19-15	1248-1250	ne	negative[19]	_	
19-16	1251-1260	wirkliche	negative[19]	_	
19-17	1261-1265	Qual	negative[19]	Persönliches/Emotionen	
19-18	1265-1266	.	_	_	

#Text=Die Augen zu - ich zähl' bis zehn, es geht nicht anders: ich muss dich seh'n.
20-1	1267-1270	Die	neutral[20]	_	
20-2	1271-1276	Augen	neutral[20]	_	
20-3	1277-1279	zu	neutral[20]	_	
20-4	1280-1281	-	neutral[20]	_	
20-5	1282-1285	ich	neutral[20]	_	
20-6	1286-1290	zähl	neutral[20]	_	
20-7	1290-1291	'	neutral[20]	_	
20-8	1292-1295	bis	neutral[20]	_	
20-9	1296-1300	zehn	neutral[20]	_	
20-10	1300-1301	,	neutral[20]	_	
20-11	1302-1304	es	neutral[20]	_	
20-12	1305-1309	geht	neutral[20]	_	
20-13	1310-1315	nicht	neutral[20]	_	
20-14	1316-1322	anders	neutral[20]	_	
20-15	1322-1323	:	neutral[20]	_	
20-16	1324-1327	ich	neutral[20]	_	
20-17	1328-1332	muss	neutral[20]	_	
20-18	1333-1337	dich	neutral[20]	_	
20-19	1338-1343	seh'n	neutral[20]	_	
20-20	1343-1344	.	_	_	

#Text=Die Augen zu - ich zähl' bis zehn, ich mach sie auf und ich werde dich seh'n.
21-1	1345-1348	Die	positive[21]	_	
21-2	1349-1354	Augen	positive[21]	_	
21-3	1355-1357	zu	positive[21]	_	
21-4	1358-1359	-	positive[21]	_	
21-5	1360-1363	ich	positive[21]	_	
21-6	1364-1368	zähl	positive[21]	_	
21-7	1368-1369	'	positive[21]	_	
21-8	1370-1373	bis	positive[21]	_	
21-9	1374-1378	zehn	positive[21]	_	
21-10	1378-1379	,	positive[21]	_	
21-11	1380-1383	ich	positive[21]	_	
21-12	1384-1388	mach	positive[21]	_	
21-13	1389-1392	sie	positive[21]	_	
21-14	1393-1396	auf	positive[21]	_	
21-15	1397-1400	und	positive[21]	_	
21-16	1401-1404	ich	positive[21]	_	
21-17	1405-1410	werde	positive[21]	_	
21-18	1411-1415	dich	positive[21]	_	
21-19	1416-1421	seh'n	positive[21]	_	
21-20	1421-1422	.	_	_	

#Text=Die Augen zu - ich zähl' bis zehn.
22-1	1423-1426	Die	neutral[22]	_	
22-2	1427-1432	Augen	neutral[22]	_	
22-3	1433-1435	zu	neutral[22]	_	
22-4	1436-1437	-	neutral[22]	_	
22-5	1438-1441	ich	neutral[22]	_	
22-6	1442-1446	zähl	neutral[22]	_	
22-7	1446-1447	'	neutral[22]	_	
22-8	1448-1451	bis	neutral[22]	_	
22-9	1452-1456	zehn	neutral[22]	_	
22-10	1456-1457	.	_	_	

#Text=Die Zeit soll schneller, schneller vergeh'n, schneller, schneller vergeh'n.
23-1	1458-1461	Die	neutral[23]	_	
23-2	1462-1466	Zeit	neutral[23]	_	
23-3	1467-1471	soll	neutral[23]	_	
23-4	1472-1481	schneller	neutral[23]	_	
23-5	1481-1482	,	neutral[23]	_	
23-6	1483-1492	schneller	neutral[23]	_	
23-7	1493-1501	vergeh'n	neutral[23]	_	
23-8	1501-1502	,	neutral[23]	_	
23-9	1503-1512	schneller	neutral[23]	_	
23-10	1512-1513	,	neutral[23]	_	
23-11	1514-1523	schneller	neutral[23]	_	
23-12	1524-1532	vergeh'n	neutral[23]	_	
23-13	1532-1533	.	_	_	
