#FORMAT=WebAnno TSV 3.2
#T_SP=webanno.custom.Sentiment|Polarity
#T_SP=webanno.custom.Topic|Topics


#Text=Wo bin ich hier gelandet?
1-1	0-2	Wo	neutral[1]	_	
1-2	3-6	bin	neutral[1]	_	
1-3	7-10	ich	neutral[1]	_	
1-4	11-15	hier	neutral[1]	_	
1-5	16-24	gelandet	neutral[1]	_	
1-6	24-25	?	neutral[1]	_	

#Text=Wo bin ich hier gestrandet?
2-1	26-28	Wo	neutral[2]	_	
2-2	29-32	bin	neutral[2]	_	
2-3	33-36	ich	neutral[2]	_	
2-4	37-41	hier	neutral[2]	_	
2-5	42-52	gestrandet	neutral[2]	_	
2-6	52-53	?	neutral[2]	_	

#Text=Mit meinem blauen Schiff knallte ich gegen so'n Riff.
3-1	54-57	Mit	neutral[3]	_	
3-2	58-64	meinem	neutral[3]	_	
3-3	65-71	blauen	neutral[3]	_	
3-4	72-78	Schiff	neutral[3]	_	
3-5	79-86	knallte	neutral[3]	_	
3-6	87-90	ich	neutral[3]	_	
3-7	91-96	gegen	neutral[3]	_	
3-8	97-101	so'n	neutral[3]	_	
3-9	102-106	Riff	neutral[3]	_	
3-10	106-107	.	neutral[3]	_	

#Text=Dann in der tiefen Nacht seh' ich da ganz hell das Hotel.
4-1	108-112	Dann	neutral[4]	_	
4-2	113-115	in	neutral[4]	_	
4-3	116-119	der	neutral[4]	_	
4-4	120-126	tiefen	neutral[4]	_	
4-5	127-132	Nacht	neutral[4]	_	
4-6	133-136	seh	neutral[4]	_	
4-7	136-137	'	neutral[4]	_	
4-8	138-141	ich	neutral[4]	_	
4-9	142-144	da	neutral[4]	_	
4-10	145-149	ganz	neutral[4]	_	
4-11	150-154	hell	neutral[4]	_	
4-12	155-158	das	neutral[4]	_	
4-13	159-164	Hotel	neutral[4]	_	
4-14	164-165	.	neutral[4]	_	

#Text=Du lieber Nachtportier, der Durst, er tut so weh.
5-1	170-172	Du	negative[5]	_	
5-2	173-179	lieber	negative[5]	_	
5-3	180-192	Nachtportier	negative[5]	_	
5-4	192-193	,	negative[5]	_	
5-5	194-197	der	negative[5]	_	
5-6	198-203	Durst	negative[5]	_	
5-7	203-204	,	negative[5]	_	
5-8	205-207	er	negative[5]	_	
5-9	208-211	tut	negative[5]	Persönliches/Emotionen[23]	
5-10	212-214	so	negative[5]	Persönliches/Emotionen[23]	
5-11	215-218	weh	negative[5]	Persönliches/Emotionen[23]	
5-12	218-219	.	negative[5]	_	

#Text=Komm, mach' die Flasche auf, wir machen einen drauf.
6-1	220-224	Komm	positive[6]	_	
6-2	224-225	,	positive[6]	_	
6-3	226-230	mach	positive[6]	_	
6-4	230-231	'	positive[6]	_	
6-5	232-235	die	positive[6]	_	
6-6	236-243	Flasche	positive[6]	Gesundheit/Drogen	
6-7	244-247	auf	positive[6]	_	
6-8	247-248	,	positive[6]	_	
6-9	249-252	wir	positive[6]	_	
6-10	253-259	machen	positive[6]	Gesundheit/Drogen[24]	
6-11	260-265	einen	positive[6]	Gesundheit/Drogen[24]	
6-12	266-271	drauf	positive[6]	Gesundheit/Drogen[24]	
6-13	271-272	.	positive[6]	_	

#Text=Und weck' die Gäste.
7-1	273-276	Und	neutral[7]	_	
7-2	277-281	weck	neutral[7]	_	
7-3	281-282	'	neutral[7]	_	
7-4	283-286	die	neutral[7]	_	
7-5	287-292	Gäste	neutral[7]	_	
7-6	292-293	.	neutral[7]	_	

#Text=Schlafen können die immer noch genug, wenn sie tot sind.
8-1	294-302	Schlafen	neutral[8]	_	
8-2	303-309	können	neutral[8]	_	
8-3	310-313	die	neutral[8]	_	
8-4	314-319	immer	neutral[8]	_	
8-5	320-324	noch	neutral[8]	_	
8-6	325-330	genug	neutral[8]	_	
8-7	330-331	,	neutral[8]	_	
8-8	332-336	wenn	neutral[8]	_	
8-9	337-340	sie	neutral[8]	_	
8-10	341-344	tot	neutral[8]	_	
8-11	345-349	sind	neutral[8]	_	
8-12	349-350	.	neutral[8]	_	

#Text=Willkommen im Hotel Imperial.
9-1	355-365	Willkommen	neutral[9]	_	
9-2	366-368	im	neutral[9]	_	
9-3	369-374	Hotel	neutral[9]	_	
9-4	375-383	Imperial	neutral[9]	_	
9-5	383-384	.	neutral[9]	_	

#Text=Willkommen im Hotel Imperial.
10-1	385-395	Willkommen	neutral[10]	_	
10-2	396-398	im	neutral[10]	_	
10-3	399-404	Hotel	neutral[10]	_	
10-4	405-413	Imperial	neutral[10]	_	
10-5	413-414	.	neutral[10]	_	

#Text=Die Zeit vergeht - du wirst nicht jünger und leichter wird das Meiste nicht.
11-1	419-422	Die	negative[11]	_	
11-2	423-427	Zeit	negative[11]	_	
11-3	428-435	vergeht	negative[11]	_	
11-4	436-437	-	negative[11]	_	
11-5	438-440	du	negative[11]	_	
11-6	441-446	wirst	negative[11]	_	
11-7	447-452	nicht	negative[11]	_	
11-8	453-459	jünger	negative[11]	_	
11-9	460-463	und	negative[11]	_	
11-10	464-472	leichter	negative[11]	_	
11-11	473-477	wird	negative[11]	_	
11-12	478-481	das	negative[11]	_	
11-13	482-488	Meiste	negative[11]	_	
11-14	489-494	nicht	negative[11]	_	
11-15	494-495	.	negative[11]	_	

#Text=Du musst nicht wünschen, du musst fordern, wie 'ne Knarre vorm Gesicht, vergiss' es, leise anzufragen.
12-1	496-498	Du	neutral[12]	_	
12-2	499-504	musst	neutral[12]	_	
12-3	505-510	nicht	neutral[12]	_	
12-4	511-519	wünschen	neutral[12]	Persönliches/Emotionen	
12-5	519-520	,	neutral[12]	_	
12-6	521-523	du	neutral[12]	_	
12-7	524-529	musst	neutral[12]	_	
12-8	530-537	fordern	neutral[12]	_	
12-9	537-538	,	neutral[12]	_	
12-10	539-542	wie	neutral[12]	_	
12-11	543-544	'	neutral[12]	_	
12-12	544-546	ne	neutral[12]	_	
12-13	547-553	Knarre	neutral[12]	Politik/Soziales/Missstände	
12-14	554-558	vorm	neutral[12]	_	
12-15	559-566	Gesicht	neutral[12]	_	
12-16	566-567	,	neutral[12]	_	
12-17	568-575	vergiss	neutral[12]	_	
12-18	575-576	'	neutral[12]	_	
12-19	577-579	es	neutral[12]	_	
12-20	579-580	,	neutral[12]	_	
12-21	581-586	leise	neutral[12]	_	
12-22	587-597	anzufragen	neutral[12]	_	
12-23	597-598	.	neutral[12]	_	

#Text=Wo es langgeht, sollst du selber sagen.
13-1	599-601	Wo	neutral[13]	_	
13-2	602-604	es	neutral[13]	_	
13-3	605-613	langgeht	neutral[13]	_	
13-4	613-614	,	neutral[13]	_	
13-5	615-621	sollst	neutral[13]	_	
13-6	622-624	du	neutral[13]	_	
13-7	625-631	selber	neutral[13]	_	
13-8	632-637	sagen	neutral[13]	_	
13-9	637-638	.	neutral[13]	_	

#Text=Nie wieder stilles, banges Hoffen.
14-1	643-646	Nie	positive[14]	_	
14-2	647-653	wieder	positive[14]	_	
14-3	654-661	stilles	positive[14]	Persönliches/Emotionen[25]	
14-4	661-662	,	positive[14]	Persönliches/Emotionen[25]	
14-5	663-669	banges	positive[14]	Persönliches/Emotionen[25]	
14-6	670-676	Hoffen	positive[14]	Persönliches/Emotionen[25]	
14-7	676-677	.	positive[14]	_	

#Text=Nie wieder Warten, stumm und klein.
15-1	678-681	Nie	positive[15]	_	
15-2	682-688	wieder	positive[15]	_	
15-3	689-695	Warten	positive[15]	_	
15-4	695-696	,	positive[15]	_	
15-5	697-702	stumm	positive[15]	Persönliches/Emotionen[26]	
15-6	703-706	und	positive[15]	Persönliches/Emotionen[26]	
15-7	707-712	klein	positive[15]	Persönliches/Emotionen[26]	
15-8	712-713	.	positive[15]	_	

#Text=Du warst doch lang genug das Opfer, jetzt wirst du der Täter sein.
16-1	714-716	Du	neutral[16]	_	
16-2	717-722	warst	neutral[16]	_	
16-3	723-727	doch	neutral[16]	_	
16-4	728-732	lang	neutral[16]	_	
16-5	733-738	genug	neutral[16]	_	
16-6	739-742	das	neutral[16]	_	
16-7	743-748	Opfer	neutral[16]	Politik/Soziales/Missstände	
16-8	748-749	,	neutral[16]	_	
16-9	750-755	jetzt	neutral[16]	_	
16-10	756-761	wirst	neutral[16]	_	
16-11	762-764	du	neutral[16]	_	
16-12	765-768	der	neutral[16]	_	
16-13	769-774	Täter	neutral[16]	Politik/Soziales/Missstände	
16-14	775-779	sein	neutral[16]	_	
16-15	779-780	.	neutral[16]	_	

#Text=Arme Seele - alles pleite?
17-1	781-785	Arme	negative[17]	Persönliches/Emotionen[27]	
17-2	786-791	Seele	negative[17]	Persönliches/Emotionen[27]	
17-3	792-793	-	negative[17]	_	
17-4	794-799	alles	negative[17]	_	
17-5	800-806	pleite	negative[17]	Politik/Soziales/Missstände	
17-6	806-807	?	negative[17]	_	

#Text=Komm' doch rüber auf die Sonnenseite!
18-1	808-812	Komm	positive[18]	_	
18-2	812-813	'	positive[18]	_	
18-3	814-818	doch	positive[18]	_	
18-4	819-824	rüber	positive[18]	_	
18-5	825-828	auf	positive[18]	_	
18-6	829-832	die	positive[18]	_	
18-7	833-844	Sonnenseite	positive[18]	Persönliches/Emotionen	
18-8	844-845	!	positive[18]	_	

#Text=Willkommen im Hotel Imperial.
19-1	850-860	Willkommen	neutral[19]	_	
19-2	861-863	im	neutral[19]	_	
19-3	864-869	Hotel	neutral[19]	_	
19-4	870-878	Imperial	neutral[19]	_	
19-5	878-879	.	neutral[19]	_	

#Text=Willkommen im Hotel Imperial.
20-1	880-890	Willkommen	neutral[20]	_	
20-2	891-893	im	neutral[20]	_	
20-3	894-899	Hotel	neutral[20]	_	
20-4	900-908	Imperial	neutral[20]	_	
20-5	908-909	.	neutral[20]	_	

#Text=Wo bin ich hier gelandet?
21-1	914-916	Wo	neutral[21]	_	
21-2	917-920	bin	neutral[21]	_	
21-3	921-924	ich	neutral[21]	_	
21-4	925-929	hier	neutral[21]	_	
21-5	930-938	gelandet	neutral[21]	_	
21-6	938-939	?	neutral[21]	_	

#Text=Wo bin ich hier gestrandet?
22-1	940-942	Wo	neutral[22]	_	
22-2	943-946	bin	neutral[22]	_	
22-3	947-950	ich	neutral[22]	_	
22-4	951-955	hier	neutral[22]	_	
22-5	956-966	gestrandet	neutral[22]	_	
22-6	966-967	?	neutral[22]	_	
