#FORMAT=WebAnno TSV 3.2
#T_SP=webanno.custom.Sentiment|Polarity
#T_SP=webanno.custom.Topic|Topics


#Text=Neulich traf ich Daniel Düsentrieb:  Guten Tag, ach, kommen sie doch mal mit in mein Labor!
1-1	0-7	Neulich	neutral[1]	_	
1-2	8-12	traf	neutral[1]	_	
1-3	13-16	ich	neutral[1]	_	
1-4	17-23	Daniel	neutral[1]	_	
1-5	24-34	Düsentrieb	neutral[1]	_	
1-6	34-35	:	neutral[1]	_	
1-7	37-42	Guten	neutral[1]	_	
1-8	43-46	Tag	neutral[1]	_	
1-9	46-47	,	neutral[1]	_	
1-10	48-51	ach	neutral[1]	_	
1-11	51-52	,	neutral[1]	_	
1-12	53-59	kommen	neutral[1]	_	
1-13	60-63	sie	neutral[1]	_	
1-14	64-68	doch	neutral[1]	_	
1-15	69-72	mal	neutral[1]	_	
1-16	73-76	mit	neutral[1]	_	
1-17	77-79	in	neutral[1]	_	
1-18	80-84	mein	neutral[1]	_	
1-19	85-90	Labor	neutral[1]	Politik/Soziales/Missstände	
1-20	90-91	!	_	_	

#Text=Und da führte er mir voller Erfinderstolz  die neue Zeitmaschine vor .
2-1	93-96	Und	neutral[2]	_	
2-2	97-99	da	neutral[2]	_	
2-3	100-106	führte	neutral[2]	_	
2-4	107-109	er	neutral[2]	_	
2-5	110-113	mir	neutral[2]	_	
2-6	114-120	voller	neutral[2]	_	
2-7	121-134	Erfinderstolz	neutral[2]	Politik/Soziales/Missstände	
2-8	136-139	die	neutral[2]	_	
2-9	140-144	neue	neutral[2]	_	
2-10	145-157	Zeitmaschine	neutral[2]	Politik/Soziales/Missstände	
2-11	158-161	vor	neutral[2]	_	
2-12	162-163	.	_	_	

#Text=Er sagt: hier ist der Knopf für die Zukunft  und da der Hebel für Vergangenheit, mit diesem Apparat flippst du sehr akkurat  in jede gewünschte Zeit .
3-1	164-166	Er	neutral[3]	_	
3-2	167-171	sagt	neutral[3]	_	
3-3	171-172	:	neutral[3]	_	
3-4	173-177	hier	neutral[3]	_	
3-5	178-181	ist	neutral[3]	_	
3-6	182-185	der	neutral[3]	_	
3-7	186-191	Knopf	neutral[3]	_	
3-8	192-195	für	neutral[3]	_	
3-9	196-199	die	neutral[3]	_	
3-10	200-207	Zukunft	neutral[3]	_	
3-11	209-212	und	neutral[3]	_	
3-12	213-215	da	neutral[3]	_	
3-13	216-219	der	neutral[3]	_	
3-14	220-225	Hebel	neutral[3]	_	
3-15	226-229	für	neutral[3]	_	
3-16	230-243	Vergangenheit	neutral[3]	_	
3-17	243-244	,	_	_	
3-18	245-248	mit	positive[4]	_	
3-19	249-255	diesem	positive[4]	_	
3-20	256-263	Apparat	positive[4]	_	
3-21	264-271	flippst	positive[4]	_	
3-22	272-274	du	positive[4]	_	
3-23	275-279	sehr	positive[4]	_	
3-24	280-287	akkurat	positive[4]	_	
3-25	289-291	in	positive[4]	_	
3-26	292-296	jede	positive[4]	_	
3-27	297-307	gewünschte	positive[4]	_	
3-28	308-312	Zeit	positive[4]	_	
3-29	313-314	.	_	_	

#Text=Daniel, oh Daniel, laß uns starten, und zwar schnell, ich möchte mal zurück ins Neandertal  oder laß uns nach Utopia fahren, mal gucken was da so los ist , mal gucken, was so passiert in ein paar hundert Jahren.
4-1	315-321	Daniel	neutral[5]	_	
4-2	321-322	,	neutral[5]	_	
4-3	323-325	oh	neutral[5]	_	
4-4	326-332	Daniel	neutral[5]	_	
4-5	332-333	,	neutral[5]	_	
4-6	334-337	laß	neutral[5]	_	
4-7	338-341	uns	neutral[5]	_	
4-8	342-349	starten	neutral[5]	_	
4-9	349-350	,	neutral[5]	_	
4-10	351-354	und	neutral[5]	_	
4-11	355-359	zwar	neutral[5]	_	
4-12	360-367	schnell	neutral[5]	_	
4-13	367-368	,	neutral[5]	_	
4-14	369-372	ich	neutral[5]	_	
4-15	373-379	möchte	neutral[5]	_	
4-16	380-383	mal	neutral[5]	_	
4-17	384-390	zurück	neutral[5]	_	
4-18	391-394	ins	neutral[5]	_	
4-19	395-405	Neandertal	neutral[5]	_	
4-20	407-411	oder	neutral[5]	_	
4-21	412-415	laß	neutral[5]	_	
4-22	416-419	uns	neutral[5]	_	
4-23	420-424	nach	neutral[5]	Reisen[16]	
4-24	425-431	Utopia	neutral[5]	Reisen[16]	
4-25	432-438	fahren	neutral[5]	Reisen[16]	
4-26	438-439	,	neutral[5]	_	
4-27	440-443	mal	neutral[5]	_	
4-28	444-450	gucken	neutral[5]	_	
4-29	451-454	was	neutral[5]	_	
4-30	455-457	da	neutral[5]	_	
4-31	458-460	so	neutral[5]	_	
4-32	461-464	los	neutral[5]	_	
4-33	465-468	ist	neutral[5]	_	
4-34	469-470	,	neutral[5]	_	
4-35	471-474	mal	neutral[5]	_	
4-36	475-481	gucken	neutral[5]	_	
4-37	481-482	,	neutral[5]	_	
4-38	483-486	was	neutral[5]	_	
4-39	487-489	so	neutral[5]	_	
4-40	490-498	passiert	neutral[5]	_	
4-41	499-501	in	neutral[5]	_	
4-42	502-505	ein	neutral[5]	_	
4-43	506-510	paar	neutral[5]	_	
4-44	511-518	hundert	neutral[5]	_	
4-45	519-525	Jahren	neutral[5]	_	
4-46	525-526	.	_	_	

#Text=So flogen Düsentrieb und ich erst mal in die Zukunft  direkt ins Jahr 3010 . da schlichen die Menschen dumpf und öde  in der Gegend umher, und ihr Blick war blöde  und in ihren Ohren Maschinen- und Raketengedröhn, sie schluckten brav ihr Rauscholin , das bekamen sie täglich vom Roboterregime , ja, gut geschluckt am Morgen - und ein Tag ohne Sorgen  und abends ging man ins Automatenbordell , da wurde gebumst, und zwar maschinell.
5-1	531-533	So	neutral[6]	_	
5-2	534-540	flogen	neutral[6]	Reisen	
5-3	541-551	Düsentrieb	neutral[6]	_	
5-4	552-555	und	neutral[6]	_	
5-5	556-559	ich	neutral[6]	_	
5-6	560-564	erst	neutral[6]	_	
5-7	565-568	mal	neutral[6]	_	
5-8	569-571	in	neutral[6]	_	
5-9	572-575	die	neutral[6]	_	
5-10	576-583	Zukunft	neutral[6]	_	
5-11	585-591	direkt	neutral[6]	_	
5-12	592-595	ins	neutral[6]	_	
5-13	596-600	Jahr	neutral[6]	_	
5-14	601-605	3010	neutral[6]	_	
5-15	606-607	.	_	_	
5-16	608-610	da	negative[7]	_	
5-17	611-620	schlichen	negative[7]	_	
5-18	621-624	die	negative[7]	_	
5-19	625-633	Menschen	negative[7]	Politik/Soziales/Missstände[17]	
5-20	634-639	dumpf	negative[7]	Politik/Soziales/Missstände[17]	
5-21	640-643	und	negative[7]	_	
5-22	644-647	öde	negative[7]	_	
5-23	649-651	in	negative[7]	_	
5-24	652-655	der	negative[7]	_	
5-25	656-662	Gegend	negative[7]	_	
5-26	663-668	umher	negative[7]	_	
5-27	668-669	,	_	_	
5-28	670-673	und	_	_	
5-29	674-677	ihr	negative[8]	Politik/Soziales/Missstände[18]	
5-30	678-683	Blick	negative[8]	Politik/Soziales/Missstände[18]	
5-31	684-687	war	negative[8]	Politik/Soziales/Missstände[18]	
5-32	688-693	blöde	negative[8]	Politik/Soziales/Missstände[18]	
5-33	695-698	und	negative[8]	_	
5-34	699-701	in	negative[8]	_	
5-35	702-707	ihren	negative[8]	_	
5-36	708-713	Ohren	negative[8]	_	
5-37	714-723	Maschinen	negative[8]	_	
5-38	723-724	-	negative[8]	_	
5-39	725-728	und	negative[8]	_	
5-40	729-743	Raketengedröhn	negative[8]	_	
5-41	743-744	,	_	_	
5-42	745-748	sie	neutral[9]	_	
5-43	749-759	schluckten	neutral[9]	_	
5-44	760-764	brav	neutral[9]	_	
5-45	765-768	ihr	neutral[9]	_	
5-46	769-779	Rauscholin	neutral[9]	Gesundheit/Drogen	
5-47	780-781	,	neutral[9]	_	
5-48	782-785	das	neutral[9]	_	
5-49	786-793	bekamen	neutral[9]	_	
5-50	794-797	sie	neutral[9]	_	
5-51	798-805	täglich	neutral[9]	_	
5-52	806-809	vom	neutral[9]	_	
5-53	810-823	Roboterregime	neutral[9]	Politik/Soziales/Missstände	
5-54	824-825	,	neutral[9]	_	
5-55	826-828	ja	neutral[9]	_	
5-56	828-829	,	neutral[9]	_	
5-57	830-833	gut	neutral[9]	_	
5-58	834-844	geschluckt	neutral[9]	_	
5-59	845-847	am	neutral[9]	_	
5-60	848-854	Morgen	neutral[9]	_	
5-61	855-856	-	neutral[9]	_	
5-62	857-860	und	neutral[9]	_	
5-63	861-864	ein	neutral[9]	_	
5-64	865-868	Tag	neutral[9]	_	
5-65	869-873	ohne	neutral[9]	_	
5-66	874-880	Sorgen	neutral[9]	_	
5-67	882-885	und	neutral[10]	_	
5-68	886-892	abends	neutral[10]	_	
5-69	893-897	ging	neutral[10]	_	
5-70	898-901	man	neutral[10]	_	
5-71	902-905	ins	neutral[10]	_	
5-72	906-922	Automatenbordell	neutral[10]	Liebe/Partnerschaft	
5-73	923-924	,	neutral[10]	_	
5-74	925-927	da	neutral[10]	_	
5-75	928-933	wurde	neutral[10]	_	
5-76	934-941	gebumst	neutral[10]	_	
5-77	941-942	,	neutral[10]	_	
5-78	943-946	und	neutral[10]	_	
5-79	947-951	zwar	neutral[10]	_	
5-80	952-962	maschinell	neutral[10]	_	
5-81	962-963	.	_	_	

#Text=Die Damen hatten schöne Glatzen , doch man kam an diese Ladies nicht ran , denn sie schlossen sich ja lieber an den Lustcomputer an.
6-1	968-971	Die	negative[11]	_	
6-2	972-977	Damen	negative[11]	_	
6-3	978-984	hatten	negative[11]	_	
6-4	985-991	schöne	negative[11]	_	
6-5	992-999	Glatzen	negative[11]	_	
6-6	1000-1001	,	negative[11]	_	
6-7	1002-1006	doch	negative[11]	_	
6-8	1007-1010	man	negative[11]	_	
6-9	1011-1014	kam	negative[11]	_	
6-10	1015-1017	an	negative[11]	_	
6-11	1018-1023	diese	negative[11]	_	
6-12	1024-1030	Ladies	negative[11]	_	
6-13	1031-1036	nicht	negative[11]	_	
6-14	1037-1040	ran	negative[11]	_	
6-15	1041-1042	,	negative[11]	_	
6-16	1043-1047	denn	negative[11]	_	
6-17	1048-1051	sie	negative[11]	_	
6-18	1052-1061	schlossen	negative[11]	_	
6-19	1062-1066	sich	negative[11]	_	
6-20	1067-1069	ja	negative[11]	_	
6-21	1070-1076	lieber	negative[11]	_	
6-22	1077-1079	an	negative[11]	_	
6-23	1080-1083	den	negative[11]	_	
6-24	1084-1096	Lustcomputer	negative[11]	Liebe/Partnerschaft	
6-25	1097-1099	an	negative[11]	_	
6-26	1099-1100	.	negative[11]	_	

#Text=Und so fuhren wir wieder nach Hause , zurück in die Gegenwart  und da war ich gerade 'n Pop-Star , doch der Job war mir zu hart...
7-1	1105-1108	Und	negative[12]	_	
7-2	1109-1111	so	negative[12]	_	
7-3	1112-1118	fuhren	negative[12]	Reisen[19]	
7-4	1119-1122	wir	negative[12]	Reisen[19]	
7-5	1123-1129	wieder	negative[12]	Reisen[19]	
7-6	1130-1134	nach	negative[12]	Reisen[19]	
7-7	1135-1140	Hause	negative[12]	Reisen[19]	
7-8	1141-1142	,	negative[12]	_	
7-9	1143-1149	zurück	negative[12]	_	
7-10	1150-1152	in	negative[12]	_	
7-11	1153-1156	die	negative[12]	_	
7-12	1157-1166	Gegenwart	negative[12]	_	
7-13	1168-1171	und	negative[12]	_	
7-14	1172-1174	da	negative[12]	_	
7-15	1175-1178	war	negative[12]	_	
7-16	1179-1182	ich	negative[12]	_	
7-17	1183-1189	gerade	negative[12]	_	
7-18	1190-1191	'	negative[12]	_	
7-19	1191-1192	n	negative[12]	_	
7-20	1193-1201	Pop-Star	negative[12]	Musik	
7-21	1202-1203	,	negative[12]	_	
7-22	1204-1208	doch	negative[12]	_	
7-23	1209-1212	der	negative[12]	_	
7-24	1213-1216	Job	negative[12]	_	
7-25	1217-1220	war	negative[12]	_	
7-26	1221-1224	mir	negative[12]	_	
7-27	1225-1227	zu	negative[12]	_	
7-28	1228-1232	hart	negative[12]	_	
7-29	1232-1233	.	negative[12]	_	
7-30	1233-1234	.	negative[12]	_	
7-31	1234-1235	.	negative[12]	_	

#Text=Oh Daniel, oh Daniel, laß uns abhauen, und zwar schnell , er sagte: Gebongt, die Zeitmaschine ist startklar!
8-1	1240-1242	Oh	neutral[13]	_	
8-2	1243-1249	Daniel	neutral[13]	_	
8-3	1249-1250	,	neutral[13]	_	
8-4	1251-1253	oh	neutral[13]	_	
8-5	1254-1260	Daniel	neutral[13]	_	
8-6	1260-1261	,	neutral[13]	_	
8-7	1262-1265	laß	neutral[13]	_	
8-8	1266-1269	uns	neutral[13]	_	
8-9	1270-1277	abhauen	neutral[13]	_	
8-10	1277-1278	,	neutral[13]	_	
8-11	1279-1282	und	neutral[13]	_	
8-12	1283-1287	zwar	neutral[13]	_	
8-13	1288-1295	schnell	neutral[13]	_	
8-14	1296-1297	,	_	_	
8-15	1298-1300	er	positive[14]	_	
8-16	1301-1306	sagte	positive[14]	_	
8-17	1306-1307	:	positive[14]	_	
8-18	1308-1315	Gebongt	positive[14]	_	
8-19	1315-1316	,	positive[14]	_	
8-20	1317-1320	die	positive[14]	_	
8-21	1321-1333	Zeitmaschine	positive[14]	_	
8-22	1334-1337	ist	positive[14]	_	
8-23	1338-1347	startklar	positive[14]	Reisen	
8-24	1347-1348	!	_	_	

#Text=Bring mich zurück in die Vergangenheit , mal gucken, was da los ist , wir checken jetzt mal aus, was früher so war...
9-1	1350-1355	Bring	neutral[15]	_	
9-2	1356-1360	mich	neutral[15]	_	
9-3	1361-1367	zurück	neutral[15]	_	
9-4	1368-1370	in	neutral[15]	_	
9-5	1371-1374	die	neutral[15]	_	
9-6	1375-1388	Vergangenheit	neutral[15]	_	
9-7	1389-1390	,	neutral[15]	_	
9-8	1391-1394	mal	neutral[15]	_	
9-9	1395-1401	gucken	neutral[15]	_	
9-10	1401-1402	,	neutral[15]	_	
9-11	1403-1406	was	neutral[15]	_	
9-12	1407-1409	da	neutral[15]	_	
9-13	1410-1413	los	neutral[15]	_	
9-14	1414-1417	ist	neutral[15]	_	
9-15	1418-1419	,	neutral[15]	_	
9-16	1420-1423	wir	neutral[15]	_	
9-17	1424-1431	checken	neutral[15]	_	
9-18	1432-1437	jetzt	neutral[15]	_	
9-19	1438-1441	mal	neutral[15]	_	
9-20	1442-1445	aus	neutral[15]	_	
9-21	1445-1446	,	neutral[15]	_	
9-22	1447-1450	was	neutral[15]	_	
9-23	1451-1457	früher	neutral[15]	_	
9-24	1458-1460	so	neutral[15]	_	
9-25	1461-1464	war	neutral[15]	_	
9-26	1464-1465	.	neutral[15]	_	
9-27	1465-1466	.	neutral[15]	_	
9-28	1466-1467	.	neutral[15]	_	
