#FORMAT=WebAnno TSV 3.2
#T_SP=webanno.custom.Sentiment|Polarity
#T_SP=webanno.custom.Topic|Topics


#Text=Der Frühling ist da, es ist nicht zu fassen, überall die Pärchen auf den Wiesen als knutschende Massen.
1-1	0-3	Der	positive[1]	_	
1-2	4-12	Frühling	positive[1]	_	
1-3	13-16	ist	positive[1]	_	
1-4	17-19	da	positive[1]	_	
1-5	19-20	,	positive[1]	_	
1-6	21-23	es	positive[1]	_	
1-7	24-27	ist	positive[1]	_	
1-8	28-33	nicht	positive[1]	_	
1-9	34-36	zu	positive[1]	_	
1-10	37-43	fassen	positive[1]	_	
1-11	43-44	,	positive[1]	_	
1-12	45-52	überall	positive[1]	_	
1-13	53-56	die	positive[1]	_	
1-14	57-64	Pärchen	positive[1]	Liebe/Partnerschaft	
1-15	65-68	auf	positive[1]	_	
1-16	69-72	den	positive[1]	_	
1-17	73-79	Wiesen	positive[1]	_	
1-18	80-83	als	positive[1]	_	
1-19	84-95	knutschende	positive[1]	Liebe/Partnerschaft[18]	
1-20	96-102	Massen	positive[1]	Liebe/Partnerschaft[18]	
1-21	102-103	.	positive[1]	_	

#Text=Ich bin ganz solo, doch seh' es gelassen: spätestens im Winter fangen sie an, sich zu hassen.
2-1	104-107	Ich	negative[2]	_	
2-2	108-111	bin	negative[2]	Liebe/Partnerschaft[19]	
2-3	112-116	ganz	negative[2]	Liebe/Partnerschaft[19]	
2-4	117-121	solo	negative[2]	Liebe/Partnerschaft[19]	
2-5	121-122	,	negative[2]	_	
2-6	123-127	doch	negative[2]	_	
2-7	128-131	seh	negative[2]	Persönliches/Emotionen[20]	
2-8	131-132	'	negative[2]	Persönliches/Emotionen[20]	
2-9	133-135	es	negative[2]	Persönliches/Emotionen[20]	
2-10	136-144	gelassen	negative[2]	Persönliches/Emotionen[20]	
2-11	144-145	:	negative[2]	_	
2-12	146-156	spätestens	negative[2]	_	
2-13	157-159	im	negative[2]	_	
2-14	160-166	Winter	negative[2]	_	
2-15	167-173	fangen	negative[2]	_	
2-16	174-177	sie	negative[2]	_	
2-17	178-180	an	negative[2]	_	
2-18	180-181	,	negative[2]	_	
2-19	182-186	sich	negative[2]	_	
2-20	187-189	zu	negative[2]	_	
2-21	190-196	hassen	negative[2]	Persönliches/Emotionen	
2-22	196-197	.	negative[2]	_	

#Text=Ich bin ein Single und ich leb' lieber allein, ich bin ein Single, doch ich muss nicht einsam sein.
3-1	202-205	Ich	positive[3]	_	
3-2	206-209	bin	positive[3]	_	
3-3	210-213	ein	positive[3]	_	
3-4	214-220	Single	positive[3]	Liebe/Partnerschaft	
3-5	221-224	und	positive[3]	_	
3-6	225-228	ich	positive[3]	_	
3-7	229-232	leb	positive[3]	Persönliches/Emotionen[21]	
3-8	232-233	'	positive[3]	Persönliches/Emotionen[21]	
3-9	234-240	lieber	positive[3]	Persönliches/Emotionen[21]	
3-10	241-247	allein	positive[3]	Persönliches/Emotionen[21]	
3-11	247-248	,	positive[3]	_	
3-12	249-252	ich	positive[3]	_	
3-13	253-256	bin	positive[3]	_	
3-14	257-260	ein	positive[3]	_	
3-15	261-267	Single	positive[3]	Liebe/Partnerschaft	
3-16	267-268	,	positive[3]	_	
3-17	269-273	doch	positive[3]	_	
3-18	274-277	ich	positive[3]	_	
3-19	278-282	muss	positive[3]	_	
3-20	283-288	nicht	positive[3]	_	
3-21	289-295	einsam	positive[3]	Persönliches/Emotionen[22]	
3-22	296-300	sein	positive[3]	Persönliches/Emotionen[22]	
3-23	300-301	.	positive[3]	_	

#Text=Denn, wenn ein Single ab und zu mal eine Sehnsucht hat, gibts Millionen anderer Singles in dieser Stadt.
4-1	302-306	Denn	positive[4]	_	
4-2	306-307	,	positive[4]	_	
4-3	308-312	wenn	positive[4]	_	
4-4	313-316	ein	positive[4]	_	
4-5	317-323	Single	positive[4]	Liebe/Partnerschaft	
4-6	324-326	ab	positive[4]	_	
4-7	327-330	und	positive[4]	_	
4-8	331-333	zu	positive[4]	_	
4-9	334-337	mal	positive[4]	_	
4-10	338-342	eine	positive[4]	_	
4-11	343-352	Sehnsucht	positive[4]	Liebe/Partnerschaft	
4-12	353-356	hat	positive[4]	_	
4-13	356-357	,	positive[4]	_	
4-14	358-363	gibts	positive[4]	_	
4-15	364-373	Millionen	positive[4]	_	
4-16	374-381	anderer	positive[4]	_	
4-17	382-389	Singles	positive[4]	Liebe/Partnerschaft	
4-18	390-392	in	positive[4]	_	
4-19	393-399	dieser	positive[4]	_	
4-20	400-405	Stadt	positive[4]	_	
4-21	405-406	.	positive[4]	_	

#Text=Ich bin ein Single.
5-1	407-410	Ich	neutral[5]	_	
5-2	411-414	bin	neutral[5]	_	
5-3	415-418	ein	neutral[5]	_	
5-4	419-425	Single	neutral[5]	Liebe/Partnerschaft	
5-5	425-426	.	neutral[5]	_	

#Text=Ich bin ein Single.
6-1	427-430	Ich	neutral[6]	_	
6-2	431-434	bin	neutral[6]	_	
6-3	435-438	ein	neutral[6]	_	
6-4	439-445	Single	neutral[6]	Liebe/Partnerschaft	
6-5	445-446	.	neutral[6]	_	

#Text=Mein Bett ist zu groß, hab's für mich alleine, keine Schnarchgeräusche und wenn mal doch, dann sind's nur meine.
7-1	451-455	Mein	positive[7]	_	
7-2	456-460	Bett	positive[7]	_	
7-3	461-464	ist	positive[7]	_	
7-4	465-467	zu	positive[7]	_	
7-5	468-472	groß	positive[7]	_	
7-6	472-473	,	positive[7]	_	
7-7	474-479	hab's	positive[7]	_	
7-8	480-483	für	positive[7]	_	
7-9	484-488	mich	positive[7]	_	
7-10	489-496	alleine	positive[7]	Persönliches/Emotionen	
7-11	496-497	,	positive[7]	_	
7-12	498-503	keine	positive[7]	_	
7-13	504-521	Schnarchgeräusche	positive[7]	_	
7-14	522-525	und	positive[7]	_	
7-15	526-530	wenn	positive[7]	_	
7-16	531-534	mal	positive[7]	_	
7-17	535-539	doch	positive[7]	_	
7-18	539-540	,	positive[7]	_	
7-19	541-545	dann	positive[7]	_	
7-20	546-552	sind's	positive[7]	_	
7-21	553-556	nur	positive[7]	_	
7-22	557-562	meine	positive[7]	_	
7-23	562-563	.	positive[7]	_	

#Text=Morgens muss ich mich im Bad nicht beeilen, die Zeitung und das weiche Frühstücksei mit keinem teilen.
8-1	564-571	Morgens	positive[8]	_	
8-2	572-576	muss	positive[8]	_	
8-3	577-580	ich	positive[8]	_	
8-4	581-585	mich	positive[8]	_	
8-5	586-588	im	positive[8]	_	
8-6	589-592	Bad	positive[8]	_	
8-7	593-598	nicht	positive[8]	_	
8-8	599-606	beeilen	positive[8]	_	
8-9	606-607	,	positive[8]	_	
8-10	608-611	die	positive[8]	_	
8-11	612-619	Zeitung	positive[8]	_	
8-12	620-623	und	positive[8]	_	
8-13	624-627	das	positive[8]	_	
8-14	628-634	weiche	positive[8]	_	
8-15	635-647	Frühstücksei	positive[8]	_	
8-16	648-651	mit	positive[8]	Persönliches/Emotionen[23]	
8-17	652-658	keinem	positive[8]	Persönliches/Emotionen[23]	
8-18	659-665	teilen	positive[8]	Persönliches/Emotionen[23]	
8-19	665-666	.	positive[8]	_	

#Text=Ich bin ein Single und ich leb' lieber allein.
9-1	671-674	Ich	positive[9]	_	
9-2	675-678	bin	positive[9]	_	
9-3	679-682	ein	positive[9]	_	
9-4	683-689	Single	positive[9]	Liebe/Partnerschaft	
9-5	690-693	und	positive[9]	_	
9-6	694-697	ich	positive[9]	_	
9-7	698-701	leb	positive[9]	Persönliches/Emotionen[24]	
9-8	701-702	'	positive[9]	Persönliches/Emotionen[24]	
9-9	703-709	lieber	positive[9]	Persönliches/Emotionen[24]	
9-10	710-716	allein	positive[9]	Persönliches/Emotionen[24]	
9-11	716-717	.	positive[9]	_	

#Text=Ich bin ein Single, doch ich muss nicht einsam sein.
10-1	718-721	Ich	positive[10]	_	
10-2	722-725	bin	positive[10]	_	
10-3	726-729	ein	positive[10]	_	
10-4	730-736	Single	positive[10]	Liebe/Partnerschaft	
10-5	736-737	,	positive[10]	_	
10-6	738-742	doch	positive[10]	_	
10-7	743-746	ich	positive[10]	_	
10-8	747-751	muss	positive[10]	_	
10-9	752-757	nicht	positive[10]	_	
10-10	758-764	einsam	positive[10]	Persönliches/Emotionen[25]	
10-11	765-769	sein	positive[10]	Persönliches/Emotionen[25]	
10-12	769-770	.	positive[10]	_	

#Text=Denn, wenn ein Single ab und zu mal eine Sehnsucht hat, gibts Millionen anderer Singles in dieser Stadt.
11-1	771-775	Denn	positive[11]	_	
11-2	775-776	,	positive[11]	_	
11-3	777-781	wenn	positive[11]	_	
11-4	782-785	ein	positive[11]	_	
11-5	786-792	Single	positive[11]	Liebe/Partnerschaft	
11-6	793-795	ab	positive[11]	_	
11-7	796-799	und	positive[11]	_	
11-8	800-802	zu	positive[11]	_	
11-9	803-806	mal	positive[11]	_	
11-10	807-811	eine	positive[11]	_	
11-11	812-821	Sehnsucht	positive[11]	Liebe/Partnerschaft	
11-12	822-825	hat	positive[11]	_	
11-13	825-826	,	positive[11]	_	
11-14	827-832	gibts	positive[11]	_	
11-15	833-842	Millionen	positive[11]	_	
11-16	843-850	anderer	positive[11]	_	
11-17	851-858	Singles	positive[11]	Liebe/Partnerschaft	
11-18	859-861	in	positive[11]	_	
11-19	862-868	dieser	positive[11]	_	
11-20	869-874	Stadt	positive[11]	_	
11-21	874-875	.	positive[11]	_	

#Text=Ich bin ein Single.
12-1	876-879	Ich	neutral[12]	_	
12-2	880-883	bin	neutral[12]	_	
12-3	884-887	ein	neutral[12]	_	
12-4	888-894	Single	neutral[12]	Liebe/Partnerschaft	
12-5	894-895	.	neutral[12]	_	

#Text=Ich bin ein Single.
13-1	896-899	Ich	neutral[13]	_	
13-2	900-903	bin	neutral[13]	_	
13-3	904-907	ein	neutral[13]	_	
13-4	908-914	Single	neutral[13]	Liebe/Partnerschaft	
13-5	914-915	.	neutral[13]	_	

#Text=Ich bin ein Single und ich leb' lieber allein, ich bin ein Single, doch ich muss nicht einsam sein.
14-1	920-923	Ich	positive[14]	_	
14-2	924-927	bin	positive[14]	_	
14-3	928-931	ein	positive[14]	_	
14-4	932-938	Single	positive[14]	Liebe/Partnerschaft	
14-5	939-942	und	positive[14]	_	
14-6	943-946	ich	positive[14]	_	
14-7	947-950	leb	positive[14]	Persönliches/Emotionen[26]	
14-8	950-951	'	positive[14]	Persönliches/Emotionen[26]	
14-9	952-958	lieber	positive[14]	Persönliches/Emotionen[26]	
14-10	959-965	allein	positive[14]	Persönliches/Emotionen[26]	
14-11	965-966	,	positive[14]	_	
14-12	967-970	ich	positive[14]	_	
14-13	971-974	bin	positive[14]	_	
14-14	975-978	ein	positive[14]	_	
14-15	979-985	Single	positive[14]	Liebe/Partnerschaft	
14-16	985-986	,	positive[14]	_	
14-17	987-991	doch	positive[14]	_	
14-18	992-995	ich	positive[14]	_	
14-19	996-1000	muss	positive[14]	_	
14-20	1001-1006	nicht	positive[14]	_	
14-21	1007-1013	einsam	positive[14]	Persönliches/Emotionen[27]	
14-22	1014-1018	sein	positive[14]	Persönliches/Emotionen[27]	
14-23	1018-1019	.	positive[14]	_	

#Text=Denn, wenn ein Single ab und zu mal eine Sehnsucht hat, gibts Millionen anderer Singles in dieser Stadt.
15-1	1020-1024	Denn	positive[15]	_	
15-2	1024-1025	,	positive[15]	_	
15-3	1026-1030	wenn	positive[15]	_	
15-4	1031-1034	ein	positive[15]	_	
15-5	1035-1041	Single	positive[15]	Liebe/Partnerschaft	
15-6	1042-1044	ab	positive[15]	_	
15-7	1045-1048	und	positive[15]	_	
15-8	1049-1051	zu	positive[15]	_	
15-9	1052-1055	mal	positive[15]	_	
15-10	1056-1060	eine	positive[15]	_	
15-11	1061-1070	Sehnsucht	positive[15]	Liebe/Partnerschaft	
15-12	1071-1074	hat	positive[15]	_	
15-13	1074-1075	,	positive[15]	_	
15-14	1076-1081	gibts	positive[15]	_	
15-15	1082-1091	Millionen	positive[15]	_	
15-16	1092-1099	anderer	positive[15]	_	
15-17	1100-1107	Singles	positive[15]	Liebe/Partnerschaft	
15-18	1108-1110	in	positive[15]	_	
15-19	1111-1117	dieser	positive[15]	_	
15-20	1118-1123	Stadt	positive[15]	_	
15-21	1123-1124	.	positive[15]	_	

#Text=Ich bin ein Single.
16-1	1125-1128	Ich	neutral[16]	_	
16-2	1129-1132	bin	neutral[16]	_	
16-3	1133-1136	ein	neutral[16]	_	
16-4	1137-1143	Single	neutral[16]	Liebe/Partnerschaft	
16-5	1143-1144	.	neutral[16]	_	

#Text=Ich bin ein Single.
17-1	1145-1148	Ich	neutral[17]	_	
17-2	1149-1152	bin	neutral[17]	_	
17-3	1153-1156	ein	neutral[17]	_	
17-4	1157-1163	Single	neutral[17]	Liebe/Partnerschaft	
17-5	1163-1164	.	neutral[17]	_	
