#FORMAT=WebAnno TSV 3.2
#T_SP=webanno.custom.Sentiment|Polarity
#T_SP=webanno.custom.Topic|Topics


#Text=Wenn es Nacht wird, so um zwölfe, klopfen Geister an dein Fenster.
1-1	0-4	Wenn	neutral[1]	_	
1-2	5-7	es	neutral[1]	_	
1-3	8-13	Nacht	neutral[1]	_	
1-4	14-18	wird	neutral[1]	_	
1-5	18-19	,	neutral[1]	_	
1-6	20-22	so	neutral[1]	_	
1-7	23-25	um	neutral[1]	_	
1-8	26-32	zwölfe	neutral[1]	_	
1-9	32-33	,	neutral[1]	_	
1-10	34-41	klopfen	neutral[1]	_	
1-11	42-49	Geister	neutral[1]	_	
1-12	50-52	an	neutral[1]	_	
1-13	53-57	dein	neutral[1]	_	
1-14	58-65	Fenster	neutral[1]	_	
1-15	65-66	.	neutral[1]	_	

#Text=Wenn es Nacht wird, so um zwölfe, ist die Stunde der Gespenster.
2-1	67-71	Wenn	neutral[2]	_	
2-2	72-74	es	neutral[2]	_	
2-3	75-80	Nacht	neutral[2]	_	
2-4	81-85	wird	neutral[2]	_	
2-5	85-86	,	neutral[2]	_	
2-6	87-89	so	neutral[2]	_	
2-7	90-92	um	neutral[2]	_	
2-8	93-99	zwölfe	neutral[2]	_	
2-9	99-100	,	neutral[2]	_	
2-10	101-104	ist	neutral[2]	_	
2-11	105-108	die	neutral[2]	_	
2-12	109-115	Stunde	neutral[2]	_	
2-13	116-119	der	neutral[2]	_	
2-14	120-130	Gespenster	neutral[2]	_	
2-15	130-131	.	neutral[2]	_	

#Text=Schwarze Schatten stehen heimlich -denn es soll ja keiner wissen- hinter Bäumen und sie träumen nur davon, dich zu küssen.
3-1	132-140	Schwarze	positive[3]	_	
3-2	141-149	Schatten	positive[3]	_	
3-3	150-156	stehen	positive[3]	_	
3-4	157-165	heimlich	positive[3]	_	
3-5	166-167	-	positive[3]	_	
3-6	167-171	denn	positive[3]	_	
3-7	172-174	es	positive[3]	_	
3-8	175-179	soll	positive[3]	_	
3-9	180-182	ja	positive[3]	_	
3-10	183-189	keiner	positive[3]	_	
3-11	190-196	wissen	positive[3]	_	
3-12	196-197	-	positive[3]	_	
3-13	198-204	hinter	positive[3]	_	
3-14	205-211	Bäumen	positive[3]	_	
3-15	212-215	und	positive[3]	_	
3-16	216-219	sie	positive[3]	_	
3-17	220-227	träumen	positive[3]	_	
3-18	228-231	nur	positive[3]	_	
3-19	232-237	davon	positive[3]	_	
3-20	237-238	,	positive[3]	_	
3-21	239-243	dich	positive[3]	_	
3-22	244-246	zu	positive[3]	_	
3-23	247-253	küssen	positive[3]	Liebe/Partnerschaft	
3-24	253-254	.	positive[3]	_	

#Text=Und ich komm' zu dir um Mitternacht und dann wird gespenstisch losgemacht und selbst der Kommissar schöpft keinen Verdacht, oh oh oh oh oh.
4-1	259-262	Und	positive[4]	_	
4-2	263-266	ich	positive[4]	_	
4-3	267-271	komm	positive[4]	_	
4-4	271-272	'	positive[4]	_	
4-5	273-275	zu	positive[4]	_	
4-6	276-279	dir	positive[4]	_	
4-7	280-282	um	positive[4]	_	
4-8	283-294	Mitternacht	positive[4]	_	
4-9	295-298	und	positive[4]	_	
4-10	299-303	dann	positive[4]	_	
4-11	304-308	wird	positive[4]	_	
4-12	309-321	gespenstisch	positive[4]	Liebe/Partnerschaft[18]	
4-13	322-332	losgemacht	positive[4]	Liebe/Partnerschaft[18]	
4-14	333-336	und	positive[4]	_	
4-15	337-343	selbst	positive[4]	_	
4-16	344-347	der	positive[4]	_	
4-17	348-357	Kommissar	positive[4]	Politik/Soziales/Missstände	
4-18	358-365	schöpft	positive[4]	_	
4-19	366-372	keinen	positive[4]	_	
4-20	373-381	Verdacht	positive[4]	_	
4-21	381-382	,	positive[4]	_	
4-22	383-385	oh	positive[4]	_	
4-23	386-388	oh	positive[4]	_	
4-24	389-391	oh	positive[4]	_	
4-25	392-394	oh	positive[4]	_	
4-26	395-397	oh	positive[4]	_	
4-27	397-398	.	positive[4]	_	

#Text=Wenn es Nacht wird, so um zwölfe, und wenn du schon lange pennst, wirst du plötzlich wach und denkst dir: "Ja was ist das denn für'n Gespenst?"
5-1	403-407	Wenn	neutral[5]	_	
5-2	408-410	es	neutral[5]	_	
5-3	411-416	Nacht	neutral[5]	_	
5-4	417-421	wird	neutral[5]	_	
5-5	421-422	,	neutral[5]	_	
5-6	423-425	so	neutral[5]	_	
5-7	426-428	um	neutral[5]	_	
5-8	429-435	zwölfe	neutral[5]	_	
5-9	435-436	,	neutral[5]	_	
5-10	437-440	und	neutral[5]	_	
5-11	441-445	wenn	neutral[5]	_	
5-12	446-448	du	neutral[5]	_	
5-13	449-454	schon	neutral[5]	_	
5-14	455-460	lange	neutral[5]	_	
5-15	461-467	pennst	neutral[5]	_	
5-16	467-468	,	neutral[5]	_	
5-17	469-474	wirst	neutral[5]	_	
5-18	475-477	du	neutral[5]	_	
5-19	478-487	plötzlich	neutral[5]	_	
5-20	488-492	wach	neutral[5]	_	
5-21	493-496	und	neutral[5]	_	
5-22	497-503	denkst	neutral[5]	_	
5-23	504-507	dir	neutral[5]	_	
5-24	507-508	:	neutral[5]	_	
5-25	509-510	"	neutral[5]	_	
5-26	510-512	Ja	neutral[5]	_	
5-27	513-516	was	neutral[5]	_	
5-28	517-520	ist	neutral[5]	_	
5-29	521-524	das	neutral[5]	_	
5-30	525-529	denn	neutral[5]	_	
5-31	530-535	für'n	neutral[5]	_	
5-32	536-544	Gespenst	neutral[5]	_	
5-33	544-545	?	neutral[5]	_	
5-34	545-546	"	neutral[5]	_	

#Text=Schwarze Schatten und Dämonen geistern rum in deinem Haus.
6-1	547-555	Schwarze	negative[6]	_	
6-2	556-564	Schatten	negative[6]	_	
6-3	565-568	und	negative[6]	_	
6-4	569-576	Dämonen	negative[6]	_	
6-5	577-585	geistern	negative[6]	_	
6-6	586-589	rum	negative[6]	_	
6-7	590-592	in	negative[6]	_	
6-8	593-599	deinem	negative[6]	_	
6-9	600-604	Haus	negative[6]	_	
6-10	604-605	.	negative[6]	_	

#Text=Milchstraßen schießen in den Himmel und du denkst, du rastest aus.
7-1	606-618	Milchstraßen	negative[7]	_	
7-2	619-627	schießen	negative[7]	_	
7-3	628-630	in	negative[7]	_	
7-4	631-634	den	negative[7]	_	
7-5	635-641	Himmel	negative[7]	_	
7-6	642-645	und	negative[7]	_	
7-7	646-648	du	negative[7]	_	
7-8	649-655	denkst	negative[7]	_	
7-9	655-656	,	negative[7]	_	
7-10	657-659	du	negative[7]	Persönliches/Emotionen[19]	
7-11	660-667	rastest	negative[7]	Persönliches/Emotionen[19]	
7-12	668-671	aus	negative[7]	Persönliches/Emotionen[19]	
7-13	671-672	.	negative[7]	_	

#Text=Und ich komm' zu dir um Mitternacht und dann wird gespenstisch losgemacht und selbst der Kommissar schöpft keinen Verdacht, oh oh oh oh oh.
8-1	677-680	Und	negative[8]	_	
8-2	681-684	ich	negative[8]	_	
8-3	685-689	komm	negative[8]	_	
8-4	689-690	'	negative[8]	_	
8-5	691-693	zu	negative[8]	_	
8-6	694-697	dir	negative[8]	_	
8-7	698-700	um	negative[8]	_	
8-8	701-712	Mitternacht	negative[8]	_	
8-9	713-716	und	negative[8]	_	
8-10	717-721	dann	negative[8]	_	
8-11	722-726	wird	negative[8]	_	
8-12	727-739	gespenstisch	negative[8]	Liebe/Partnerschaft[20]	
8-13	740-750	losgemacht	negative[8]	Liebe/Partnerschaft[20]	
8-14	751-754	und	negative[8]	_	
8-15	755-761	selbst	negative[8]	_	
8-16	762-765	der	negative[8]	_	
8-17	766-775	Kommissar	negative[8]	Politik/Soziales/Missstände	
8-18	776-783	schöpft	negative[8]	_	
8-19	784-790	keinen	negative[8]	_	
8-20	791-799	Verdacht	negative[8]	_	
8-21	799-800	,	negative[8]	_	
8-22	801-803	oh	negative[8]	_	
8-23	804-806	oh	negative[8]	_	
8-24	807-809	oh	negative[8]	_	
8-25	810-812	oh	negative[8]	_	
8-26	813-815	oh	negative[8]	_	
8-27	815-816	.	negative[8]	_	

#Text=Donner und Blitz und das Gespenst ist ziemlich spitz.
9-1	821-827	Donner	neutral[9]	_	
9-2	828-831	und	neutral[9]	_	
9-3	832-837	Blitz	neutral[9]	_	
9-4	838-841	und	neutral[9]	_	
9-5	842-845	das	neutral[9]	_	
9-6	846-854	Gespenst	neutral[9]	_	
9-7	855-858	ist	neutral[9]	_	
9-8	859-867	ziemlich	neutral[9]	Liebe/Partnerschaft[21]	
9-9	868-873	spitz	neutral[9]	Liebe/Partnerschaft[21]	
9-10	873-874	.	neutral[9]	_	

#Text=Der Vollmond scheint so wie immer, es wehen die Gardinen in dein Zimmer.
10-1	875-878	Der	neutral[10]	_	
10-2	879-887	Vollmond	neutral[10]	_	
10-3	888-895	scheint	neutral[10]	_	
10-4	896-898	so	neutral[10]	_	
10-5	899-902	wie	neutral[10]	_	
10-6	903-908	immer	neutral[10]	_	
10-7	908-909	,	neutral[10]	_	
10-8	910-912	es	neutral[10]	_	
10-9	913-918	wehen	neutral[10]	_	
10-10	919-922	die	neutral[10]	_	
10-11	923-931	Gardinen	neutral[10]	_	
10-12	932-934	in	neutral[10]	_	
10-13	935-939	dein	neutral[10]	_	
10-14	940-946	Zimmer	neutral[10]	_	
10-15	946-947	.	neutral[10]	_	

#Text=Phantome spuken durch den Raum, ja ist das nicht ein geiler Traum?
11-1	948-956	Phantome	positive[11]	_	
11-2	957-963	spuken	positive[11]	_	
11-3	964-969	durch	positive[11]	_	
11-4	970-973	den	positive[11]	_	
11-5	974-978	Raum	positive[11]	_	
11-6	978-979	,	positive[11]	_	
11-7	980-982	ja	positive[11]	_	
11-8	983-986	ist	positive[11]	_	
11-9	987-990	das	positive[11]	_	
11-10	991-996	nicht	positive[11]	_	
11-11	997-1000	ein	positive[11]	Persönliches/Emotionen[22]	
11-12	1001-1007	geiler	positive[11]	Persönliches/Emotionen[22]	
11-13	1008-1013	Traum	positive[11]	Persönliches/Emotionen[22]	
11-14	1013-1014	?	positive[11]	_	

#Text=Und ich trink aus deinem Munde den Zaubertrank in der Geisterstunde.
12-1	1015-1018	Und	neutral[12]	_	
12-2	1019-1022	ich	neutral[12]	_	
12-3	1023-1028	trink	neutral[12]	_	
12-4	1029-1032	aus	neutral[12]	_	
12-5	1033-1039	deinem	neutral[12]	_	
12-6	1040-1045	Munde	neutral[12]	_	
12-7	1046-1049	den	neutral[12]	_	
12-8	1050-1061	Zaubertrank	neutral[12]	Gesundheit/Drogen	
12-9	1062-1064	in	neutral[12]	_	
12-10	1065-1068	der	neutral[12]	_	
12-11	1069-1082	Geisterstunde	neutral[12]	_	
12-12	1082-1083	.	neutral[12]	_	

#Text=Und ich komm' zu dir um Mitternacht und dann wird gespenstisch losgemacht und selbst der Kommissar schöpft keinen Verdacht, oh oh oh oh oh.
13-1	1088-1091	Und	positive[13]	_	
13-2	1092-1095	ich	positive[13]	_	
13-3	1096-1100	komm	positive[13]	_	
13-4	1100-1101	'	positive[13]	_	
13-5	1102-1104	zu	positive[13]	_	
13-6	1105-1108	dir	positive[13]	_	
13-7	1109-1111	um	positive[13]	_	
13-8	1112-1123	Mitternacht	positive[13]	_	
13-9	1124-1127	und	positive[13]	_	
13-10	1128-1132	dann	positive[13]	_	
13-11	1133-1137	wird	positive[13]	_	
13-12	1138-1150	gespenstisch	positive[13]	Liebe/Partnerschaft[23]	
13-13	1151-1161	losgemacht	positive[13]	Liebe/Partnerschaft[23]	
13-14	1162-1165	und	positive[13]	_	
13-15	1166-1172	selbst	positive[13]	_	
13-16	1173-1176	der	positive[13]	_	
13-17	1177-1186	Kommissar	positive[13]	Politik/Soziales/Missstände	
13-18	1187-1194	schöpft	positive[13]	_	
13-19	1195-1201	keinen	positive[13]	_	
13-20	1202-1210	Verdacht	positive[13]	_	
13-21	1210-1211	,	positive[13]	_	
13-22	1212-1214	oh	positive[13]	_	
13-23	1215-1217	oh	positive[13]	_	
13-24	1218-1220	oh	positive[13]	_	
13-25	1221-1223	oh	positive[13]	_	
13-26	1224-1226	oh	positive[13]	_	
13-27	1226-1227	.	positive[13]	_	

#Text=Wenn es Nacht wird, so um zwölfe, guck mal raus aus deinem Fenster.
14-1	1232-1236	Wenn	neutral[14]	_	
14-2	1237-1239	es	neutral[14]	_	
14-3	1240-1245	Nacht	neutral[14]	_	
14-4	1246-1250	wird	neutral[14]	_	
14-5	1250-1251	,	neutral[14]	_	
14-6	1252-1254	so	neutral[14]	_	
14-7	1255-1257	um	neutral[14]	_	
14-8	1258-1264	zwölfe	neutral[14]	_	
14-9	1264-1265	,	neutral[14]	_	
14-10	1266-1270	guck	neutral[14]	_	
14-11	1271-1274	mal	neutral[14]	_	
14-12	1275-1279	raus	neutral[14]	_	
14-13	1280-1283	aus	neutral[14]	_	
14-14	1284-1290	deinem	neutral[14]	_	
14-15	1291-1298	Fenster	neutral[14]	_	
14-16	1298-1299	.	neutral[14]	_	

#Text=Wenn es Nacht wird, so um zwölfe, ist die Stunde der Gespenster.
15-1	1300-1304	Wenn	neutral[15]	_	
15-2	1305-1307	es	neutral[15]	_	
15-3	1308-1313	Nacht	neutral[15]	_	
15-4	1314-1318	wird	neutral[15]	_	
15-5	1318-1319	,	neutral[15]	_	
15-6	1320-1322	so	neutral[15]	_	
15-7	1323-1325	um	neutral[15]	_	
15-8	1326-1332	zwölfe	neutral[15]	_	
15-9	1332-1333	,	neutral[15]	_	
15-10	1334-1337	ist	neutral[15]	_	
15-11	1338-1341	die	neutral[15]	_	
15-12	1342-1348	Stunde	neutral[15]	_	
15-13	1349-1352	der	neutral[15]	_	
15-14	1353-1363	Gespenster	neutral[15]	_	
15-15	1363-1364	.	neutral[15]	_	

#Text=Manchmal kommen sie mit'm Auto oder mit der Geisterbahn Oder sie kommen mit'm Raumschiff, wollen mit dir zu den Sternen fahren.
16-1	1365-1373	Manchmal	neutral[16]	_	
16-2	1374-1380	kommen	neutral[16]	_	
16-3	1381-1384	sie	neutral[16]	_	
16-4	1385-1390	mit'm	neutral[16]	Reisen[24]	
16-5	1391-1395	Auto	neutral[16]	Reisen[24]	
16-6	1396-1400	oder	neutral[16]	Reisen[24]	
16-7	1401-1404	mit	neutral[16]	Reisen[24]	
16-8	1405-1408	der	neutral[16]	Reisen[24]	
16-9	1409-1420	Geisterbahn	neutral[16]	Reisen[24]	
16-10	1421-1425	Oder	neutral[16]	_	
16-11	1426-1429	sie	neutral[16]	_	
16-12	1430-1436	kommen	neutral[16]	_	
16-13	1437-1442	mit'm	neutral[16]	_	
16-14	1443-1453	Raumschiff	neutral[16]	Reisen	
16-15	1453-1454	,	neutral[16]	_	
16-16	1455-1461	wollen	neutral[16]	_	
16-17	1462-1465	mit	neutral[16]	_	
16-18	1466-1469	dir	neutral[16]	_	
16-19	1470-1472	zu	neutral[16]	Reisen[25]	
16-20	1473-1476	den	neutral[16]	Reisen[25]	
16-21	1477-1484	Sternen	neutral[16]	Reisen[25]	
16-22	1485-1491	fahren	neutral[16]	Reisen[25]	
16-23	1491-1492	.	neutral[16]	_	

#Text=Und ich komm zu dir um Mitternacht und dann wird gespenstisch losgemacht und selbst der Kommissar schöpft keinen Verdacht, oh oh oh oh oh.
17-1	1497-1500	Und	positive[17]	_	
17-2	1501-1504	ich	positive[17]	_	
17-3	1505-1509	komm	positive[17]	_	
17-4	1510-1512	zu	positive[17]	_	
17-5	1513-1516	dir	positive[17]	_	
17-6	1517-1519	um	positive[17]	_	
17-7	1520-1531	Mitternacht	positive[17]	_	
17-8	1532-1535	und	positive[17]	_	
17-9	1536-1540	dann	positive[17]	_	
17-10	1541-1545	wird	positive[17]	_	
17-11	1546-1558	gespenstisch	positive[17]	Liebe/Partnerschaft[26]	
17-12	1559-1569	losgemacht	positive[17]	Liebe/Partnerschaft[26]	
17-13	1570-1573	und	positive[17]	_	
17-14	1574-1580	selbst	positive[17]	_	
17-15	1581-1584	der	positive[17]	_	
17-16	1585-1594	Kommissar	positive[17]	Politik/Soziales/Missstände	
17-17	1595-1602	schöpft	positive[17]	_	
17-18	1603-1609	keinen	positive[17]	_	
17-19	1610-1618	Verdacht	positive[17]	_	
17-20	1618-1619	,	positive[17]	_	
17-21	1620-1622	oh	positive[17]	_	
17-22	1623-1625	oh	positive[17]	_	
17-23	1626-1628	oh	positive[17]	_	
17-24	1629-1631	oh	positive[17]	_	
17-25	1632-1634	oh	positive[17]	_	
17-26	1634-1635	.	positive[17]	_	
