#FORMAT=WebAnno TSV 3.2
#T_SP=webanno.custom.Sentiment|Polarity
#T_SP=webanno.custom.Topic|Topics


#Text=Meine Ohren sind noch ganz verklebt von deinen süßen Honigsprüchen und ich spür' noch deinen Zucker auf meinem Mund  
#Text= 
#Text=Jetzt bist du weg und ich fühl' mich geschändet, dabei hab ich mich so an dich verschwendet. du erinnerst mich an so 'nen streunenden Hund, du benutztest mich und mein Telefon und sagtest, du würdst mich ewig lieben, dann gingst du mal eben Zigaretten holen und kamst nie wieder - mir ist nichts geblieben als 'ne ausgequetschte Zahnpastatube und 'n Paar schmutzige Socken - und sonst gar nichts und dann gingst du wieder zocken.
1-1	0-5	Meine	positive[1]	_	
1-2	6-11	Ohren	positive[1]	_	
1-3	12-16	sind	positive[1]	_	
1-4	17-21	noch	positive[1]	_	
1-5	22-26	ganz	positive[1]	_	
1-6	27-35	verklebt	positive[1]	_	
1-7	36-39	von	positive[1]	_	
1-8	40-46	deinen	positive[1]	Liebe/Partnerschaft[15]	
1-9	47-52	süßen	positive[1]	Liebe/Partnerschaft[15]	
1-10	53-66	Honigsprüchen	positive[1]	Liebe/Partnerschaft[15]	
1-11	67-70	und	positive[1]	_	
1-12	71-74	ich	positive[1]	_	
1-13	75-79	spür	positive[1]	_	
1-14	79-80	'	positive[1]	_	
1-15	81-85	noch	positive[1]	_	
1-16	86-92	deinen	positive[1]	_	
1-17	93-99	Zucker	positive[1]	_	
1-18	100-103	auf	positive[1]	_	
1-19	104-110	meinem	positive[1]	_	
1-20	111-115	Mund	positive[1]	_	
1-21	120-125	Jetzt	negative[2]	_	
1-22	126-130	bist	negative[2]	_	
1-23	131-133	du	negative[2]	_	
1-24	134-137	weg	negative[2]	_	
1-25	138-141	und	negative[2]	_	
1-26	142-145	ich	negative[2]	Persönliches/Emotionen[16]	
1-27	146-150	fühl	negative[2]	Persönliches/Emotionen[16]	
1-28	150-151	'	negative[2]	Persönliches/Emotionen[16]	
1-29	152-156	mich	negative[2]	Persönliches/Emotionen[16]	
1-30	157-167	geschändet	negative[2]	Persönliches/Emotionen[16]	
1-31	167-168	,	negative[2]	_	
1-32	169-174	dabei	negative[2]	_	
1-33	175-178	hab	negative[2]	_	
1-34	179-182	ich	negative[2]	_	
1-35	183-187	mich	negative[2]	_	
1-36	188-190	so	negative[2]	_	
1-37	191-193	an	negative[2]	_	
1-38	194-198	dich	negative[2]	_	
1-39	199-211	verschwendet	negative[2]	_	
1-40	211-212	.	_	_	
1-41	213-215	du	negative[3]	_	
1-42	216-225	erinnerst	negative[3]	_	
1-43	226-230	mich	negative[3]	_	
1-44	231-233	an	negative[3]	_	
1-45	234-236	so	negative[3]	_	
1-46	237-238	'	negative[3]	_	
1-47	238-241	nen	negative[3]	_	
1-48	242-253	streunenden	negative[3]	_	
1-49	254-258	Hund	negative[3]	_	
1-50	258-259	,	negative[3]	_	
1-51	260-262	du	negative[3]	_	
1-52	263-273	benutztest	negative[3]	Persönliches/Emotionen[17]	
1-53	274-278	mich	negative[3]	Persönliches/Emotionen[17]	
1-54	279-282	und	negative[3]	_	
1-55	283-287	mein	negative[3]	_	
1-56	288-295	Telefon	negative[3]	_	
1-57	296-299	und	negative[3]	_	
1-58	300-307	sagtest	negative[3]	_	
1-59	307-308	,	negative[3]	_	
1-60	309-311	du	negative[3]	_	
1-61	312-318	würdst	negative[3]	_	
1-62	319-323	mich	negative[3]	_	
1-63	324-328	ewig	negative[3]	Liebe/Partnerschaft[18]	
1-64	329-335	lieben	negative[3]	Liebe/Partnerschaft[18]	
1-65	335-336	,	negative[3]	_	
1-66	337-341	dann	negative[3]	_	
1-67	342-348	gingst	negative[3]	_	
1-68	349-351	du	negative[3]	_	
1-69	352-355	mal	negative[3]	_	
1-70	356-360	eben	negative[3]	_	
1-71	361-371	Zigaretten	negative[3]	Gesundheit/Drogen	
1-72	372-377	holen	negative[3]	_	
1-73	378-381	und	negative[3]	_	
1-74	382-387	kamst	negative[3]	_	
1-75	388-391	nie	negative[3]	_	
1-76	392-398	wieder	negative[3]	_	
1-77	399-400	-	_	_	
1-78	401-404	mir	negative[4]	_	
1-79	405-408	ist	negative[4]	_	
1-80	409-415	nichts	negative[4]	_	
1-81	416-425	geblieben	negative[4]	_	
1-82	426-429	als	negative[4]	_	
1-83	430-431	'	negative[4]	_	
1-84	431-433	ne	negative[4]	_	
1-85	434-448	ausgequetschte	negative[4]	_	
1-86	449-462	Zahnpastatube	negative[4]	_	
1-87	463-466	und	negative[4]	_	
1-88	467-468	'	negative[4]	_	
1-89	468-469	n	negative[4]	_	
1-90	470-474	Paar	negative[4]	_	
1-91	475-485	schmutzige	negative[4]	_	
1-92	486-492	Socken	negative[4]	_	
1-93	493-494	-	_	_	
1-94	495-498	und	negative[5]	_	
1-95	499-504	sonst	negative[5]	_	
1-96	505-508	gar	negative[5]	_	
1-97	509-515	nichts	negative[5]	_	
1-98	516-519	und	negative[5]	_	
1-99	520-524	dann	negative[5]	_	
1-100	525-531	gingst	negative[5]	_	
1-101	532-534	du	negative[5]	_	
1-102	535-541	wieder	negative[5]	_	
1-103	542-548	zocken	negative[5]	Gesundheit/Drogen	
1-104	548-549	.	_	_	

#Text=Was glaubst du wer ich bin, dass du mich nimmst wie einen Drink und dann nach dem besoffenen Fest, das Lokal verlässt. du bist ja so eine miese Ratte, du bist ja so eine miese Schlampe, das Letzte, zum Kotzen, echt widerlich, doch ich liebe dich noch immer.
2-1	554-557	Was	negative[6]	_	
2-2	558-565	glaubst	negative[6]	_	
2-3	566-568	du	negative[6]	_	
2-4	569-572	wer	negative[6]	_	
2-5	573-576	ich	negative[6]	_	
2-6	577-580	bin	negative[6]	_	
2-7	580-581	,	negative[6]	_	
2-8	582-586	dass	negative[6]	_	
2-9	587-589	du	negative[6]	_	
2-10	590-594	mich	negative[6]	_	
2-11	595-601	nimmst	negative[6]	_	
2-12	602-605	wie	negative[6]	_	
2-13	606-611	einen	negative[6]	_	
2-14	612-617	Drink	negative[6]	Gesundheit/Drogen	
2-15	618-621	und	negative[6]	_	
2-16	622-626	dann	negative[6]	_	
2-17	627-631	nach	negative[6]	_	
2-18	632-635	dem	negative[6]	_	
2-19	636-646	besoffenen	negative[6]	Gesundheit/Drogen	
2-20	647-651	Fest	negative[6]	_	
2-21	651-652	,	negative[6]	_	
2-22	653-656	das	negative[6]	_	
2-23	657-662	Lokal	negative[6]	Gesundheit/Drogen	
2-24	663-671	verlässt	negative[6]	_	
2-25	671-672	.	_	_	
2-26	673-675	du	negative[7]	_	
2-27	676-680	bist	negative[7]	_	
2-28	681-683	ja	negative[7]	_	
2-29	684-686	so	negative[7]	_	
2-30	687-691	eine	negative[7]	_	
2-31	692-697	miese	negative[7]	Politik/Soziales/Missstände[19]	
2-32	698-703	Ratte	negative[7]	Politik/Soziales/Missstände[19]	
2-33	703-704	,	negative[7]	_	
2-34	705-707	du	negative[7]	_	
2-35	708-712	bist	negative[7]	_	
2-36	713-715	ja	negative[7]	_	
2-37	716-718	so	negative[7]	_	
2-38	719-723	eine	negative[7]	_	
2-39	724-729	miese	negative[7]	Liebe/Partnerschaft[20]	
2-40	730-738	Schlampe	negative[7]	Liebe/Partnerschaft[20]	
2-41	738-739	,	negative[7]	_	
2-42	740-743	das	negative[7]	_	
2-43	744-750	Letzte	negative[7]	_	
2-44	750-751	,	negative[7]	_	
2-45	752-755	zum	negative[7]	_	
2-46	756-762	Kotzen	negative[7]	_	
2-47	762-763	,	negative[7]	_	
2-48	764-768	echt	negative[7]	Persönliches/Emotionen[21]	
2-49	769-778	widerlich	negative[7]	Persönliches/Emotionen[21]	
2-50	778-779	,	negative[7]	_	
2-51	780-784	doch	negative[7]	_	
2-52	785-788	ich	negative[7]	Liebe/Partnerschaft[22]	
2-53	789-794	liebe	negative[7]	Liebe/Partnerschaft[22]	
2-54	795-799	dich	negative[7]	Liebe/Partnerschaft[22]	
2-55	800-804	noch	negative[7]	_	
2-56	805-810	immer	negative[7]	_	
2-57	810-811	.	_	_	

#Text=Sie schmissen dich raus aus der Kasinobaracke, abgebrannte kleine Zockerin. du wanktest durch den Regen und fielst mir vor den Kühler.
3-1	816-819	Sie	negative[8]	_	
3-2	820-829	schmissen	negative[8]	_	
3-3	830-834	dich	negative[8]	_	
3-4	835-839	raus	negative[8]	_	
3-5	840-843	aus	negative[8]	_	
3-6	844-847	der	negative[8]	_	
3-7	848-861	Kasinobaracke	negative[8]	Gesundheit/Drogen	
3-8	861-862	,	negative[8]	_	
3-9	863-874	abgebrannte	negative[8]	Gesundheit/Drogen[23]	
3-10	875-881	kleine	negative[8]	Gesundheit/Drogen[23]	
3-11	882-890	Zockerin	negative[8]	Gesundheit/Drogen[23]	
3-12	890-891	.	negative[8]	_	
3-13	892-894	du	negative[8]	_	
3-14	895-903	wanktest	negative[8]	Gesundheit/Drogen	
3-15	904-909	durch	negative[8]	_	
3-16	910-913	den	negative[8]	_	
3-17	914-919	Regen	negative[8]	_	
3-18	920-923	und	negative[8]	_	
3-19	924-930	fielst	negative[8]	_	
3-20	931-934	mir	negative[8]	_	
3-21	935-938	vor	negative[8]	_	
3-22	939-942	den	negative[8]	_	
3-23	943-949	Kühler	negative[8]	_	
3-24	949-950	.	_	_	

#Text=Ich sagte: steig ein, nasse Katze. war es dein Blick?
4-1	951-954	Ich	neutral[9]	_	
4-2	955-960	sagte	neutral[9]	_	
4-3	960-961	:	neutral[9]	_	
4-4	962-967	steig	neutral[9]	_	
4-5	968-971	ein	neutral[9]	_	
4-6	971-972	,	neutral[9]	_	
4-7	973-978	nasse	neutral[9]	_	
4-8	979-984	Katze	neutral[9]	_	
4-9	984-985	.	neutral[9]	_	
4-10	986-989	war	neutral[9]	_	
4-11	990-992	es	neutral[9]	_	
4-12	993-997	dein	neutral[9]	_	
4-13	998-1003	Blick	neutral[9]	_	
4-14	1003-1004	?	neutral[9]	_	

#Text=ich weiß nicht warum und mein Zuhause, was war's für dich?
5-1	1005-1008	ich	neutral[10]	_	
5-2	1009-1013	weiß	neutral[10]	_	
5-3	1014-1019	nicht	neutral[10]	_	
5-4	1020-1025	warum	neutral[10]	_	
5-5	1026-1029	und	neutral[10]	_	
5-6	1030-1034	mein	neutral[10]	_	
5-7	1035-1042	Zuhause	neutral[10]	_	
5-8	1042-1043	,	neutral[10]	_	
5-9	1044-1047	was	neutral[10]	_	
5-10	1048-1053	war's	neutral[10]	_	
5-11	1054-1057	für	neutral[10]	_	
5-12	1058-1062	dich	neutral[10]	_	
5-13	1062-1063	?	neutral[10]	_	

#Text=doch wohl eher 'n Sanatorium.
6-1	1064-1068	doch	negative[11]	_	
6-2	1069-1073	wohl	negative[11]	_	
6-3	1074-1078	eher	negative[11]	_	
6-4	1079-1080	'	negative[11]	_	
6-5	1080-1081	n	negative[11]	_	
6-6	1082-1092	Sanatorium	negative[11]	Gesundheit/Drogen	
6-7	1092-1093	.	_	_	

#Text=Du benutztest mich und mein Spiegelbett und sagtest, ich wär der Mann deines Lebens und ich gab dir alles, was ich hab - vergebens, vergebens!
7-1	1094-1096	Du	negative[12]	_	
7-2	1097-1107	benutztest	negative[12]	_	
7-3	1108-1112	mich	negative[12]	_	
7-4	1113-1116	und	negative[12]	_	
7-5	1117-1121	mein	negative[12]	_	
7-6	1122-1133	Spiegelbett	negative[12]	_	
7-7	1134-1137	und	negative[12]	_	
7-8	1138-1145	sagtest	negative[12]	_	
7-9	1145-1146	,	negative[12]	_	
7-10	1147-1150	ich	negative[12]	_	
7-11	1151-1154	wär	negative[12]	_	
7-12	1155-1158	der	negative[12]	_	
7-13	1159-1163	Mann	negative[12]	Liebe/Partnerschaft[24]	
7-14	1164-1170	deines	negative[12]	Liebe/Partnerschaft[24]	
7-15	1171-1177	Lebens	negative[12]	Liebe/Partnerschaft[24]	
7-16	1178-1181	und	negative[12]	_	
7-17	1182-1185	ich	negative[12]	_	
7-18	1186-1189	gab	negative[12]	_	
7-19	1190-1193	dir	negative[12]	_	
7-20	1194-1199	alles	negative[12]	_	
7-21	1199-1200	,	negative[12]	_	
7-22	1201-1204	was	negative[12]	_	
7-23	1205-1208	ich	negative[12]	_	
7-24	1209-1212	hab	negative[12]	_	
7-25	1213-1214	-	negative[12]	_	
7-26	1215-1224	vergebens	negative[12]	_	
7-27	1224-1225	,	negative[12]	_	
7-28	1226-1235	vergebens	negative[12]	_	
7-29	1235-1236	!	_	_	

#Text=Was glaubst du wer ich bin, dass du mich nimmst wie einen Drink und dann nach dem besoffenen Fest, das Lokal verlässt. du bist ja so eine miese Ratte, du hast mich so gelinkt, das Letzte, zum Kotzen, echt widerlich, doch ich liebe dich noch immer.
8-1	1241-1244	Was	negative[13]	_	
8-2	1245-1252	glaubst	negative[13]	_	
8-3	1253-1255	du	negative[13]	_	
8-4	1256-1259	wer	negative[13]	_	
8-5	1260-1263	ich	negative[13]	_	
8-6	1264-1267	bin	negative[13]	_	
8-7	1267-1268	,	negative[13]	_	
8-8	1269-1273	dass	negative[13]	_	
8-9	1274-1276	du	negative[13]	_	
8-10	1277-1281	mich	negative[13]	_	
8-11	1282-1288	nimmst	negative[13]	_	
8-12	1289-1292	wie	negative[13]	_	
8-13	1293-1298	einen	negative[13]	_	
8-14	1299-1304	Drink	negative[13]	Gesundheit/Drogen	
8-15	1305-1308	und	negative[13]	_	
8-16	1309-1313	dann	negative[13]	_	
8-17	1314-1318	nach	negative[13]	_	
8-18	1319-1322	dem	negative[13]	_	
8-19	1323-1333	besoffenen	negative[13]	Gesundheit/Drogen	
8-20	1334-1338	Fest	negative[13]	_	
8-21	1338-1339	,	negative[13]	_	
8-22	1340-1343	das	negative[13]	_	
8-23	1344-1349	Lokal	negative[13]	_	
8-24	1350-1358	verlässt	negative[13]	_	
8-25	1358-1359	.	_	_	
8-26	1360-1362	du	negative[14]	_	
8-27	1363-1367	bist	negative[14]	_	
8-28	1368-1370	ja	negative[14]	_	
8-29	1371-1373	so	negative[14]	_	
8-30	1374-1378	eine	negative[14]	_	
8-31	1379-1384	miese	negative[14]	Politik/Soziales/Missstände[25]	
8-32	1385-1390	Ratte	negative[14]	Politik/Soziales/Missstände[25]	
8-33	1390-1391	,	negative[14]	_	
8-34	1392-1394	du	negative[14]	_	
8-35	1395-1399	hast	negative[14]	_	
8-36	1400-1404	mich	negative[14]	_	
8-37	1405-1407	so	negative[14]	_	
8-38	1408-1415	gelinkt	negative[14]	_	
8-39	1415-1416	,	negative[14]	_	
8-40	1417-1420	das	negative[14]	_	
8-41	1421-1427	Letzte	negative[14]	_	
8-42	1427-1428	,	negative[14]	_	
8-43	1429-1432	zum	negative[14]	_	
8-44	1433-1439	Kotzen	negative[14]	_	
8-45	1439-1440	,	negative[14]	_	
8-46	1441-1445	echt	negative[14]	Persönliches/Emotionen[26]	
8-47	1446-1455	widerlich	negative[14]	Persönliches/Emotionen[26]	
8-48	1455-1456	,	negative[14]	_	
8-49	1457-1461	doch	negative[14]	_	
8-50	1462-1465	ich	negative[14]	Liebe/Partnerschaft[27]	
8-51	1466-1471	liebe	negative[14]	Liebe/Partnerschaft[27]	
8-52	1472-1476	dich	negative[14]	Liebe/Partnerschaft[27]	
8-53	1477-1481	noch	negative[14]	_	
8-54	1482-1487	immer	negative[14]	_	
8-55	1487-1488	.	_	_	
