#FORMAT=WebAnno TSV 3.2
#T_SP=webanno.custom.Sentiment|Polarity
#T_SP=webanno.custom.Topic|Topics


#Text=Man ist komplett cool, man denkt digital.
1-1	0-3	Man	neutral[1]	_	
1-2	4-7	ist	neutral[1]	_	
1-3	8-16	komplett	neutral[1]	_	
1-4	17-21	cool	neutral[1]	Persönliches/Emotionen	
1-5	21-22	,	neutral[1]	_	
1-6	23-26	man	neutral[1]	_	
1-7	27-32	denkt	neutral[1]	_	
1-8	33-40	digital	neutral[1]	_	
1-9	40-41	.	_	_	

#Text=Das Herz ist aus Eisen und die Nerven sind aus Stahl.
2-1	42-45	Das	negative[2]	_	
2-2	46-50	Herz	negative[2]	Persönliches/Emotionen[20]	
2-3	51-54	ist	negative[2]	Persönliches/Emotionen[20]	
2-4	55-58	aus	negative[2]	Persönliches/Emotionen[20]	
2-5	59-64	Eisen	negative[2]	Persönliches/Emotionen[20]	
2-6	65-68	und	negative[2]	_	
2-7	69-72	die	negative[2]	_	
2-8	73-79	Nerven	negative[2]	Persönliches/Emotionen[21]	
2-9	80-84	sind	negative[2]	Persönliches/Emotionen[21]	
2-10	85-88	aus	negative[2]	Persönliches/Emotionen[21]	
2-11	89-94	Stahl	negative[2]	Persönliches/Emotionen[21]	
2-12	94-95	.	_	_	

#Text=Man ist in Sachen Liebe nicht interessiert und ganz immun.
3-1	96-99	Man	neutral[3]	_	
3-2	100-103	ist	neutral[3]	_	
3-3	104-106	in	neutral[3]	_	
3-4	107-113	Sachen	neutral[3]	Liebe/Partnerschaft[22]	
3-5	114-119	Liebe	neutral[3]	Liebe/Partnerschaft[22]	
3-6	120-125	nicht	neutral[3]	_	
3-7	126-138	interessiert	neutral[3]	_	
3-8	139-142	und	neutral[3]	_	
3-9	143-147	ganz	neutral[3]	_	
3-10	148-153	immun	neutral[3]	_	
3-11	153-154	.	_	_	

#Text=Man würd' so 'ne süßen Sachen natürlich niemals tun.
4-1	155-158	Man	neutral[4]	_	
4-2	159-163	würd	neutral[4]	_	
4-3	163-164	'	neutral[4]	_	
4-4	165-167	so	neutral[4]	_	
4-5	168-169	'	neutral[4]	_	
4-6	169-171	ne	neutral[4]	_	
4-7	172-177	süßen	neutral[4]	_	
4-8	178-184	Sachen	neutral[4]	_	
4-9	185-194	natürlich	neutral[4]	_	
4-10	195-202	niemals	neutral[4]	_	
4-11	203-206	tun	neutral[4]	_	
4-12	206-207	.	_	_	

#Text=Vergiss nie, wir haben einen Deal: Ich lieb dich nur ein bisschen, aber nicht zu viel.
5-1	208-215	Vergiss	neutral[5]	_	
5-2	216-219	nie	neutral[5]	_	
5-3	219-220	,	neutral[5]	_	
5-4	221-224	wir	neutral[5]	_	
5-5	225-230	haben	neutral[5]	_	
5-6	231-236	einen	neutral[5]	_	
5-7	237-241	Deal	neutral[5]	_	
5-8	241-242	:	neutral[5]	_	
5-9	243-246	Ich	neutral[5]	_	
5-10	247-251	lieb	neutral[5]	Liebe/Partnerschaft[23]	
5-11	252-256	dich	neutral[5]	Liebe/Partnerschaft[23]	
5-12	257-260	nur	neutral[5]	Liebe/Partnerschaft[23]	
5-13	261-264	ein	neutral[5]	Liebe/Partnerschaft[23]	
5-14	265-273	bisschen	neutral[5]	Liebe/Partnerschaft[23]	
5-15	273-274	,	neutral[5]	_	
5-16	275-279	aber	neutral[5]	_	
5-17	280-285	nicht	neutral[5]	_	
5-18	286-288	zu	neutral[5]	_	
5-19	289-293	viel	neutral[5]	_	
5-20	293-294	.	_	_	

#Text=Oh-oh, richtige Liebe ist, seien wir mal ehrlich, Oh-oh, richtige Liebe ist viel zu gefährlich.
6-1	299-304	Oh-oh	negative[6]	_	
6-2	304-305	,	negative[6]	_	
6-3	306-314	richtige	negative[6]	Liebe/Partnerschaft[24]	
6-4	315-320	Liebe	negative[6]	Liebe/Partnerschaft[24]	
6-5	321-324	ist	negative[6]	_	
6-6	324-325	,	negative[6]	_	
6-7	326-331	seien	negative[6]	_	
6-8	332-335	wir	negative[6]	_	
6-9	336-339	mal	negative[6]	_	
6-10	340-347	ehrlich	negative[6]	_	
6-11	347-348	,	negative[6]	_	
6-12	349-354	Oh-oh	negative[6]	_	
6-13	354-355	,	negative[6]	_	
6-14	356-364	richtige	negative[6]	Liebe/Partnerschaft[25]	
6-15	365-370	Liebe	negative[6]	Liebe/Partnerschaft[25]	
6-16	371-374	ist	negative[6]	Liebe/Partnerschaft[25]	
6-17	375-379	viel	negative[6]	Liebe/Partnerschaft[25]	
6-18	380-382	zu	negative[6]	Liebe/Partnerschaft[25]	
6-19	383-393	gefährlich	negative[6]	Liebe/Partnerschaft[25]	
6-20	393-394	.	_	_	

#Text=Nein, das Große, das wir haben, das setzen wir nicht auf's Spiel  , Oh-oh, darum lieb ich dich nur ein bisschen, aber nie zu viel.
7-1	395-399	Nein	neutral[7]	_	
7-2	399-400	,	neutral[7]	_	
7-3	401-404	das	neutral[7]	_	
7-4	405-410	Große	neutral[7]	_	
7-5	410-411	,	neutral[7]	_	
7-6	412-415	das	neutral[7]	_	
7-7	416-419	wir	neutral[7]	_	
7-8	420-425	haben	neutral[7]	_	
7-9	425-426	,	neutral[7]	_	
7-10	427-430	das	neutral[7]	_	
7-11	431-437	setzen	neutral[7]	_	
7-12	438-441	wir	neutral[7]	_	
7-13	442-447	nicht	neutral[7]	_	
7-14	448-453	auf's	neutral[7]	_	
7-15	454-459	Spiel	neutral[7]	_	
7-16	461-462	,	_	_	
7-17	463-468	Oh-oh	neutral[8]	_	
7-18	468-469	,	neutral[8]	_	
7-19	470-475	darum	neutral[8]	_	
7-20	476-480	lieb	neutral[8]	Liebe/Partnerschaft[26]	
7-21	481-484	ich	neutral[8]	Liebe/Partnerschaft[26]	
7-22	485-489	dich	neutral[8]	Liebe/Partnerschaft[26]	
7-23	490-493	nur	neutral[8]	Liebe/Partnerschaft[26]	
7-24	494-497	ein	neutral[8]	Liebe/Partnerschaft[26]	
7-25	498-506	bisschen	neutral[8]	Liebe/Partnerschaft[26]	
7-26	506-507	,	neutral[8]	_	
7-27	508-512	aber	neutral[8]	_	
7-28	513-516	nie	neutral[8]	_	
7-29	517-519	zu	neutral[8]	_	
7-30	520-524	viel	neutral[8]	_	
7-31	524-525	.	_	_	

#Text=Du gehst mir am Arsch vorbei, obwohl's auch gut ist: wir Zwei.
8-1	530-532	Du	positive[9]	_	
8-2	533-538	gehst	positive[9]	_	
8-3	539-542	mir	positive[9]	_	
8-4	543-545	am	positive[9]	_	
8-5	546-551	Arsch	positive[9]	_	
8-6	552-558	vorbei	positive[9]	_	
8-7	558-559	,	positive[9]	_	
8-8	560-568	obwohl's	positive[9]	_	
8-9	569-573	auch	positive[9]	_	
8-10	574-577	gut	positive[9]	_	
8-11	578-581	ist	positive[9]	_	
8-12	581-582	:	positive[9]	_	
8-13	583-586	wir	positive[9]	_	
8-14	587-591	Zwei	positive[9]	_	
8-15	591-592	.	_	_	

#Text=Denn manchmal machst du's mir schwer, dann gibt es auch bei mir keine Gegenwehr mehr.
9-1	593-597	Denn	negative[10]	_	
9-2	598-606	manchmal	negative[10]	_	
9-3	607-613	machst	negative[10]	_	
9-4	614-618	du's	negative[10]	_	
9-5	619-622	mir	negative[10]	_	
9-6	623-629	schwer	negative[10]	_	
9-7	629-630	,	negative[10]	_	
9-8	631-635	dann	negative[10]	_	
9-9	636-640	gibt	negative[10]	_	
9-10	641-643	es	negative[10]	_	
9-11	644-648	auch	negative[10]	_	
9-12	649-652	bei	negative[10]	_	
9-13	653-656	mir	negative[10]	_	
9-14	657-662	keine	negative[10]	_	
9-15	663-672	Gegenwehr	negative[10]	_	
9-16	673-677	mehr	negative[10]	_	
9-17	677-678	.	_	_	

#Text=Fast so, als ob ich dich schon immer kannte, sind wir wie zwei Seelenverwandte.
10-1	679-683	Fast	positive[11]	_	
10-2	684-686	so	positive[11]	_	
10-3	686-687	,	positive[11]	_	
10-4	688-691	als	positive[11]	_	
10-5	692-694	ob	positive[11]	_	
10-6	695-698	ich	positive[11]	_	
10-7	699-703	dich	positive[11]	_	
10-8	704-709	schon	positive[11]	_	
10-9	710-715	immer	positive[11]	_	
10-10	716-722	kannte	positive[11]	_	
10-11	722-723	,	positive[11]	_	
10-12	724-728	sind	positive[11]	_	
10-13	729-732	wir	positive[11]	_	
10-14	733-736	wie	positive[11]	_	
10-15	737-741	zwei	positive[11]	_	
10-16	742-757	Seelenverwandte	positive[11]	Liebe/Partnerschaft	
10-17	757-758	.	_	_	

#Text=Doch kein Grund, den Verstand zu verlier'n und dabei Kopf und Kragen zu riskier'n.
11-1	759-763	Doch	neutral[12]	_	
11-2	764-768	kein	neutral[12]	_	
11-3	769-774	Grund	neutral[12]	_	
11-4	774-775	,	neutral[12]	_	
11-5	776-779	den	neutral[12]	_	
11-6	780-788	Verstand	neutral[12]	Persönliches/Emotionen[27]	
11-7	789-791	zu	neutral[12]	Persönliches/Emotionen[27]	
11-8	792-801	verlier'n	neutral[12]	Persönliches/Emotionen[27]	
11-9	802-805	und	neutral[12]	_	
11-10	806-811	dabei	neutral[12]	_	
11-11	812-816	Kopf	neutral[12]	Persönliches/Emotionen[28]	
11-12	817-820	und	neutral[12]	Persönliches/Emotionen[28]	
11-13	821-827	Kragen	neutral[12]	Persönliches/Emotionen[28]	
11-14	828-830	zu	neutral[12]	Persönliches/Emotionen[28]	
11-15	831-840	riskier'n	neutral[12]	Persönliches/Emotionen[28]	
11-16	840-841	.	_	_	

#Text=Vergiss nie, wir haben einen Deal: Ich lieb dich nur ein bisschen, aber nicht zu viel.
12-1	842-849	Vergiss	neutral[13]	_	
12-2	850-853	nie	neutral[13]	_	
12-3	853-854	,	neutral[13]	_	
12-4	855-858	wir	neutral[13]	_	
12-5	859-864	haben	neutral[13]	_	
12-6	865-870	einen	neutral[13]	_	
12-7	871-875	Deal	neutral[13]	_	
12-8	875-876	:	neutral[13]	_	
12-9	877-880	Ich	neutral[13]	_	
12-10	881-885	lieb	neutral[13]	Liebe/Partnerschaft[29]	
12-11	886-890	dich	neutral[13]	Liebe/Partnerschaft[29]	
12-12	891-894	nur	neutral[13]	Liebe/Partnerschaft[29]	
12-13	895-898	ein	neutral[13]	Liebe/Partnerschaft[29]	
12-14	899-907	bisschen	neutral[13]	Liebe/Partnerschaft[29]	
12-15	907-908	,	neutral[13]	_	
12-16	909-913	aber	neutral[13]	_	
12-17	914-919	nicht	neutral[13]	_	
12-18	920-922	zu	neutral[13]	_	
12-19	923-927	viel	neutral[13]	_	
12-20	927-928	.	_	_	

#Text=Oh-oh, richtige Liebe ist, seien wir mal ehrlich, Oh-oh, richtige Liebe ist viel zu gefährlich.
13-1	933-938	Oh-oh	negative[14]	_	
13-2	938-939	,	negative[14]	_	
13-3	940-948	richtige	negative[14]	Liebe/Partnerschaft[30]	
13-4	949-954	Liebe	negative[14]	Liebe/Partnerschaft[30]	
13-5	955-958	ist	negative[14]	_	
13-6	958-959	,	negative[14]	_	
13-7	960-965	seien	negative[14]	_	
13-8	966-969	wir	negative[14]	_	
13-9	970-973	mal	negative[14]	_	
13-10	974-981	ehrlich	negative[14]	_	
13-11	981-982	,	negative[14]	_	
13-12	983-988	Oh-oh	negative[14]	_	
13-13	988-989	,	negative[14]	_	
13-14	990-998	richtige	negative[14]	Liebe/Partnerschaft[31]	
13-15	999-1004	Liebe	negative[14]	Liebe/Partnerschaft[31]	
13-16	1005-1008	ist	negative[14]	Liebe/Partnerschaft[31]	
13-17	1009-1013	viel	negative[14]	Liebe/Partnerschaft[31]	
13-18	1014-1016	zu	negative[14]	Liebe/Partnerschaft[31]	
13-19	1017-1027	gefährlich	negative[14]	Liebe/Partnerschaft[31]	
13-20	1027-1028	.	_	_	

#Text=Nein, das Große, das wir haben, das setzen wir nicht auf's Spiel  , Oh-oh, darum lieb ich dich nur ein bisschen, aber nie zu viel.
14-1	1029-1033	Nein	neutral[15]	_	
14-2	1033-1034	,	neutral[15]	_	
14-3	1035-1038	das	neutral[15]	_	
14-4	1039-1044	Große	neutral[15]	_	
14-5	1044-1045	,	neutral[15]	_	
14-6	1046-1049	das	neutral[15]	_	
14-7	1050-1053	wir	neutral[15]	_	
14-8	1054-1059	haben	neutral[15]	_	
14-9	1059-1060	,	neutral[15]	_	
14-10	1061-1064	das	neutral[15]	_	
14-11	1065-1071	setzen	neutral[15]	_	
14-12	1072-1075	wir	neutral[15]	_	
14-13	1076-1081	nicht	neutral[15]	_	
14-14	1082-1087	auf's	neutral[15]	_	
14-15	1088-1093	Spiel	neutral[15]	_	
14-16	1095-1096	,	neutral[15]	_	
14-17	1097-1102	Oh-oh	neutral[15]	_	
14-18	1102-1103	,	neutral[15]	_	
14-19	1104-1109	darum	neutral[15]	_	
14-20	1110-1114	lieb	neutral[15]	Liebe/Partnerschaft[32]	
14-21	1115-1118	ich	neutral[15]	Liebe/Partnerschaft[32]	
14-22	1119-1123	dich	neutral[15]	Liebe/Partnerschaft[32]	
14-23	1124-1127	nur	neutral[15]	Liebe/Partnerschaft[32]	
14-24	1128-1131	ein	neutral[15]	Liebe/Partnerschaft[32]	
14-25	1132-1140	bisschen	neutral[15]	Liebe/Partnerschaft[32]	
14-26	1140-1141	,	neutral[15]	_	
14-27	1142-1146	aber	neutral[15]	_	
14-28	1147-1150	nie	neutral[15]	_	
14-29	1151-1153	zu	neutral[15]	_	
14-30	1154-1158	viel	neutral[15]	_	
14-31	1158-1159	.	neutral[15]	_	

#Text=Leute wie wir bleiben immer schön cool, wir tragen immer das Pokergesicht.
15-1	1164-1169	Leute	neutral[16]	_	
15-2	1170-1173	wie	neutral[16]	_	
15-3	1174-1177	wir	neutral[16]	_	
15-4	1178-1185	bleiben	neutral[16]	_	
15-5	1186-1191	immer	neutral[16]	_	
15-6	1192-1197	schön	neutral[16]	_	
15-7	1198-1202	cool	neutral[16]	Persönliches/Emotionen	
15-8	1202-1203	,	neutral[16]	_	
15-9	1204-1207	wir	neutral[16]	_	
15-10	1208-1214	tragen	neutral[16]	_	
15-11	1215-1220	immer	neutral[16]	_	
15-12	1221-1224	das	neutral[16]	_	
15-13	1225-1237	Pokergesicht	neutral[16]	Persönliches/Emotionen	
15-14	1237-1238	.	_	_	

#Text=Tiefe Seele geht keinen was an, große Gefühle zeigen wir nicht.
16-1	1239-1244	Tiefe	neutral[17]	_	
16-2	1245-1250	Seele	neutral[17]	_	
16-3	1251-1255	geht	neutral[17]	_	
16-4	1256-1262	keinen	neutral[17]	_	
16-5	1263-1266	was	neutral[17]	_	
16-6	1267-1269	an	neutral[17]	_	
16-7	1269-1270	,	neutral[17]	_	
16-8	1271-1276	große	neutral[17]	_	
16-9	1277-1284	Gefühle	neutral[17]	_	
16-10	1285-1291	zeigen	neutral[17]	_	
16-11	1292-1295	wir	neutral[17]	_	
16-12	1296-1301	nicht	neutral[17]	_	
16-13	1301-1302	.	_	_	

#Text=Oh-oh, richtige Liebe ist, seien wir mal ehrlich, Oh-oh, richtige Liebe ist viel zu gefährlich.
17-1	1307-1312	Oh-oh	negative[18]	_	
17-2	1312-1313	,	negative[18]	_	
17-3	1314-1322	richtige	negative[18]	Liebe/Partnerschaft[33]	
17-4	1323-1328	Liebe	negative[18]	Liebe/Partnerschaft[33]	
17-5	1329-1332	ist	negative[18]	_	
17-6	1332-1333	,	negative[18]	_	
17-7	1334-1339	seien	negative[18]	_	
17-8	1340-1343	wir	negative[18]	_	
17-9	1344-1347	mal	negative[18]	_	
17-10	1348-1355	ehrlich	negative[18]	_	
17-11	1355-1356	,	negative[18]	_	
17-12	1357-1362	Oh-oh	negative[18]	_	
17-13	1362-1363	,	negative[18]	_	
17-14	1364-1372	richtige	negative[18]	Liebe/Partnerschaft[34]	
17-15	1373-1378	Liebe	negative[18]	Liebe/Partnerschaft[34]	
17-16	1379-1382	ist	negative[18]	Liebe/Partnerschaft[34]	
17-17	1383-1387	viel	negative[18]	Liebe/Partnerschaft[34]	
17-18	1388-1390	zu	negative[18]	Liebe/Partnerschaft[34]	
17-19	1391-1401	gefährlich	negative[18]	Liebe/Partnerschaft[34]	
17-20	1401-1402	.	_	_	

#Text=Nein, das Große, das wir haben, das setzen wir nicht auf's Spiel  , Oh-oh, darum lieb ich dich nur ein bisschen, aber nie zu viel.
18-1	1403-1407	Nein	neutral[19]	_	
18-2	1407-1408	,	neutral[19]	_	
18-3	1409-1412	das	neutral[19]	_	
18-4	1413-1418	Große	neutral[19]	_	
18-5	1418-1419	,	neutral[19]	_	
18-6	1420-1423	das	neutral[19]	_	
18-7	1424-1427	wir	neutral[19]	_	
18-8	1428-1433	haben	neutral[19]	_	
18-9	1433-1434	,	neutral[19]	_	
18-10	1435-1438	das	neutral[19]	_	
18-11	1439-1445	setzen	neutral[19]	_	
18-12	1446-1449	wir	neutral[19]	_	
18-13	1450-1455	nicht	neutral[19]	_	
18-14	1456-1461	auf's	neutral[19]	_	
18-15	1462-1467	Spiel	neutral[19]	_	
18-16	1469-1470	,	neutral[19]	_	
18-17	1471-1476	Oh-oh	neutral[19]	_	
18-18	1476-1477	,	neutral[19]	_	
18-19	1478-1483	darum	neutral[19]	_	
18-20	1484-1488	lieb	neutral[19]	Liebe/Partnerschaft[35]	
18-21	1489-1492	ich	neutral[19]	Liebe/Partnerschaft[35]	
18-22	1493-1497	dich	neutral[19]	Liebe/Partnerschaft[35]	
18-23	1498-1501	nur	neutral[19]	Liebe/Partnerschaft[35]	
18-24	1502-1505	ein	neutral[19]	Liebe/Partnerschaft[35]	
18-25	1506-1514	bisschen	neutral[19]	Liebe/Partnerschaft[35]	
18-26	1514-1515	,	neutral[19]	_	
18-27	1516-1520	aber	neutral[19]	_	
18-28	1521-1524	nie	neutral[19]	_	
18-29	1525-1527	zu	neutral[19]	_	
18-30	1528-1532	viel	neutral[19]	_	
18-31	1532-1533	.	_	_	
