#FORMAT=WebAnno TSV 3.2
#T_SP=webanno.custom.Sentiment|Polarity
#T_SP=webanno.custom.Topic|Topics


#Text=Von Kopf bis Fuß auf Liebe eingestellt.
1-1	0-3	Von	neutral[1]	_	
1-2	4-8	Kopf	neutral[1]	_	
1-3	9-12	bis	neutral[1]	_	
1-4	13-16	Fuß	neutral[1]	_	
1-5	17-20	auf	neutral[1]	Liebe/Partnerschaft[31]	
1-6	21-26	Liebe	neutral[1]	Liebe/Partnerschaft[31]	
1-7	27-38	eingestellt	neutral[1]	Liebe/Partnerschaft[31]	
1-8	38-39	.	neutral[1]	_	

#Text=Von Kopf bis Fuß auf Liebe eingestellt.
2-1	40-43	Von	neutral[2]	_	
2-2	44-48	Kopf	neutral[2]	_	
2-3	49-52	bis	neutral[2]	_	
2-4	53-56	Fuß	neutral[2]	_	
2-5	57-60	auf	neutral[2]	Liebe/Partnerschaft[32]	
2-6	61-66	Liebe	neutral[2]	Liebe/Partnerschaft[32]	
2-7	67-78	eingestellt	neutral[2]	Liebe/Partnerschaft[32]	
2-8	78-79	.	neutral[2]	_	

#Text=Ich bin von Kopf bis Fuß auf Liebe eingwstellt, ja, das ist meine Welt und sonst gar nichts.
3-1	84-87	Ich	neutral[3]	_	
3-2	88-91	bin	neutral[3]	_	
3-3	92-95	von	neutral[3]	_	
3-4	96-100	Kopf	neutral[3]	_	
3-5	101-104	bis	neutral[3]	_	
3-6	105-108	Fuß	neutral[3]	_	
3-7	109-112	auf	neutral[3]	Liebe/Partnerschaft[33]	
3-8	113-118	Liebe	neutral[3]	Liebe/Partnerschaft[33]	
3-9	119-130	eingwstellt	neutral[3]	Liebe/Partnerschaft[33]	
3-10	130-131	,	neutral[3]	_	
3-11	132-134	ja	neutral[3]	_	
3-12	134-135	,	neutral[3]	_	
3-13	136-139	das	neutral[3]	_	
3-14	140-143	ist	neutral[3]	_	
3-15	144-149	meine	neutral[3]	Persönliches/Emotionen[34]	
3-16	150-154	Welt	neutral[3]	Persönliches/Emotionen[34]	
3-17	155-158	und	neutral[3]	_	
3-18	159-164	sonst	neutral[3]	_	
3-19	165-168	gar	neutral[3]	_	
3-20	169-175	nichts	neutral[3]	_	
3-21	175-176	.	neutral[3]	_	

#Text=Was soll ich denn machen?
4-1	177-180	Was	neutral[4]	_	
4-2	181-185	soll	neutral[4]	_	
4-3	186-189	ich	neutral[4]	_	
4-4	190-194	denn	neutral[4]	_	
4-5	195-201	machen	neutral[4]	_	
4-6	201-202	?	neutral[4]	_	

#Text=Das ist nun mal meine Natur.
5-1	203-206	Das	neutral[5]	_	
5-2	207-210	ist	neutral[5]	_	
5-3	211-214	nun	neutral[5]	_	
5-4	215-218	mal	neutral[5]	_	
5-5	219-224	meine	neutral[5]	Persönliches/Emotionen[35]	
5-6	225-230	Natur	neutral[5]	Persönliches/Emotionen[35]	
5-7	230-231	.	neutral[5]	_	

#Text=Ich kann halt lieben nur und sonst gar nichts.
6-1	232-235	Ich	positive[6]	_	
6-2	236-240	kann	positive[6]	Liebe/Partnerschaft[36]	
6-3	241-245	halt	positive[6]	Liebe/Partnerschaft[36]	
6-4	246-252	lieben	positive[6]	Liebe/Partnerschaft[36]	
6-5	253-256	nur	positive[6]	Liebe/Partnerschaft[36]	
6-6	257-260	und	positive[6]	_	
6-7	261-266	sonst	positive[6]	_	
6-8	267-270	gar	positive[6]	_	
6-9	271-277	nichts	positive[6]	_	
6-10	277-278	.	positive[6]	_	

#Text=Männer umschwirr'n mich wie Motten das Licht und wenn sie verbrennen, dafür kann ich nichts.
7-1	279-285	Männer	positive[7]	_	
7-2	286-297	umschwirr'n	positive[7]	Persönliches/Emotionen[37]	
7-3	298-302	mich	positive[7]	Persönliches/Emotionen[37]	
7-4	303-306	wie	positive[7]	_	
7-5	307-313	Motten	positive[7]	_	
7-6	314-317	das	positive[7]	_	
7-7	318-323	Licht	positive[7]	_	
7-8	324-327	und	positive[7]	_	
7-9	328-332	wenn	positive[7]	_	
7-10	333-336	sie	positive[7]	_	
7-11	337-347	verbrennen	positive[7]	_	
7-12	347-348	,	positive[7]	_	
7-13	349-354	dafür	positive[7]	Persönliches/Emotionen[38]	
7-14	355-359	kann	positive[7]	Persönliches/Emotionen[38]	
7-15	360-363	ich	positive[7]	Persönliches/Emotionen[38]	
7-16	364-370	nichts	positive[7]	Persönliches/Emotionen[38]	
7-17	370-371	.	positive[7]	_	

#Text=Ich bin von Kopf bis Fuß auf Liebe eingestellt, ja, das ist meine Welt und sonst gar nichts und sonst gar nichts.
8-1	376-379	Ich	positive[8]	_	
8-2	380-383	bin	positive[8]	_	
8-3	384-387	von	positive[8]	_	
8-4	388-392	Kopf	positive[8]	_	
8-5	393-396	bis	positive[8]	_	
8-6	397-400	Fuß	positive[8]	_	
8-7	401-404	auf	positive[8]	Liebe/Partnerschaft[39]	
8-8	405-410	Liebe	positive[8]	Liebe/Partnerschaft[39]	
8-9	411-422	eingestellt	positive[8]	Liebe/Partnerschaft[39]	
8-10	422-423	,	positive[8]	_	
8-11	424-426	ja	positive[8]	_	
8-12	426-427	,	positive[8]	_	
8-13	428-431	das	positive[8]	_	
8-14	432-435	ist	positive[8]	_	
8-15	436-441	meine	positive[8]	Persönliches/Emotionen[40]	
8-16	442-446	Welt	positive[8]	Persönliches/Emotionen[40]	
8-17	447-450	und	positive[8]	_	
8-18	451-456	sonst	positive[8]	_	
8-19	457-460	gar	positive[8]	_	
8-20	461-467	nichts	positive[8]	_	
8-21	468-471	und	positive[8]	_	
8-22	472-477	sonst	positive[8]	_	
8-23	478-481	gar	positive[8]	_	
8-24	482-488	nichts	positive[8]	_	
8-25	488-489	.	positive[8]	_	

#Text=Von Kopf bis Fuß auf Liebe eingestellt.
9-1	490-493	Von	neutral[9]	_	
9-2	494-498	Kopf	neutral[9]	_	
9-3	499-502	bis	neutral[9]	_	
9-4	503-506	Fuß	neutral[9]	_	
9-5	507-510	auf	neutral[9]	Liebe/Partnerschaft[41]	
9-6	511-516	Liebe	neutral[9]	Liebe/Partnerschaft[41]	
9-7	517-528	eingestellt	neutral[9]	Liebe/Partnerschaft[41]	
9-8	528-529	.	neutral[9]	_	

#Text=Yeah.
10-1	530-534	Yeah	neutral	_	
10-2	534-535	.	_	_	

#Text=Von Kopf bis Fuß auf Liebe eingestellt.
11-1	536-539	Von	neutral[10]	_	
11-2	540-544	Kopf	neutral[10]	_	
11-3	545-548	bis	neutral[10]	_	
11-4	549-552	Fuß	neutral[10]	_	
11-5	553-556	auf	neutral[10]	Liebe/Partnerschaft[42]	
11-6	557-562	Liebe	neutral[10]	Liebe/Partnerschaft[42]	
11-7	563-574	eingestellt	neutral[10]	Liebe/Partnerschaft[42]	
11-8	574-575	.	neutral[10]	_	

#Text=Yeah, yeah, yeah.
12-1	576-580	Yeah	neutral[11]	_	
12-2	580-581	,	neutral[11]	_	
12-3	582-586	yeah	neutral[11]	_	
12-4	586-587	,	neutral[11]	_	
12-5	588-592	yeah	neutral[11]	_	
12-6	592-593	.	neutral[11]	_	

#Text=Ich bin von Kopf bis Fuß auf Liebe eingestellt.
13-1	594-597	Ich	neutral[12]	_	
13-2	598-601	bin	neutral[12]	_	
13-3	602-605	von	neutral[12]	_	
13-4	606-610	Kopf	neutral[12]	_	
13-5	611-614	bis	neutral[12]	_	
13-6	615-618	Fuß	neutral[12]	_	
13-7	619-622	auf	neutral[12]	Liebe/Partnerschaft[43]	
13-8	623-628	Liebe	neutral[12]	Liebe/Partnerschaft[43]	
13-9	629-640	eingestellt	neutral[12]	Liebe/Partnerschaft[43]	
13-10	640-641	.	neutral[12]	_	

#Text=Yeah, yeah, yeah.
14-1	642-646	Yeah	neutral[13]	_	
14-2	646-647	,	neutral[13]	_	
14-3	648-652	yeah	neutral[13]	_	
14-4	652-653	,	neutral[13]	_	
14-5	654-658	yeah	neutral[13]	_	
14-6	658-659	.	neutral[13]	_	

#Text=Das ist meine Welt!
15-1	660-663	Das	positive[14]	_	
15-2	664-667	ist	positive[14]	_	
15-3	668-673	meine	positive[14]	Persönliches/Emotionen[44]	
15-4	674-678	Welt	positive[14]	Persönliches/Emotionen[44]	
15-5	678-679	!	positive[14]	_	

#Text=Und sonst gar nichts!
16-1	680-683	Und	neutral[15]	_	
16-2	684-689	sonst	neutral[15]	_	
16-3	690-693	gar	neutral[15]	_	
16-4	694-700	nichts	neutral[15]	_	
16-5	700-701	!	neutral[15]	_	

#Text=Und sonst gar nichts!
17-1	702-705	Und	neutral[16]	_	
17-2	706-711	sonst	neutral[16]	_	
17-3	712-715	gar	neutral[16]	_	
17-4	716-722	nichts	neutral[16]	_	
17-5	722-723	!	neutral[16]	_	

#Text=Und sonst gar nichts!
18-1	724-727	Und	neutral[17]	_	
18-2	728-733	sonst	neutral[17]	_	
18-3	734-737	gar	neutral[17]	_	
18-4	738-744	nichts	neutral[17]	_	
18-5	744-745	!	neutral[17]	_	

#Text=Von Kopf bis Fuß auf Liebe eingestellt.
19-1	746-749	Von	neutral[18]	_	
19-2	750-754	Kopf	neutral[18]	_	
19-3	755-758	bis	neutral[18]	_	
19-4	759-762	Fuß	neutral[18]	_	
19-5	763-766	auf	neutral[18]	Liebe/Partnerschaft[45]	
19-6	767-772	Liebe	neutral[18]	Liebe/Partnerschaft[45]	
19-7	773-784	eingestellt	neutral[18]	Liebe/Partnerschaft[45]	
19-8	784-785	.	neutral[18]	_	

#Text=Von Kopf bis Fuß auf Liebe eingestellt.
20-1	786-789	Von	neutral[19]	_	
20-2	790-794	Kopf	neutral[19]	_	
20-3	795-798	bis	neutral[19]	_	
20-4	799-802	Fuß	neutral[19]	_	
20-5	803-806	auf	neutral[19]	Liebe/Partnerschaft[46]	
20-6	807-812	Liebe	neutral[19]	Liebe/Partnerschaft[46]	
20-7	813-824	eingestellt	neutral[19]	Liebe/Partnerschaft[46]	
20-8	824-825	.	neutral[19]	_	

#Text=Von Kopf bis Fuß auf Liebe eingestellt.
21-1	826-829	Von	neutral[20]	_	
21-2	830-834	Kopf	neutral[20]	_	
21-3	835-838	bis	neutral[20]	_	
21-4	839-842	Fuß	neutral[20]	_	
21-5	843-846	auf	neutral[20]	Liebe/Partnerschaft[47]	
21-6	847-852	Liebe	neutral[20]	Liebe/Partnerschaft[47]	
21-7	853-864	eingestellt	neutral[20]	Liebe/Partnerschaft[47]	
21-8	864-865	.	neutral[20]	_	

#Text=Oh!
22-1	866-868	Oh	neutral[21]	_	
22-2	868-869	!	neutral[21]	_	

#Text=Oh!
23-1	870-872	Oh	neutral[22]	_	
23-2	872-873	!	neutral[22]	_	

#Text=Frauen umschwirr'n mich wie Motten das Licht und wenn sie verbrennen, dafür kann ich doch nichts.
24-1	878-884	Frauen	positive[23]	_	
24-2	885-896	umschwirr'n	positive[23]	Persönliches/Emotionen[48]	
24-3	897-901	mich	positive[23]	Persönliches/Emotionen[48]	
24-4	902-905	wie	positive[23]	_	
24-5	906-912	Motten	positive[23]	_	
24-6	913-916	das	positive[23]	_	
24-7	917-922	Licht	positive[23]	_	
24-8	923-926	und	positive[23]	_	
24-9	927-931	wenn	positive[23]	_	
24-10	932-935	sie	positive[23]	_	
24-11	936-946	verbrennen	positive[23]	_	
24-12	946-947	,	positive[23]	_	
24-13	948-953	dafür	positive[23]	Persönliches/Emotionen[49]	
24-14	954-958	kann	positive[23]	Persönliches/Emotionen[49]	
24-15	959-962	ich	positive[23]	Persönliches/Emotionen[49]	
24-16	963-967	doch	positive[23]	Persönliches/Emotionen[49]	
24-17	968-974	nichts	positive[23]	Persönliches/Emotionen[49]	
24-18	974-975	.	positive[23]	_	

#Text=Ich bin von Kopf bis Fuß auf Liebe eingestellt, ja, das ist meine Welt und sonst gar nichts.
25-1	980-983	Ich	positive[24]	_	
25-2	984-987	bin	positive[24]	_	
25-3	988-991	von	positive[24]	_	
25-4	992-996	Kopf	positive[24]	_	
25-5	997-1000	bis	positive[24]	_	
25-6	1001-1004	Fuß	positive[24]	_	
25-7	1005-1008	auf	positive[24]	Liebe/Partnerschaft[50]	
25-8	1009-1014	Liebe	positive[24]	Liebe/Partnerschaft[50]	
25-9	1015-1026	eingestellt	positive[24]	Liebe/Partnerschaft[50]	
25-10	1026-1027	,	positive[24]	_	
25-11	1028-1030	ja	positive[24]	_	
25-12	1030-1031	,	positive[24]	_	
25-13	1032-1035	das	positive[24]	_	
25-14	1036-1039	ist	positive[24]	_	
25-15	1040-1045	meine	positive[24]	Persönliches/Emotionen[51]	
25-16	1046-1050	Welt	positive[24]	Persönliches/Emotionen[51]	
25-17	1051-1054	und	positive[24]	_	
25-18	1055-1060	sonst	positive[24]	_	
25-19	1061-1064	gar	positive[24]	_	
25-20	1065-1071	nichts	positive[24]	_	
25-21	1071-1072	.	positive[24]	_	

#Text=Das ist meine Welt und sonst gar nichts und sonst gar nichts.
26-1	1073-1076	Das	positive[25]	_	
26-2	1077-1080	ist	positive[25]	_	
26-3	1081-1086	meine	positive[25]	Persönliches/Emotionen[52]	
26-4	1087-1091	Welt	positive[25]	Persönliches/Emotionen[52]	
26-5	1092-1095	und	positive[25]	_	
26-6	1096-1101	sonst	positive[25]	_	
26-7	1102-1105	gar	positive[25]	_	
26-8	1106-1112	nichts	positive[25]	_	
26-9	1113-1116	und	positive[25]	_	
26-10	1117-1122	sonst	positive[25]	_	
26-11	1123-1126	gar	positive[25]	_	
26-12	1127-1133	nichts	positive[25]	_	
26-13	1133-1134	.	positive[25]	_	

#Text=Das ist meine Welt und sonst gar nichts.
27-1	1135-1138	Das	positive[26]	_	
27-2	1139-1142	ist	positive[26]	_	
27-3	1143-1148	meine	positive[26]	Persönliches/Emotionen[53]	
27-4	1149-1153	Welt	positive[26]	Persönliches/Emotionen[53]	
27-5	1154-1157	und	positive[26]	_	
27-6	1158-1163	sonst	positive[26]	_	
27-7	1164-1167	gar	positive[26]	_	
27-8	1168-1174	nichts	positive[26]	_	
27-9	1174-1175	.	positive[26]	_	

#Text=Von Kopf bis Fuß auf Liebe eingestellt.
28-1	1180-1183	Von	neutral[27]	_	
28-2	1184-1188	Kopf	neutral[27]	_	
28-3	1189-1192	bis	neutral[27]	_	
28-4	1193-1196	Fuß	neutral[27]	_	
28-5	1197-1200	auf	neutral[27]	Liebe/Partnerschaft[54]	
28-6	1201-1206	Liebe	neutral[27]	Liebe/Partnerschaft[54]	
28-7	1207-1218	eingestellt	neutral[27]	Liebe/Partnerschaft[54]	
28-8	1218-1219	.	neutral[27]	_	

#Text=Von Kopf bis Fuß auf Liebe eingestellt.
29-1	1220-1223	Von	neutral[28]	_	
29-2	1224-1228	Kopf	neutral[28]	_	
29-3	1229-1232	bis	neutral[28]	_	
29-4	1233-1236	Fuß	neutral[28]	_	
29-5	1237-1240	auf	neutral[28]	Liebe/Partnerschaft[55]	
29-6	1241-1246	Liebe	neutral[28]	Liebe/Partnerschaft[55]	
29-7	1247-1258	eingestellt	neutral[28]	Liebe/Partnerschaft[55]	
29-8	1258-1259	.	neutral[28]	_	

#Text=Von Kopf bis Fuß auf Liebe eingestellt.
30-1	1260-1263	Von	neutral[29]	_	
30-2	1264-1268	Kopf	neutral[29]	_	
30-3	1269-1272	bis	neutral[29]	_	
30-4	1273-1276	Fuß	neutral[29]	_	
30-5	1277-1280	auf	neutral[29]	Liebe/Partnerschaft[56]	
30-6	1281-1286	Liebe	neutral[29]	Liebe/Partnerschaft[56]	
30-7	1287-1298	eingestellt	neutral[29]	Liebe/Partnerschaft[56]	
30-8	1298-1299	.	neutral[29]	_	

#Text=Oh!
31-1	1300-1302	Oh	neutral[30]	_	
31-2	1302-1303	!	neutral[30]	_	
