#FORMAT=WebAnno TSV 3.2
#T_SP=webanno.custom.Sentiment|Polarity
#T_SP=webanno.custom.Topic|Topics


#Text=Der Wecker macht mich wach, vor mir liegt ein toller Tag, doch es bedeutet mir nichts mehr.
1-1	0-3	Der	negative[1]	_	
1-2	4-10	Wecker	negative[1]	_	
1-3	11-16	macht	negative[1]	Persönliches/Emotionen[37]	
1-4	17-21	mich	negative[1]	Persönliches/Emotionen[37]	
1-5	22-26	wach	negative[1]	Persönliches/Emotionen[37]	
1-6	26-27	,	negative[1]	_	
1-7	28-31	vor	negative[1]	_	
1-8	32-35	mir	negative[1]	_	
1-9	36-41	liegt	negative[1]	_	
1-10	42-45	ein	negative[1]	_	
1-11	46-52	toller	negative[1]	_	
1-12	53-56	Tag	negative[1]	_	
1-13	56-57	,	negative[1]	_	
1-14	58-62	doch	negative[1]	_	
1-15	63-65	es	negative[1]	Persönliches/Emotionen[38]	
1-16	66-74	bedeutet	negative[1]	Persönliches/Emotionen[38]	
1-17	75-78	mir	negative[1]	Persönliches/Emotionen[38]	
1-18	79-85	nichts	negative[1]	Persönliches/Emotionen[38]	
1-19	86-90	mehr	negative[1]	Persönliches/Emotionen[38]	
1-20	90-91	.	negative[1]	_	

#Text=Könnt' auf die Straße gehen und wunderschöne Frauen sehen, doch es bedeutet mir nichts mehr.
2-1	92-97	Könnt	negative[2]	_	
2-2	97-98	'	negative[2]	_	
2-3	99-102	auf	negative[2]	_	
2-4	103-106	die	negative[2]	_	
2-5	107-113	Straße	negative[2]	_	
2-6	114-119	gehen	negative[2]	_	
2-7	120-123	und	negative[2]	_	
2-8	124-136	wunderschöne	negative[2]	Liebe/Partnerschaft[39]	
2-9	137-143	Frauen	negative[2]	Liebe/Partnerschaft[39]	
2-10	144-149	sehen	negative[2]	_	
2-11	149-150	,	negative[2]	_	
2-12	151-155	doch	negative[2]	_	
2-13	156-158	es	negative[2]	Persönliches/Emotionen[40]	
2-14	159-167	bedeutet	negative[2]	Persönliches/Emotionen[40]	
2-15	168-171	mir	negative[2]	Persönliches/Emotionen[40]	
2-16	172-178	nichts	negative[2]	Persönliches/Emotionen[40]	
2-17	179-183	mehr	negative[2]	Persönliches/Emotionen[40]	
2-18	183-184	.	negative[2]	_	

#Text=Die Minis sind so knapp, ich komme trotzdem nicht auf Trab, doch es bedeutet mir nichts mehr.
3-1	185-188	Die	negative[3]	_	
3-2	189-194	Minis	negative[3]	_	
3-3	195-199	sind	negative[3]	_	
3-4	200-202	so	negative[3]	_	
3-5	203-208	knapp	negative[3]	_	
3-6	208-209	,	negative[3]	_	
3-7	210-213	ich	negative[3]	_	
3-8	214-219	komme	negative[3]	_	
3-9	220-228	trotzdem	negative[3]	_	
3-10	229-234	nicht	negative[3]	_	
3-11	235-238	auf	negative[3]	Liebe/Partnerschaft[41]	
3-12	239-243	Trab	negative[3]	Liebe/Partnerschaft[41]	
3-13	243-244	,	negative[3]	_	
3-14	245-249	doch	negative[3]	_	
3-15	250-252	es	negative[3]	Persönliches/Emotionen[42]	
3-16	253-261	bedeutet	negative[3]	Persönliches/Emotionen[42]	
3-17	262-265	mir	negative[3]	Persönliches/Emotionen[42]	
3-18	266-272	nichts	negative[3]	Persönliches/Emotionen[42]	
3-19	273-277	mehr	negative[3]	Persönliches/Emotionen[42]	
3-20	277-278	.	negative[3]	_	

#Text=Ich könnt' einen saufen gehen, doch ich lass den Cognac steh'n, es bedeutet mir nichts mehr.
4-1	279-282	Ich	negative[4]	_	
4-2	283-288	könnt	negative[4]	_	
4-3	288-289	'	negative[4]	_	
4-4	290-295	einen	negative[4]	_	
4-5	296-302	saufen	negative[4]	Gesundheit/Drogen	
4-6	303-308	gehen	negative[4]	_	
4-7	308-309	,	negative[4]	_	
4-8	310-314	doch	negative[4]	_	
4-9	315-318	ich	negative[4]	_	
4-10	319-323	lass	negative[4]	_	
4-11	324-327	den	negative[4]	_	
4-12	328-334	Cognac	negative[4]	Gesundheit/Drogen	
4-13	335-341	steh'n	negative[4]	_	
4-14	341-342	,	negative[4]	_	
4-15	343-345	es	negative[4]	Persönliches/Emotionen[43]	
4-16	346-354	bedeutet	negative[4]	Persönliches/Emotionen[43]	
4-17	355-358	mir	negative[4]	Persönliches/Emotionen[43]	
4-18	359-365	nichts	negative[4]	Persönliches/Emotionen[43]	
4-19	366-370	mehr	negative[4]	Persönliches/Emotionen[43]	
4-20	370-371	.	negative[4]	_	

#Text=Wenn du nicht dabei bist.
5-1	376-380	Wenn	neutral[5]	_	
5-2	381-383	du	neutral[5]	_	
5-3	384-389	nicht	neutral[5]	_	
5-4	390-395	dabei	neutral[5]	_	
5-5	396-400	bist	neutral[5]	_	
5-6	400-401	.	_	_	

#Text=Wenn du nicht dabei bist.
6-1	402-406	Wenn	neutral[6]	_	
6-2	407-409	du	neutral[6]	_	
6-3	410-415	nicht	neutral[6]	_	
6-4	416-421	dabei	neutral[6]	_	
6-5	422-426	bist	neutral[6]	_	
6-6	426-427	.	_	_	

#Text=Wenn du nicht dabei bist.
7-1	428-432	Wenn	neutral[7]	_	
7-2	433-435	du	neutral[7]	_	
7-3	436-441	nicht	neutral[7]	_	
7-4	442-447	dabei	neutral[7]	_	
7-5	448-452	bist	neutral[7]	_	
7-6	452-453	.	_	_	

#Text=Wenn du nicht dabei bist.
8-1	454-458	Wenn	neutral[8]	_	
8-2	459-461	du	neutral[8]	_	
8-3	462-467	nicht	neutral[8]	_	
8-4	468-473	dabei	neutral[8]	_	
8-5	474-478	bist	neutral[8]	_	
8-6	478-479	.	_	_	

#Text=Oder ins Reisebüro nach New York - Rio - Tokio, es bedeutet mir nichts mehr.
9-1	484-488	Oder	negative[9]	_	
9-2	489-492	ins	negative[9]	_	
9-3	493-502	Reisebüro	negative[9]	Reisen	
9-4	503-507	nach	negative[9]	_	
9-5	508-511	New	negative[9]	_	
9-6	512-516	York	negative[9]	_	
9-7	517-518	-	negative[9]	_	
9-8	519-522	Rio	negative[9]	_	
9-9	523-524	-	negative[9]	_	
9-10	525-530	Tokio	negative[9]	_	
9-11	530-531	,	negative[9]	_	
9-12	532-534	es	negative[9]	Persönliches/Emotionen[44]	
9-13	535-543	bedeutet	negative[9]	Persönliches/Emotionen[44]	
9-14	544-547	mir	negative[9]	Persönliches/Emotionen[44]	
9-15	548-554	nichts	negative[9]	Persönliches/Emotionen[44]	
9-16	555-559	mehr	negative[9]	Persönliches/Emotionen[44]	
9-17	559-560	.	_	_	

#Text=Moskau ist nicht weit, ich hätte Geld, ich hätte Zeit, doch es bedeutet mir nichts mehr.
10-1	561-567	Moskau	negative[10]	_	
10-2	568-571	ist	negative[10]	_	
10-3	572-577	nicht	negative[10]	_	
10-4	578-582	weit	negative[10]	_	
10-5	582-583	,	negative[10]	_	
10-6	584-587	ich	negative[10]	_	
10-7	588-593	hätte	negative[10]	_	
10-8	594-598	Geld	negative[10]	Politik/Soziales/Missstände	
10-9	598-599	,	negative[10]	_	
10-10	600-603	ich	negative[10]	_	
10-11	604-609	hätte	negative[10]	_	
10-12	610-614	Zeit	negative[10]	_	
10-13	614-615	,	negative[10]	_	
10-14	616-620	doch	negative[10]	_	
10-15	621-623	es	negative[10]	Persönliches/Emotionen[45]	
10-16	624-632	bedeutet	negative[10]	Persönliches/Emotionen[45]	
10-17	633-636	mir	negative[10]	Persönliches/Emotionen[45]	
10-18	637-643	nichts	negative[10]	Persönliches/Emotionen[45]	
10-19	644-648	mehr	negative[10]	Persönliches/Emotionen[45]	
10-20	648-649	.	_	_	

#Text=Oder ich fahr' nach Norderney, doch du bist nicht dabei drum bedeutet es nichts mehr.
11-1	650-654	Oder	negative[11]	_	
11-2	655-658	ich	negative[11]	_	
11-3	659-663	fahr	negative[11]	_	
11-4	663-664	'	negative[11]	_	
11-5	665-669	nach	negative[11]	Reisen[46]	
11-6	670-679	Norderney	negative[11]	Reisen[46]	
11-7	679-680	,	negative[11]	_	
11-8	681-685	doch	negative[11]	_	
11-9	686-688	du	negative[11]	_	
11-10	689-693	bist	negative[11]	_	
11-11	694-699	nicht	negative[11]	_	
11-12	700-705	dabei	negative[11]	_	
11-13	706-710	drum	negative[11]	_	
11-14	711-719	bedeutet	negative[11]	_	
11-15	720-722	es	negative[11]	_	
11-16	723-729	nichts	negative[11]	_	
11-17	730-734	mehr	negative[11]	_	
11-18	734-735	.	_	_	

#Text=Ich kann auch bleiben, wo ich bin, es macht genauso wenig Sinn, es bedeutet mir nichts mehr.
12-1	736-739	Ich	negative[12]	_	
12-2	740-744	kann	negative[12]	_	
12-3	745-749	auch	negative[12]	_	
12-4	750-757	bleiben	negative[12]	_	
12-5	757-758	,	negative[12]	_	
12-6	759-761	wo	negative[12]	_	
12-7	762-765	ich	negative[12]	_	
12-8	766-769	bin	negative[12]	_	
12-9	769-770	,	negative[12]	_	
12-10	771-773	es	negative[12]	_	
12-11	774-779	macht	negative[12]	_	
12-12	780-787	genauso	negative[12]	_	
12-13	788-793	wenig	negative[12]	_	
12-14	794-798	Sinn	negative[12]	_	
12-15	798-799	,	negative[12]	_	
12-16	800-802	es	negative[12]	Persönliches/Emotionen[47]	
12-17	803-811	bedeutet	negative[12]	Persönliches/Emotionen[47]	
12-18	812-815	mir	negative[12]	Persönliches/Emotionen[47]	
12-19	816-822	nichts	negative[12]	Persönliches/Emotionen[47]	
12-20	823-827	mehr	negative[12]	Persönliches/Emotionen[47]	
12-21	827-828	.	_	_	

#Text=Wenn du nicht dabei bist.
13-1	833-837	Wenn	neutral[13]	_	
13-2	838-840	du	neutral[13]	_	
13-3	841-846	nicht	neutral[13]	_	
13-4	847-852	dabei	neutral[13]	_	
13-5	853-857	bist	neutral[13]	_	
13-6	857-858	.	_	_	

#Text=Wenn du nicht dabei bist.
14-1	859-863	Wenn	neutral[14]	_	
14-2	864-866	du	neutral[14]	_	
14-3	867-872	nicht	neutral[14]	_	
14-4	873-878	dabei	neutral[14]	_	
14-5	879-883	bist	neutral[14]	_	
14-6	883-884	.	_	_	

#Text=Wenn du nicht dabei bist.
15-1	885-889	Wenn	neutral[15]	_	
15-2	890-892	du	neutral[15]	_	
15-3	893-898	nicht	neutral[15]	_	
15-4	899-904	dabei	neutral[15]	_	
15-5	905-909	bist	neutral[15]	_	
15-6	909-910	.	_	_	

#Text=Wenn du nicht dabei bist.
16-1	911-915	Wenn	neutral[16]	_	
16-2	916-918	du	neutral[16]	_	
16-3	919-924	nicht	neutral[16]	_	
16-4	925-930	dabei	neutral[16]	_	
16-5	931-935	bist	neutral[16]	_	
16-6	935-936	.	neutral[16]	_	

#Text=Selbst, wenn die ganze Welt 'ne Mega-Party wär', ging ich trotzdem nach Haus, denn es bedeutet mir nichts mehr.
17-1	941-947	Selbst	negative[17]	_	
17-2	947-948	,	negative[17]	_	
17-3	949-953	wenn	negative[17]	_	
17-4	954-957	die	negative[17]	_	
17-5	958-963	ganze	negative[17]	_	
17-6	964-968	Welt	negative[17]	_	
17-7	969-970	'	negative[17]	_	
17-8	970-972	ne	negative[17]	Musik[48]	
17-9	973-983	Mega-Party	negative[17]	Musik[48]	
17-10	984-987	wär	negative[17]	_	
17-11	987-988	'	negative[17]	_	
17-12	988-989	,	negative[17]	_	
17-13	990-994	ging	negative[17]	_	
17-14	995-998	ich	negative[17]	_	
17-15	999-1007	trotzdem	negative[17]	_	
17-16	1008-1012	nach	negative[17]	_	
17-17	1013-1017	Haus	negative[17]	_	
17-18	1017-1018	,	negative[17]	_	
17-19	1019-1023	denn	negative[17]	_	
17-20	1024-1026	es	negative[17]	Persönliches/Emotionen[49]	
17-21	1027-1035	bedeutet	negative[17]	Persönliches/Emotionen[49]	
17-22	1036-1039	mir	negative[17]	Persönliches/Emotionen[49]	
17-23	1040-1046	nichts	negative[17]	Persönliches/Emotionen[49]	
17-24	1047-1051	mehr	negative[17]	Persönliches/Emotionen[49]	
17-25	1051-1052	.	_	_	

#Text=Egal was ich auch mache, es interessiert mich 'n Scheiß.
18-1	1053-1057	Egal	negative[18]	_	
18-2	1058-1061	was	negative[18]	_	
18-3	1062-1065	ich	negative[18]	_	
18-4	1066-1070	auch	negative[18]	_	
18-5	1071-1076	mache	negative[18]	_	
18-6	1076-1077	,	negative[18]	_	
18-7	1078-1080	es	negative[18]	Persönliches/Emotionen[50]	
18-8	1081-1093	interessiert	negative[18]	Persönliches/Emotionen[50]	
18-9	1094-1098	mich	negative[18]	Persönliches/Emotionen[50]	
18-10	1099-1100	'	negative[18]	Persönliches/Emotionen[50]	
18-11	1100-1101	n	negative[18]	Persönliches/Emotionen[50]	
18-12	1102-1108	Scheiß	negative[18]	Persönliches/Emotionen[50]	
18-13	1108-1109	.	_	_	

#Text=Ob jetzt die Linde rauscht oder in China platzt ein Säckchen Reis.
19-1	1110-1112	Ob	neutral[19]	_	
19-2	1113-1118	jetzt	neutral[19]	_	
19-3	1119-1122	die	neutral[19]	_	
19-4	1123-1128	Linde	neutral[19]	_	
19-5	1129-1136	rauscht	neutral[19]	_	
19-6	1137-1141	oder	neutral[19]	_	
19-7	1142-1144	in	neutral[19]	_	
19-8	1145-1150	China	neutral[19]	_	
19-9	1151-1157	platzt	neutral[19]	_	
19-10	1158-1161	ein	neutral[19]	_	
19-11	1162-1170	Säckchen	neutral[19]	_	
19-12	1171-1175	Reis	neutral[19]	_	
19-13	1175-1176	.	_	_	

#Text=Wenn du nicht dabei bist.
20-1	1181-1185	Wenn	neutral[20]	_	
20-2	1186-1188	du	neutral[20]	_	
20-3	1189-1194	nicht	neutral[20]	_	
20-4	1195-1200	dabei	neutral[20]	_	
20-5	1201-1205	bist	neutral[20]	_	
20-6	1205-1206	.	_	_	

#Text=Wenn du nicht dabei bist.
21-1	1207-1211	Wenn	neutral[21]	_	
21-2	1212-1214	du	neutral[21]	_	
21-3	1215-1220	nicht	neutral[21]	_	
21-4	1221-1226	dabei	neutral[21]	_	
21-5	1227-1231	bist	neutral[21]	_	
21-6	1231-1232	.	neutral[21]	_	

#Text=Mein Konto ist so voll, passt nichts mehr drauf, das ist doch toll, es bedeutet ihm nichts mehr.
22-1	1237-1241	Mein	negative[22]	Politik/Soziales/Missstände[51]	
22-2	1242-1247	Konto	negative[22]	Politik/Soziales/Missstände[51]	
22-3	1248-1251	ist	negative[22]	_	
22-4	1252-1254	so	negative[22]	_	
22-5	1255-1259	voll	negative[22]	_	
22-6	1259-1260	,	negative[22]	_	
22-7	1261-1266	passt	negative[22]	_	
22-8	1267-1273	nichts	negative[22]	_	
22-9	1274-1278	mehr	negative[22]	_	
22-10	1279-1284	drauf	negative[22]	_	
22-11	1284-1285	,	negative[22]	_	
22-12	1286-1289	das	negative[22]	_	
22-13	1290-1293	ist	negative[22]	_	
22-14	1294-1298	doch	negative[22]	_	
22-15	1299-1303	toll	negative[22]	_	
22-16	1303-1304	,	negative[22]	_	
22-17	1305-1307	es	negative[22]	Persönliches/Emotionen[52]	
22-18	1308-1316	bedeutet	negative[22]	Persönliches/Emotionen[52]	
22-19	1317-1320	ihm	negative[22]	Persönliches/Emotionen[52]	
22-20	1321-1327	nichts	negative[22]	Persönliches/Emotionen[52]	
22-21	1328-1332	mehr	negative[22]	Persönliches/Emotionen[52]	
22-22	1332-1333	.	_	_	

#Text=Die goldenen Kreditkarten müssen in der Tasche warten.
23-1	1334-1337	Die	neutral[23]	_	
23-2	1338-1346	goldenen	neutral[23]	Politik/Soziales/Missstände[53]	
23-3	1347-1359	Kreditkarten	neutral[23]	Politik/Soziales/Missstände[53]	
23-4	1360-1366	müssen	neutral[23]	_	
23-5	1367-1369	in	neutral[23]	_	
23-6	1370-1373	der	neutral[23]	_	
23-7	1374-1380	Tasche	neutral[23]	_	
23-8	1381-1387	warten	neutral[23]	_	
23-9	1387-1388	.	_	_	

#Text=Es bedeutet ihm nichts mehr.
24-1	1389-1391	Es	negative[24]	Persönliches/Emotionen[54]	
24-2	1392-1400	bedeutet	negative[24]	Persönliches/Emotionen[54]	
24-3	1401-1404	ihm	negative[24]	Persönliches/Emotionen[54]	
24-4	1405-1411	nichts	negative[24]	Persönliches/Emotionen[54]	
24-5	1412-1416	mehr	negative[24]	Persönliches/Emotionen[54]	
24-6	1416-1417	.	_	_	

#Text=Ich könnt mir 'n Flugzeug holen, flieg' Loopings über Polen, doch es bedeutet mir nichts mehr.
25-1	1422-1425	Ich	negative[25]	_	
25-2	1426-1431	könnt	negative[25]	_	
25-3	1432-1435	mir	negative[25]	_	
25-4	1436-1437	'	negative[25]	_	
25-5	1437-1438	n	negative[25]	_	
25-6	1439-1447	Flugzeug	negative[25]	Reisen	
25-7	1448-1453	holen	negative[25]	_	
25-8	1453-1454	,	negative[25]	_	
25-9	1455-1460	flieg	negative[25]	Reisen[55]	
25-10	1460-1461	'	negative[25]	Reisen[55]	
25-11	1462-1470	Loopings	negative[25]	Reisen[55]	
25-12	1471-1475	über	negative[25]	_	
25-13	1476-1481	Polen	negative[25]	_	
25-14	1481-1482	,	negative[25]	_	
25-15	1483-1487	doch	negative[25]	_	
25-16	1488-1490	es	negative[25]	Persönliches/Emotionen[56]	
25-17	1491-1499	bedeutet	negative[25]	Persönliches/Emotionen[56]	
25-18	1500-1503	mir	negative[25]	Persönliches/Emotionen[56]	
25-19	1504-1510	nichts	negative[25]	Persönliches/Emotionen[56]	
25-20	1511-1515	mehr	negative[25]	Persönliches/Emotionen[56]	
25-21	1515-1516	.	_	_	

#Text=Oder mir 'n U-Boot schenken und in der Südsee die französische Marine versenken.
26-1	1517-1521	Oder	negative[26]	_	
26-2	1522-1525	mir	negative[26]	_	
26-3	1526-1527	'	negative[26]	_	
26-4	1527-1528	n	negative[26]	_	
26-5	1529-1535	U-Boot	negative[26]	Reisen	
26-6	1536-1544	schenken	negative[26]	_	
26-7	1545-1548	und	negative[26]	_	
26-8	1549-1551	in	negative[26]	_	
26-9	1552-1555	der	negative[26]	_	
26-10	1556-1562	Südsee	negative[26]	_	
26-11	1563-1566	die	negative[26]	_	
26-12	1567-1579	französische	negative[26]	Politik/Soziales/Missstände[57]	
26-13	1580-1586	Marine	negative[26]	Politik/Soziales/Missstände[57]	
26-14	1587-1596	versenken	negative[26]	_	
26-15	1596-1597	.	_	_	

#Text=Doch was soll's.
27-1	1598-1602	Doch	negative[27]	_	
27-2	1603-1606	was	negative[27]	_	
27-3	1607-1613	soll's	negative[27]	_	
27-4	1613-1614	.	_	_	

#Text=Wenn du nicht dabei bist.
28-1	1619-1623	Wenn	neutral[28]	_	
28-2	1624-1626	du	neutral[28]	_	
28-3	1627-1632	nicht	neutral[28]	_	
28-4	1633-1638	dabei	neutral[28]	_	
28-5	1639-1643	bist	neutral[28]	_	
28-6	1643-1644	.	_	_	

#Text=Wenn du nicht dabei bist.
29-1	1645-1649	Wenn	neutral[29]	_	
29-2	1650-1652	du	neutral[29]	_	
29-3	1653-1658	nicht	neutral[29]	_	
29-4	1659-1664	dabei	neutral[29]	_	
29-5	1665-1669	bist	neutral[29]	_	
29-6	1669-1670	.	_	_	

#Text=Wenn du nicht dabei bist.
30-1	1671-1675	Wenn	neutral[30]	_	
30-2	1676-1678	du	neutral[30]	_	
30-3	1679-1684	nicht	neutral[30]	_	
30-4	1685-1690	dabei	neutral[30]	_	
30-5	1691-1695	bist	neutral[30]	_	
30-6	1695-1696	.	_	_	

#Text=Wenn du nicht dabei bist.
31-1	1697-1701	Wenn	neutral[31]	_	
31-2	1702-1704	du	neutral[31]	_	
31-3	1705-1710	nicht	neutral[31]	_	
31-4	1711-1716	dabei	neutral[31]	_	
31-5	1717-1721	bist	neutral[31]	_	
31-6	1721-1722	.	_	_	

#Text=Ja, selbst das Paradies wär' ohne dich ganz fies, wenn du nicht dabei bist.
32-1	1727-1729	Ja	negative[32]	_	
32-2	1729-1730	,	negative[32]	_	
32-3	1731-1737	selbst	negative[32]	_	
32-4	1738-1741	das	negative[32]	_	
32-5	1742-1750	Paradies	negative[32]	_	
32-6	1751-1754	wär	negative[32]	_	
32-7	1754-1755	'	negative[32]	_	
32-8	1756-1760	ohne	negative[32]	_	
32-9	1761-1765	dich	negative[32]	_	
32-10	1766-1770	ganz	negative[32]	_	
32-11	1771-1775	fies	negative[32]	_	
32-12	1775-1776	,	negative[32]	_	
32-13	1777-1781	wenn	negative[32]	_	
32-14	1782-1784	du	negative[32]	_	
32-15	1785-1790	nicht	negative[32]	_	
32-16	1791-1796	dabei	negative[32]	_	
32-17	1797-1801	bist	negative[32]	_	
32-18	1801-1802	.	_	_	

#Text=Wenn du nicht dabei bist.
33-1	1807-1811	Wenn	neutral[33]	_	
33-2	1812-1814	du	neutral[33]	_	
33-3	1815-1820	nicht	neutral[33]	_	
33-4	1821-1826	dabei	neutral[33]	_	
33-5	1827-1831	bist	neutral[33]	_	
33-6	1831-1832	.	_	_	

#Text=Wenn du nicht dabei bist.
34-1	1833-1837	Wenn	neutral[34]	_	
34-2	1838-1840	du	neutral[34]	_	
34-3	1841-1846	nicht	neutral[34]	_	
34-4	1847-1852	dabei	neutral[34]	_	
34-5	1853-1857	bist	neutral[34]	_	
34-6	1857-1858	.	_	_	

#Text=Wenn du nicht dabei bist.
35-1	1859-1863	Wenn	neutral[35]	_	
35-2	1864-1866	du	neutral[35]	_	
35-3	1867-1872	nicht	neutral[35]	_	
35-4	1873-1878	dabei	neutral[35]	_	
35-5	1879-1883	bist	neutral[35]	_	
35-6	1883-1884	.	_	_	

#Text=Wenn du nicht dabei bist.
36-1	1885-1889	Wenn	neutral[36]	_	
36-2	1890-1892	du	neutral[36]	_	
36-3	1893-1898	nicht	neutral[36]	_	
36-4	1899-1904	dabei	neutral[36]	_	
36-5	1905-1909	bist	neutral[36]	_	
36-6	1909-1910	.	_	_	
