#FORMAT=WebAnno TSV 3.2
#T_SP=webanno.custom.Sentiment|Polarity
#T_SP=webanno.custom.Topic|Topics


#Text=Auf dem Bahnsteig des Lebens  fahren die Züge ein.
1-1	0-3	Auf	neutral[1]	_	
1-2	4-7	dem	neutral[1]	_	
1-3	8-17	Bahnsteig	neutral[1]	_	
1-4	18-21	des	neutral[1]	_	
1-5	22-28	Lebens	neutral[1]	_	
1-6	30-36	fahren	neutral[1]	_	
1-7	37-40	die	neutral[1]	_	
1-8	41-45	Züge	neutral[1]	_	
1-9	46-49	ein	neutral[1]	_	
1-10	49-50	.	neutral[1]	_	

#Text=Die eine steigt aus  und die soll's für immer sein.
2-1	51-54	Die	neutral[2]	Liebe/Partnerschaft[14]	
2-2	55-59	eine	neutral[2]	Liebe/Partnerschaft[14]	
2-3	60-66	steigt	neutral[2]	_	
2-4	67-70	aus	neutral[2]	_	
2-5	72-75	und	neutral[2]	_	
2-6	76-79	die	neutral[2]	Liebe/Partnerschaft[15]	
2-7	80-86	soll's	neutral[2]	Liebe/Partnerschaft[15]	
2-8	87-90	für	neutral[2]	Liebe/Partnerschaft[15]	
2-9	91-96	immer	neutral[2]	Liebe/Partnerschaft[15]	
2-10	97-101	sein	neutral[2]	Liebe/Partnerschaft[15]	
2-11	101-102	.	neutral[2]	_	

#Text=Auf dem Bahnsteig des Lebens  fahren die Züge wieder los.
3-1	103-106	Auf	neutral[3]	_	
3-2	107-110	dem	neutral[3]	_	
3-3	111-120	Bahnsteig	neutral[3]	_	
3-4	121-124	des	neutral[3]	_	
3-5	125-131	Lebens	neutral[3]	_	
3-6	133-139	fahren	neutral[3]	_	
3-7	140-143	die	neutral[3]	_	
3-8	144-148	Züge	neutral[3]	_	
3-9	149-155	wieder	neutral[3]	_	
3-10	156-159	los	neutral[3]	_	
3-11	159-160	.	neutral[3]	_	

#Text=Tränen auf den Schienen, die Liebe war so groß.
4-1	161-167	Tränen	negative[4]	Persönliches/Emotionen	
4-2	168-171	auf	negative[4]	_	
4-3	172-175	den	negative[4]	_	
4-4	176-184	Schienen	negative[4]	_	
4-5	184-185	,	negative[4]	_	
4-6	186-189	die	negative[4]	_	
4-7	190-195	Liebe	negative[4]	Liebe/Partnerschaft	
4-8	196-199	war	negative[4]	_	
4-9	200-202	so	negative[4]	_	
4-10	203-207	groß	negative[4]	_	
4-11	207-208	.	negative[4]	_	

#Text=Ein Kommen und Gehen, ein Kommen und Gehen  mit dem Koffer in der Hand  und war es auch noch so schön.
5-1	213-216	Ein	negative[5]	_	
5-2	217-223	Kommen	negative[5]	_	
5-3	224-227	und	negative[5]	_	
5-4	228-233	Gehen	negative[5]	_	
5-5	233-234	,	negative[5]	_	
5-6	235-238	ein	negative[5]	_	
5-7	239-245	Kommen	negative[5]	_	
5-8	246-249	und	negative[5]	_	
5-9	250-255	Gehen	negative[5]	_	
5-10	257-260	mit	negative[5]	_	
5-11	261-264	dem	negative[5]	_	
5-12	265-271	Koffer	negative[5]	_	
5-13	272-274	in	negative[5]	_	
5-14	275-278	der	negative[5]	_	
5-15	279-283	Hand	negative[5]	_	
5-16	285-288	und	negative[5]	_	
5-17	289-292	war	negative[5]	_	
5-18	293-295	es	negative[5]	_	
5-19	296-300	auch	negative[5]	_	
5-20	301-305	noch	negative[5]	_	
5-21	306-308	so	negative[5]	_	
5-22	309-314	schön	negative[5]	_	
5-23	314-315	.	negative[5]	_	

#Text=Ein Kommen und Geh'n, ein Kommen und Geh'n  bis die Eine kommt, die mich umhaut, wie ein Orkan, wie'n Orkan.
6-1	316-319	Ein	positive[6]	_	
6-2	320-326	Kommen	positive[6]	_	
6-3	327-330	und	positive[6]	_	
6-4	331-336	Geh'n	positive[6]	_	
6-5	336-337	,	positive[6]	_	
6-6	338-341	ein	positive[6]	_	
6-7	342-348	Kommen	positive[6]	_	
6-8	349-352	und	positive[6]	_	
6-9	353-358	Geh'n	positive[6]	_	
6-10	360-363	bis	positive[6]	_	
6-11	364-367	die	positive[6]	_	
6-12	368-372	Eine	positive[6]	_	
6-13	373-378	kommt	positive[6]	_	
6-14	378-379	,	positive[6]	_	
6-15	380-383	die	positive[6]	Persönliches/Emotionen[16]	
6-16	384-388	mich	positive[6]	Persönliches/Emotionen[16]	
6-17	389-395	umhaut	positive[6]	Persönliches/Emotionen[16]	
6-18	395-396	,	positive[6]	_	
6-19	397-400	wie	positive[6]	_	
6-20	401-404	ein	positive[6]	_	
6-21	405-410	Orkan	positive[6]	_	
6-22	410-411	,	positive[6]	_	
6-23	412-417	wie'n	positive[6]	_	
6-24	418-423	Orkan	positive[6]	_	
6-25	423-424	.	positive[6]	_	

#Text=So wie du.
7-1	425-427	So	neutral[7]	_	
7-2	428-431	wie	neutral[7]	_	
7-3	432-434	du	neutral[7]	_	
7-4	434-435	.	neutral[7]	_	

#Text=Züge fahren weiter, ich versteh' die Welt nicht mehr, sie winkt noch kurz am Fenster  und ich heule mir die Seele leer.
8-1	440-444	Züge	negative[8]	_	
8-2	445-451	fahren	negative[8]	_	
8-3	452-458	weiter	negative[8]	_	
8-4	458-459	,	negative[8]	_	
8-5	460-463	ich	negative[8]	_	
8-6	464-471	versteh	negative[8]	_	
8-7	471-472	'	negative[8]	_	
8-8	473-476	die	negative[8]	_	
8-9	477-481	Welt	negative[8]	_	
8-10	482-487	nicht	negative[8]	_	
8-11	488-492	mehr	negative[8]	_	
8-12	492-493	,	negative[8]	_	
8-13	494-497	sie	negative[8]	_	
8-14	498-503	winkt	negative[8]	_	
8-15	504-508	noch	negative[8]	_	
8-16	509-513	kurz	negative[8]	_	
8-17	514-516	am	negative[8]	_	
8-18	517-524	Fenster	negative[8]	_	
8-19	526-529	und	negative[8]	_	
8-20	530-533	ich	negative[8]	_	
8-21	534-539	heule	negative[8]	Persönliches/Emotionen	
8-22	540-543	mir	negative[8]	_	
8-23	544-547	die	negative[8]	_	
8-24	548-553	Seele	negative[8]	_	
8-25	554-558	leer	negative[8]	_	
8-26	558-559	.	negative[8]	_	

#Text=Das ist das Ende, doch ein Freund sagt:  "Du weißt doch ganz genau  mit dem nächsten Zug, der einfährt  kommt schon wieder  eine andere Frau."
9-1	560-563	Das	negative[9]	_	
9-2	564-567	ist	negative[9]	_	
9-3	568-571	das	negative[9]	_	
9-4	572-576	Ende	negative[9]	_	
9-5	576-577	,	_	_	
9-6	578-582	doch	positive[10]	_	
9-7	583-586	ein	positive[10]	_	
9-8	587-593	Freund	positive[10]	_	
9-9	594-598	sagt	positive[10]	_	
9-10	598-599	:	positive[10]	_	
9-11	601-602	"	positive[10]	_	
9-12	602-604	Du	positive[10]	_	
9-13	605-610	weißt	positive[10]	_	
9-14	611-615	doch	positive[10]	_	
9-15	616-620	ganz	positive[10]	_	
9-16	621-626	genau	positive[10]	_	
9-17	628-631	mit	positive[10]	_	
9-18	632-635	dem	positive[10]	_	
9-19	636-644	nächsten	positive[10]	_	
9-20	645-648	Zug	positive[10]	_	
9-21	648-649	,	positive[10]	_	
9-22	650-653	der	positive[10]	_	
9-23	654-662	einfährt	positive[10]	_	
9-24	664-669	kommt	positive[10]	_	
9-25	670-675	schon	positive[10]	_	
9-26	676-682	wieder	positive[10]	_	
9-27	684-688	eine	positive[10]	Liebe/Partnerschaft[17]	
9-28	689-695	andere	positive[10]	Liebe/Partnerschaft[17]	
9-29	696-700	Frau	positive[10]	Liebe/Partnerschaft[17]	
9-30	700-701	.	_	_	
9-31	701-702	"	_	_	

#Text=Ein Kommen und Gehen, ein Kommen und Gehen  mit dem Koffer in der Hand  und war es auch noch so schön.
10-1	707-710	Ein	negative[11]	_	
10-2	711-717	Kommen	negative[11]	_	
10-3	718-721	und	negative[11]	_	
10-4	722-727	Gehen	negative[11]	_	
10-5	727-728	,	negative[11]	_	
10-6	729-732	ein	negative[11]	_	
10-7	733-739	Kommen	negative[11]	_	
10-8	740-743	und	negative[11]	_	
10-9	744-749	Gehen	negative[11]	_	
10-10	751-754	mit	negative[11]	_	
10-11	755-758	dem	negative[11]	_	
10-12	759-765	Koffer	negative[11]	_	
10-13	766-768	in	negative[11]	_	
10-14	769-772	der	negative[11]	_	
10-15	773-777	Hand	negative[11]	_	
10-16	779-782	und	negative[11]	_	
10-17	783-786	war	negative[11]	_	
10-18	787-789	es	negative[11]	_	
10-19	790-794	auch	negative[11]	_	
10-20	795-799	noch	negative[11]	_	
10-21	800-802	so	negative[11]	_	
10-22	803-808	schön	negative[11]	_	
10-23	808-809	.	negative[11]	_	

#Text=Ein Kommen und Geh'n, ein Kommen und Geh'n  bis die Eine kommt, die mich umhaut.
11-1	810-813	Ein	positive[12]	_	
11-2	814-820	Kommen	positive[12]	_	
11-3	821-824	und	positive[12]	_	
11-4	825-830	Geh'n	positive[12]	_	
11-5	830-831	,	positive[12]	_	
11-6	832-835	ein	positive[12]	_	
11-7	836-842	Kommen	positive[12]	_	
11-8	843-846	und	positive[12]	_	
11-9	847-852	Geh'n	positive[12]	_	
11-10	854-857	bis	positive[12]	_	
11-11	858-861	die	positive[12]	Liebe/Partnerschaft[18]	
11-12	862-866	Eine	positive[12]	Liebe/Partnerschaft[18]	
11-13	867-872	kommt	positive[12]	_	
11-14	872-873	,	positive[12]	_	
11-15	874-877	die	positive[12]	Persönliches/Emotionen[19]	
11-16	878-882	mich	positive[12]	Persönliches/Emotionen[19]	
11-17	883-889	umhaut	positive[12]	Persönliches/Emotionen[19]	
11-18	889-890	.	positive[12]	_	

#Text=So wie du.
12-1	891-893	So	neutral[13]	_	
12-2	894-897	wie	neutral[13]	_	
12-3	898-900	du	neutral[13]	_	
12-4	900-901	.	neutral[13]	_	
