#FORMAT=WebAnno TSV 3.2
#T_SP=webanno.custom.Sentiment|Polarity
#T_SP=webanno.custom.Topic|Topics


#Text=Im Atlantic an der Bar traf ich die süße kleine Angela, sie sagt: "Ey Udo, mit deinem Hut, ich fand dich immer schon ganz gut.
1-1	0-2	Im	positive[1]	_	
1-2	3-11	Atlantic	positive[1]	_	
1-3	12-14	an	positive[1]	_	
1-4	15-18	der	positive[1]	_	
1-5	19-22	Bar	positive[1]	Gesundheit/Drogen	
1-6	23-27	traf	positive[1]	_	
1-7	28-31	ich	positive[1]	_	
1-8	32-35	die	positive[1]	_	
1-9	36-40	süße	positive[1]	Liebe/Partnerschaft[24]	
1-10	41-47	kleine	positive[1]	Liebe/Partnerschaft[24]	
1-11	48-54	Angela	positive[1]	Liebe/Partnerschaft[24]	
1-12	54-55	,	positive[1]	_	
1-13	56-59	sie	positive[1]	_	
1-14	60-64	sagt	positive[1]	_	
1-15	64-65	:	positive[1]	_	
1-16	66-67	"	positive[1]	_	
1-17	67-69	Ey	positive[1]	_	
1-18	70-73	Udo	positive[1]	Musik	
1-19	73-74	,	positive[1]	_	
1-20	75-78	mit	positive[1]	_	
1-21	79-85	deinem	positive[1]	_	
1-22	86-89	Hut	positive[1]	_	
1-23	89-90	,	positive[1]	_	
1-24	91-94	ich	positive[1]	_	
1-25	95-99	fand	positive[1]	_	
1-26	100-104	dich	positive[1]	_	
1-27	105-110	immer	positive[1]	_	
1-28	111-116	schon	positive[1]	_	
1-29	117-121	ganz	positive[1]	Persönliches/Emotionen[25]	
1-30	122-125	gut	positive[1]	Persönliches/Emotionen[25]	
1-31	125-126	.	positive[1]	_	

#Text=Ich hörte deine Songs schon auf'm Schwarzmarkt oder bei der FDJ, mein Hemdchen, das war blau und mein Pony, der war flott."
2-1	127-130	Ich	neutral[2]	_	
2-2	131-136	hörte	neutral[2]	_	
2-3	137-142	deine	neutral[2]	_	
2-4	143-148	Songs	neutral[2]	Musik	
2-5	149-154	schon	neutral[2]	_	
2-6	155-160	auf'm	neutral[2]	_	
2-7	161-173	Schwarzmarkt	neutral[2]	Politik/Soziales/Missstände	
2-8	174-178	oder	neutral[2]	_	
2-9	179-182	bei	neutral[2]	_	
2-10	183-186	der	neutral[2]	_	
2-11	187-190	FDJ	neutral[2]	Politik/Soziales/Missstände	
2-12	190-191	,	neutral[2]	_	
2-13	192-196	mein	neutral[2]	_	
2-14	197-205	Hemdchen	neutral[2]	_	
2-15	205-206	,	neutral[2]	_	
2-16	207-210	das	neutral[2]	_	
2-17	211-214	war	neutral[2]	_	
2-18	215-219	blau	neutral[2]	_	
2-19	220-223	und	neutral[2]	_	
2-20	224-228	mein	neutral[2]	_	
2-21	229-233	Pony	neutral[2]	_	
2-22	233-234	,	neutral[2]	_	
2-23	235-238	der	neutral[2]	_	
2-24	239-242	war	neutral[2]	_	
2-25	243-248	flott	neutral[2]	_	
2-26	248-249	.	neutral[2]	_	
2-27	249-250	"	neutral[2]	_	

#Text="Angie, hier is' Presse, kommste mit auf meine Suite?"
3-1	255-256	"	neutral[3]	_	
3-2	256-261	Angie	neutral[3]	_	
3-3	261-262	,	neutral[3]	_	
3-4	263-267	hier	neutral[3]	_	
3-5	268-270	is	neutral[3]	_	
3-6	270-271	'	neutral[3]	_	
3-7	272-278	Presse	neutral[3]	Politik/Soziales/Missstände	
3-8	278-279	,	neutral[3]	_	
3-9	280-287	kommste	neutral[3]	_	
3-10	288-291	mit	neutral[3]	_	
3-11	292-295	auf	neutral[3]	_	
3-12	296-301	meine	neutral[3]	_	
3-13	302-307	Suite	neutral[3]	_	
3-14	307-308	?	neutral[3]	_	
3-15	308-309	"	neutral[3]	_	

#Text=Sie sagt: "So schnell auf's Zimmer?
4-1	310-313	Sie	neutral[4]	_	
4-2	314-318	sagt	neutral[4]	_	
4-3	318-319	:	neutral[4]	_	
4-4	320-321	"	neutral[4]	_	
4-5	321-323	So	neutral[4]	_	
4-6	324-331	schnell	neutral[4]	_	
4-7	332-337	auf's	neutral[4]	Liebe/Partnerschaft[26]	
4-8	338-344	Zimmer	neutral[4]	Liebe/Partnerschaft[26]	
4-9	344-345	?	neutral[4]	_	

#Text=Du bist ja'n Schlimmer, wer weiß was da geschieht!"
5-1	346-348	Du	negative[5]	_	
5-2	349-353	bist	negative[5]	_	
5-3	354-358	ja'n	negative[5]	_	
5-4	359-368	Schlimmer	negative[5]	Persönliches/Emotionen	
5-5	368-369	,	negative[5]	_	
5-6	370-373	wer	negative[5]	_	
5-7	374-378	weiß	negative[5]	_	
5-8	379-382	was	negative[5]	_	
5-9	383-385	da	negative[5]	_	
5-10	386-395	geschieht	negative[5]	_	
5-11	395-396	!	negative[5]	_	
5-12	396-397	"	negative[5]	_	

#Text=Schon im Fahrstuhl summt sie niedlich, summt sie niedlich meine Lieder, dann auf'm Sofa springt es mir in die Augen, ihr schwarz-rot-goldenes Mieder.
6-1	398-403	Schon	positive[6]	_	
6-2	404-406	im	positive[6]	_	
6-3	407-416	Fahrstuhl	positive[6]	_	
6-4	417-422	summt	positive[6]	Musik	
6-5	423-426	sie	positive[6]	_	
6-6	427-435	niedlich	positive[6]	Persönliches/Emotionen	
6-7	435-436	,	positive[6]	_	
6-8	437-442	summt	positive[6]	Musik	
6-9	443-446	sie	positive[6]	_	
6-10	447-455	niedlich	positive[6]	Persönliches/Emotionen	
6-11	456-461	meine	positive[6]	Musik[27]	
6-12	462-468	Lieder	positive[6]	Musik[27]	
6-13	468-469	,	positive[6]	_	
6-14	470-474	dann	positive[6]	_	
6-15	475-480	auf'm	positive[6]	_	
6-16	481-485	Sofa	positive[6]	_	
6-17	486-493	springt	positive[6]	_	
6-18	494-496	es	positive[6]	_	
6-19	497-500	mir	positive[6]	_	
6-20	501-503	in	positive[6]	_	
6-21	504-507	die	positive[6]	_	
6-22	508-513	Augen	positive[6]	_	
6-23	513-514	,	positive[6]	_	
6-24	515-518	ihr	positive[6]	_	
6-25	519-539	schwarz-rot-goldenes	positive[6]	Politik/Soziales/Missstände[28]	
6-26	540-546	Mieder	positive[6]	Politik/Soziales/Missstände[28]	
6-27	546-547	.	positive[6]	_	

#Text=Hallo, hallo, süße kleine Angie (Hallo Angela), zieh den Pony glatt, ich flüster' dir leis' ins Ohr: Hallo, hallo, süße kleine Angie (Hallo Angela).
7-1	552-557	Hallo	neutral[7]	_	
7-2	557-558	,	neutral[7]	_	
7-3	559-564	hallo	neutral[7]	_	
7-4	564-565	,	neutral[7]	_	
7-5	566-570	süße	neutral[7]	Liebe/Partnerschaft[29]	
7-6	571-577	kleine	neutral[7]	Liebe/Partnerschaft[29]	
7-7	578-583	Angie	neutral[7]	Liebe/Partnerschaft[29]	
7-8	584-585	(	neutral[7]	_	
7-9	585-590	Hallo	neutral[7]	_	
7-10	591-597	Angela	neutral[7]	_	
7-11	597-598	)	neutral[7]	_	
7-12	598-599	,	neutral[7]	_	
7-13	600-604	zieh	neutral[7]	_	
7-14	605-608	den	neutral[7]	_	
7-15	609-613	Pony	neutral[7]	_	
7-16	614-619	glatt	neutral[7]	_	
7-17	619-620	,	neutral[7]	_	
7-18	621-624	ich	neutral[7]	_	
7-19	625-632	flüster	neutral[7]	_	
7-20	632-633	'	neutral[7]	_	
7-21	634-637	dir	neutral[7]	_	
7-22	638-642	leis	neutral[7]	_	
7-23	642-643	'	neutral[7]	_	
7-24	644-647	ins	neutral[7]	_	
7-25	648-651	Ohr	neutral[7]	_	
7-26	651-652	:	neutral[7]	_	
7-27	653-658	Hallo	neutral[7]	_	
7-28	658-659	,	neutral[7]	_	
7-29	660-665	hallo	neutral[7]	_	
7-30	665-666	,	neutral[7]	_	
7-31	667-671	süße	neutral[7]	Liebe/Partnerschaft[30]	
7-32	672-678	kleine	neutral[7]	Liebe/Partnerschaft[30]	
7-33	679-684	Angie	neutral[7]	Liebe/Partnerschaft[30]	
7-34	685-686	(	neutral[7]	_	
7-35	686-691	Hallo	neutral[7]	_	
7-36	692-698	Angela	neutral[7]	_	
7-37	698-699	)	neutral[7]	_	
7-38	699-700	.	neutral[7]	_	

#Text=Ja, auch in harten Zeiten kommen süße Wunder vor.
8-1	701-703	Ja	positive[8]	_	
8-2	703-704	,	positive[8]	_	
8-3	705-709	auch	positive[8]	_	
8-4	710-712	in	positive[8]	_	
8-5	713-719	harten	positive[8]	Persönliches/Emotionen[31]	
8-6	720-726	Zeiten	positive[8]	Persönliches/Emotionen[31]	
8-7	727-733	kommen	positive[8]	_	
8-8	734-738	süße	positive[8]	Persönliches/Emotionen[32]	
8-9	739-745	Wunder	positive[8]	Persönliches/Emotionen[32]	
8-10	746-749	vor	positive[8]	_	
8-11	749-750	.	positive[8]	_	

#Text=Und ich sag noch zu ihr: "Oh Angie, das merkel ich mir!"
9-1	751-754	Und	neutral[9]	_	
9-2	755-758	ich	neutral[9]	_	
9-3	759-762	sag	neutral[9]	_	
9-4	763-767	noch	neutral[9]	_	
9-5	768-770	zu	neutral[9]	_	
9-6	771-774	ihr	neutral[9]	_	
9-7	774-775	:	neutral[9]	_	
9-8	776-777	"	neutral[9]	_	
9-9	777-779	Oh	neutral[9]	_	
9-10	780-785	Angie	neutral[9]	_	
9-11	785-786	,	neutral[9]	_	
9-12	787-790	das	neutral[9]	_	
9-13	791-797	merkel	neutral[9]	_	
9-14	798-801	ich	neutral[9]	_	
9-15	802-805	mir	neutral[9]	_	
9-16	805-806	!	neutral[9]	_	
9-17	806-807	"	neutral[9]	_	

#Text=Wir kraulten uns stürmisch beim Eierlikör und ich dachte noch "Oh, ihr armer Frisör!"
10-1	812-815	Wir	negative[10]	_	
10-2	816-824	kraulten	negative[10]	_	
10-3	825-828	uns	negative[10]	_	
10-4	829-838	stürmisch	negative[10]	_	
10-5	839-843	beim	negative[10]	_	
10-6	844-853	Eierlikör	negative[10]	Gesundheit/Drogen	
10-7	854-857	und	negative[10]	_	
10-8	858-861	ich	negative[10]	_	
10-9	862-868	dachte	negative[10]	_	
10-10	869-873	noch	negative[10]	_	
10-11	874-875	"	negative[10]	_	
10-12	875-877	Oh	negative[10]	_	
10-13	877-878	,	negative[10]	_	
10-14	879-882	ihr	negative[10]	_	
10-15	883-888	armer	negative[10]	_	
10-16	889-895	Frisör	negative[10]	_	
10-17	895-896	!	negative[10]	_	
10-18	896-897	"	negative[10]	_	

#Text=Ich stahl ihr 'n Kuss und war stolz wie ein Dieb und sagte: "Ich hab dich recht lieb.
11-1	898-901	Ich	positive[11]	_	
11-2	902-907	stahl	positive[11]	_	
11-3	908-911	ihr	positive[11]	_	
11-4	912-913	'	positive[11]	_	
11-5	913-914	n	positive[11]	_	
11-6	915-919	Kuss	positive[11]	Liebe/Partnerschaft	
11-7	920-923	und	positive[11]	_	
11-8	924-927	war	positive[11]	_	
11-9	928-933	stolz	positive[11]	Persönliches/Emotionen[33]	
11-10	934-937	wie	positive[11]	Persönliches/Emotionen[33]	
11-11	938-941	ein	positive[11]	Persönliches/Emotionen[33]	
11-12	942-946	Dieb	positive[11]	Persönliches/Emotionen[33]	
11-13	947-950	und	positive[11]	_	
11-14	951-956	sagte	positive[11]	_	
11-15	956-957	:	positive[11]	_	
11-16	958-959	"	positive[11]	_	
11-17	959-962	Ich	positive[11]	_	
11-18	963-966	hab	positive[11]	Liebe/Partnerschaft[34]	
11-19	967-971	dich	positive[11]	Liebe/Partnerschaft[34]	
11-20	972-977	recht	positive[11]	Liebe/Partnerschaft[34]	
11-21	978-982	lieb	positive[11]	Liebe/Partnerschaft[34]	
11-22	982-983	.	positive[11]	_	

#Text=Schmusen mit dir find' ich ganz heiter, aber nur bis hierher und bitte nicht weiter, ich hab dir nämlich noch längst nich verzieh'n du in Sachen Irak: bei Bush auf den Knien.
12-1	984-992	Schmusen	negative[12]	_	
12-2	993-996	mit	negative[12]	_	
12-3	997-1000	dir	negative[12]	_	
12-4	1001-1005	find	negative[12]	_	
12-5	1005-1006	'	negative[12]	_	
12-6	1007-1010	ich	negative[12]	_	
12-7	1011-1015	ganz	negative[12]	Persönliches/Emotionen[35]	
12-8	1016-1022	heiter	negative[12]	Persönliches/Emotionen[35]	
12-9	1022-1023	,	negative[12]	_	
12-10	1024-1028	aber	negative[12]	_	
12-11	1029-1032	nur	negative[12]	_	
12-12	1033-1036	bis	negative[12]	_	
12-13	1037-1044	hierher	negative[12]	_	
12-14	1045-1048	und	negative[12]	_	
12-15	1049-1054	bitte	negative[12]	_	
12-16	1055-1060	nicht	negative[12]	_	
12-17	1061-1067	weiter	negative[12]	_	
12-18	1067-1068	,	negative[12]	_	
12-19	1069-1072	ich	negative[12]	_	
12-20	1073-1076	hab	negative[12]	_	
12-21	1077-1080	dir	negative[12]	_	
12-22	1081-1088	nämlich	negative[12]	_	
12-23	1089-1093	noch	negative[12]	_	
12-24	1094-1100	längst	negative[12]	_	
12-25	1101-1105	nich	negative[12]	_	
12-26	1106-1115	verzieh'n	negative[12]	_	
12-27	1116-1118	du	negative[12]	_	
12-28	1119-1121	in	negative[12]	_	
12-29	1122-1128	Sachen	negative[12]	_	
12-30	1129-1133	Irak	negative[12]	Politik/Soziales/Missstände	
12-31	1133-1134	:	negative[12]	_	
12-32	1135-1138	bei	negative[12]	_	
12-33	1139-1143	Bush	negative[12]	Politik/Soziales/Missstände	
12-34	1144-1147	auf	negative[12]	_	
12-35	1148-1151	den	negative[12]	_	
12-36	1152-1157	Knien	negative[12]	_	
12-37	1157-1158	.	negative[12]	_	

#Text=Und was du vorhast mit Atom und so, is' mir auch nich' so geheuer und der kleine Mann - made in Germany wird immer ärmer und das Leben is' teuer.
13-1	1159-1162	Und	negative[13]	_	
13-2	1163-1166	was	negative[13]	_	
13-3	1167-1169	du	negative[13]	_	
13-4	1170-1177	vorhast	negative[13]	_	
13-5	1178-1181	mit	negative[13]	_	
13-6	1182-1186	Atom	negative[13]	Politik/Soziales/Missstände	
13-7	1187-1190	und	negative[13]	_	
13-8	1191-1193	so	negative[13]	_	
13-9	1193-1194	,	negative[13]	_	
13-10	1195-1197	is	negative[13]	_	
13-11	1197-1198	'	negative[13]	_	
13-12	1199-1202	mir	negative[13]	_	
13-13	1203-1207	auch	negative[13]	_	
13-14	1208-1212	nich	negative[13]	Persönliches/Emotionen[36]	
13-15	1212-1213	'	negative[13]	Persönliches/Emotionen[36]	
13-16	1214-1216	so	negative[13]	Persönliches/Emotionen[36]	
13-17	1217-1224	geheuer	negative[13]	Persönliches/Emotionen[36]	
13-18	1225-1228	und	negative[13]	_	
13-19	1229-1232	der	negative[13]	_	
13-20	1233-1239	kleine	negative[13]	_	
13-21	1240-1244	Mann	negative[13]	_	
13-22	1245-1246	-	negative[13]	_	
13-23	1247-1251	made	negative[13]	Politik/Soziales/Missstände[37]	
13-24	1252-1254	in	negative[13]	Politik/Soziales/Missstände[37]	
13-25	1255-1262	Germany	negative[13]	Politik/Soziales/Missstände[37]	
13-26	1263-1267	wird	negative[13]	_	
13-27	1268-1273	immer	negative[13]	_	
13-28	1274-1279	ärmer	negative[13]	_	
13-29	1280-1283	und	negative[13]	_	
13-30	1284-1287	das	negative[13]	_	
13-31	1288-1293	Leben	negative[13]	Politik/Soziales/Missstände[38]	
13-32	1294-1296	is	negative[13]	Politik/Soziales/Missstände[38]	
13-33	1296-1297	'	negative[13]	Politik/Soziales/Missstände[38]	
13-34	1298-1303	teuer	negative[13]	Politik/Soziales/Missstände[38]	
13-35	1303-1304	.	negative[13]	_	

#Text=Mädchen, oh mein Mädchen, ich merkel es ja schon: das wird wohl leider leider nix werden mit uns'rer scharfen Koalition.."
14-1	1305-1312	Mädchen	negative[14]	_	
14-2	1312-1313	,	negative[14]	_	
14-3	1314-1316	oh	negative[14]	_	
14-4	1317-1321	mein	negative[14]	Liebe/Partnerschaft[39]	
14-5	1322-1329	Mädchen	negative[14]	Liebe/Partnerschaft[39]	
14-6	1329-1330	,	negative[14]	_	
14-7	1331-1334	ich	negative[14]	_	
14-8	1335-1341	merkel	negative[14]	_	
14-9	1342-1344	es	negative[14]	_	
14-10	1345-1347	ja	negative[14]	_	
14-11	1348-1353	schon	negative[14]	_	
14-12	1353-1354	:	negative[14]	_	
14-13	1355-1358	das	negative[14]	_	
14-14	1359-1363	wird	negative[14]	_	
14-15	1364-1368	wohl	negative[14]	_	
14-16	1369-1375	leider	negative[14]	_	
14-17	1376-1382	leider	negative[14]	Persönliches/Emotionen[40]	
14-18	1383-1386	nix	negative[14]	Persönliches/Emotionen[40]	
14-19	1387-1393	werden	negative[14]	_	
14-20	1394-1397	mit	negative[14]	_	
14-21	1398-1405	uns'rer	negative[14]	Liebe/Partnerschaft[41]	
14-22	1406-1414	scharfen	negative[14]	Liebe/Partnerschaft[41]	
14-23	1415-1424	Koalition	negative[14]	Liebe/Partnerschaft[41]|Politik/Soziales/Missstände[42]	
14-24	1424-1425	.	negative[14]	_	
14-25	1425-1426	.	negative[14]	_	
14-26	1426-1427	"	negative[14]	_	

#Text=Hallo, hallo, süße kleine Angie (Hallo Angela), zieh den Pony glatt, ich flüster' dir leis' ins Ohr: Hallo, hallo, süße kleine Angie (Hallo Angela).
15-1	1432-1437	Hallo	neutral[15]	_	
15-2	1437-1438	,	neutral[15]	_	
15-3	1439-1444	hallo	neutral[15]	_	
15-4	1444-1445	,	neutral[15]	_	
15-5	1446-1450	süße	neutral[15]	Liebe/Partnerschaft[43]	
15-6	1451-1457	kleine	neutral[15]	Liebe/Partnerschaft[43]	
15-7	1458-1463	Angie	neutral[15]	Liebe/Partnerschaft[43]	
15-8	1464-1465	(	neutral[15]	_	
15-9	1465-1470	Hallo	neutral[15]	_	
15-10	1471-1477	Angela	neutral[15]	_	
15-11	1477-1478	)	neutral[15]	_	
15-12	1478-1479	,	neutral[15]	_	
15-13	1480-1484	zieh	neutral[15]	_	
15-14	1485-1488	den	neutral[15]	_	
15-15	1489-1493	Pony	neutral[15]	_	
15-16	1494-1499	glatt	neutral[15]	_	
15-17	1499-1500	,	neutral[15]	_	
15-18	1501-1504	ich	neutral[15]	_	
15-19	1505-1512	flüster	neutral[15]	_	
15-20	1512-1513	'	neutral[15]	_	
15-21	1514-1517	dir	neutral[15]	_	
15-22	1518-1522	leis	neutral[15]	_	
15-23	1522-1523	'	neutral[15]	_	
15-24	1524-1527	ins	neutral[15]	_	
15-25	1528-1531	Ohr	neutral[15]	_	
15-26	1531-1532	:	neutral[15]	_	
15-27	1533-1538	Hallo	neutral[15]	_	
15-28	1538-1539	,	neutral[15]	_	
15-29	1540-1545	hallo	neutral[15]	_	
15-30	1545-1546	,	neutral[15]	_	
15-31	1547-1551	süße	neutral[15]	Liebe/Partnerschaft[44]	
15-32	1552-1558	kleine	neutral[15]	Liebe/Partnerschaft[44]	
15-33	1559-1564	Angie	neutral[15]	Liebe/Partnerschaft[44]	
15-34	1565-1566	(	neutral[15]	_	
15-35	1566-1571	Hallo	neutral[15]	_	
15-36	1572-1578	Angela	neutral[15]	_	
15-37	1578-1579	)	neutral[15]	_	
15-38	1579-1580	.	neutral[15]	_	

#Text=Ja auch in harten Zeiten kommen süße Wunder vor.
16-1	1581-1583	Ja	positive[16]	_	
16-2	1584-1588	auch	positive[16]	_	
16-3	1589-1591	in	positive[16]	_	
16-4	1592-1598	harten	positive[16]	Persönliches/Emotionen[45]	
16-5	1599-1605	Zeiten	positive[16]	Persönliches/Emotionen[45]	
16-6	1606-1612	kommen	positive[16]	_	
16-7	1613-1617	süße	positive[16]	Persönliches/Emotionen[46]	
16-8	1618-1624	Wunder	positive[16]	Persönliches/Emotionen[46]	
16-9	1625-1628	vor	positive[16]	_	
16-10	1628-1629	.	positive[16]	_	

#Text=Und ich sag noch zu ihr: "Oh Angie, das merkel ich mir!"
17-1	1630-1633	Und	neutral[17]	_	
17-2	1634-1637	ich	neutral[17]	_	
17-3	1638-1641	sag	neutral[17]	_	
17-4	1642-1646	noch	neutral[17]	_	
17-5	1647-1649	zu	neutral[17]	_	
17-6	1650-1653	ihr	neutral[17]	_	
17-7	1653-1654	:	neutral[17]	_	
17-8	1655-1656	"	neutral[17]	_	
17-9	1656-1658	Oh	neutral[17]	_	
17-10	1659-1664	Angie	neutral[17]	_	
17-11	1664-1665	,	neutral[17]	_	
17-12	1666-1669	das	neutral[17]	_	
17-13	1670-1676	merkel	neutral[17]	_	
17-14	1677-1680	ich	neutral[17]	_	
17-15	1681-1684	mir	neutral[17]	_	
17-16	1684-1685	!	neutral[17]	_	
17-17	1685-1686	"	neutral[17]	_	

#Text=Hallo, hallo, süße kleine Angie (Hallo Angela).
18-1	1691-1696	Hallo	positive[18]	_	
18-2	1696-1697	,	positive[18]	_	
18-3	1698-1703	hallo	positive[18]	_	
18-4	1703-1704	,	positive[18]	_	
18-5	1705-1709	süße	positive[18]	Liebe/Partnerschaft[47]	
18-6	1710-1716	kleine	positive[18]	Liebe/Partnerschaft[47]	
18-7	1717-1722	Angie	positive[18]	Liebe/Partnerschaft[47]	
18-8	1723-1724	(	positive[18]	_	
18-9	1724-1729	Hallo	positive[18]	_	
18-10	1730-1736	Angela	positive[18]	_	
18-11	1736-1737	)	positive[18]	_	
18-12	1737-1738	.	positive[18]	_	

#Text=Sie sagt "Auf Wiederseh'n, ich muss mal eben regieren geh'n."
19-1	1739-1742	Sie	neutral[19]	_	
19-2	1743-1747	sagt	neutral[19]	_	
19-3	1748-1749	"	neutral[19]	_	
19-4	1749-1752	Auf	neutral[19]	_	
19-5	1753-1764	Wiederseh'n	neutral[19]	_	
19-6	1764-1765	,	neutral[19]	_	
19-7	1766-1769	ich	neutral[19]	_	
19-8	1770-1774	muss	neutral[19]	_	
19-9	1775-1778	mal	neutral[19]	_	
19-10	1779-1783	eben	neutral[19]	_	
19-11	1784-1792	regieren	neutral[19]	Politik/Soziales/Missstände	
19-12	1793-1798	geh'n	neutral[19]	_	
19-13	1798-1799	.	neutral[19]	_	
19-14	1799-1800	"	neutral[19]	_	

#Text=Hallo, hallo, süße kleine Angie (Hallo Angela).
20-1	1801-1806	Hallo	positive[20]	_	
20-2	1806-1807	,	positive[20]	_	
20-3	1808-1813	hallo	positive[20]	_	
20-4	1813-1814	,	positive[20]	_	
20-5	1815-1819	süße	positive[20]	Liebe/Partnerschaft[48]	
20-6	1820-1826	kleine	positive[20]	Liebe/Partnerschaft[48]	
20-7	1827-1832	Angie	positive[20]	Liebe/Partnerschaft[48]	
20-8	1833-1834	(	positive[20]	_	
20-9	1834-1839	Hallo	positive[20]	_	
20-10	1840-1846	Angela	positive[20]	_	
20-11	1846-1847	)	positive[20]	_	
20-12	1847-1848	.	positive[20]	_	

#Text=Und ich sag noch zu ihr: "Oh Angie, das merkel ich mir!"
21-1	1849-1852	Und	neutral[21]	_	
21-2	1853-1856	ich	neutral[21]	_	
21-3	1857-1860	sag	neutral[21]	_	
21-4	1861-1865	noch	neutral[21]	_	
21-5	1866-1868	zu	neutral[21]	_	
21-6	1869-1872	ihr	neutral[21]	_	
21-7	1872-1873	:	neutral[21]	_	
21-8	1874-1875	"	neutral[21]	_	
21-9	1875-1877	Oh	neutral[21]	_	
21-10	1878-1883	Angie	neutral[21]	_	
21-11	1883-1884	,	neutral[21]	_	
21-12	1885-1888	das	neutral[21]	_	
21-13	1889-1895	merkel	neutral[21]	_	
21-14	1896-1899	ich	neutral[21]	_	
21-15	1900-1903	mir	neutral[21]	_	
21-16	1903-1904	!	neutral[21]	_	
21-17	1904-1905	"	neutral[21]	_	

#Text=Sie zog den Pony glatt, ich nahm die Brille ab, ein letzter tiefer Blick.
22-1	1910-1913	Sie	neutral[22]	_	
22-2	1914-1917	zog	neutral[22]	_	
22-3	1918-1921	den	neutral[22]	_	
22-4	1922-1926	Pony	neutral[22]	_	
22-5	1927-1932	glatt	neutral[22]	_	
22-6	1932-1933	,	neutral[22]	_	
22-7	1934-1937	ich	neutral[22]	_	
22-8	1938-1942	nahm	neutral[22]	_	
22-9	1943-1946	die	neutral[22]	_	
22-10	1947-1953	Brille	neutral[22]	_	
22-11	1954-1956	ab	neutral[22]	_	
22-12	1956-1957	,	neutral[22]	_	
22-13	1958-1961	ein	neutral[22]	_	
22-14	1962-1969	letzter	neutral[22]	_	
22-15	1970-1976	tiefer	neutral[22]	_	
22-16	1977-1982	Blick	neutral[22]	_	
22-17	1982-1983	.	neutral[22]	_	

#Text=Oh Angie - das war ein kurzes Glück, da sagt sie noch leis' an meiner Tür: "Tschüss Udo - das merkel ich mir!"
23-1	1984-1986	Oh	neutral[23]	_	
23-2	1987-1992	Angie	neutral[23]	Politik/Soziales/Missstände	
23-3	1993-1994	-	neutral[23]	_	
23-4	1995-1998	das	neutral[23]	_	
23-5	1999-2002	war	neutral[23]	_	
23-6	2003-2006	ein	neutral[23]	_	
23-7	2007-2013	kurzes	neutral[23]	Persönliches/Emotionen[49]	
23-8	2014-2019	Glück	neutral[23]	Persönliches/Emotionen[49]	
23-9	2019-2020	,	neutral[23]	_	
23-10	2021-2023	da	neutral[23]	_	
23-11	2024-2028	sagt	neutral[23]	_	
23-12	2029-2032	sie	neutral[23]	_	
23-13	2033-2037	noch	neutral[23]	_	
23-14	2038-2042	leis	neutral[23]	_	
23-15	2042-2043	'	neutral[23]	_	
23-16	2044-2046	an	neutral[23]	_	
23-17	2047-2053	meiner	neutral[23]	_	
23-18	2054-2057	Tür	neutral[23]	_	
23-19	2057-2058	:	neutral[23]	_	
23-20	2059-2060	"	neutral[23]	_	
23-21	2060-2067	Tschüss	neutral[23]	_	
23-22	2068-2071	Udo	neutral[23]	Musik	
23-23	2072-2073	-	neutral[23]	_	
23-24	2074-2077	das	neutral[23]	_	
23-25	2078-2084	merkel	neutral[23]	_	
23-26	2085-2088	ich	neutral[23]	_	
23-27	2089-2092	mir	neutral[23]	_	
23-28	2092-2093	!	neutral[23]	_	
23-29	2093-2094	"	neutral[23]	_	
