#FORMAT=WebAnno TSV 3.2
#T_SP=webanno.custom.Sentiment|Polarity
#T_SP=webanno.custom.Topic|Topics


#Text=Schon wieder kommt 'ne kalte Nacht, länger halt' ich das nicht aus.
1-1	0-5	Schon	negative[1]	_	
1-2	6-12	wieder	negative[1]	_	
1-3	13-18	kommt	negative[1]	_	
1-4	19-20	'	negative[1]	_	
1-5	20-22	ne	negative[1]	_	
1-6	23-28	kalte	negative[1]	_	
1-7	29-34	Nacht	negative[1]	_	
1-8	34-35	,	negative[1]	_	
1-9	36-42	länger	negative[1]	Persönliches/Emotionen[21]	
1-10	43-47	halt	negative[1]	Persönliches/Emotionen[21]	
1-11	47-48	'	negative[1]	Persönliches/Emotionen[21]	
1-12	49-52	ich	negative[1]	Persönliches/Emotionen[21]	
1-13	53-56	das	negative[1]	Persönliches/Emotionen[21]	
1-14	57-62	nicht	negative[1]	Persönliches/Emotionen[21]	
1-15	63-66	aus	negative[1]	Persönliches/Emotionen[21]	
1-16	66-67	.	negative[1]	_	

#Text=Hab' das schon zu oft durchgemacht, also Jacke an und nichts wie raus.
2-1	68-71	Hab	neutral[2]	_	
2-2	71-72	'	neutral[2]	_	
2-3	73-76	das	neutral[2]	_	
2-4	77-82	schon	neutral[2]	_	
2-5	83-85	zu	neutral[2]	_	
2-6	86-89	oft	neutral[2]	_	
2-7	90-102	durchgemacht	neutral[2]	Persönliches/Emotionen	
2-8	102-103	,	neutral[2]	_	
2-9	104-108	also	neutral[2]	_	
2-10	109-114	Jacke	neutral[2]	_	
2-11	115-117	an	neutral[2]	_	
2-12	118-121	und	neutral[2]	_	
2-13	122-128	nichts	neutral[2]	_	
2-14	129-132	wie	neutral[2]	_	
2-15	133-137	raus	neutral[2]	_	
2-16	137-138	.	neutral[2]	_	

#Text=Ich fahr' mit meinem Auto los, es regnet und die Stadt ist leer.
3-1	143-146	Ich	neutral[3]	_	
3-2	147-151	fahr	neutral[3]	_	
3-3	151-152	'	neutral[3]	_	
3-4	153-156	mit	neutral[3]	_	
3-5	157-163	meinem	neutral[3]	_	
3-6	164-168	Auto	neutral[3]	_	
3-7	169-172	los	neutral[3]	_	
3-8	172-173	,	neutral[3]	_	
3-9	174-176	es	neutral[3]	_	
3-10	177-183	regnet	neutral[3]	_	
3-11	184-187	und	neutral[3]	_	
3-12	188-191	die	neutral[3]	_	
3-13	192-197	Stadt	neutral[3]	_	
3-14	198-201	ist	neutral[3]	_	
3-15	202-206	leer	neutral[3]	_	
3-16	206-207	.	neutral[3]	_	

#Text=Weiß nicht wohin, was mach ich bloß, dich zu vergessen ist so schwer.
4-1	208-212	Weiß	negative[4]	_	
4-2	213-218	nicht	negative[4]	_	
4-3	219-224	wohin	negative[4]	_	
4-4	224-225	,	negative[4]	_	
4-5	226-229	was	negative[4]	_	
4-6	230-234	mach	negative[4]	_	
4-7	235-238	ich	negative[4]	_	
4-8	239-243	bloß	negative[4]	_	
4-9	243-244	,	negative[4]	_	
4-10	245-249	dich	negative[4]	_	
4-11	250-252	zu	negative[4]	_	
4-12	253-262	vergessen	negative[4]	Persönliches/Emotionen[22]	
4-13	263-266	ist	negative[4]	Persönliches/Emotionen[22]	
4-14	267-269	so	negative[4]	Persönliches/Emotionen[22]	
4-15	270-276	schwer	negative[4]	Persönliches/Emotionen[22]	
4-16	276-277	.	negative[4]	_	

#Text=Es fängt immer wieder an, auch, wenn ich tausend Meilen lauf'.
5-1	282-284	Es	neutral[5]	_	
5-2	285-290	fängt	neutral[5]	_	
5-3	291-296	immer	neutral[5]	_	
5-4	297-303	wieder	neutral[5]	_	
5-5	304-306	an	neutral[5]	_	
5-6	306-307	,	neutral[5]	_	
5-7	308-312	auch	neutral[5]	_	
5-8	312-313	,	neutral[5]	_	
5-9	314-318	wenn	neutral[5]	_	
5-10	319-322	ich	neutral[5]	_	
5-11	323-330	tausend	neutral[5]	_	
5-12	331-337	Meilen	neutral[5]	_	
5-13	338-342	lauf	neutral[5]	_	
5-14	342-343	'	neutral[5]	_	
5-15	343-344	.	neutral[5]	_	

#Text=Nein, ich komm' nicht von dir los, es hört einfach noch nicht auf.
6-1	345-349	Nein	negative[6]	_	
6-2	349-350	,	negative[6]	_	
6-3	351-354	ich	negative[6]	_	
6-4	355-359	komm	negative[6]	_	
6-5	359-360	'	negative[6]	_	
6-6	361-366	nicht	negative[6]	_	
6-7	367-370	von	negative[6]	Liebe/Partnerschaft[23]	
6-8	371-374	dir	negative[6]	Liebe/Partnerschaft[23]	
6-9	375-378	los	negative[6]	Liebe/Partnerschaft[23]	
6-10	378-379	,	negative[6]	_	
6-11	380-382	es	negative[6]	_	
6-12	383-387	hört	negative[6]	_	
6-13	388-395	einfach	negative[6]	_	
6-14	396-400	noch	negative[6]	_	
6-15	401-406	nicht	negative[6]	_	
6-16	407-410	auf	negative[6]	_	
6-17	410-411	.	negative[6]	_	

#Text=Es fängt immer wieder an und es gibt nichts, was ich dagegen machen kann, wieder von vorne.
7-1	412-414	Es	negative[7]	_	
7-2	415-420	fängt	negative[7]	_	
7-3	421-426	immer	negative[7]	_	
7-4	427-433	wieder	negative[7]	_	
7-5	434-436	an	negative[7]	_	
7-6	437-440	und	negative[7]	_	
7-7	441-443	es	negative[7]	_	
7-8	444-448	gibt	negative[7]	_	
7-9	449-455	nichts	negative[7]	_	
7-10	455-456	,	negative[7]	_	
7-11	457-460	was	negative[7]	_	
7-12	461-464	ich	negative[7]	_	
7-13	465-472	dagegen	negative[7]	_	
7-14	473-479	machen	negative[7]	_	
7-15	480-484	kann	negative[7]	_	
7-16	484-485	,	negative[7]	_	
7-17	486-492	wieder	negative[7]	_	
7-18	493-496	von	negative[7]	_	
7-19	497-502	vorne	negative[7]	_	
7-20	502-503	.	negative[7]	_	

#Text=Es fängt immer wieder an auch, wenn ich tausend Meilen lauf'.
8-1	508-510	Es	neutral[8]	_	
8-2	511-516	fängt	neutral[8]	_	
8-3	517-522	immer	neutral[8]	_	
8-4	523-529	wieder	neutral[8]	_	
8-5	530-532	an	neutral[8]	_	
8-6	533-537	auch	neutral[8]	_	
8-7	537-538	,	neutral[8]	_	
8-8	539-543	wenn	neutral[8]	_	
8-9	544-547	ich	neutral[8]	_	
8-10	548-555	tausend	neutral[8]	_	
8-11	556-562	Meilen	neutral[8]	_	
8-12	563-567	lauf	neutral[8]	_	
8-13	567-568	'	neutral[8]	_	
8-14	568-569	.	neutral[8]	_	

#Text=Nein, ich komm' nicht von dir weg, es hört einfach noch nicht auf.
9-1	570-574	Nein	negative[9]	_	
9-2	574-575	,	negative[9]	_	
9-3	576-579	ich	negative[9]	_	
9-4	580-584	komm	negative[9]	_	
9-5	584-585	'	negative[9]	_	
9-6	586-591	nicht	negative[9]	_	
9-7	592-595	von	negative[9]	Liebe/Partnerschaft[24]	
9-8	596-599	dir	negative[9]	Liebe/Partnerschaft[24]	
9-9	600-603	weg	negative[9]	Liebe/Partnerschaft[24]	
9-10	603-604	,	negative[9]	_	
9-11	605-607	es	negative[9]	_	
9-12	608-612	hört	negative[9]	_	
9-13	613-620	einfach	negative[9]	_	
9-14	621-625	noch	negative[9]	_	
9-15	626-631	nicht	negative[9]	_	
9-16	632-635	auf	negative[9]	_	
9-17	635-636	.	negative[9]	_	

#Text=Es fängt immer wieder an und es gibt nichts, was ich dagegen machen kann, wieder von vorne.
10-1	637-639	Es	negative[10]	_	
10-2	640-645	fängt	negative[10]	_	
10-3	646-651	immer	negative[10]	_	
10-4	652-658	wieder	negative[10]	_	
10-5	659-661	an	negative[10]	_	
10-6	662-665	und	negative[10]	_	
10-7	666-668	es	negative[10]	_	
10-8	669-673	gibt	negative[10]	_	
10-9	674-680	nichts	negative[10]	_	
10-10	680-681	,	negative[10]	_	
10-11	682-685	was	negative[10]	_	
10-12	686-689	ich	negative[10]	_	
10-13	690-697	dagegen	negative[10]	_	
10-14	698-704	machen	negative[10]	_	
10-15	705-709	kann	negative[10]	_	
10-16	709-710	,	negative[10]	_	
10-17	711-717	wieder	negative[10]	_	
10-18	718-721	von	negative[10]	_	
10-19	722-727	vorne	negative[10]	_	
10-20	727-728	.	negative[10]	_	

#Text=Ich fühl' mich wie im falschen Film, bin ganz verwirrt und auf der Flucht.
11-1	733-736	Ich	negative[11]	_	
11-2	737-741	fühl	negative[11]	_	
11-3	741-742	'	negative[11]	_	
11-4	743-747	mich	negative[11]	_	
11-5	748-751	wie	negative[11]	_	
11-6	752-754	im	negative[11]	_	
11-7	755-763	falschen	negative[11]	_	
11-8	764-768	Film	negative[11]	_	
11-9	768-769	,	negative[11]	_	
11-10	770-773	bin	negative[11]	_	
11-11	774-778	ganz	negative[11]	_	
11-12	779-787	verwirrt	negative[11]	Persönliches/Emotionen	
11-13	788-791	und	negative[11]	_	
11-14	792-795	auf	negative[11]	_	
11-15	796-799	der	negative[11]	_	
11-16	800-806	Flucht	negative[11]	_	
11-17	806-807	.	_	_	

#Text=Weg von Dir, von dem was war, aber Sehnsucht ist 'ne harte Sucht.
12-1	808-811	Weg	negative[12]	Liebe/Partnerschaft[25]	
12-2	812-815	von	negative[12]	Liebe/Partnerschaft[25]	
12-3	816-819	Dir	negative[12]	Liebe/Partnerschaft[25]	
12-4	819-820	,	negative[12]	_	
12-5	821-824	von	negative[12]	_	
12-6	825-828	dem	negative[12]	_	
12-7	829-832	was	negative[12]	_	
12-8	833-836	war	negative[12]	_	
12-9	836-837	,	negative[12]	_	
12-10	838-842	aber	negative[12]	_	
12-11	843-852	Sehnsucht	negative[12]	Liebe/Partnerschaft	
12-12	853-856	ist	negative[12]	_	
12-13	857-858	'	negative[12]	_	
12-14	858-860	ne	negative[12]	_	
12-15	861-866	harte	negative[12]	_	
12-16	867-872	Sucht	negative[12]	_	
12-17	872-873	.	negative[12]	_	

#Text=Jetzt fahr' ich durch die düstere Stadt und wie magnetisch biege ich in deine Straße ein.
13-1	878-883	Jetzt	neutral[13]	_	
13-2	884-888	fahr	neutral[13]	_	
13-3	888-889	'	neutral[13]	_	
13-4	890-893	ich	neutral[13]	_	
13-5	894-899	durch	neutral[13]	_	
13-6	900-903	die	neutral[13]	_	
13-7	904-911	düstere	neutral[13]	_	
13-8	912-917	Stadt	neutral[13]	_	
13-9	918-921	und	neutral[13]	_	
13-10	922-925	wie	neutral[13]	_	
13-11	926-936	magnetisch	neutral[13]	_	
13-12	937-942	biege	neutral[13]	_	
13-13	943-946	ich	neutral[13]	_	
13-14	947-949	in	neutral[13]	_	
13-15	950-955	deine	neutral[13]	_	
13-16	956-962	Straße	neutral[13]	_	
13-17	963-966	ein	neutral[13]	_	
13-18	966-967	.	neutral[13]	_	

#Text=Ich seh' zu deinem Fenster rauf, vielleicht bist du ja auch allein.
14-1	968-971	Ich	positive[14]	_	
14-2	972-975	seh	positive[14]	_	
14-3	975-976	'	positive[14]	_	
14-4	977-979	zu	positive[14]	_	
14-5	980-986	deinem	positive[14]	_	
14-6	987-994	Fenster	positive[14]	_	
14-7	995-999	rauf	positive[14]	_	
14-8	999-1000	,	positive[14]	_	
14-9	1001-1011	vielleicht	positive[14]	_	
14-10	1012-1016	bist	positive[14]	_	
14-11	1017-1019	du	positive[14]	_	
14-12	1020-1022	ja	positive[14]	_	
14-13	1023-1027	auch	positive[14]	_	
14-14	1028-1034	allein	positive[14]	_	
14-15	1034-1035	.	positive[14]	_	

#Text=Es fängt immer wieder an auch, wenn ich tausend Meilen lauf'.
15-1	1040-1042	Es	neutral[15]	_	
15-2	1043-1048	fängt	neutral[15]	_	
15-3	1049-1054	immer	neutral[15]	_	
15-4	1055-1061	wieder	neutral[15]	_	
15-5	1062-1064	an	neutral[15]	_	
15-6	1065-1069	auch	neutral[15]	_	
15-7	1069-1070	,	neutral[15]	_	
15-8	1071-1075	wenn	neutral[15]	_	
15-9	1076-1079	ich	neutral[15]	_	
15-10	1080-1087	tausend	neutral[15]	_	
15-11	1088-1094	Meilen	neutral[15]	_	
15-12	1095-1099	lauf	neutral[15]	_	
15-13	1099-1100	'	neutral[15]	_	
15-14	1100-1101	.	neutral[15]	_	

#Text=Nein, ich komm' nicht von dir los, es hört einfach noch nicht auf.
16-1	1102-1106	Nein	negative[16]	_	
16-2	1106-1107	,	negative[16]	_	
16-3	1108-1111	ich	negative[16]	_	
16-4	1112-1116	komm	negative[16]	_	
16-5	1116-1117	'	negative[16]	_	
16-6	1118-1123	nicht	negative[16]	_	
16-7	1124-1127	von	negative[16]	Liebe/Partnerschaft[26]	
16-8	1128-1131	dir	negative[16]	Liebe/Partnerschaft[26]	
16-9	1132-1135	los	negative[16]	Liebe/Partnerschaft[26]	
16-10	1135-1136	,	negative[16]	_	
16-11	1137-1139	es	negative[16]	_	
16-12	1140-1144	hört	negative[16]	_	
16-13	1145-1152	einfach	negative[16]	_	
16-14	1153-1157	noch	negative[16]	_	
16-15	1158-1163	nicht	negative[16]	_	
16-16	1164-1167	auf	negative[16]	_	
16-17	1167-1168	.	negative[16]	_	

#Text=Es fängt immer wieder an und es gibt nichts, was ich dagegen machen kann, wieder von vorne.
17-1	1169-1171	Es	negative[17]	_	
17-2	1172-1177	fängt	negative[17]	_	
17-3	1178-1183	immer	negative[17]	_	
17-4	1184-1190	wieder	negative[17]	_	
17-5	1191-1193	an	negative[17]	_	
17-6	1194-1197	und	negative[17]	_	
17-7	1198-1200	es	negative[17]	_	
17-8	1201-1205	gibt	negative[17]	_	
17-9	1206-1212	nichts	negative[17]	_	
17-10	1212-1213	,	negative[17]	_	
17-11	1214-1217	was	negative[17]	_	
17-12	1218-1221	ich	negative[17]	_	
17-13	1222-1229	dagegen	negative[17]	_	
17-14	1230-1236	machen	negative[17]	_	
17-15	1237-1241	kann	negative[17]	_	
17-16	1241-1242	,	negative[17]	_	
17-17	1243-1249	wieder	negative[17]	_	
17-18	1250-1253	von	negative[17]	_	
17-19	1254-1259	vorne	negative[17]	_	
17-20	1259-1260	.	negative[17]	_	

#Text=Es fängt immer wieder an auch, wenn ich tausend Meilen lauf'.
18-1	1265-1267	Es	neutral[18]	_	
18-2	1268-1273	fängt	neutral[18]	_	
18-3	1274-1279	immer	neutral[18]	_	
18-4	1280-1286	wieder	neutral[18]	_	
18-5	1287-1289	an	neutral[18]	_	
18-6	1290-1294	auch	neutral[18]	_	
18-7	1294-1295	,	neutral[18]	_	
18-8	1296-1300	wenn	neutral[18]	_	
18-9	1301-1304	ich	neutral[18]	_	
18-10	1305-1312	tausend	neutral[18]	_	
18-11	1313-1319	Meilen	neutral[18]	_	
18-12	1320-1324	lauf	neutral[18]	_	
18-13	1324-1325	'	neutral[18]	_	
18-14	1325-1326	.	neutral[18]	_	

#Text=Nein, ich komm' nicht von dir weg, es hört einfach noch nicht auf.
19-1	1327-1331	Nein	negative[19]	_	
19-2	1331-1332	,	negative[19]	_	
19-3	1333-1336	ich	negative[19]	_	
19-4	1337-1341	komm	negative[19]	Liebe/Partnerschaft[27]	
19-5	1341-1342	'	negative[19]	Liebe/Partnerschaft[27]	
19-6	1343-1348	nicht	negative[19]	Liebe/Partnerschaft[27]	
19-7	1349-1352	von	negative[19]	Liebe/Partnerschaft[27]	
19-8	1353-1356	dir	negative[19]	Liebe/Partnerschaft[27]	
19-9	1357-1360	weg	negative[19]	Liebe/Partnerschaft[27]	
19-10	1360-1361	,	negative[19]	_	
19-11	1362-1364	es	negative[19]	_	
19-12	1365-1369	hört	negative[19]	_	
19-13	1370-1377	einfach	negative[19]	_	
19-14	1378-1382	noch	negative[19]	_	
19-15	1383-1388	nicht	negative[19]	_	
19-16	1389-1392	auf	negative[19]	_	
19-17	1392-1393	.	negative[19]	_	

#Text=Es fängt immer wieder an und es gibt nichts, was ich dagegen machen kann, wieder von vorne.
20-1	1394-1396	Es	negative[20]	_	
20-2	1397-1402	fängt	negative[20]	_	
20-3	1403-1408	immer	negative[20]	_	
20-4	1409-1415	wieder	negative[20]	_	
20-5	1416-1418	an	negative[20]	_	
20-6	1419-1422	und	negative[20]	_	
20-7	1423-1425	es	negative[20]	_	
20-8	1426-1430	gibt	negative[20]	_	
20-9	1431-1437	nichts	negative[20]	_	
20-10	1437-1438	,	negative[20]	_	
20-11	1439-1442	was	negative[20]	_	
20-12	1443-1446	ich	negative[20]	_	
20-13	1447-1454	dagegen	negative[20]	_	
20-14	1455-1461	machen	negative[20]	_	
20-15	1462-1466	kann	negative[20]	_	
20-16	1466-1467	,	negative[20]	_	
20-17	1468-1474	wieder	negative[20]	_	
20-18	1475-1478	von	negative[20]	_	
20-19	1479-1484	vorne	negative[20]	_	
20-20	1484-1485	.	negative[20]	_	
