#FORMAT=WebAnno TSV 3.2
#T_SP=webanno.custom.Sentiment|Polarity
#T_SP=webanno.custom.Topic|Topics


#Text=Du siehst - oh, siehst du gut aus , da fällt mir glatt die Kontaktlinse raus . du bist eine von den ganz seltenen , diesen seltenen Delikatessen  und ich merk', dass ich Hunger krieg'  und ich möchte dich am liebsten essen .
1-1	0-2	Du	positive[1]	Liebe/Partnerschaft[13]	
1-2	3-9	siehst	positive[1]	Liebe/Partnerschaft[13]	
1-3	10-11	-	positive[1]	Liebe/Partnerschaft[13]	
1-4	12-14	oh	positive[1]	Liebe/Partnerschaft[13]	
1-5	14-15	,	positive[1]	Liebe/Partnerschaft[13]	
1-6	16-22	siehst	positive[1]	Liebe/Partnerschaft[13]	
1-7	23-25	du	positive[1]	Liebe/Partnerschaft[13]	
1-8	26-29	gut	positive[1]	Liebe/Partnerschaft[13]	
1-9	30-33	aus	positive[1]	Liebe/Partnerschaft[13]	
1-10	34-35	,	positive[1]	_	
1-11	36-38	da	positive[1]	_	
1-12	39-44	fällt	positive[1]	_	
1-13	45-48	mir	positive[1]	_	
1-14	49-54	glatt	positive[1]	_	
1-15	55-58	die	positive[1]	_	
1-16	59-71	Kontaktlinse	positive[1]	_	
1-17	72-76	raus	positive[1]	_	
1-18	77-78	.	_	_	
1-19	79-81	du	positive[2]	_	
1-20	82-86	bist	positive[2]	_	
1-21	87-91	eine	positive[2]	_	
1-22	92-95	von	positive[2]	_	
1-23	96-99	den	positive[2]	_	
1-24	100-104	ganz	positive[2]	_	
1-25	105-113	seltenen	positive[2]	_	
1-26	114-115	,	positive[2]	_	
1-27	116-122	diesen	positive[2]	_	
1-28	123-131	seltenen	positive[2]	_	
1-29	132-144	Delikatessen	positive[2]	_	
1-30	146-149	und	positive[2]	_	
1-31	150-153	ich	positive[2]	_	
1-32	154-158	merk	positive[2]	_	
1-33	158-159	'	positive[2]	_	
1-34	159-160	,	positive[2]	_	
1-35	161-165	dass	positive[2]	_	
1-36	166-169	ich	positive[2]	_	
1-37	170-176	Hunger	positive[2]	_	
1-38	177-182	krieg	positive[2]	_	
1-39	182-183	'	positive[2]	_	
1-40	185-188	und	positive[2]	_	
1-41	189-192	ich	positive[2]	_	
1-42	193-199	möchte	positive[2]	Liebe/Partnerschaft[14]	
1-43	200-204	dich	positive[2]	Liebe/Partnerschaft[14]	
1-44	205-207	am	positive[2]	Liebe/Partnerschaft[14]	
1-45	208-216	liebsten	positive[2]	Liebe/Partnerschaft[14]	
1-46	217-222	essen	positive[2]	Liebe/Partnerschaft[14]	
1-47	223-224	.	positive[2]	_	

#Text=Mir wird heiß, doch du bleibst so cool dabei , wie Geheimdienst - Gedankenpolizei , bin ich ein Sicherheitsrisiko?
2-1	225-228	Mir	positive[3]	_	
2-2	229-233	wird	positive[3]	_	
2-3	234-238	heiß	positive[3]	Liebe/Partnerschaft	
2-4	238-239	,	_	_	
2-5	240-244	doch	negative[4]	_	
2-6	245-247	du	negative[4]	_	
2-7	248-255	bleibst	negative[4]	_	
2-8	256-258	so	negative[4]	_	
2-9	259-263	cool	negative[4]	_	
2-10	264-269	dabei	negative[4]	_	
2-11	270-271	,	negative[4]	_	
2-12	272-275	wie	negative[4]	_	
2-13	276-288	Geheimdienst	negative[4]	Politik/Soziales/Missstände[15]	
2-14	289-290	-	negative[4]	Politik/Soziales/Missstände[15]	
2-15	291-306	Gedankenpolizei	negative[4]	Politik/Soziales/Missstände[15]	
2-16	307-308	,	negative[4]	_	
2-17	309-312	bin	negative[4]	_	
2-18	313-316	ich	negative[4]	_	
2-19	317-320	ein	negative[4]	_	
2-20	321-338	Sicherheitsrisiko	negative[4]	Politik/Soziales/Missstände	
2-21	338-339	?	negative[4]	_	

#Text=Gefährdungsstufe I - ich versteh' nicht ganz , warum guckst du so, als wäre ich ein Fahndungsfoto?
3-1	341-357	Gefährdungsstufe	negative[5]	Politik/Soziales/Missstände[16]	
3-2	358-359	I	negative[5]	Politik/Soziales/Missstände[16]	
3-3	360-361	-	negative[5]	_	
3-4	362-365	ich	negative[5]	_	
3-5	366-373	versteh	negative[5]	_	
3-6	373-374	'	negative[5]	_	
3-7	375-380	nicht	negative[5]	_	
3-8	381-385	ganz	negative[5]	_	
3-9	386-387	,	negative[5]	_	
3-10	388-393	warum	negative[5]	_	
3-11	394-400	guckst	negative[5]	_	
3-12	401-403	du	negative[5]	_	
3-13	404-406	so	negative[5]	_	
3-14	406-407	,	negative[5]	_	
3-15	408-411	als	negative[5]	_	
3-16	412-416	wäre	negative[5]	_	
3-17	417-420	ich	negative[5]	_	
3-18	421-424	ein	negative[5]	_	
3-19	425-438	Fahndungsfoto	negative[5]	Politik/Soziales/Missstände	
3-20	438-439	?	negative[5]	_	

#Text=Du bist 'ne Tochter vom Großen Bruder - das ist klar , so wie du mich ansiehst, wie 'ne Überwachungskamera , ihr seid die ersten , Big Brother's Kinder sind schon da.
4-1	444-446	Du	neutral[6]	_	
4-2	447-451	bist	neutral[6]	_	
4-3	452-453	'	neutral[6]	_	
4-4	453-455	ne	neutral[6]	_	
4-5	456-463	Tochter	neutral[6]	_	
4-6	464-467	vom	neutral[6]	_	
4-7	468-474	Großen	neutral[6]	_	
4-8	475-481	Bruder	neutral[6]	_	
4-9	482-483	-	neutral[6]	_	
4-10	484-487	das	neutral[6]	_	
4-11	488-491	ist	neutral[6]	_	
4-12	492-496	klar	neutral[6]	_	
4-13	497-498	,	neutral[6]	_	
4-14	499-501	so	neutral[6]	_	
4-15	502-505	wie	neutral[6]	_	
4-16	506-508	du	neutral[6]	_	
4-17	509-513	mich	neutral[6]	_	
4-18	514-522	ansiehst	neutral[6]	_	
4-19	522-523	,	neutral[6]	_	
4-20	524-527	wie	neutral[6]	_	
4-21	528-529	'	neutral[6]	_	
4-22	529-531	ne	neutral[6]	_	
4-23	532-550	Überwachungskamera	neutral[6]	Politik/Soziales/Missstände	
4-24	551-552	,	neutral[6]	_	
4-25	553-556	ihr	neutral[6]	_	
4-26	557-561	seid	neutral[6]	_	
4-27	562-565	die	neutral[6]	_	
4-28	566-572	ersten	neutral[6]	_	
4-29	573-574	,	neutral[6]	_	
4-30	575-578	Big	neutral[6]	_	
4-31	579-588	Brother's	neutral[6]	_	
4-32	589-595	Kinder	neutral[6]	_	
4-33	596-600	sind	neutral[6]	_	
4-34	601-606	schon	neutral[6]	_	
4-35	607-609	da	neutral[6]	_	
4-36	609-610	.	neutral[6]	_	

#Text=Und jetzt hast du mich identifiziert  und als Anarcho kategorisiert , dein Ermittlungsraster vibriert , observieren und kontrollieren , verfassungsschutzmäßig recherchieren , und die Zentrale informieren.
5-1	615-618	Und	negative[7]	_	
5-2	619-624	jetzt	negative[7]	_	
5-3	625-629	hast	negative[7]	_	
5-4	630-632	du	negative[7]	_	
5-5	633-637	mich	negative[7]	_	
5-6	638-651	identifiziert	negative[7]	Politik/Soziales/Missstände	
5-7	653-656	und	negative[7]	_	
5-8	657-660	als	negative[7]	_	
5-9	661-668	Anarcho	negative[7]	Politik/Soziales/Missstände	
5-10	669-682	kategorisiert	negative[7]	_	
5-11	683-684	,	_	_	
5-12	685-689	dein	negative[8]	_	
5-13	690-707	Ermittlungsraster	negative[8]	Politik/Soziales/Missstände	
5-14	708-716	vibriert	negative[8]	_	
5-15	717-718	,	negative[8]	_	
5-16	719-730	observieren	negative[8]	Politik/Soziales/Missstände[17]	
5-17	731-734	und	negative[8]	Politik/Soziales/Missstände[17]	
5-18	735-748	kontrollieren	negative[8]	Politik/Soziales/Missstände[17]	
5-19	749-750	,	negative[8]	_	
5-20	751-773	verfassungsschutzmäßig	negative[8]	Politik/Soziales/Missstände	
5-21	774-787	recherchieren	negative[8]	_	
5-22	788-789	,	negative[8]	_	
5-23	790-793	und	negative[8]	_	
5-24	794-797	die	negative[8]	_	
5-25	798-806	Zentrale	negative[8]	Politik/Soziales/Missstände[18]	
5-26	807-818	informieren	negative[8]	Politik/Soziales/Missstände[18]	
5-27	818-819	.	negative[8]	_	

#Text=Du bist 'ne Tochter vom Großen Bruder - das ist klar , so wie du mich ansiehst, wie 'ne Überwachungskamera , ihr seid die ersten , Big Brother's Kinder sind schon da.
6-1	824-826	Du	neutral[9]	_	
6-2	827-831	bist	neutral[9]	_	
6-3	832-833	'	neutral[9]	_	
6-4	833-835	ne	neutral[9]	_	
6-5	836-843	Tochter	neutral[9]	_	
6-6	844-847	vom	neutral[9]	_	
6-7	848-854	Großen	neutral[9]	_	
6-8	855-861	Bruder	neutral[9]	_	
6-9	862-863	-	neutral[9]	_	
6-10	864-867	das	neutral[9]	_	
6-11	868-871	ist	neutral[9]	_	
6-12	872-876	klar	neutral[9]	_	
6-13	877-878	,	neutral[9]	_	
6-14	879-881	so	neutral[9]	_	
6-15	882-885	wie	neutral[9]	_	
6-16	886-888	du	neutral[9]	_	
6-17	889-893	mich	neutral[9]	_	
6-18	894-902	ansiehst	neutral[9]	_	
6-19	902-903	,	neutral[9]	_	
6-20	904-907	wie	neutral[9]	_	
6-21	908-909	'	neutral[9]	_	
6-22	909-911	ne	neutral[9]	_	
6-23	912-930	Überwachungskamera	neutral[9]	Politik/Soziales/Missstände	
6-24	931-932	,	neutral[9]	_	
6-25	933-936	ihr	neutral[9]	_	
6-26	937-941	seid	neutral[9]	_	
6-27	942-945	die	neutral[9]	_	
6-28	946-952	ersten	neutral[9]	_	
6-29	953-954	,	neutral[9]	_	
6-30	955-958	Big	neutral[9]	_	
6-31	959-968	Brother's	neutral[9]	_	
6-32	969-975	Kinder	neutral[9]	_	
6-33	976-980	sind	neutral[9]	_	
6-34	981-986	schon	neutral[9]	_	
6-35	987-989	da	neutral[9]	_	
6-36	989-990	.	neutral[9]	_	

#Text=Nicht erst '84 , dieser Horror ist jetzt schon wahr .
7-1	995-1000	Nicht	negative[10]	_	
7-2	1001-1005	erst	negative[10]	_	
7-3	1006-1007	'	negative[10]	_	
7-4	1007-1009	84	negative[10]	_	
7-5	1010-1011	,	negative[10]	_	
7-6	1012-1018	dieser	negative[10]	_	
7-7	1019-1025	Horror	negative[10]	_	
7-8	1026-1029	ist	negative[10]	_	
7-9	1030-1035	jetzt	negative[10]	_	
7-10	1036-1041	schon	negative[10]	_	
7-11	1042-1046	wahr	negative[10]	_	
7-12	1047-1048	.	negative[10]	_	

#Text=Volles Programm:  Big Brother's Töchter: Gesinnungs-TÜV-geprüft .
8-1	1049-1055	Volles	neutral[11]	_	
8-2	1056-1064	Programm	neutral[11]	_	
8-3	1064-1065	:	neutral[11]	_	
8-4	1067-1070	Big	neutral[11]	_	
8-5	1071-1080	Brother's	neutral[11]	_	
8-6	1081-1088	Töchter	neutral[11]	_	
8-7	1088-1089	:	neutral[11]	_	
8-8	1090-1112	Gesinnungs-TÜV-geprüft	neutral[11]	Politik/Soziales/Missstände	
8-9	1113-1114	.	neutral[11]	_	

#Text=Big Brother's Töchter: mit Augen wie 'ne Kamera , und wenn wir tanzen , spür' ich die Wanzen unterm BH - BKA , frischgeölte Roboter, dreimal chemisch durchgereinigt.
9-1	1115-1118	Big	negative[12]	_	
9-2	1119-1128	Brother's	negative[12]	_	
9-3	1129-1136	Töchter	negative[12]	_	
9-4	1136-1137	:	negative[12]	_	
9-5	1138-1141	mit	negative[12]	_	
9-6	1142-1147	Augen	negative[12]	_	
9-7	1148-1151	wie	negative[12]	_	
9-8	1152-1153	'	negative[12]	_	
9-9	1153-1155	ne	negative[12]	_	
9-10	1156-1162	Kamera	negative[12]	Politik/Soziales/Missstände	
9-11	1163-1164	,	negative[12]	_	
9-12	1165-1168	und	negative[12]	_	
9-13	1169-1173	wenn	negative[12]	_	
9-14	1174-1177	wir	negative[12]	_	
9-15	1178-1184	tanzen	negative[12]	_	
9-16	1185-1186	,	negative[12]	_	
9-17	1187-1191	spür	negative[12]	_	
9-18	1191-1192	'	negative[12]	_	
9-19	1193-1196	ich	negative[12]	_	
9-20	1197-1200	die	negative[12]	_	
9-21	1201-1207	Wanzen	negative[12]	Politik/Soziales/Missstände	
9-22	1208-1214	unterm	negative[12]	_	
9-23	1215-1217	BH	negative[12]	_	
9-24	1218-1219	-	negative[12]	_	
9-25	1220-1223	BKA	negative[12]	Politik/Soziales/Missstände	
9-26	1224-1225	,	negative[12]	_	
9-27	1226-1238	frischgeölte	negative[12]	_	
9-28	1239-1246	Roboter	negative[12]	_	
9-29	1246-1247	,	negative[12]	_	
9-30	1248-1255	dreimal	negative[12]	_	
9-31	1256-1264	chemisch	negative[12]	_	
9-32	1265-1279	durchgereinigt	negative[12]	_	
9-33	1279-1280	.	negative[12]	_	
