#FORMAT=WebAnno TSV 3.2
#T_SP=webanno.custom.Sentiment|Polarity
#T_SP=webanno.custom.Topic|Topics


#Text=Er hat uns klar gemacht, hell ist der Tag und dunkel die Nacht.
1-1	0-2	Er	neutral[1]	_	
1-2	3-6	hat	neutral[1]	_	
1-3	7-10	uns	neutral[1]	_	
1-4	11-15	klar	neutral[1]	Persönliches/Emotionen[18]	
1-5	16-23	gemacht	neutral[1]	Persönliches/Emotionen[18]	
1-6	23-24	,	neutral[1]	_	
1-7	25-29	hell	neutral[1]	_	
1-8	30-33	ist	neutral[1]	_	
1-9	34-37	der	neutral[1]	_	
1-10	38-41	Tag	neutral[1]	_	
1-11	42-45	und	neutral[1]	_	
1-12	46-52	dunkel	neutral[1]	_	
1-13	53-56	die	neutral[1]	_	
1-14	57-62	Nacht	neutral[1]	_	
1-15	62-63	.	neutral[1]	_	

#Text=Wir sind die Jünger, wir sind die Kunden, er hat das Rührei des Kolumbus erfunden.
2-1	64-67	Wir	neutral[2]	_	
2-2	68-72	sind	neutral[2]	_	
2-3	73-76	die	neutral[2]	_	
2-4	77-83	Jünger	neutral[2]	_	
2-5	83-84	,	neutral[2]	_	
2-6	85-88	wir	neutral[2]	_	
2-7	89-93	sind	neutral[2]	_	
2-8	94-97	die	neutral[2]	_	
2-9	98-104	Kunden	neutral[2]	_	
2-10	104-105	,	neutral[2]	_	
2-11	106-108	er	neutral[2]	_	
2-12	109-112	hat	neutral[2]	_	
2-13	113-116	das	neutral[2]	_	
2-14	117-123	Rührei	neutral[2]	_	
2-15	124-127	des	neutral[2]	_	
2-16	128-136	Kolumbus	neutral[2]	_	
2-17	137-145	erfunden	neutral[2]	_	
2-18	145-146	.	neutral[2]	_	

#Text=Wir waren ja so blind - jetzt können wir sehen, wir können übers Wasser gehen.
3-1	147-150	Wir	*[3]	_	
3-2	151-156	waren	*[3]	_	
3-3	157-159	ja	*[3]	_	
3-4	160-162	so	*[3]	_	
3-5	163-168	blind	*[3]	Persönliches/Emotionen	
3-6	169-170	-	*[3]	_	
3-7	171-176	jetzt	*[3]	_	
3-8	177-183	können	*[3]	_	
3-9	184-187	wir	*[3]	_	
3-10	188-193	sehen	*[3]	_	
3-11	193-194	,	*[3]	_	
3-12	195-198	wir	*[3]	_	
3-13	199-205	können	*[3]	_	
3-14	206-211	übers	*[3]	_	
3-15	212-218	Wasser	*[3]	_	
3-16	219-224	gehen	*[3]	_	
3-17	224-225	.	*[3]	_	

#Text=Heyooh!
4-1	226-232	Heyooh	neutral[4]	_	
4-2	232-233	!	neutral[4]	_	

#Text=Hey - reich mir den Weihrauchtopf, räucher' mir mein Herzchen rein, und erleuchte mir den Dröhnekopf.
5-1	238-241	Hey	positive[5]	_	
5-2	242-243	-	positive[5]	_	
5-3	244-249	reich	positive[5]	_	
5-4	250-253	mir	positive[5]	_	
5-5	254-257	den	positive[5]	_	
5-6	258-271	Weihrauchtopf	positive[5]	_	
5-7	271-272	,	positive[5]	_	
5-8	273-280	räucher	positive[5]	_	
5-9	280-281	'	positive[5]	_	
5-10	282-285	mir	positive[5]	_	
5-11	286-290	mein	positive[5]	_	
5-12	291-299	Herzchen	positive[5]	Liebe/Partnerschaft[19]	
5-13	300-304	rein	positive[5]	Liebe/Partnerschaft[19]	
5-14	304-305	,	positive[5]	_	
5-15	306-309	und	positive[5]	_	
5-16	310-319	erleuchte	positive[5]	_	
5-17	320-323	mir	positive[5]	_	
5-18	324-327	den	positive[5]	_	
5-19	328-338	Dröhnekopf	positive[5]	Gesundheit/Drogen	
5-20	338-339	.	positive[5]	_	

#Text=Zu allen Fragen, die uns bedrängen, der Meister lässt uns niemals hängen.
6-1	340-342	Zu	positive[6]	_	
6-2	343-348	allen	positive[6]	_	
6-3	349-355	Fragen	positive[6]	_	
6-4	355-356	,	positive[6]	_	
6-5	357-360	die	positive[6]	_	
6-6	361-364	uns	positive[6]	_	
6-7	365-374	bedrängen	positive[6]	_	
6-8	374-375	,	positive[6]	_	
6-9	376-379	der	positive[6]	_	
6-10	380-387	Meister	positive[6]	_	
6-11	388-393	lässt	positive[6]	Persönliches/Emotionen[20]	
6-12	394-397	uns	positive[6]	Persönliches/Emotionen[20]	
6-13	398-405	niemals	positive[6]	Persönliches/Emotionen[20]	
6-14	406-412	hängen	positive[6]	Persönliches/Emotionen[20]	
6-15	412-413	.	positive[6]	_	

#Text=Zu allen Fragen dieser Zeit hat er den genitalen Spruch bereit.
7-1	414-416	Zu	neutral[7]	_	
7-2	417-422	allen	neutral[7]	_	
7-3	423-429	Fragen	neutral[7]	_	
7-4	430-436	dieser	neutral[7]	_	
7-5	437-441	Zeit	neutral[7]	_	
7-6	442-445	hat	neutral[7]	_	
7-7	446-448	er	neutral[7]	_	
7-8	449-452	den	neutral[7]	_	
7-9	453-462	genitalen	neutral[7]	Liebe/Partnerschaft[21]	
7-10	463-469	Spruch	neutral[7]	Liebe/Partnerschaft[21]	
7-11	470-476	bereit	neutral[7]	_	
7-12	476-477	.	neutral[7]	_	

#Text=Hare Hare - Rama Rama und der Guru ist kein Armer.
8-1	478-482	Hare	positive[8]	_	
8-2	483-487	Hare	positive[8]	_	
8-3	488-489	-	positive[8]	_	
8-4	490-494	Rama	positive[8]	_	
8-5	495-499	Rama	positive[8]	_	
8-6	500-503	und	positive[8]	_	
8-7	504-507	der	positive[8]	_	
8-8	508-512	Guru	positive[8]	_	
8-9	513-516	ist	positive[8]	_	
8-10	517-521	kein	positive[8]	Politik/Soziales/Missstände[22]	
8-11	522-527	Armer	positive[8]	Politik/Soziales/Missstände[22]	
8-12	527-528	.	positive[8]	_	

#Text=Heyooh!
9-1	529-535	Heyooh	neutral[9]	_	
9-2	535-536	!	neutral[9]	_	

#Text=Er braucht öfter mal was Neues, einen bonbonrosa-schraubgehubten-Amphibien-Rolls-Royce.
10-1	541-543	Er	neutral[10]	_	
10-2	544-551	braucht	neutral[10]	_	
10-3	552-557	öfter	neutral[10]	_	
10-4	558-561	mal	neutral[10]	_	
10-5	562-565	was	neutral[10]	_	
10-6	566-571	Neues	neutral[10]	_	
10-7	571-572	,	neutral[10]	_	
10-8	573-578	einen	neutral[10]	_	
10-9	579-627	bonbonrosa-schraubgehubten-Amphibien-Rolls-Royce	neutral[10]	Politik/Soziales/Missstände	
10-10	627-628	.	neutral[10]	_	

#Text=Durch die Wüste zieht der Treck, der Guru fliegt schon mal vorweg (er fliegt vorweg im Privatjet) und er erscheint in weißen Wolken.
11-1	629-634	Durch	neutral[11]	_	
11-2	635-638	die	neutral[11]	_	
11-3	639-644	Wüste	neutral[11]	_	
11-4	645-650	zieht	neutral[11]	_	
11-5	651-654	der	neutral[11]	_	
11-6	655-660	Treck	neutral[11]	_	
11-7	660-661	,	neutral[11]	_	
11-8	662-665	der	neutral[11]	_	
11-9	666-670	Guru	neutral[11]	_	
11-10	671-677	fliegt	neutral[11]	_	
11-11	678-683	schon	neutral[11]	_	
11-12	684-687	mal	neutral[11]	_	
11-13	688-694	vorweg	neutral[11]	_	
11-14	695-696	(	neutral[11]	_	
11-15	696-698	er	neutral[11]	_	
11-16	699-705	fliegt	neutral[11]	_	
11-17	706-712	vorweg	neutral[11]	_	
11-18	713-715	im	neutral[11]	_	
11-19	716-725	Privatjet	neutral[11]	Politik/Soziales/Missstände	
11-20	725-726	)	neutral[11]	_	
11-21	727-730	und	neutral[11]	_	
11-22	731-733	er	neutral[11]	_	
11-23	734-743	erscheint	neutral[11]	_	
11-24	744-746	in	neutral[11]	_	
11-25	747-753	weißen	neutral[11]	_	
11-26	754-760	Wolken	neutral[11]	_	
11-27	760-761	.	neutral[11]	_	

#Text="Führer befiehl - und wir folgen."
12-1	762-763	"	neutral[12]	_	
12-2	763-769	Führer	neutral[12]	Politik/Soziales/Missstände[23]	
12-3	770-777	befiehl	neutral[12]	Politik/Soziales/Missstände[23]	
12-4	778-779	-	neutral[12]	_	
12-5	780-783	und	neutral[12]	_	
12-6	784-787	wir	neutral[12]	_	
12-7	788-794	folgen	neutral[12]	_	
12-8	794-795	.	neutral[12]	_	
12-9	795-796	"	neutral[12]	_	

#Text=Der Guru feiert Erntedank, die Kohlen kichern auf der Bank.
13-1	801-804	Der	neutral[13]	_	
13-2	805-809	Guru	neutral[13]	_	
13-3	810-816	feiert	neutral[13]	_	
13-4	817-826	Erntedank	neutral[13]	Politik/Soziales/Missstände	
13-5	826-827	,	neutral[13]	_	
13-6	828-831	die	neutral[13]	_	
13-7	832-838	Kohlen	neutral[13]	Politik/Soziales/Missstände[24]	
13-8	839-846	kichern	neutral[13]	Politik/Soziales/Missstände[24]	
13-9	847-850	auf	neutral[13]	Politik/Soziales/Missstände[24]	
13-10	851-854	der	neutral[13]	Politik/Soziales/Missstände[24]	
13-11	855-859	Bank	neutral[13]	Politik/Soziales/Missstände[24]	
13-12	859-860	.	neutral[13]	_	

#Text=(Nümmerlikontili, in der Schweiz, da liegt's bereits.)
14-1	861-862	(	neutral[14]	_	
14-2	862-877	Nümmerlikontili	neutral[14]	_	
14-3	877-878	,	neutral[14]	_	
14-4	879-881	in	neutral[14]	_	
14-5	882-885	der	neutral[14]	_	
14-6	886-893	Schweiz	neutral[14]	_	
14-7	893-894	,	neutral[14]	_	
14-8	895-897	da	neutral[14]	_	
14-9	898-905	liegt's	neutral[14]	_	
14-10	906-913	bereits	neutral[14]	_	
14-11	913-914	.	neutral[14]	_	
14-12	914-915	)	neutral[14]	_	

#Text=Heyooh!
15-1	916-922	Heyooh	neutral[15]	_	
15-2	922-923	!	neutral[15]	_	

#Text=Ja, wenn schon denn schon, ja, denn schon dann schon, denn wer weiß ob, und wenn, dann wann schon, gibt's nochmal so 'n Prophet, der immer weiß, wie's weitergeht.
16-1	928-930	Ja	neutral[16]	_	
16-2	930-931	,	neutral[16]	_	
16-3	932-936	wenn	neutral[16]	_	
16-4	937-942	schon	neutral[16]	_	
16-5	943-947	denn	neutral[16]	_	
16-6	948-953	schon	neutral[16]	_	
16-7	953-954	,	neutral[16]	_	
16-8	955-957	ja	neutral[16]	_	
16-9	957-958	,	neutral[16]	_	
16-10	959-963	denn	neutral[16]	_	
16-11	964-969	schon	neutral[16]	_	
16-12	970-974	dann	neutral[16]	_	
16-13	975-980	schon	neutral[16]	_	
16-14	980-981	,	neutral[16]	_	
16-15	982-986	denn	neutral[16]	_	
16-16	987-990	wer	neutral[16]	_	
16-17	991-995	weiß	neutral[16]	_	
16-18	996-998	ob	neutral[16]	_	
16-19	998-999	,	neutral[16]	_	
16-20	1000-1003	und	neutral[16]	_	
16-21	1004-1008	wenn	neutral[16]	_	
16-22	1008-1009	,	neutral[16]	_	
16-23	1010-1014	dann	neutral[16]	_	
16-24	1015-1019	wann	neutral[16]	_	
16-25	1020-1025	schon	neutral[16]	_	
16-26	1025-1026	,	neutral[16]	_	
16-27	1027-1033	gibt's	neutral[16]	_	
16-28	1034-1041	nochmal	neutral[16]	_	
16-29	1042-1044	so	neutral[16]	_	
16-30	1045-1046	'	neutral[16]	_	
16-31	1046-1047	n	neutral[16]	_	
16-32	1048-1055	Prophet	neutral[16]	_	
16-33	1055-1056	,	neutral[16]	_	
16-34	1057-1060	der	neutral[16]	_	
16-35	1061-1066	immer	neutral[16]	_	
16-36	1067-1071	weiß	neutral[16]	_	
16-37	1071-1072	,	neutral[16]	_	
16-38	1073-1078	wie's	neutral[16]	_	
16-39	1079-1089	weitergeht	neutral[16]	_	
16-40	1089-1090	.	neutral[16]	_	

#Text=Heyooh!
17-1	1091-1097	Heyooh	neutral[17]	_	
17-2	1097-1098	!	neutral[17]	_	
