#FORMAT=WebAnno TSV 3.2
#T_SP=webanno.custom.Sentiment|Polarity
#T_SP=webanno.custom.Topic|Topics


#Text=Alkoholmädchen, du hast mir oft erzählt, wie sehr dich deine Liebe quält. deine Liebe zu mir  und zum Schnaps, das war doch klar, das konnte nicht gutgeh'n. ich mach' mir nichts aus Alkohol, doch du warst dauernd voll.
1-1	0-14	Alkoholmädchen	neutral[1]	Gesundheit/Drogen	
1-2	14-15	,	neutral[1]	_	
1-3	16-18	du	neutral[1]	_	
1-4	19-23	hast	neutral[1]	_	
1-5	24-27	mir	neutral[1]	_	
1-6	28-31	oft	neutral[1]	_	
1-7	32-39	erzählt	neutral[1]	_	
1-8	39-40	,	neutral[1]	_	
1-9	41-44	wie	negative[2]	_	
1-10	45-49	sehr	negative[2]	_	
1-11	50-54	dich	negative[2]	_	
1-12	55-60	deine	negative[2]	_	
1-13	61-66	Liebe	negative[2]	Liebe/Partnerschaft	
1-14	67-72	quält	negative[2]	_	
1-15	72-73	.	_	_	
1-16	74-79	deine	negative[3]	_	
1-17	80-85	Liebe	negative[3]	Liebe/Partnerschaft	
1-18	86-88	zu	negative[3]	_	
1-19	89-92	mir	negative[3]	_	
1-20	94-97	und	negative[3]	_	
1-21	98-101	zum	negative[3]	_	
1-22	102-109	Schnaps	negative[3]	Gesundheit/Drogen	
1-23	109-110	,	negative[3]	_	
1-24	111-114	das	negative[3]	_	
1-25	115-118	war	negative[3]	_	
1-26	119-123	doch	negative[3]	_	
1-27	124-128	klar	negative[3]	_	
1-28	128-129	,	negative[3]	_	
1-29	130-133	das	negative[3]	_	
1-30	134-140	konnte	negative[3]	_	
1-31	141-146	nicht	negative[3]	_	
1-32	147-155	gutgeh'n	negative[3]	_	
1-33	155-156	.	_	_	
1-34	157-160	ich	neutral[4]	_	
1-35	161-165	mach	neutral[4]	_	
1-36	165-166	'	neutral[4]	_	
1-37	167-170	mir	neutral[4]	_	
1-38	171-177	nichts	neutral[4]	_	
1-39	178-181	aus	neutral[4]	_	
1-40	182-189	Alkohol	neutral[4]	Gesundheit/Drogen	
1-41	189-190	,	_	_	
1-42	191-195	doch	negative[5]	_	
1-43	196-198	du	negative[5]	_	
1-44	199-204	warst	negative[5]	_	
1-45	205-212	dauernd	negative[5]	_	
1-46	213-217	voll	negative[5]	Gesundheit/Drogen	
1-47	217-218	.	_	_	

#Text=Alkoholmädchen , du hast mir oft erzählt, wie sehr so ein Kater quält  und hast den Kaffee wieder weggestellt  und erst mal einen Korn bestellt . das war doch doch klar , das konnte nicht gutgeh'n . ich mach' mir nichts aus Alkohol, doch du warst dauernd voll.
2-1	223-237	Alkoholmädchen	neutral[6]	Gesundheit/Drogen	
2-2	238-239	,	neutral[6]	_	
2-3	240-242	du	neutral[6]	_	
2-4	243-247	hast	neutral[6]	_	
2-5	248-251	mir	neutral[6]	_	
2-6	252-255	oft	neutral[6]	_	
2-7	256-263	erzählt	neutral[6]	_	
2-8	263-264	,	_	_	
2-9	265-268	wie	negative[7]	_	
2-10	269-273	sehr	negative[7]	_	
2-11	274-276	so	negative[7]	_	
2-12	277-280	ein	negative[7]	_	
2-13	281-286	Kater	negative[7]	Gesundheit/Drogen	
2-14	287-292	quält	negative[7]	Persönliches/Emotionen	
2-15	294-297	und	_	_	
2-16	298-302	hast	negative[8]	_	
2-17	303-306	den	negative[8]	_	
2-18	307-313	Kaffee	negative[8]	_	
2-19	314-320	wieder	negative[8]	_	
2-20	321-332	weggestellt	negative[8]	_	
2-21	334-337	und	negative[8]	_	
2-22	338-342	erst	negative[8]	_	
2-23	343-346	mal	negative[8]	_	
2-24	347-352	einen	negative[8]	_	
2-25	353-357	Korn	negative[8]	Gesundheit/Drogen	
2-26	358-366	bestellt	negative[8]	_	
2-27	367-368	.	_	_	
2-28	369-372	das	negative[9]	_	
2-29	373-376	war	negative[9]	_	
2-30	377-381	doch	negative[9]	_	
2-31	382-386	doch	negative[9]	_	
2-32	387-391	klar	negative[9]	_	
2-33	392-393	,	negative[9]	_	
2-34	394-397	das	negative[9]	_	
2-35	398-404	konnte	negative[9]	_	
2-36	405-410	nicht	negative[9]	_	
2-37	411-419	gutgeh'n	negative[9]	_	
2-38	420-421	.	_	_	
2-39	422-425	ich	neutral[10]	_	
2-40	426-430	mach	neutral[10]	_	
2-41	430-431	'	neutral[10]	_	
2-42	432-435	mir	neutral[10]	_	
2-43	436-442	nichts	neutral[10]	_	
2-44	443-446	aus	neutral[10]	_	
2-45	447-454	Alkohol	neutral[10]	Gesundheit/Drogen	
2-46	454-455	,	_	_	
2-47	456-460	doch	negative[11]	_	
2-48	461-463	du	negative[11]	_	
2-49	464-469	warst	negative[11]	_	
2-50	470-477	dauernd	negative[11]	_	
2-51	478-482	voll	negative[11]	Gesundheit/Drogen	
2-52	482-483	.	_	_	

#Text=Das war doch klar. als ich dich Montagabend sah, hab' ich mir gleich gedacht , das wird deine letzte Nacht .
3-1	488-491	Das	negative[12]	_	
3-2	492-495	war	negative[12]	_	
3-3	496-500	doch	negative[12]	_	
3-4	501-505	klar	negative[12]	_	
3-5	505-506	.	_	_	
3-6	507-510	als	negative[13]	_	
3-7	511-514	ich	negative[13]	_	
3-8	515-519	dich	negative[13]	_	
3-9	520-531	Montagabend	negative[13]	_	
3-10	532-535	sah	negative[13]	_	
3-11	535-536	,	negative[13]	_	
3-12	537-540	hab	negative[13]	_	
3-13	540-541	'	negative[13]	_	
3-14	542-545	ich	negative[13]	_	
3-15	546-549	mir	negative[13]	_	
3-16	550-556	gleich	negative[13]	_	
3-17	557-564	gedacht	negative[13]	_	
3-18	565-566	,	negative[13]	_	
3-19	567-570	das	negative[13]	_	
3-20	571-575	wird	negative[13]	_	
3-21	576-581	deine	negative[13]	_	
3-22	582-588	letzte	negative[13]	_	
3-23	589-594	Nacht	negative[13]	_	
3-24	595-596	.	negative[13]	_	

#Text=Kollaps unterm Kneipentisch , Blaulicht - Krankenwagen , Krankenhaus , doch zu spät , zu spät , pumpen sie dir den Magen aus.
4-1	597-604	Kollaps	negative[14]	Gesundheit/Drogen	
4-2	605-611	unterm	negative[14]	_	
4-3	612-624	Kneipentisch	negative[14]	_	
4-4	625-626	,	negative[14]	_	
4-5	627-636	Blaulicht	negative[14]	Gesundheit/Drogen	
4-6	637-638	-	negative[14]	_	
4-7	639-651	Krankenwagen	negative[14]	Gesundheit/Drogen	
4-8	652-653	,	negative[14]	_	
4-9	654-665	Krankenhaus	negative[14]	Gesundheit/Drogen	
4-10	666-667	,	negative[14]	_	
4-11	668-672	doch	negative[14]	_	
4-12	673-675	zu	negative[14]	_	
4-13	676-680	spät	negative[14]	_	
4-14	681-682	,	negative[14]	_	
4-15	683-685	zu	negative[14]	_	
4-16	686-690	spät	negative[14]	_	
4-17	691-692	,	negative[14]	_	
4-18	693-699	pumpen	negative[14]	_	
4-19	700-703	sie	negative[14]	_	
4-20	704-707	dir	negative[14]	_	
4-21	708-711	den	negative[14]	_	
4-22	712-717	Magen	negative[14]	_	
4-23	718-721	aus	negative[14]	_	
4-24	721-722	.	negative[14]	_	

#Text=Alkoholmädchen , du hast mir oft erzählt , wie sehr dich deine Liebe quält . deine Liebe zu mir  und zum Schnaps , das war doch klar , das konnte nicht gutgeh'n . ich mach' mir nichts aus Alkohol , doch du warst dauernd voll.
5-1	727-741	Alkoholmädchen	neutral[15]	Gesundheit/Drogen	
5-2	742-743	,	neutral[15]	_	
5-3	744-746	du	neutral[15]	_	
5-4	747-751	hast	neutral[15]	_	
5-5	752-755	mir	neutral[15]	_	
5-6	756-759	oft	neutral[15]	_	
5-7	760-767	erzählt	neutral[15]	_	
5-8	768-769	,	_	_	
5-9	770-773	wie	negative[16]	_	
5-10	774-778	sehr	negative[16]	_	
5-11	779-783	dich	negative[16]	_	
5-12	784-789	deine	negative[16]	_	
5-13	790-795	Liebe	negative[16]	Liebe/Partnerschaft	
5-14	796-801	quält	negative[16]	_	
5-15	802-803	.	_	_	
5-16	804-809	deine	negative[17]	_	
5-17	810-815	Liebe	negative[17]	Liebe/Partnerschaft	
5-18	816-818	zu	negative[17]	_	
5-19	819-822	mir	negative[17]	_	
5-20	824-827	und	negative[17]	_	
5-21	828-831	zum	negative[17]	_	
5-22	832-839	Schnaps	negative[17]	Gesundheit/Drogen	
5-23	840-841	,	negative[17]	_	
5-24	842-845	das	negative[17]	_	
5-25	846-849	war	negative[17]	_	
5-26	850-854	doch	negative[17]	_	
5-27	855-859	klar	negative[17]	_	
5-28	860-861	,	negative[17]	_	
5-29	862-865	das	negative[17]	_	
5-30	866-872	konnte	negative[17]	_	
5-31	873-878	nicht	negative[17]	_	
5-32	879-887	gutgeh'n	negative[17]	_	
5-33	888-889	.	_	_	
5-34	890-893	ich	neutral[18]	_	
5-35	894-898	mach	neutral[18]	_	
5-36	898-899	'	neutral[18]	_	
5-37	900-903	mir	neutral[18]	_	
5-38	904-910	nichts	neutral[18]	_	
5-39	911-914	aus	neutral[18]	_	
5-40	915-922	Alkohol	neutral[18]	Gesundheit/Drogen	
5-41	923-924	,	_	_	
5-42	925-929	doch	negative[19]	_	
5-43	930-932	du	negative[19]	_	
5-44	933-938	warst	negative[19]	_	
5-45	939-946	dauernd	negative[19]	_	
5-46	947-951	voll	negative[19]	Gesundheit/Drogen	
5-47	951-952	.	_	_	
