#FORMAT=WebAnno TSV 3.2
#T_SP=webanno.custom.Sentiment|Polarity
#T_SP=webanno.custom.Topic|Topics


#Text=Du sagst: Was soll'n wir noch reden, es wäre fest beschlossen und ich merkte, du hattest die süße Sucht schon voll in mich reingeschossen.
1-1	0-2	Du	neutral[1]	_	
1-2	3-8	sagst	neutral[1]	_	
1-3	8-9	:	neutral[1]	_	
1-4	10-13	Was	neutral[1]	_	
1-5	14-20	soll'n	neutral[1]	_	
1-6	21-24	wir	neutral[1]	_	
1-7	25-29	noch	neutral[1]	_	
1-8	30-35	reden	neutral[1]	_	
1-9	35-36	,	neutral[1]	_	
1-10	37-39	es	neutral[1]	_	
1-11	40-44	wäre	neutral[1]	_	
1-12	45-49	fest	neutral[1]	_	
1-13	50-61	beschlossen	neutral[1]	_	
1-14	62-65	und	neutral[1]	_	
1-15	66-69	ich	neutral[1]	_	
1-16	70-76	merkte	neutral[1]	_	
1-17	76-77	,	neutral[1]	_	
1-18	78-80	du	neutral[1]	_	
1-19	81-88	hattest	neutral[1]	_	
1-20	89-92	die	neutral[1]	_	
1-21	93-97	süße	neutral[1]	Liebe/Partnerschaft[12]	
1-22	98-103	Sucht	neutral[1]	Liebe/Partnerschaft[12]	
1-23	104-109	schon	neutral[1]	_	
1-24	110-114	voll	neutral[1]	_	
1-25	115-117	in	neutral[1]	_	
1-26	118-122	mich	neutral[1]	_	
1-27	123-137	reingeschossen	neutral[1]	_	
1-28	137-138	.	neutral[1]	_	

#Text=Ich wollte noch schrei'n: für so'n Mund braucht man doch 'nen Waffenschein, doch du murmeltest was von "illegal", dann umarmten wir uns, als wär's das letzte Mal.
2-1	139-142	Ich	negative[2]	_	
2-2	143-149	wollte	negative[2]	_	
2-3	150-154	noch	negative[2]	_	
2-4	155-163	schrei'n	negative[2]	_	
2-5	163-164	:	negative[2]	_	
2-6	165-168	für	negative[2]	_	
2-7	169-173	so'n	negative[2]	_	
2-8	174-178	Mund	negative[2]	_	
2-9	179-186	braucht	negative[2]	_	
2-10	187-190	man	negative[2]	_	
2-11	191-195	doch	negative[2]	_	
2-12	196-197	'	negative[2]	_	
2-13	197-200	nen	negative[2]	_	
2-14	201-213	Waffenschein	negative[2]	Politik/Soziales/Missstände	
2-15	213-214	,	_	_	
2-16	215-219	doch	neutral[3]	_	
2-17	220-222	du	neutral[3]	_	
2-18	223-233	murmeltest	neutral[3]	_	
2-19	234-237	was	neutral[3]	_	
2-20	238-241	von	neutral[3]	_	
2-21	242-243	"	neutral[3]	_	
2-22	243-250	illegal	neutral[3]	Politik/Soziales/Missstände	
2-23	250-251	"	neutral[3]	_	
2-24	251-252	,	neutral[3]	_	
2-25	253-257	dann	neutral[3]	_	
2-26	258-266	umarmten	neutral[3]	Liebe/Partnerschaft	
2-27	267-270	wir	neutral[3]	_	
2-28	271-274	uns	neutral[3]	_	
2-29	274-275	,	neutral[3]	_	
2-30	276-279	als	neutral[3]	_	
2-31	280-285	wär's	neutral[3]	_	
2-32	286-289	das	neutral[3]	_	
2-33	290-296	letzte	neutral[3]	_	
2-34	297-300	Mal	neutral[3]	_	
2-35	300-301	.	neutral[3]	_	

#Text=So wie du mich berührt hast, so wie du mich verführt hast und ich sofort in hellen Flammen stand.
3-1	306-308	So	positive[4]	_	
3-2	309-312	wie	positive[4]	_	
3-3	313-315	du	positive[4]	_	
3-4	316-320	mich	positive[4]	Liebe/Partnerschaft[13]	
3-5	321-328	berührt	positive[4]	Liebe/Partnerschaft[13]	
3-6	329-333	hast	positive[4]	_	
3-7	333-334	,	positive[4]	_	
3-8	335-337	so	positive[4]	_	
3-9	338-341	wie	positive[4]	_	
3-10	342-344	du	positive[4]	_	
3-11	345-349	mich	positive[4]	_	
3-12	350-358	verführt	positive[4]	Liebe/Partnerschaft	
3-13	359-363	hast	positive[4]	_	
3-14	364-367	und	positive[4]	_	
3-15	368-371	ich	positive[4]	_	
3-16	372-378	sofort	positive[4]	_	
3-17	379-381	in	positive[4]	_	
3-18	382-388	hellen	positive[4]	_	
3-19	389-396	Flammen	positive[4]	_	
3-20	397-402	stand	positive[4]	_	
3-21	402-403	.	_	_	

#Text=Und als wir uns küssten - radikale Extremisten, wie Verdurstende nach Monaten im heißen Wüstensand.
4-1	404-407	Und	positive[5]	_	
4-2	408-411	als	positive[5]	_	
4-3	412-415	wir	positive[5]	_	
4-4	416-419	uns	positive[5]	_	
4-5	420-427	küssten	positive[5]	Liebe/Partnerschaft	
4-6	428-429	-	positive[5]	_	
4-7	430-438	radikale	positive[5]	Politik/Soziales/Missstände[14]	
4-8	439-450	Extremisten	positive[5]	Politik/Soziales/Missstände[14]	
4-9	450-451	,	positive[5]	_	
4-10	452-455	wie	positive[5]	_	
4-11	456-468	Verdurstende	positive[5]	_	
4-12	469-473	nach	positive[5]	_	
4-13	474-481	Monaten	positive[5]	_	
4-14	482-484	im	positive[5]	_	
4-15	485-491	heißen	positive[5]	_	
4-16	492-502	Wüstensand	positive[5]	_	
4-17	502-503	.	_	_	

#Text=So wie Du mich ansahst, ich merkte sofort, da galten dieselben Gesetze für uns.
5-1	508-510	So	positive[6]	_	
5-2	511-514	wie	positive[6]	_	
5-3	515-517	Du	positive[6]	_	
5-4	518-522	mich	positive[6]	_	
5-5	523-530	ansahst	positive[6]	_	
5-6	530-531	,	positive[6]	_	
5-7	532-535	ich	positive[6]	_	
5-8	536-542	merkte	positive[6]	_	
5-9	543-549	sofort	positive[6]	_	
5-10	549-550	,	positive[6]	_	
5-11	551-553	da	positive[6]	_	
5-12	554-560	galten	positive[6]	_	
5-13	561-570	dieselben	positive[6]	_	
5-14	571-578	Gesetze	positive[6]	Politik/Soziales/Missstände	
5-15	579-582	für	positive[6]	_	
5-16	583-586	uns	positive[6]	_	
5-17	586-587	.	_	_	

#Text=Wir waren uns einig - ohne ein Wort.
6-1	588-591	Wir	neutral[7]	_	
6-2	592-597	waren	neutral[7]	_	
6-3	598-601	uns	neutral[7]	_	
6-4	602-607	einig	neutral[7]	_	
6-5	608-609	-	neutral[7]	_	
6-6	610-614	ohne	neutral[7]	_	
6-7	615-618	ein	neutral[7]	_	
6-8	619-623	Wort	neutral[7]	_	
6-9	623-624	.	_	_	

#Text=Wenn du was willst, dann gibt's keine Fragen, dann gehst du los und holst es dir.
7-1	625-629	Wenn	positive[8]	_	
7-2	630-632	du	positive[8]	_	
7-3	633-636	was	positive[8]	_	
7-4	637-643	willst	positive[8]	_	
7-5	643-644	,	positive[8]	_	
7-6	645-649	dann	positive[8]	_	
7-7	650-656	gibt's	positive[8]	_	
7-8	657-662	keine	positive[8]	_	
7-9	663-669	Fragen	positive[8]	_	
7-10	669-670	,	positive[8]	_	
7-11	671-675	dann	positive[8]	_	
7-12	676-681	gehst	positive[8]	_	
7-13	682-684	du	positive[8]	_	
7-14	685-688	los	positive[8]	_	
7-15	689-692	und	positive[8]	_	
7-16	693-698	holst	positive[8]	_	
7-17	699-701	es	positive[8]	_	
7-18	702-705	dir	positive[8]	_	
7-19	705-706	.	_	_	

#Text=Ich bin genauso, deshalb gehör' ich zu dir und du zu mir.
8-1	707-710	Ich	neutral[9]	_	
8-2	711-714	bin	neutral[9]	_	
8-3	715-722	genauso	neutral[9]	_	
8-4	722-723	,	neutral[9]	_	
8-5	724-731	deshalb	neutral[9]	Liebe/Partnerschaft[15]	
8-6	732-737	gehör	neutral[9]	Liebe/Partnerschaft[15]	
8-7	737-738	'	neutral[9]	Liebe/Partnerschaft[15]	
8-8	739-742	ich	neutral[9]	Liebe/Partnerschaft[15]	
8-9	743-745	zu	neutral[9]	Liebe/Partnerschaft[15]	
8-10	746-749	dir	neutral[9]	Liebe/Partnerschaft[15]	
8-11	750-753	und	neutral[9]	Liebe/Partnerschaft[15]	
8-12	754-756	du	neutral[9]	Liebe/Partnerschaft[15]	
8-13	757-759	zu	neutral[9]	Liebe/Partnerschaft[15]	
8-14	760-763	mir	neutral[9]	Liebe/Partnerschaft[15]	
8-15	763-764	.	_	_	

#Text=So wie du mich berührt hast, so wie du mich verführt hast und ich sofort in hellen Flammen stand.
9-1	769-771	So	positive[10]	_	
9-2	772-775	wie	positive[10]	_	
9-3	776-778	du	positive[10]	_	
9-4	779-783	mich	positive[10]	Liebe/Partnerschaft[16]	
9-5	784-791	berührt	positive[10]	Liebe/Partnerschaft[16]	
9-6	792-796	hast	positive[10]	_	
9-7	796-797	,	positive[10]	_	
9-8	798-800	so	positive[10]	_	
9-9	801-804	wie	positive[10]	_	
9-10	805-807	du	positive[10]	_	
9-11	808-812	mich	positive[10]	_	
9-12	813-821	verführt	positive[10]	Liebe/Partnerschaft	
9-13	822-826	hast	positive[10]	_	
9-14	827-830	und	positive[10]	_	
9-15	831-834	ich	positive[10]	_	
9-16	835-841	sofort	positive[10]	_	
9-17	842-844	in	positive[10]	_	
9-18	845-851	hellen	positive[10]	_	
9-19	852-859	Flammen	positive[10]	_	
9-20	860-865	stand	positive[10]	_	
9-21	865-866	.	positive[10]	_	

#Text=Und als wir uns küssten - radikale Extremisten, wie Verdurstende nach Monaten im heißen Wüstensand.
10-1	867-870	Und	positive[11]	_	
10-2	871-874	als	positive[11]	_	
10-3	875-878	wir	positive[11]	_	
10-4	879-882	uns	positive[11]	_	
10-5	883-890	küssten	positive[11]	Liebe/Partnerschaft	
10-6	891-892	-	positive[11]	_	
10-7	893-901	radikale	positive[11]	Politik/Soziales/Missstände[17]	
10-8	902-913	Extremisten	positive[11]	Politik/Soziales/Missstände[17]	
10-9	913-914	,	positive[11]	_	
10-10	915-918	wie	positive[11]	_	
10-11	919-931	Verdurstende	positive[11]	_	
10-12	932-936	nach	positive[11]	_	
10-13	937-944	Monaten	positive[11]	_	
10-14	945-947	im	positive[11]	_	
10-15	948-954	heißen	positive[11]	_	
10-16	955-965	Wüstensand	positive[11]	_	
10-17	965-966	.	positive[11]	_	
