#FORMAT=WebAnno TSV 3.2
#T_SP=webanno.custom.Sentiment|Polarity
#T_SP=webanno.custom.Topic|Topics


#Text=Wenn die Welt mal wieder untergeht und Vulkane exlodieren.
1-1	0-4	Wenn	neutral[1]	_	
1-2	5-8	die	neutral[1]	Politik/Soziales/Missstände[19]	
1-3	9-13	Welt	neutral[1]	Politik/Soziales/Missstände[19]	
1-4	14-17	mal	neutral[1]	Politik/Soziales/Missstände[19]	
1-5	18-24	wieder	neutral[1]	Politik/Soziales/Missstände[19]	
1-6	25-34	untergeht	neutral[1]	Politik/Soziales/Missstände[19]	
1-7	35-38	und	neutral[1]	_	
1-8	39-46	Vulkane	neutral[1]	Politik/Soziales/Missstände[20]	
1-9	47-57	exlodieren	neutral[1]	Politik/Soziales/Missstände[20]	
1-10	57-58	.	neutral[1]	_	

#Text=Mir die Sintflut bis zum Halse steht und die Zeitgeister kapitulieren.
2-1	59-62	Mir	negative[2]	_	
2-2	63-66	die	negative[2]	_	
2-3	67-75	Sintflut	negative[2]	Politik/Soziales/Missstände[21]	
2-4	76-79	bis	negative[2]	Politik/Soziales/Missstände[21]	
2-5	80-83	zum	negative[2]	Politik/Soziales/Missstände[21]	
2-6	84-89	Halse	negative[2]	Politik/Soziales/Missstände[21]	
2-7	90-95	steht	negative[2]	Politik/Soziales/Missstände[21]	
2-8	96-99	und	negative[2]	_	
2-9	100-103	die	negative[2]	_	
2-10	104-115	Zeitgeister	negative[2]	Politik/Soziales/Missstände[22]	
2-11	116-128	kapitulieren	negative[2]	Politik/Soziales/Missstände[22]	
2-12	128-129	.	negative[2]	_	

#Text=Und ich fühl mich umzingelt von der Menschenarmee, schlaue Schnacker wohin ich auch seh' und die wollen mir erzählen von Hamburg bis Laos, wo es lang geht in diesem Chaos.
3-1	130-133	Und	negative[3]	_	
3-2	134-137	ich	negative[3]	_	
3-3	138-142	fühl	negative[3]	_	
3-4	143-147	mich	negative[3]	_	
3-5	148-157	umzingelt	negative[3]	Politik/Soziales/Missstände[23]	
3-6	158-161	von	negative[3]	Politik/Soziales/Missstände[23]	
3-7	162-165	der	negative[3]	Politik/Soziales/Missstände[23]	
3-8	166-179	Menschenarmee	negative[3]	Politik/Soziales/Missstände[23]	
3-9	179-180	,	negative[3]	_	
3-10	181-188	schlaue	negative[3]	Politik/Soziales/Missstände[24]	
3-11	189-198	Schnacker	negative[3]	Politik/Soziales/Missstände[24]	
3-12	199-204	wohin	negative[3]	_	
3-13	205-208	ich	negative[3]	_	
3-14	209-213	auch	negative[3]	_	
3-15	214-217	seh	negative[3]	_	
3-16	217-218	'	negative[3]	_	
3-17	219-222	und	negative[3]	_	
3-18	223-226	die	negative[3]	_	
3-19	227-233	wollen	negative[3]	_	
3-20	234-237	mir	negative[3]	_	
3-21	238-246	erzählen	negative[3]	_	
3-22	247-250	von	negative[3]	Reisen[25]	
3-23	251-258	Hamburg	negative[3]	Reisen[25]	
3-24	259-262	bis	negative[3]	Reisen[25]	
3-25	263-267	Laos	negative[3]	Reisen[25]	
3-26	267-268	,	negative[3]	_	
3-27	269-271	wo	negative[3]	_	
3-28	272-274	es	negative[3]	_	
3-29	275-279	lang	negative[3]	_	
3-30	280-284	geht	negative[3]	_	
3-31	285-287	in	negative[3]	_	
3-32	288-294	diesem	negative[3]	_	
3-33	295-300	Chaos	negative[3]	_	
3-34	300-301	.	negative[3]	_	

#Text=Und dann bin ich so frei und sag: Hören Sie mal, Mann, lecken Sie sich selber – an meinen Arsch kommen Sie nicht
#Text=                            ran.
4-1	306-309	Und	negative[4]	_	
4-2	310-314	dann	negative[4]	_	
4-3	315-318	bin	negative[4]	_	
4-4	319-322	ich	negative[4]	_	
4-5	323-325	so	negative[4]	_	
4-6	326-330	frei	negative[4]	_	
4-7	331-334	und	negative[4]	_	
4-8	335-338	sag	negative[4]	_	
4-9	338-339	:	negative[4]	_	
4-10	340-345	Hören	negative[4]	_	
4-11	346-349	Sie	negative[4]	_	
4-12	350-353	mal	negative[4]	_	
4-13	353-354	,	negative[4]	_	
4-14	355-359	Mann	negative[4]	_	
4-15	359-360	,	negative[4]	_	
4-16	361-367	lecken	negative[4]	Politik/Soziales/Missstände[26]	
4-17	368-371	Sie	negative[4]	Politik/Soziales/Missstände[26]	
4-18	372-376	sich	negative[4]	Politik/Soziales/Missstände[26]	
4-19	377-383	selber	negative[4]	Politik/Soziales/Missstände[26]	
4-20	384-385	–	negative[4]	_	
4-21	386-388	an	negative[4]	_	
4-22	389-395	meinen	negative[4]	_	
4-23	396-401	Arsch	negative[4]	_	
4-24	402-408	kommen	negative[4]	_	
4-25	409-412	Sie	negative[4]	_	
4-26	413-418	nicht	negative[4]	_	
4-27	447-450	ran	negative[4]	_	
4-28	450-451	.	negative[4]	_	

#Text=Und nerven Sie mich nicht mit Ihren Lappalien ich bin der König von Scheißegalien.
5-1	452-455	Und	negative[5]	_	
5-2	456-462	nerven	negative[5]	Persönliches/Emotionen[27]	
5-3	463-466	Sie	negative[5]	Persönliches/Emotionen[27]	
5-4	467-471	mich	negative[5]	Persönliches/Emotionen[27]	
5-5	472-477	nicht	negative[5]	Persönliches/Emotionen[27]	
5-6	478-481	mit	negative[5]	_	
5-7	482-487	Ihren	negative[5]	_	
5-8	488-497	Lappalien	negative[5]	Politik/Soziales/Missstände	
5-9	498-501	ich	negative[5]	_	
5-10	502-505	bin	negative[5]	_	
5-11	506-509	der	negative[5]	_	
5-12	510-515	König	negative[5]	Politik/Soziales/Missstände[28]	
5-13	516-519	von	negative[5]	Politik/Soziales/Missstände[28]	
5-14	520-533	Scheißegalien	negative[5]	Politik/Soziales/Missstände[28]	
5-15	533-534	.	negative[5]	_	

#Text=Ich bin der König von Scheißegalien, König von Scheißegalien.
6-1	539-542	Ich	neutral[6]	_	
6-2	543-546	bin	neutral[6]	_	
6-3	547-550	der	neutral[6]	_	
6-4	551-556	König	neutral[6]	Politik/Soziales/Missstände[29]	
6-5	557-560	von	neutral[6]	Politik/Soziales/Missstände[29]	
6-6	561-574	Scheißegalien	neutral[6]	Politik/Soziales/Missstände[29]	
6-7	574-575	,	neutral[6]	_	
6-8	576-581	König	neutral[6]	Politik/Soziales/Missstände[30]	
6-9	582-585	von	neutral[6]	Politik/Soziales/Missstände[30]	
6-10	586-599	Scheißegalien	neutral[6]	Politik/Soziales/Missstände[30]	
6-11	599-600	.	neutral[6]	_	

#Text=Nerv mich nicht mit deinen Lappalien, König von Scheißegalien.
7-1	601-605	Nerv	negative[7]	Persönliches/Emotionen[31]	
7-2	606-610	mich	negative[7]	Persönliches/Emotionen[31]	
7-3	611-616	nicht	negative[7]	Persönliches/Emotionen[31]	
7-4	617-620	mit	negative[7]	_	
7-5	621-627	deinen	negative[7]	_	
7-6	628-637	Lappalien	negative[7]	Politik/Soziales/Missstände	
7-7	637-638	,	negative[7]	_	
7-8	639-644	König	negative[7]	Politik/Soziales/Missstände[32]	
7-9	645-648	von	negative[7]	Politik/Soziales/Missstände[32]	
7-10	649-662	Scheißegalien	negative[7]	Politik/Soziales/Missstände[32]	
7-11	662-663	.	negative[7]	_	

#Text=Die Frau, mit der man tausendmal schlief, schreibt Dir n läppischen Abschiedsbrief.
8-1	668-671	Die	negative[8]	_	
8-2	672-676	Frau	negative[8]	_	
8-3	676-677	,	negative[8]	_	
8-4	678-681	mit	negative[8]	Liebe/Partnerschaft[33]	
8-5	682-685	der	negative[8]	Liebe/Partnerschaft[33]	
8-6	686-689	man	negative[8]	Liebe/Partnerschaft[33]	
8-7	690-700	tausendmal	negative[8]	Liebe/Partnerschaft[33]	
8-8	701-708	schlief	negative[8]	Liebe/Partnerschaft[33]	
8-9	708-709	,	negative[8]	_	
8-10	710-718	schreibt	negative[8]	_	
8-11	719-722	Dir	negative[8]	_	
8-12	723-724	n	negative[8]	_	
8-13	725-735	läppischen	negative[8]	_	
8-14	736-750	Abschiedsbrief	negative[8]	_	
8-15	750-751	.	negative[8]	_	

#Text=Wenn sie die Biege macht und mit dir bricht und der neue Fredi grinst dir gemein ins Gesicht.
9-1	752-756	Wenn	negative[9]	_	
9-2	757-760	sie	negative[9]	_	
9-3	761-764	die	negative[9]	_	
9-4	765-770	Biege	negative[9]	_	
9-5	771-776	macht	negative[9]	_	
9-6	777-780	und	negative[9]	_	
9-7	781-784	mit	negative[9]	_	
9-8	785-788	dir	negative[9]	_	
9-9	789-795	bricht	negative[9]	_	
9-10	796-799	und	negative[9]	_	
9-11	800-803	der	negative[9]	_	
9-12	804-808	neue	negative[9]	_	
9-13	809-814	Fredi	negative[9]	_	
9-14	815-821	grinst	negative[9]	_	
9-15	822-825	dir	negative[9]	_	
9-16	826-832	gemein	negative[9]	Persönliches/Emotionen	
9-17	833-836	ins	negative[9]	_	
9-18	837-844	Gesicht	negative[9]	_	
9-19	844-845	.	negative[9]	_	

#Text=Dann fängst du zu kotzen an und es geht dir so miese.
10-1	846-850	Dann	negative[10]	_	
10-2	851-857	fängst	negative[10]	_	
10-3	858-860	du	negative[10]	_	
10-4	861-863	zu	negative[10]	_	
10-5	864-870	kotzen	negative[10]	Persönliches/Emotionen	
10-6	871-873	an	negative[10]	_	
10-7	874-877	und	negative[10]	_	
10-8	878-880	es	negative[10]	Persönliches/Emotionen[34]	
10-9	881-885	geht	negative[10]	Persönliches/Emotionen[34]	
10-10	886-889	dir	negative[10]	Persönliches/Emotionen[34]	
10-11	890-892	so	negative[10]	Persönliches/Emotionen[34]	
10-12	893-898	miese	negative[10]	Persönliches/Emotionen[34]	
10-13	898-899	.	negative[10]	_	

#Text=Und Du denkst, jetzt kommt die Endlife-Krise.
11-1	900-903	Und	negative[11]	_	
11-2	904-906	Du	negative[11]	_	
11-3	907-913	denkst	negative[11]	_	
11-4	913-914	,	negative[11]	_	
11-5	915-920	jetzt	negative[11]	_	
11-6	921-926	kommt	negative[11]	_	
11-7	927-930	die	negative[11]	_	
11-8	931-944	Endlife-Krise	negative[11]	Persönliches/Emotionen	
11-9	944-945	.	negative[11]	_	

#Text=Du holst dir'n Strick oder die Neunmillimeter, doch der Nervenarzt sagt: Killen Sie sich später.
12-1	946-948	Du	neutral[12]	_	
12-2	949-954	holst	neutral[12]	_	
12-3	955-960	dir'n	neutral[12]	_	
12-4	961-967	Strick	neutral[12]	Politik/Soziales/Missstände[35]	
12-5	968-972	oder	neutral[12]	Politik/Soziales/Missstände[35]	
12-6	973-976	die	neutral[12]	Politik/Soziales/Missstände[35]	
12-7	977-991	Neunmillimeter	neutral[12]	Politik/Soziales/Missstände[35]	
12-8	991-992	,	neutral[12]	_	
12-9	993-997	doch	neutral[12]	_	
12-10	998-1001	der	neutral[12]	_	
12-11	1002-1012	Nervenarzt	neutral[12]	Gesundheit/Drogen	
12-12	1013-1017	sagt	neutral[12]	_	
12-13	1017-1018	:	neutral[12]	_	
12-14	1019-1025	Killen	neutral[12]	_	
12-15	1026-1029	Sie	neutral[12]	_	
12-16	1030-1034	sich	neutral[12]	_	
12-17	1035-1041	später	neutral[12]	_	
12-18	1041-1042	.	neutral[12]	_	

#Text=Sie sind doch der  
#Text= 
#Text=König von Scheißegalien, König von Scheißegalien, König von Scheißegalien, da stehen Sie doch drüber, da fliegen Sie doch rüber.
13-1	1043-1046	Sie	neutral[13]	_	
13-2	1047-1051	sind	neutral[13]	_	
13-3	1052-1056	doch	neutral[13]	_	
13-4	1057-1060	der	neutral[13]	_	
13-5	1065-1070	König	neutral[13]	Politik/Soziales/Missstände[36]	
13-6	1071-1074	von	neutral[13]	Politik/Soziales/Missstände[36]	
13-7	1075-1088	Scheißegalien	neutral[13]	Politik/Soziales/Missstände[36]	
13-8	1088-1089	,	neutral[13]	_	
13-9	1090-1095	König	neutral[13]	Politik/Soziales/Missstände[37]	
13-10	1096-1099	von	neutral[13]	Politik/Soziales/Missstände[37]	
13-11	1100-1113	Scheißegalien	neutral[13]	Politik/Soziales/Missstände[37]	
13-12	1113-1114	,	neutral[13]	_	
13-13	1115-1120	König	neutral[13]	Politik/Soziales/Missstände[38]	
13-14	1121-1124	von	neutral[13]	Politik/Soziales/Missstände[38]	
13-15	1125-1138	Scheißegalien	neutral[13]	Politik/Soziales/Missstände[38]	
13-16	1138-1139	,	neutral[13]	_	
13-17	1140-1142	da	neutral[13]	Persönliches/Emotionen[39]	
13-18	1143-1149	stehen	neutral[13]	Persönliches/Emotionen[39]	
13-19	1150-1153	Sie	neutral[13]	Persönliches/Emotionen[39]	
13-20	1154-1158	doch	neutral[13]	Persönliches/Emotionen[39]	
13-21	1159-1165	drüber	neutral[13]	Persönliches/Emotionen[39]	
13-22	1165-1166	,	neutral[13]	_	
13-23	1167-1169	da	neutral[13]	_	
13-24	1170-1177	fliegen	neutral[13]	_	
13-25	1178-1181	Sie	neutral[13]	_	
13-26	1182-1186	doch	neutral[13]	_	
13-27	1187-1192	rüber	neutral[13]	_	
13-28	1192-1193	.	neutral[13]	_	

#Text=Auf’m Job da machst du dich reichlich krumm und da kommt dir so'n Oberfuzzi auch noch richtig dumm.
14-1	1198-1201	Auf	negative[14]	_	
14-2	1201-1202	’	negative[14]	_	
14-3	1202-1203	m	negative[14]	_	
14-4	1204-1207	Job	negative[14]	_	
14-5	1208-1210	da	negative[14]	_	
14-6	1211-1217	machst	negative[14]	_	
14-7	1218-1220	du	negative[14]	_	
14-8	1221-1225	dich	negative[14]	_	
14-9	1226-1235	reichlich	negative[14]	_	
14-10	1236-1241	krumm	negative[14]	_	
14-11	1242-1245	und	negative[14]	_	
14-12	1246-1248	da	negative[14]	_	
14-13	1249-1254	kommt	negative[14]	_	
14-14	1255-1258	dir	negative[14]	_	
14-15	1259-1263	so'n	negative[14]	_	
14-16	1264-1273	Oberfuzzi	negative[14]	Politik/Soziales/Missstände	
14-17	1274-1278	auch	negative[14]	_	
14-18	1279-1283	noch	negative[14]	_	
14-19	1284-1291	richtig	negative[14]	Persönliches/Emotionen[40]	
14-20	1292-1296	dumm	negative[14]	Persönliches/Emotionen[40]	
14-21	1296-1297	.	negative[14]	_	

#Text=Dann sagste: Nehmen sie ihre Meinung und falten sie sie klein und dann schieben sie sie da rein, wo die Sonne nie scheint.
15-1	1298-1302	Dann	negative[15]	_	
15-2	1303-1309	sagste	negative[15]	_	
15-3	1309-1310	:	negative[15]	_	
15-4	1311-1317	Nehmen	negative[15]	_	
15-5	1318-1321	sie	negative[15]	_	
15-6	1322-1326	ihre	negative[15]	_	
15-7	1327-1334	Meinung	negative[15]	_	
15-8	1335-1338	und	negative[15]	_	
15-9	1339-1345	falten	negative[15]	_	
15-10	1346-1349	sie	negative[15]	_	
15-11	1350-1353	sie	negative[15]	_	
15-12	1354-1359	klein	negative[15]	_	
15-13	1360-1363	und	negative[15]	_	
15-14	1364-1368	dann	negative[15]	_	
15-15	1369-1377	schieben	negative[15]	_	
15-16	1378-1381	sie	negative[15]	_	
15-17	1382-1385	sie	negative[15]	_	
15-18	1386-1388	da	negative[15]	_	
15-19	1389-1393	rein	negative[15]	_	
15-20	1393-1394	,	negative[15]	_	
15-21	1395-1397	wo	negative[15]	_	
15-22	1398-1401	die	negative[15]	_	
15-23	1402-1407	Sonne	negative[15]	_	
15-24	1408-1411	nie	negative[15]	_	
15-25	1412-1419	scheint	negative[15]	_	
15-26	1419-1420	.	negative[15]	_	

#Text=Ich bin der König von Scheißegalien, König von Scheißegalien.
16-1	1425-1428	Ich	neutral[16]	_	
16-2	1429-1432	bin	neutral[16]	_	
16-3	1433-1436	der	neutral[16]	_	
16-4	1437-1442	König	neutral[16]	Politik/Soziales/Missstände[41]	
16-5	1443-1446	von	neutral[16]	Politik/Soziales/Missstände[41]	
16-6	1447-1460	Scheißegalien	neutral[16]	Politik/Soziales/Missstände[41]	
16-7	1460-1461	,	neutral[16]	_	
16-8	1462-1467	König	neutral[16]	Politik/Soziales/Missstände[42]	
16-9	1468-1471	von	neutral[16]	Politik/Soziales/Missstände[42]	
16-10	1472-1485	Scheißegalien	neutral[16]	Politik/Soziales/Missstände[42]	
16-11	1485-1486	.	neutral[16]	_	

#Text=Nerv mich nicht mit deinen Lappalien, König von Scheißegalien.
17-1	1487-1491	Nerv	negative[17]	Persönliches/Emotionen[43]	
17-2	1492-1496	mich	negative[17]	Persönliches/Emotionen[43]	
17-3	1497-1502	nicht	negative[17]	Persönliches/Emotionen[43]	
17-4	1503-1506	mit	negative[17]	_	
17-5	1507-1513	deinen	negative[17]	_	
17-6	1514-1523	Lappalien	negative[17]	Politik/Soziales/Missstände	
17-7	1523-1524	,	negative[17]	_	
17-8	1525-1530	König	negative[17]	Politik/Soziales/Missstände[44]	
17-9	1531-1534	von	negative[17]	Politik/Soziales/Missstände[44]	
17-10	1535-1548	Scheißegalien	negative[17]	Politik/Soziales/Missstände[44]	
17-11	1548-1549	.	negative[17]	_	

#Text=Ich bin der König von Scheißegalien, König von Scheißegalien, König von Scheißegalien.
18-1	1554-1557	Ich	neutral[18]	_	
18-2	1558-1561	bin	neutral[18]	_	
18-3	1562-1565	der	neutral[18]	_	
18-4	1566-1571	König	neutral[18]	Politik/Soziales/Missstände[45]	
18-5	1572-1575	von	neutral[18]	Politik/Soziales/Missstände[45]	
18-6	1576-1589	Scheißegalien	neutral[18]	Politik/Soziales/Missstände[45]	
18-7	1589-1590	,	neutral[18]	_	
18-8	1591-1596	König	neutral[18]	Politik/Soziales/Missstände[46]	
18-9	1597-1600	von	neutral[18]	Politik/Soziales/Missstände[46]	
18-10	1601-1614	Scheißegalien	neutral[18]	Politik/Soziales/Missstände[46]	
18-11	1614-1615	,	neutral[18]	_	
18-12	1616-1621	König	neutral[18]	Politik/Soziales/Missstände[47]	
18-13	1622-1625	von	neutral[18]	Politik/Soziales/Missstände[47]	
18-14	1626-1639	Scheißegalien	neutral[18]	Politik/Soziales/Missstände[47]	
18-15	1639-1640	.	neutral[18]	_	
