#FORMAT=WebAnno TSV 3.2
#T_SP=webanno.custom.Sentiment|Polarity
#T_SP=webanno.custom.Topic|Topics


#Text=Seltsame Szenen, Nebelschwadenbilder, noch nie dagewesene Situationen.
1-1	0-8	Seltsame	neutral[1]	_	
1-2	9-15	Szenen	neutral[1]	_	
1-3	15-16	,	neutral[1]	_	
1-4	17-36	Nebelschwadenbilder	neutral[1]	Politik/Soziales/Missstände	
1-5	36-37	,	neutral[1]	_	
1-6	38-42	noch	neutral[1]	_	
1-7	43-46	nie	neutral[1]	_	
1-8	47-57	dagewesene	neutral[1]	_	
1-9	58-69	Situationen	neutral[1]	_	
1-10	69-70	.	neutral[1]	_	

#Text=Ganz fremd und doch irgendwie vertraut, als hätte man das schon mal erlebt.
2-1	71-75	Ganz	neutral[2]	Persönliches/Emotionen[10]	
2-2	76-81	fremd	neutral[2]	Persönliches/Emotionen[10]	
2-3	82-85	und	neutral[2]	_	
2-4	86-90	doch	neutral[2]	_	
2-5	91-100	irgendwie	neutral[2]	Persönliches/Emotionen[11]	
2-6	101-109	vertraut	neutral[2]	Persönliches/Emotionen[11]	
2-7	109-110	,	neutral[2]	_	
2-8	111-114	als	neutral[2]	_	
2-9	115-120	hätte	neutral[2]	_	
2-10	121-124	man	neutral[2]	_	
2-11	125-128	das	neutral[2]	_	
2-12	129-134	schon	neutral[2]	Persönliches/Emotionen[12]	
2-13	135-138	mal	neutral[2]	Persönliches/Emotionen[12]	
2-14	139-145	erlebt	neutral[2]	Persönliches/Emotionen[12]	
2-15	145-146	.	neutral[2]	_	

#Text=In den dunklen tiefen Gängen der Vergangenheit, ein Hauch Erinnerung zieht durch das Labyrinth der Zeit.
3-1	151-153	In	neutral[3]	_	
3-2	154-157	den	neutral[3]	_	
3-3	158-165	dunklen	neutral[3]	Persönliches/Emotionen[13]	
3-4	166-172	tiefen	neutral[3]	Persönliches/Emotionen[13]	
3-5	173-179	Gängen	neutral[3]	Persönliches/Emotionen[13]	
3-6	180-183	der	neutral[3]	Persönliches/Emotionen[13]	
3-7	184-197	Vergangenheit	neutral[3]	Persönliches/Emotionen[13]	
3-8	197-198	,	neutral[3]	_	
3-9	199-202	ein	neutral[3]	Persönliches/Emotionen[14]	
3-10	203-208	Hauch	neutral[3]	Persönliches/Emotionen[14]	
3-11	209-219	Erinnerung	neutral[3]	Persönliches/Emotionen[14]	
3-12	220-225	zieht	neutral[3]	_	
3-13	226-231	durch	neutral[3]	_	
3-14	232-235	das	neutral[3]	_	
3-15	236-245	Labyrinth	neutral[3]	Persönliches/Emotionen[15]	
3-16	246-249	der	neutral[3]	Persönliches/Emotionen[15]	
3-17	250-254	Zeit	neutral[3]	Persönliches/Emotionen[15]	
3-18	254-255	.	neutral[3]	_	

#Text=Vor Millionen Jahren, Blume im Lavasee, unter meinen Wurzeln ein brennender Planet.
4-1	256-259	Vor	neutral[4]	_	
4-2	260-269	Millionen	neutral[4]	_	
4-3	270-276	Jahren	neutral[4]	_	
4-4	276-277	,	neutral[4]	_	
4-5	278-283	Blume	neutral[4]	_	
4-6	284-286	im	neutral[4]	_	
4-7	287-294	Lavasee	neutral[4]	_	
4-8	294-295	,	neutral[4]	_	
4-9	296-301	unter	neutral[4]	_	
4-10	302-308	meinen	neutral[4]	_	
4-11	309-316	Wurzeln	neutral[4]	_	
4-12	317-320	ein	neutral[4]	Politik/Soziales/Missstände[16]	
4-13	321-331	brennender	neutral[4]	Politik/Soziales/Missstände[16]	
4-14	332-338	Planet	neutral[4]	Politik/Soziales/Missstände[16]	
4-15	338-339	.	neutral[4]	_	

#Text=Vielleicht existiert jedes Leben immer weiter, nur die Formen verändern sich.
5-1	344-354	Vielleicht	neutral[5]	_	
5-2	355-364	existiert	neutral[5]	_	
5-3	365-370	jedes	neutral[5]	_	
5-4	371-376	Leben	neutral[5]	_	
5-5	377-382	immer	neutral[5]	_	
5-6	383-389	weiter	neutral[5]	_	
5-7	389-390	,	neutral[5]	_	
5-8	391-394	nur	neutral[5]	_	
5-9	395-398	die	neutral[5]	_	
5-10	399-405	Formen	neutral[5]	_	
5-11	406-415	verändern	neutral[5]	_	
5-12	416-420	sich	neutral[5]	_	
5-13	420-421	.	neutral[5]	_	

#Text=Ich, die Libelle in glühenden Wolken, gleißendes Sonnenlicht fiel auf mich.
6-1	422-425	Ich	neutral[6]	_	
6-2	425-426	,	neutral[6]	_	
6-3	427-430	die	neutral[6]	_	
6-4	431-438	Libelle	neutral[6]	_	
6-5	439-441	in	neutral[6]	_	
6-6	442-451	glühenden	neutral[6]	Politik/Soziales/Missstände[17]	
6-7	452-458	Wolken	neutral[6]	Politik/Soziales/Missstände[17]	
6-8	458-459	,	neutral[6]	_	
6-9	460-470	gleißendes	neutral[6]	Politik/Soziales/Missstände[18]	
6-10	471-482	Sonnenlicht	neutral[6]	Politik/Soziales/Missstände[18]	
6-11	483-487	fiel	neutral[6]	_	
6-12	488-491	auf	neutral[6]	_	
6-13	492-496	mich	neutral[6]	_	
6-14	496-497	.	neutral[6]	_	

#Text=Ich lebte mit den Wüstenwölfen, ich war ein Fisch im Ozean, ich ritt auf einem Dinosaurier durchs Reich der Vierten Dimension.
7-1	498-501	Ich	neutral[7]	_	
7-2	502-507	lebte	neutral[7]	_	
7-3	508-511	mit	neutral[7]	_	
7-4	512-515	den	neutral[7]	_	
7-5	516-528	Wüstenwölfen	neutral[7]	_	
7-6	528-529	,	neutral[7]	_	
7-7	530-533	ich	neutral[7]	_	
7-8	534-537	war	neutral[7]	_	
7-9	538-541	ein	neutral[7]	_	
7-10	542-547	Fisch	neutral[7]	_	
7-11	548-550	im	neutral[7]	_	
7-12	551-556	Ozean	neutral[7]	_	
7-13	556-557	,	neutral[7]	_	
7-14	558-561	ich	neutral[7]	_	
7-15	562-566	ritt	neutral[7]	_	
7-16	567-570	auf	neutral[7]	_	
7-17	571-576	einem	neutral[7]	_	
7-18	577-588	Dinosaurier	neutral[7]	_	
7-19	589-595	durchs	neutral[7]	_	
7-20	596-601	Reich	neutral[7]	Politik/Soziales/Missstände[19]	
7-21	602-605	der	neutral[7]	Politik/Soziales/Missstände[19]	
7-22	606-613	Vierten	neutral[7]	Politik/Soziales/Missstände[19]	
7-23	614-623	Dimension	neutral[7]	Politik/Soziales/Missstände[19]	
7-24	623-624	.	neutral[7]	_	

#Text=In den dunklen tiefen Gängen der Vergangenheit, ein Hauch Erinnerung zieht durch das Labyrinth der Zeit.
8-1	629-631	In	neutral[8]	_	
8-2	632-635	den	neutral[8]	_	
8-3	636-643	dunklen	neutral[8]	Persönliches/Emotionen[20]	
8-4	644-650	tiefen	neutral[8]	Persönliches/Emotionen[20]	
8-5	651-657	Gängen	neutral[8]	Persönliches/Emotionen[20]	
8-6	658-661	der	neutral[8]	Persönliches/Emotionen[20]	
8-7	662-675	Vergangenheit	neutral[8]	Persönliches/Emotionen[20]	
8-8	675-676	,	neutral[8]	_	
8-9	677-680	ein	neutral[8]	Persönliches/Emotionen[21]	
8-10	681-686	Hauch	neutral[8]	Persönliches/Emotionen[21]	
8-11	687-697	Erinnerung	neutral[8]	Persönliches/Emotionen[21]	
8-12	698-703	zieht	neutral[8]	_	
8-13	704-709	durch	neutral[8]	_	
8-14	710-713	das	neutral[8]	_	
8-15	714-723	Labyrinth	neutral[8]	Persönliches/Emotionen[22]	
8-16	724-727	der	neutral[8]	Persönliches/Emotionen[22]	
8-17	728-732	Zeit	neutral[8]	Persönliches/Emotionen[22]	
8-18	732-733	.	neutral[8]	_	

#Text=Vor Millionen Jahren, Vogel im Farbenrausch, unter meinen Flügeln ein tosender Vulkan.
9-1	734-737	Vor	neutral[9]	_	
9-2	738-747	Millionen	neutral[9]	_	
9-3	748-754	Jahren	neutral[9]	_	
9-4	754-755	,	neutral[9]	_	
9-5	756-761	Vogel	neutral[9]	_	
9-6	762-764	im	neutral[9]	_	
9-7	765-777	Farbenrausch	neutral[9]	_	
9-8	777-778	,	neutral[9]	_	
9-9	779-784	unter	neutral[9]	_	
9-10	785-791	meinen	neutral[9]	_	
9-11	792-799	Flügeln	neutral[9]	_	
9-12	800-803	ein	neutral[9]	_	
9-13	804-812	tosender	neutral[9]	Politik/Soziales/Missstände[23]	
9-14	813-819	Vulkan	neutral[9]	Politik/Soziales/Missstände[23]	
9-15	819-820	.	neutral[9]	_	
