#FORMAT=WebAnno TSV 3.2
#T_SP=webanno.custom.Sentiment|Polarity
#T_SP=webanno.custom.Topic|Topics


#Text=Mit zitternden Händen hält sie den eingeschriebenen Brief und ihr Herz hämmert los und wühlt im Magen ganz tief.
1-1	0-3	Mit	negative[1]	_	
1-2	4-14	zitternden	negative[1]	Persönliches/Emotionen[12]	
1-3	15-21	Händen	negative[1]	Persönliches/Emotionen[12]	
1-4	22-26	hält	negative[1]	_	
1-5	27-30	sie	negative[1]	_	
1-6	31-34	den	negative[1]	_	
1-7	35-51	eingeschriebenen	negative[1]	_	
1-8	52-57	Brief	negative[1]	_	
1-9	58-61	und	negative[1]	_	
1-10	62-65	ihr	negative[1]	_	
1-11	66-70	Herz	negative[1]	Liebe/Partnerschaft[13]	
1-12	71-78	hämmert	negative[1]	Liebe/Partnerschaft[13]	
1-13	79-82	los	negative[1]	Liebe/Partnerschaft[13]	
1-14	83-86	und	negative[1]	_	
1-15	87-92	wühlt	negative[1]	_	
1-16	93-95	im	negative[1]	_	
1-17	96-101	Magen	negative[1]	_	
1-18	102-106	ganz	negative[1]	_	
1-19	107-111	tief	negative[1]	_	
1-20	111-112	.	negative[1]	_	

#Text=Der Brief kam heute Mittag, und die Tränen sind so groß, der Brief von ihrer größten Liebe, von Herrn Gerhard Gnadenlos.
2-1	113-116	Der	negative[2]	_	
2-2	117-122	Brief	negative[2]	_	
2-3	123-126	kam	negative[2]	_	
2-4	127-132	heute	negative[2]	_	
2-5	133-139	Mittag	negative[2]	_	
2-6	139-140	,	negative[2]	_	
2-7	141-144	und	negative[2]	_	
2-8	145-148	die	negative[2]	_	
2-9	149-155	Tränen	negative[2]	Persönliches/Emotionen	
2-10	156-160	sind	negative[2]	_	
2-11	161-163	so	negative[2]	_	
2-12	164-168	groß	negative[2]	_	
2-13	168-169	,	negative[2]	_	
2-14	170-173	der	negative[2]	_	
2-15	174-179	Brief	negative[2]	_	
2-16	180-183	von	negative[2]	_	
2-17	184-189	ihrer	negative[2]	_	
2-18	190-197	größten	negative[2]	Liebe/Partnerschaft[14]	
2-19	198-203	Liebe	negative[2]	Liebe/Partnerschaft[14]	
2-20	203-204	,	negative[2]	_	
2-21	205-208	von	negative[2]	_	
2-22	209-214	Herrn	negative[2]	_	
2-23	215-222	Gerhard	negative[2]	_	
2-24	223-232	Gnadenlos	negative[2]	_	
2-25	232-233	.	negative[2]	_	

#Text=Betrifft: Gefühle fest im Griff.
3-1	238-246	Betrifft	neutral[3]	_	
3-2	246-247	:	neutral[3]	_	
3-3	248-255	Gefühle	neutral[3]	Persönliches/Emotionen[15]	
3-4	256-260	fest	neutral[3]	Persönliches/Emotionen[15]	
3-5	261-263	im	neutral[3]	Persönliches/Emotionen[15]	
3-6	264-269	Griff	neutral[3]	Persönliches/Emotionen[15]	
3-7	269-270	.	neutral[3]	_	

#Text=Ich bezieh' mich diesbezüglich auf die Zeit, die sehr vergnüglich.
4-1	275-278	Ich	positive[4]	_	
4-2	279-285	bezieh	positive[4]	_	
4-3	285-286	'	positive[4]	_	
4-4	287-291	mich	positive[4]	_	
4-5	292-305	diesbezüglich	positive[4]	_	
4-6	306-309	auf	positive[4]	_	
4-7	310-313	die	positive[4]	_	
4-8	314-318	Zeit	positive[4]	_	
4-9	318-319	,	positive[4]	_	
4-10	320-323	die	positive[4]	_	
4-11	324-328	sehr	positive[4]	Persönliches/Emotionen[16]	
4-12	329-340	vergnüglich	positive[4]	Persönliches/Emotionen[16]	
4-13	340-341	.	positive[4]	_	

#Text=Ihr geschätztes Angebot, mit mir durchs Leben zu gehen, hab' ich sorgfältig geprüft - nein, das geht mir doch zu weit, also abschlägiger Bescheid, ich bitte, das zu verstehen.
5-1	342-345	Ihr	neutral[5]	_	
5-2	346-357	geschätztes	neutral[5]	_	
5-3	358-365	Angebot	neutral[5]	_	
5-4	365-366	,	neutral[5]	_	
5-5	367-370	mit	neutral[5]	Liebe/Partnerschaft[17]	
5-6	371-374	mir	neutral[5]	Liebe/Partnerschaft[17]	
5-7	375-381	durchs	neutral[5]	Liebe/Partnerschaft[17]	
5-8	382-387	Leben	neutral[5]	Liebe/Partnerschaft[17]	
5-9	388-390	zu	neutral[5]	Liebe/Partnerschaft[17]	
5-10	391-396	gehen	neutral[5]	Liebe/Partnerschaft[17]	
5-11	396-397	,	neutral[5]	_	
5-12	398-401	hab	neutral[5]	_	
5-13	401-402	'	neutral[5]	_	
5-14	403-406	ich	neutral[5]	_	
5-15	407-417	sorgfältig	neutral[5]	_	
5-16	418-425	geprüft	neutral[5]	_	
5-17	426-427	-	_	_	
5-18	428-432	nein	neutral[6]	_	
5-19	432-433	,	neutral[6]	_	
5-20	434-437	das	neutral[6]	_	
5-21	438-442	geht	neutral[6]	_	
5-22	443-446	mir	neutral[6]	_	
5-23	447-451	doch	neutral[6]	_	
5-24	452-454	zu	neutral[6]	_	
5-25	455-459	weit	neutral[6]	_	
5-26	459-460	,	neutral[6]	_	
5-27	461-465	also	neutral[6]	_	
5-28	466-478	abschlägiger	neutral[6]	_	
5-29	479-487	Bescheid	neutral[6]	_	
5-30	487-488	,	neutral[6]	_	
5-31	489-492	ich	neutral[6]	_	
5-32	493-498	bitte	neutral[6]	_	
5-33	498-499	,	neutral[6]	_	
5-34	500-503	das	neutral[6]	_	
5-35	504-506	zu	neutral[6]	_	
5-36	507-516	verstehen	neutral[6]	_	
5-37	516-517	.	neutral[6]	_	

#Text=Sekretärin: "Chef, wenn Sie dann bitte weiterdiktieren würden und brauchen Sie noch eine Abschrift?"
6-1	522-532	Sekretärin	neutral[7]	_	
6-2	532-533	:	neutral[7]	_	
6-3	534-535	"	neutral[7]	_	
6-4	535-539	Chef	neutral[7]	Politik/Soziales/Missstände	
6-5	539-540	,	neutral[7]	_	
6-6	541-545	wenn	neutral[7]	_	
6-7	546-549	Sie	neutral[7]	_	
6-8	550-554	dann	neutral[7]	_	
6-9	555-560	bitte	neutral[7]	_	
6-10	561-576	weiterdiktieren	neutral[7]	_	
6-11	577-583	würden	neutral[7]	_	
6-12	584-587	und	neutral[7]	_	
6-13	588-596	brauchen	neutral[7]	_	
6-14	597-600	Sie	neutral[7]	_	
6-15	601-605	noch	neutral[7]	_	
6-16	606-610	eine	neutral[7]	_	
6-17	611-620	Abschrift	neutral[7]	_	
6-18	620-621	?	neutral[7]	_	
6-19	621-622	"	neutral[7]	_	

#Text=Zur Abwendung der Firmenpleite schieb' ich Herzenssachen besser zur Seite.
7-1	627-630	Zur	negative[8]	_	
7-2	631-640	Abwendung	negative[8]	_	
7-3	641-644	der	negative[8]	_	
7-4	645-657	Firmenpleite	negative[8]	Politik/Soziales/Missstände	
7-5	658-664	schieb	negative[8]	_	
7-6	664-665	'	negative[8]	_	
7-7	666-669	ich	negative[8]	_	
7-8	670-683	Herzenssachen	negative[8]	Liebe/Partnerschaft	
7-9	684-690	besser	negative[8]	_	
7-10	691-694	zur	negative[8]	_	
7-11	695-700	Seite	negative[8]	_	
7-12	700-701	.	negative[8]	_	

#Text=Für einen Mann in meiner Position ist es besser, er bleibt ohne.
8-1	702-705	Für	neutral[9]	_	
8-2	706-711	einen	neutral[9]	_	
8-3	712-716	Mann	neutral[9]	_	
8-4	717-719	in	neutral[9]	_	
8-5	720-726	meiner	neutral[9]	_	
8-6	727-735	Position	neutral[9]	_	
8-7	736-739	ist	neutral[9]	_	
8-8	740-742	es	neutral[9]	_	
8-9	743-749	besser	neutral[9]	_	
8-10	749-750	,	neutral[9]	_	
8-11	751-753	er	neutral[9]	_	
8-12	754-760	bleibt	neutral[9]	_	
8-13	761-765	ohne	neutral[9]	_	
8-14	765-766	.	neutral[9]	_	

#Text=Wir kommen vielleicht gelegentlich nochmal auf Sie zurück, bis dahin wünschen wir Ihnen das volle große Glück und helfen Ihnen gerne nach Kräften bei Ihren künftigen Gefühlsgeschäften.
9-1	767-770	Wir	positive[10]	_	
9-2	771-777	kommen	positive[10]	_	
9-3	778-788	vielleicht	positive[10]	_	
9-4	789-801	gelegentlich	positive[10]	_	
9-5	802-809	nochmal	positive[10]	_	
9-6	810-813	auf	positive[10]	_	
9-7	814-817	Sie	positive[10]	_	
9-8	818-824	zurück	positive[10]	_	
9-9	824-825	,	positive[10]	_	
9-10	826-829	bis	positive[10]	_	
9-11	830-835	dahin	positive[10]	_	
9-12	836-844	wünschen	positive[10]	_	
9-13	845-848	wir	positive[10]	_	
9-14	849-854	Ihnen	positive[10]	_	
9-15	855-858	das	positive[10]	Liebe/Partnerschaft[18]	
9-16	859-864	volle	positive[10]	Liebe/Partnerschaft[18]	
9-17	865-870	große	positive[10]	Liebe/Partnerschaft[18]	
9-18	871-876	Glück	positive[10]	Liebe/Partnerschaft[18]	
9-19	877-880	und	positive[10]	_	
9-20	881-887	helfen	positive[10]	_	
9-21	888-893	Ihnen	positive[10]	_	
9-22	894-899	gerne	positive[10]	_	
9-23	900-904	nach	positive[10]	_	
9-24	905-912	Kräften	positive[10]	_	
9-25	913-916	bei	positive[10]	_	
9-26	917-922	Ihren	positive[10]	_	
9-27	923-932	künftigen	positive[10]	_	
9-28	933-950	Gefühlsgeschäften	positive[10]	Liebe/Partnerschaft	
9-29	950-951	.	positive[10]	_	

#Text=Mein Herz ist total vereist (nach Diktat verreist).
10-1	956-960	Mein	negative[11]	_	
10-2	961-965	Herz	negative[11]	Liebe/Partnerschaft[19]	
10-3	966-969	ist	negative[11]	Liebe/Partnerschaft[19]	
10-4	970-975	total	negative[11]	Liebe/Partnerschaft[19]	
10-5	976-983	vereist	negative[11]	Liebe/Partnerschaft[19]	
10-6	984-985	(	negative[11]	_	
10-7	985-989	nach	negative[11]	_	
10-8	990-996	Diktat	negative[11]	_	
10-9	997-1005	verreist	negative[11]	_	
10-10	1005-1006	)	negative[11]	_	
10-11	1006-1007	.	negative[11]	_	
