#FORMAT=WebAnno TSV 3.2
#T_SP=webanno.custom.Sentiment|Polarity
#T_SP=webanno.custom.Topic|Topics


#Text=Hoch im Norden, hinter den Deichen bin ich geboren, immer nur Wasser, ganz viele Fische, Möwengeschrei und Meeresrauschen in meinen Ohren.
1-1	0-4	Hoch	neutral[1]	Reisen[10]	
1-2	5-7	im	neutral[1]	Reisen[10]	
1-3	8-14	Norden	neutral[1]	Reisen[10]	
1-4	14-15	,	neutral[1]	_	
1-5	16-22	hinter	neutral[1]	_	
1-6	23-26	den	neutral[1]	_	
1-7	27-34	Deichen	neutral[1]	Reisen	
1-8	35-38	bin	neutral[1]	_	
1-9	39-42	ich	neutral[1]	_	
1-10	43-50	geboren	neutral[1]	_	
1-11	50-51	,	neutral[1]	_	
1-12	52-57	immer	neutral[1]	_	
1-13	58-61	nur	neutral[1]	_	
1-14	62-68	Wasser	neutral[1]	_	
1-15	68-69	,	neutral[1]	_	
1-16	70-74	ganz	neutral[1]	_	
1-17	75-80	viele	neutral[1]	_	
1-18	81-87	Fische	neutral[1]	_	
1-19	87-88	,	neutral[1]	_	
1-20	89-102	Möwengeschrei	neutral[1]	Reisen	
1-21	103-106	und	neutral[1]	_	
1-22	107-121	Meeresrauschen	neutral[1]	Reisen	
1-23	122-124	in	neutral[1]	_	
1-24	125-131	meinen	neutral[1]	_	
1-25	132-137	Ohren	neutral[1]	_	
1-26	137-138	.	neutral[1]	_	

#Text=Und mein Vater war Schipper und fluchte, wenn Sturm war, denn dann konnt' er nicht raus auf See.
2-1	139-142	Und	negative[2]	_	
2-2	143-147	mein	negative[2]	_	
2-3	148-153	Vater	negative[2]	_	
2-4	154-157	war	negative[2]	_	
2-5	158-166	Schipper	negative[2]	Reisen	
2-6	167-170	und	negative[2]	_	
2-7	171-178	fluchte	negative[2]	_	
2-8	178-179	,	negative[2]	_	
2-9	180-184	wenn	negative[2]	_	
2-10	185-190	Sturm	negative[2]	_	
2-11	191-194	war	negative[2]	_	
2-12	194-195	,	negative[2]	_	
2-13	196-200	denn	negative[2]	_	
2-14	201-205	dann	negative[2]	_	
2-15	206-211	konnt	negative[2]	_	
2-16	211-212	'	negative[2]	_	
2-17	213-215	er	negative[2]	_	
2-18	216-221	nicht	negative[2]	_	
2-19	222-226	raus	negative[2]	Reisen[11]	
2-20	227-230	auf	negative[2]	Reisen[11]	
2-21	231-234	See	negative[2]	Reisen[11]	
2-22	234-235	.	negative[2]	_	

#Text=Und dann ging er zu Herrn Hansen, der der Chef vom Leuchtturm war, und der sagte: "Keine Panik auf der Titanic, jetzt trinken wir erst mal einen Rum mit Tee."
3-1	236-239	Und	positive[3]	_	
3-2	240-244	dann	positive[3]	_	
3-3	245-249	ging	positive[3]	_	
3-4	250-252	er	positive[3]	_	
3-5	253-255	zu	positive[3]	_	
3-6	256-261	Herrn	positive[3]	_	
3-7	262-268	Hansen	positive[3]	_	
3-8	268-269	,	positive[3]	_	
3-9	270-273	der	positive[3]	_	
3-10	274-277	der	positive[3]	_	
3-11	278-282	Chef	positive[3]	_	
3-12	283-286	vom	positive[3]	_	
3-13	287-297	Leuchtturm	positive[3]	Reisen	
3-14	298-301	war	positive[3]	_	
3-15	301-302	,	positive[3]	_	
3-16	303-306	und	positive[3]	_	
3-17	307-310	der	positive[3]	_	
3-18	311-316	sagte	positive[3]	_	
3-19	316-317	:	positive[3]	_	
3-20	318-319	"	positive[3]	_	
3-21	319-324	Keine	positive[3]	Persönliches/Emotionen[12]	
3-22	325-330	Panik	positive[3]	Persönliches/Emotionen[12]	
3-23	331-334	auf	positive[3]	_	
3-24	335-338	der	positive[3]	_	
3-25	339-346	Titanic	positive[3]	Reisen	
3-26	346-347	,	positive[3]	_	
3-27	348-353	jetzt	positive[3]	_	
3-28	354-361	trinken	positive[3]	_	
3-29	362-365	wir	positive[3]	_	
3-30	366-370	erst	positive[3]	_	
3-31	371-374	mal	positive[3]	_	
3-32	375-380	einen	positive[3]	_	
3-33	381-384	Rum	positive[3]	Gesundheit/Drogen[13]	
3-34	385-388	mit	positive[3]	Gesundheit/Drogen[13]	
3-35	389-392	Tee	positive[3]	Gesundheit/Drogen[13]	
3-36	392-393	.	positive[3]	_	
3-37	393-394	"	positive[3]	_	

#Text=Und ich verbrachte meine Tage am Nordseedünensand, bin jahrelang tagtäglich am Deich entlang gerannt und Mutter brachte jeden Tag, und freitags ganz besonders Muschelzeug und Fisch auf den Tisch.
4-1	399-402	Und	neutral[4]	_	
4-2	403-406	ich	neutral[4]	_	
4-3	407-417	verbrachte	neutral[4]	_	
4-4	418-423	meine	neutral[4]	_	
4-5	424-428	Tage	neutral[4]	_	
4-6	429-431	am	neutral[4]	_	
4-7	432-448	Nordseedünensand	neutral[4]	Reisen	
4-8	448-449	,	neutral[4]	_	
4-9	450-453	bin	neutral[4]	_	
4-10	454-463	jahrelang	neutral[4]	_	
4-11	464-474	tagtäglich	neutral[4]	_	
4-12	475-477	am	neutral[4]	_	
4-13	478-483	Deich	neutral[4]	Reisen	
4-14	484-491	entlang	neutral[4]	_	
4-15	492-499	gerannt	neutral[4]	_	
4-16	500-503	und	neutral[4]	_	
4-17	504-510	Mutter	neutral[4]	_	
4-18	511-518	brachte	neutral[4]	_	
4-19	519-524	jeden	neutral[4]	_	
4-20	525-528	Tag	neutral[4]	_	
4-21	528-529	,	neutral[4]	_	
4-22	530-533	und	neutral[4]	_	
4-23	534-542	freitags	neutral[4]	_	
4-24	543-547	ganz	neutral[4]	_	
4-25	548-557	besonders	neutral[4]	_	
4-26	558-569	Muschelzeug	neutral[4]	_	
4-27	570-573	und	neutral[4]	_	
4-28	574-579	Fisch	neutral[4]	_	
4-29	580-583	auf	neutral[4]	_	
4-30	584-587	den	neutral[4]	_	
4-31	588-593	Tisch	neutral[4]	_	
4-32	593-594	.	neutral[4]	_	

#Text=Ja, es war ja auch ganz schön, und das Klima ist gesund und doch hab ich mir gedacht hier wirst Du auf die Dauer nur Schipper oder Bauer, hier kommst du ganz allmählich auf den Seehund.
5-1	599-601	Ja	negative[5]	_	
5-2	601-602	,	negative[5]	_	
5-3	603-605	es	negative[5]	_	
5-4	606-609	war	negative[5]	_	
5-5	610-612	ja	negative[5]	_	
5-6	613-617	auch	negative[5]	_	
5-7	618-622	ganz	negative[5]	Persönliches/Emotionen[14]	
5-8	623-628	schön	negative[5]	Persönliches/Emotionen[14]	
5-9	628-629	,	negative[5]	_	
5-10	630-633	und	negative[5]	_	
5-11	634-637	das	negative[5]	_	
5-12	638-643	Klima	negative[5]	Gesundheit/Drogen[15]	
5-13	644-647	ist	negative[5]	Gesundheit/Drogen[15]	
5-14	648-654	gesund	negative[5]	Gesundheit/Drogen[15]	
5-15	655-658	und	negative[5]	_	
5-16	659-663	doch	negative[5]	_	
5-17	664-667	hab	negative[5]	_	
5-18	668-671	ich	negative[5]	_	
5-19	672-675	mir	negative[5]	_	
5-20	676-683	gedacht	negative[5]	_	
5-21	684-688	hier	negative[5]	_	
5-22	689-694	wirst	negative[5]	_	
5-23	695-697	Du	negative[5]	_	
5-24	698-701	auf	negative[5]	_	
5-25	702-705	die	negative[5]	_	
5-26	706-711	Dauer	negative[5]	_	
5-27	712-715	nur	negative[5]	_	
5-28	716-724	Schipper	negative[5]	_	
5-29	725-729	oder	negative[5]	_	
5-30	730-735	Bauer	negative[5]	_	
5-31	735-736	,	negative[5]	_	
5-32	737-741	hier	negative[5]	_	
5-33	742-748	kommst	negative[5]	_	
5-34	749-751	du	negative[5]	_	
5-35	752-756	ganz	negative[5]	_	
5-36	757-767	allmählich	negative[5]	_	
5-37	768-771	auf	negative[5]	_	
5-38	772-775	den	negative[5]	_	
5-39	776-783	Seehund	negative[5]	_	
5-40	783-784	.	negative[5]	_	

#Text=Und als ich so um sechzehn war, da hatte ich genug, da nahm ich den nächstbesten nach Süden fahrenden Zug.
6-1	785-788	Und	neutral[6]	_	
6-2	789-792	als	neutral[6]	_	
6-3	793-796	ich	neutral[6]	_	
6-4	797-799	so	neutral[6]	_	
6-5	800-802	um	neutral[6]	_	
6-6	803-811	sechzehn	neutral[6]	_	
6-7	812-815	war	neutral[6]	_	
6-8	815-816	,	neutral[6]	_	
6-9	817-819	da	neutral[6]	Persönliches/Emotionen[16]	
6-10	820-825	hatte	neutral[6]	Persönliches/Emotionen[16]	
6-11	826-829	ich	neutral[6]	Persönliches/Emotionen[16]	
6-12	830-835	genug	neutral[6]	Persönliches/Emotionen[16]	
6-13	835-836	,	neutral[6]	_	
6-14	837-839	da	neutral[6]	_	
6-15	840-844	nahm	neutral[6]	_	
6-16	845-848	ich	neutral[6]	_	
6-17	849-852	den	neutral[6]	_	
6-18	853-865	nächstbesten	neutral[6]	_	
6-19	866-870	nach	neutral[6]	Reisen[17]	
6-20	871-876	Süden	neutral[6]	Reisen[17]	
6-21	877-886	fahrenden	neutral[6]	Reisen[17]	
6-22	887-890	Zug	neutral[6]	Reisen[17]	
6-23	890-891	.	neutral[6]	_	

#Text=Und nun sitz' ich hier im Süden und so toll ist es hier auch nicht und eine viel zu heiße Sonne knallt mir ins Gesicht.
7-1	896-899	Und	negative[7]	_	
7-2	900-903	nun	negative[7]	_	
7-3	904-908	sitz	negative[7]	_	
7-4	908-909	'	negative[7]	_	
7-5	910-913	ich	negative[7]	_	
7-6	914-918	hier	negative[7]	_	
7-7	919-921	im	negative[7]	Reisen[18]	
7-8	922-927	Süden	negative[7]	Reisen[18]	
7-9	928-931	und	negative[7]	_	
7-10	932-934	so	negative[7]	Persönliches/Emotionen[19]	
7-11	935-939	toll	negative[7]	Persönliches/Emotionen[19]	
7-12	940-943	ist	negative[7]	Persönliches/Emotionen[19]	
7-13	944-946	es	negative[7]	Persönliches/Emotionen[19]	
7-14	947-951	hier	negative[7]	Persönliches/Emotionen[19]	
7-15	952-956	auch	negative[7]	Persönliches/Emotionen[19]	
7-16	957-962	nicht	negative[7]	Persönliches/Emotionen[19]	
7-17	963-966	und	negative[7]	_	
7-18	967-971	eine	negative[7]	_	
7-19	972-976	viel	negative[7]	_	
7-20	977-979	zu	negative[7]	_	
7-21	980-985	heiße	negative[7]	_	
7-22	986-991	Sonne	negative[7]	_	
7-23	992-998	knallt	negative[7]	_	
7-24	999-1002	mir	negative[7]	_	
7-25	1003-1006	ins	negative[7]	_	
7-26	1007-1014	Gesicht	negative[7]	_	
7-27	1014-1015	.	negative[7]	_	

#Text=Nein, das Gelbe ist es auch nicht und ich muss so schrecklich schwitzen.
8-1	1016-1020	Nein	negative[8]	_	
8-2	1020-1021	,	negative[8]	_	
8-3	1022-1025	das	negative[8]	_	
8-4	1026-1031	Gelbe	negative[8]	_	
8-5	1032-1035	ist	negative[8]	_	
8-6	1036-1038	es	negative[8]	_	
8-7	1039-1043	auch	negative[8]	_	
8-8	1044-1049	nicht	negative[8]	_	
8-9	1050-1053	und	negative[8]	_	
8-10	1054-1057	ich	negative[8]	_	
8-11	1058-1062	muss	negative[8]	_	
8-12	1063-1065	so	negative[8]	_	
8-13	1066-1077	schrecklich	negative[8]	Persönliches/Emotionen[20]	
8-14	1078-1087	schwitzen	negative[8]	Persönliches/Emotionen[20]	
8-15	1087-1088	.	_	_	

#Text=Ach, wie gern würde ich mal wieder auf einer Nordseedüne sitzen.
9-1	1089-1092	Ach	positive[9]	_	
9-2	1092-1093	,	positive[9]	_	
9-3	1094-1097	wie	positive[9]	_	
9-4	1098-1102	gern	positive[9]	_	
9-5	1103-1108	würde	positive[9]	_	
9-6	1109-1112	ich	positive[9]	_	
9-7	1113-1116	mal	positive[9]	_	
9-8	1117-1123	wieder	positive[9]	_	
9-9	1124-1127	auf	positive[9]	_	
9-10	1128-1133	einer	positive[9]	_	
9-11	1134-1145	Nordseedüne	positive[9]	Reisen	
9-12	1146-1152	sitzen	positive[9]	_	
9-13	1152-1153	.	positive[9]	_	
