#FORMAT=WebAnno TSV 3.2
#T_SP=webanno.custom.Sentiment|Polarity
#T_SP=webanno.custom.Topic|Topics


#Text=Du sangst lange genug in der Badewanne  und dein Vibrato tropfte von den Fliesen, doch jetzt wasch es ab, das Zurückhaltefeeling  in den Abfluss mit den Komplexen, diesen miesen.
1-1	0-2	Du	negative[1]	_	
1-2	3-9	sangst	negative[1]	Musik	
1-3	10-15	lange	negative[1]	_	
1-4	16-21	genug	negative[1]	_	
1-5	22-24	in	negative[1]	_	
1-6	25-28	der	negative[1]	_	
1-7	29-38	Badewanne	negative[1]	_	
1-8	40-43	und	negative[1]	_	
1-9	44-48	dein	negative[1]	_	
1-10	49-56	Vibrato	negative[1]	Musik	
1-11	57-64	tropfte	negative[1]	_	
1-12	65-68	von	negative[1]	_	
1-13	69-72	den	negative[1]	_	
1-14	73-80	Fliesen	negative[1]	_	
1-15	80-81	,	negative[1]	_	
1-16	82-86	doch	negative[1]	_	
1-17	87-92	jetzt	negative[1]	_	
1-18	93-98	wasch	negative[1]	_	
1-19	99-101	es	negative[1]	_	
1-20	102-104	ab	negative[1]	_	
1-21	104-105	,	negative[1]	_	
1-22	106-109	das	negative[1]	_	
1-23	110-128	Zurückhaltefeeling	negative[1]	Persönliches/Emotionen	
1-24	130-132	in	negative[1]	_	
1-25	133-136	den	negative[1]	_	
1-26	137-144	Abfluss	negative[1]	_	
1-27	145-148	mit	negative[1]	_	
1-28	149-152	den	negative[1]	_	
1-29	153-162	Komplexen	negative[1]	Persönliches/Emotionen	
1-30	162-163	,	negative[1]	_	
1-31	164-170	diesen	negative[1]	_	
1-32	171-177	miesen	negative[1]	_	
1-33	177-178	.	negative[1]	_	

#Text=Jerry Lee Lewis zündet auch kein Klavier mehr an  und die Undergroundhelden, die wüsten, jetzt sind sie zahm  und die Himbeerbubenkapellen, die sind mir zu lahm.
2-1	183-188	Jerry	negative[2]	Musik[5]	
2-2	189-192	Lee	negative[2]	Musik[5]	
2-3	193-198	Lewis	negative[2]	Musik[5]	
2-4	199-205	zündet	negative[2]	_	
2-5	206-210	auch	negative[2]	_	
2-6	211-215	kein	negative[2]	_	
2-7	216-223	Klavier	negative[2]	Musik	
2-8	224-228	mehr	negative[2]	_	
2-9	229-231	an	negative[2]	_	
2-10	233-236	und	negative[2]	_	
2-11	237-240	die	negative[2]	_	
2-12	241-258	Undergroundhelden	negative[2]	Politik/Soziales/Missstände[6]	
2-13	258-259	,	negative[2]	Politik/Soziales/Missstände[6]	
2-14	260-263	die	negative[2]	Politik/Soziales/Missstände[6]	
2-15	264-270	wüsten	negative[2]	Politik/Soziales/Missstände[6]	
2-16	270-271	,	negative[2]	_	
2-17	272-277	jetzt	negative[2]	_	
2-18	278-282	sind	negative[2]	_	
2-19	283-286	sie	negative[2]	_	
2-20	287-291	zahm	negative[2]	_	
2-21	293-296	und	negative[2]	_	
2-22	297-300	die	negative[2]	_	
2-23	301-321	Himbeerbubenkapellen	negative[2]	Musik	
2-24	321-322	,	negative[2]	_	
2-25	323-326	die	negative[2]	_	
2-26	327-331	sind	negative[2]	_	
2-27	332-335	mir	negative[2]	_	
2-28	336-338	zu	negative[2]	_	
2-29	339-343	lahm	negative[2]	_	
2-30	343-344	.	negative[2]	_	

#Text=Komm, wir müssen mal wieder richtig  den Original-Orkan loslassen.
3-1	345-349	Komm	positive[3]	_	
3-2	349-350	,	positive[3]	_	
3-3	351-354	wir	positive[3]	_	
3-4	355-361	müssen	positive[3]	_	
3-5	362-365	mal	positive[3]	_	
3-6	366-372	wieder	positive[3]	_	
3-7	373-380	richtig	positive[3]	_	
3-8	382-385	den	positive[3]	_	
3-9	386-400	Original-Orkan	positive[3]	Musik[7]	
3-10	401-410	loslassen	positive[3]	Musik[7]	
3-11	410-411	.	positive[3]	_	

#Text=Ey, was meinst du?
4-1	416-418	Ey	neutral[4]	_	
4-2	418-419	,	neutral[4]	_	
4-3	420-423	was	neutral[4]	_	
4-4	424-430	meinst	neutral[4]	_	
4-5	431-433	du	neutral[4]	_	
4-6	433-434	?	neutral[4]	_	
