#FORMAT=WebAnno TSV 3.2
#T_SP=webanno.custom.Sentiment|Polarity
#T_SP=webanno.custom.Topic|Topics


#Text=Ein Junge wird geboren im Ghetto, ihr zehntes Kind, und die Mutter weint sehr, der Vater macht nur 100 Dollar netto, wie's weitergeht, manchmal weiß er's nicht mehr, es reicht gerade noch so eben zum Überleben.
1-1	0-3	Ein	negative[1]	_	
1-2	4-9	Junge	negative[1]	_	
1-3	10-14	wird	negative[1]	_	
1-4	15-22	geboren	negative[1]	_	
1-5	23-25	im	negative[1]	_	
1-6	26-32	Ghetto	negative[1]	Politik/Soziales/Missstände	
1-7	32-33	,	negative[1]	_	
1-8	34-37	ihr	negative[1]	_	
1-9	38-45	zehntes	negative[1]	_	
1-10	46-50	Kind	negative[1]	_	
1-11	50-51	,	negative[1]	_	
1-12	52-55	und	negative[1]	_	
1-13	56-59	die	negative[1]	_	
1-14	60-66	Mutter	negative[1]	_	
1-15	67-72	weint	negative[1]	Persönliches/Emotionen	
1-16	73-77	sehr	negative[1]	_	
1-17	77-78	,	_	_	
1-18	79-82	der	negative[2]	_	
1-19	83-88	Vater	negative[2]	_	
1-20	89-94	macht	negative[2]	_	
1-21	95-98	nur	negative[2]	Politik/Soziales/Missstände[11]	
1-22	99-102	100	negative[2]	Politik/Soziales/Missstände[11]	
1-23	103-109	Dollar	negative[2]	Politik/Soziales/Missstände[11]	
1-24	110-115	netto	negative[2]	Politik/Soziales/Missstände[11]	
1-25	115-116	,	negative[2]	_	
1-26	117-122	wie's	negative[2]	_	
1-27	123-133	weitergeht	negative[2]	_	
1-28	133-134	,	negative[2]	_	
1-29	135-143	manchmal	negative[2]	_	
1-30	144-148	weiß	negative[2]	_	
1-31	149-153	er's	negative[2]	_	
1-32	154-159	nicht	negative[2]	_	
1-33	160-164	mehr	negative[2]	_	
1-34	164-165	,	_	_	
1-35	166-168	es	negative[3]	_	
1-36	169-175	reicht	negative[3]	_	
1-37	176-182	gerade	negative[3]	_	
1-38	183-187	noch	negative[3]	_	
1-39	188-190	so	negative[3]	_	
1-40	191-195	eben	negative[3]	_	
1-41	196-199	zum	negative[3]	_	
1-42	200-209	Überleben	negative[3]	Politik/Soziales/Missstände	
1-43	209-210	.	_	_	

#Text=So wächst er auf, gehetzt, gejagt, getreten  und als er zehn ist, kennt er sich aus, weiß, wie man Autos knackt und Automaten, da holt er sich das Nötigste raus, ja es reicht immer nur so eben zum Überleben.
2-1	215-217	So	negative[4]	_	
2-2	218-224	wächst	negative[4]	_	
2-3	225-227	er	negative[4]	_	
2-4	228-231	auf	negative[4]	_	
2-5	231-232	,	negative[4]	_	
2-6	233-240	gehetzt	negative[4]	Politik/Soziales/Missstände[12]	
2-7	240-241	,	negative[4]	Politik/Soziales/Missstände[12]	
2-8	242-248	gejagt	negative[4]	Politik/Soziales/Missstände[12]	
2-9	248-249	,	negative[4]	Politik/Soziales/Missstände[12]	
2-10	250-258	getreten	negative[4]	Politik/Soziales/Missstände[12]	
2-11	260-263	und	negative[4]	_	
2-12	264-267	als	negative[4]	_	
2-13	268-270	er	negative[4]	_	
2-14	271-275	zehn	negative[4]	_	
2-15	276-279	ist	negative[4]	_	
2-16	279-280	,	negative[4]	_	
2-17	281-286	kennt	negative[4]	_	
2-18	287-289	er	negative[4]	_	
2-19	290-294	sich	negative[4]	_	
2-20	295-298	aus	negative[4]	_	
2-21	298-299	,	_	_	
2-22	300-304	weiß	neutral[5]	_	
2-23	304-305	,	neutral[5]	_	
2-24	306-309	wie	neutral[5]	_	
2-25	310-313	man	neutral[5]	_	
2-26	314-319	Autos	neutral[5]	Politik/Soziales/Missstände[13]	
2-27	320-326	knackt	neutral[5]	Politik/Soziales/Missstände[13]	
2-28	327-330	und	neutral[5]	_	
2-29	331-340	Automaten	neutral[5]	_	
2-30	340-341	,	_	_	
2-31	342-344	da	negative[6]	_	
2-32	345-349	holt	negative[6]	_	
2-33	350-352	er	negative[6]	_	
2-34	353-357	sich	negative[6]	_	
2-35	358-361	das	negative[6]	_	
2-36	362-370	Nötigste	negative[6]	_	
2-37	371-375	raus	negative[6]	_	
2-38	375-376	,	negative[6]	_	
2-39	377-379	ja	negative[6]	_	
2-40	380-382	es	negative[6]	_	
2-41	383-389	reicht	negative[6]	_	
2-42	390-395	immer	negative[6]	_	
2-43	396-399	nur	negative[6]	_	
2-44	400-402	so	negative[6]	_	
2-45	403-407	eben	negative[6]	_	
2-46	408-411	zum	negative[6]	_	
2-47	412-421	Überleben	negative[6]	Politik/Soziales/Missstände	
2-48	421-422	.	negative[6]	_	

#Text=Sie bolzen rum mit Konservendosen, sie hoffen alle, dass eins passiert, dass sie mal große Fußballstars werden  und dass der Ruhm sie aus dem Elend rauskatapultiert  oder Boxerking wie Ali  oder Sänger wie Stevie Wonder.
3-1	427-430	Sie	positive[7]	_	
3-2	431-437	bolzen	positive[7]	_	
3-3	438-441	rum	positive[7]	_	
3-4	442-445	mit	positive[7]	_	
3-5	446-460	Konservendosen	positive[7]	_	
3-6	460-461	,	positive[7]	_	
3-7	462-465	sie	positive[7]	_	
3-8	466-472	hoffen	positive[7]	_	
3-9	473-477	alle	positive[7]	_	
3-10	477-478	,	positive[7]	_	
3-11	479-483	dass	positive[7]	_	
3-12	484-488	eins	positive[7]	_	
3-13	489-497	passiert	positive[7]	_	
3-14	497-498	,	positive[7]	_	
3-15	499-503	dass	positive[7]	_	
3-16	504-507	sie	positive[7]	_	
3-17	508-511	mal	positive[7]	_	
3-18	512-517	große	positive[7]	Politik/Soziales/Missstände[14]	
3-19	518-530	Fußballstars	positive[7]	Politik/Soziales/Missstände[14]	
3-20	531-537	werden	positive[7]	_	
3-21	539-542	und	positive[7]	_	
3-22	543-547	dass	positive[7]	_	
3-23	548-551	der	positive[7]	_	
3-24	552-556	Ruhm	positive[7]	Politik/Soziales/Missstände	
3-25	557-560	sie	positive[7]	_	
3-26	561-564	aus	positive[7]	_	
3-27	565-568	dem	positive[7]	_	
3-28	569-574	Elend	positive[7]	Politik/Soziales/Missstände	
3-29	575-591	rauskatapultiert	positive[7]	_	
3-30	593-597	oder	positive[7]	_	
3-31	598-607	Boxerking	positive[7]	_	
3-32	608-611	wie	positive[7]	_	
3-33	612-615	Ali	positive[7]	_	
3-34	617-621	oder	positive[7]	_	
3-35	622-628	Sänger	positive[7]	Musik[15]	
3-36	629-632	wie	positive[7]	Musik[15]	
3-37	633-639	Stevie	positive[7]	Musik[15]	
3-38	640-646	Wonder	positive[7]	Musik[15]	
3-39	646-647	.	positive[7]	_	

#Text=Solche Träume halten nicht lange, vor'm Arbeitsamt 'ne riesige Schlange.
4-1	652-658	Solche	negative[8]	_	
4-2	659-665	Träume	negative[8]	_	
4-3	666-672	halten	negative[8]	_	
4-4	673-678	nicht	negative[8]	_	
4-5	679-684	lange	negative[8]	_	
4-6	684-685	,	negative[8]	_	
4-7	686-691	vor'm	negative[8]	_	
4-8	692-702	Arbeitsamt	negative[8]	Politik/Soziales/Missstände	
4-9	703-704	'	negative[8]	_	
4-10	704-706	ne	negative[8]	_	
4-11	707-714	riesige	negative[8]	_	
4-12	715-723	Schlange	negative[8]	_	
4-13	723-724	.	negative[8]	_	

#Text=Sie laden die Knarre im feuchten Keller  und nachts geh'n sie klauen, doch der Bulle schießt schneller -  Jetzt reicht es nicht mal mehr zum Überleben.
5-1	725-728	Sie	negative[9]	_	
5-2	729-734	laden	negative[9]	_	
5-3	735-738	die	negative[9]	_	
5-4	739-745	Knarre	negative[9]	Politik/Soziales/Missstände	
5-5	746-748	im	negative[9]	_	
5-6	749-757	feuchten	negative[9]	_	
5-7	758-764	Keller	negative[9]	_	
5-8	766-769	und	negative[9]	_	
5-9	770-776	nachts	negative[9]	_	
5-10	777-782	geh'n	negative[9]	_	
5-11	783-786	sie	negative[9]	_	
5-12	787-793	klauen	negative[9]	Politik/Soziales/Missstände	
5-13	793-794	,	_	_	
5-14	795-799	doch	negative[10]	_	
5-15	800-803	der	negative[10]	_	
5-16	804-809	Bulle	negative[10]	Politik/Soziales/Missstände	
5-17	810-817	schießt	negative[10]	_	
5-18	818-827	schneller	negative[10]	_	
5-19	828-829	-	negative[10]	_	
5-20	831-836	Jetzt	negative[10]	_	
5-21	837-843	reicht	negative[10]	_	
5-22	844-846	es	negative[10]	_	
5-23	847-852	nicht	negative[10]	_	
5-24	853-856	mal	negative[10]	_	
5-25	857-861	mehr	negative[10]	_	
5-26	862-865	zum	negative[10]	_	
5-27	866-875	Überleben	negative[10]	Politik/Soziales/Missstände	
5-28	875-876	.	negative[10]	_	
