#FORMAT=WebAnno TSV 3.2
#T_SP=webanno.custom.Sentiment|Polarity
#T_SP=webanno.custom.Topic|Topics


#Text=Ich bin gerast durch dieses Leben, bin geflogen aus den Kurven, hab' mich selber ausgeknockt und immer weiter gezockt.
1-1	0-3	Ich	neutral[1]	_	
1-2	4-7	bin	neutral[1]	Persönliches/Emotionen[18]	
1-3	8-14	gerast	neutral[1]	Persönliches/Emotionen[18]	
1-4	15-20	durch	neutral[1]	Persönliches/Emotionen[18]	
1-5	21-27	dieses	neutral[1]	Persönliches/Emotionen[18]	
1-6	28-33	Leben	neutral[1]	Persönliches/Emotionen[18]	
1-7	33-34	,	neutral[1]	_	
1-8	35-38	bin	neutral[1]	Persönliches/Emotionen[19]	
1-9	39-47	geflogen	neutral[1]	Persönliches/Emotionen[19]	
1-10	48-51	aus	neutral[1]	Persönliches/Emotionen[19]	
1-11	52-55	den	neutral[1]	Persönliches/Emotionen[19]	
1-12	56-62	Kurven	neutral[1]	Persönliches/Emotionen[19]	
1-13	62-63	,	neutral[1]	_	
1-14	64-67	hab	neutral[1]	_	
1-15	67-68	'	neutral[1]	_	
1-16	69-73	mich	neutral[1]	Gesundheit/Drogen[20]	
1-17	74-80	selber	neutral[1]	Gesundheit/Drogen[20]	
1-18	81-92	ausgeknockt	neutral[1]	Gesundheit/Drogen[20]	
1-19	93-96	und	neutral[1]	_	
1-20	97-102	immer	neutral[1]	_	
1-21	103-109	weiter	neutral[1]	Gesundheit/Drogen[21]	
1-22	110-117	gezockt	neutral[1]	Gesundheit/Drogen[21]	
1-23	117-118	.	neutral[1]	_	

#Text=Wo was los war - ich war da, war der Hexer in jeder Bar.
2-1	119-121	Wo	neutral[2]	_	
2-2	122-125	was	neutral[2]	_	
2-3	126-129	los	neutral[2]	_	
2-4	130-133	war	neutral[2]	_	
2-5	134-135	-	neutral[2]	_	
2-6	136-139	ich	neutral[2]	_	
2-7	140-143	war	neutral[2]	_	
2-8	144-146	da	neutral[2]	_	
2-9	146-147	,	neutral[2]	_	
2-10	148-151	war	neutral[2]	_	
2-11	152-155	der	neutral[2]	_	
2-12	156-161	Hexer	neutral[2]	_	
2-13	162-164	in	neutral[2]	_	
2-14	165-170	jeder	neutral[2]	_	
2-15	171-174	Bar	neutral[2]	Gesundheit/Drogen	
2-16	174-175	.	neutral[2]	_	

#Text=Ich war hinter jeder Grenze und so viel weiter.
3-1	176-179	Ich	neutral[3]	_	
3-2	180-183	war	neutral[3]	_	
3-3	184-190	hinter	neutral[3]	Reisen[22]	
3-4	191-196	jeder	neutral[3]	Reisen[22]	
3-5	197-203	Grenze	neutral[3]	Reisen[22]	
3-6	204-207	und	neutral[3]	_	
3-7	208-210	so	neutral[3]	Reisen[23]	
3-8	211-215	viel	neutral[3]	Reisen[23]	
3-9	216-222	weiter	neutral[3]	Reisen[23]	
3-10	222-223	.	neutral[3]	_	

#Text=Mann, ich hab' mich selber fast verlor'n, doch so'n Hero stürzt ab, steht auf und startet von vorn.
4-1	224-228	Mann	positive[4]	_	
4-2	228-229	,	positive[4]	_	
4-3	230-233	ich	positive[4]	_	
4-4	234-237	hab	positive[4]	_	
4-5	237-238	'	positive[4]	_	
4-6	239-243	mich	positive[4]	Persönliches/Emotionen[24]	
4-7	244-250	selber	positive[4]	Persönliches/Emotionen[24]	
4-8	251-255	fast	positive[4]	Persönliches/Emotionen[24]	
4-9	256-264	verlor'n	positive[4]	Persönliches/Emotionen[24]	
4-10	264-265	,	positive[4]	_	
4-11	266-270	doch	positive[4]	_	
4-12	271-275	so'n	positive[4]	_	
4-13	276-280	Hero	positive[4]	Persönliches/Emotionen	
4-14	281-287	stürzt	positive[4]	_	
4-15	288-290	ab	positive[4]	_	
4-16	290-291	,	positive[4]	_	
4-17	292-297	steht	positive[4]	_	
4-18	298-301	auf	positive[4]	_	
4-19	302-305	und	positive[4]	_	
4-20	306-313	startet	positive[4]	_	
4-21	314-317	von	positive[4]	_	
4-22	318-322	vorn	positive[4]	_	
4-23	322-323	.	positive[4]	_	

#Text=Doch du warst immer bei mir, irgendwie wie 'ne superstarke Melodie, die mich packte und nach Hause trug.
5-1	328-332	Doch	positive[5]	_	
5-2	333-335	du	positive[5]	_	
5-3	336-341	warst	positive[5]	Liebe/Partnerschaft[25]	
5-4	342-347	immer	positive[5]	Liebe/Partnerschaft[25]	
5-5	348-351	bei	positive[5]	Liebe/Partnerschaft[25]	
5-6	352-355	mir	positive[5]	Liebe/Partnerschaft[25]	
5-7	355-356	,	positive[5]	_	
5-8	357-366	irgendwie	positive[5]	_	
5-9	367-370	wie	positive[5]	_	
5-10	371-372	'	positive[5]	_	
5-11	372-374	ne	positive[5]	Musik[26]	
5-12	375-386	superstarke	positive[5]	Musik[26]	
5-13	387-394	Melodie	positive[5]	Musik[26]	
5-14	394-395	,	positive[5]	_	
5-15	396-399	die	positive[5]	_	
5-16	400-404	mich	positive[5]	_	
5-17	405-411	packte	positive[5]	_	
5-18	412-415	und	positive[5]	_	
5-19	416-420	nach	positive[5]	_	
5-20	421-426	Hause	positive[5]	_	
5-21	427-431	trug	positive[5]	_	
5-22	431-432	.	positive[5]	_	

#Text=Und du warst da, wenn ich am Boden lag und ganz egal, was ich auch tat, du hast mich niemals ausgebuht.
6-1	433-436	Und	positive[6]	_	
6-2	437-439	du	positive[6]	Liebe/Partnerschaft[27]	
6-3	440-445	warst	positive[6]	Liebe/Partnerschaft[27]	
6-4	446-448	da	positive[6]	Liebe/Partnerschaft[27]	
6-5	448-449	,	positive[6]	_	
6-6	450-454	wenn	positive[6]	_	
6-7	455-458	ich	positive[6]	_	
6-8	459-461	am	positive[6]	Persönliches/Emotionen[28]	
6-9	462-467	Boden	positive[6]	Persönliches/Emotionen[28]	
6-10	468-471	lag	positive[6]	Persönliches/Emotionen[28]	
6-11	472-475	und	positive[6]	_	
6-12	476-480	ganz	positive[6]	_	
6-13	481-485	egal	positive[6]	_	
6-14	485-486	,	positive[6]	_	
6-15	487-490	was	positive[6]	_	
6-16	491-494	ich	positive[6]	_	
6-17	495-499	auch	positive[6]	_	
6-18	500-503	tat	positive[6]	_	
6-19	503-504	,	positive[6]	_	
6-20	505-507	du	positive[6]	_	
6-21	508-512	hast	positive[6]	_	
6-22	513-517	mich	positive[6]	_	
6-23	518-525	niemals	positive[6]	Liebe/Partnerschaft[29]	
6-24	526-535	ausgebuht	positive[6]	Liebe/Partnerschaft[29]	
6-25	535-536	.	positive[6]	_	

#Text=Mille grazie, vor dir zieh' ich meinen Hut.
7-1	537-542	Mille	positive[7]	_	
7-2	543-549	grazie	positive[7]	_	
7-3	549-550	,	positive[7]	_	
7-4	551-554	vor	positive[7]	Persönliches/Emotionen[30]	
7-5	555-558	dir	positive[7]	Persönliches/Emotionen[30]	
7-6	559-563	zieh	positive[7]	Persönliches/Emotionen[30]	
7-7	563-564	'	positive[7]	Persönliches/Emotionen[30]	
7-8	565-568	ich	positive[7]	Persönliches/Emotionen[30]	
7-9	569-575	meinen	positive[7]	Persönliches/Emotionen[30]	
7-10	576-579	Hut	positive[7]	Persönliches/Emotionen[30]	
7-11	579-580	.	positive[7]	_	

#Text=Du warst immer für mich da auf'm Highway to Hell.
8-1	585-587	Du	positive[8]	Liebe/Partnerschaft[31]	
8-2	588-593	warst	positive[8]	Liebe/Partnerschaft[31]	
8-3	594-599	immer	positive[8]	Liebe/Partnerschaft[31]	
8-4	600-603	für	positive[8]	Liebe/Partnerschaft[31]	
8-5	604-608	mich	positive[8]	Liebe/Partnerschaft[31]	
8-6	609-611	da	positive[8]	Liebe/Partnerschaft[31]	
8-7	612-617	auf'm	positive[8]	_	
8-8	618-625	Highway	positive[8]	_	
8-9	626-628	to	positive[8]	_	
8-10	629-633	Hell	positive[8]	_	
8-11	633-634	.	positive[8]	_	

#Text=Rockerhelden sterben jung, Rockerhelden leben schnell.
9-1	635-647	Rockerhelden	neutral[9]	Musik	
9-2	648-655	sterben	neutral[9]	_	
9-3	656-660	jung	neutral[9]	_	
9-4	660-661	,	neutral[9]	_	
9-5	662-674	Rockerhelden	neutral[9]	Musik	
9-6	675-680	leben	neutral[9]	_	
9-7	681-688	schnell	neutral[9]	_	
9-8	688-689	.	neutral[9]	_	

#Text=Ja, man riskiert so manches für den besond'ren Kick, war oft schon über'n Jordan, doch du holst mich cool zurück.
10-1	690-692	Ja	positive[10]	_	
10-2	692-693	,	positive[10]	_	
10-3	694-697	man	positive[10]	_	
10-4	698-706	riskiert	positive[10]	Persönliches/Emotionen	
10-5	707-709	so	positive[10]	_	
10-6	710-717	manches	positive[10]	_	
10-7	718-721	für	positive[10]	_	
10-8	722-725	den	positive[10]	_	
10-9	726-736	besond'ren	positive[10]	_	
10-10	737-741	Kick	positive[10]	_	
10-11	741-742	,	positive[10]	_	
10-12	743-746	war	positive[10]	_	
10-13	747-750	oft	positive[10]	_	
10-14	751-756	schon	positive[10]	_	
10-15	757-763	über'n	positive[10]	Reisen[32]	
10-16	764-770	Jordan	positive[10]	Reisen[32]	
10-17	770-771	,	positive[10]	_	
10-18	772-776	doch	positive[10]	_	
10-19	777-779	du	positive[10]	_	
10-20	780-785	holst	positive[10]	Liebe/Partnerschaft[33]	
10-21	786-790	mich	positive[10]	Liebe/Partnerschaft[33]	
10-22	791-795	cool	positive[10]	Liebe/Partnerschaft[33]	
10-23	796-802	zurück	positive[10]	Liebe/Partnerschaft[33]	
10-24	802-803	.	positive[10]	_	

#Text=Keiner hat mich je so doll geliebt, bist'n Schutzengel, der Überstunden schiebt.
11-1	804-810	Keiner	positive[11]	_	
11-2	811-814	hat	positive[11]	_	
11-3	815-819	mich	positive[11]	_	
11-4	820-822	je	positive[11]	_	
11-5	823-825	so	positive[11]	_	
11-6	826-830	doll	positive[11]	Liebe/Partnerschaft[34]	
11-7	831-838	geliebt	positive[11]	Liebe/Partnerschaft[34]	
11-8	838-839	,	positive[11]	_	
11-9	840-846	bist'n	positive[11]	_	
11-10	847-858	Schutzengel	positive[11]	Liebe/Partnerschaft	
11-11	858-859	,	positive[11]	_	
11-12	860-863	der	positive[11]	_	
11-13	864-875	Überstunden	positive[11]	_	
11-14	876-883	schiebt	positive[11]	_	
11-15	883-884	.	positive[11]	_	

#Text=Doch du warst immer bei mir, irgendwie wie 'ne superstarke Melodie, die mich packte und nach Hause trug.
12-1	889-893	Doch	positive[12]	_	
12-2	894-896	du	positive[12]	_	
12-3	897-902	warst	positive[12]	Liebe/Partnerschaft[35]	
12-4	903-908	immer	positive[12]	Liebe/Partnerschaft[35]	
12-5	909-912	bei	positive[12]	Liebe/Partnerschaft[35]	
12-6	913-916	mir	positive[12]	Liebe/Partnerschaft[35]	
12-7	916-917	,	positive[12]	_	
12-8	918-927	irgendwie	positive[12]	_	
12-9	928-931	wie	positive[12]	_	
12-10	932-933	'	positive[12]	_	
12-11	933-935	ne	positive[12]	Musik[36]	
12-12	936-947	superstarke	positive[12]	Musik[36]	
12-13	948-955	Melodie	positive[12]	Musik[36]	
12-14	955-956	,	positive[12]	_	
12-15	957-960	die	positive[12]	_	
12-16	961-965	mich	positive[12]	_	
12-17	966-972	packte	positive[12]	_	
12-18	973-976	und	positive[12]	_	
12-19	977-981	nach	positive[12]	_	
12-20	982-987	Hause	positive[12]	_	
12-21	988-992	trug	positive[12]	_	
12-22	992-993	.	positive[12]	_	

#Text=Und du warst da, wenn ich am Boden lag und ganz egal, was ich auch tat, du hast mich niemals ausgebuht.
13-1	994-997	Und	positive[13]	_	
13-2	998-1000	du	positive[13]	Liebe/Partnerschaft[37]	
13-3	1001-1006	warst	positive[13]	Liebe/Partnerschaft[37]	
13-4	1007-1009	da	positive[13]	Liebe/Partnerschaft[37]	
13-5	1009-1010	,	positive[13]	_	
13-6	1011-1015	wenn	positive[13]	_	
13-7	1016-1019	ich	positive[13]	_	
13-8	1020-1022	am	positive[13]	Persönliches/Emotionen[38]	
13-9	1023-1028	Boden	positive[13]	Persönliches/Emotionen[38]	
13-10	1029-1032	lag	positive[13]	Persönliches/Emotionen[38]	
13-11	1033-1036	und	positive[13]	_	
13-12	1037-1041	ganz	positive[13]	_	
13-13	1042-1046	egal	positive[13]	_	
13-14	1046-1047	,	positive[13]	_	
13-15	1048-1051	was	positive[13]	_	
13-16	1052-1055	ich	positive[13]	_	
13-17	1056-1060	auch	positive[13]	_	
13-18	1061-1064	tat	positive[13]	_	
13-19	1064-1065	,	positive[13]	_	
13-20	1066-1068	du	positive[13]	_	
13-21	1069-1073	hast	positive[13]	_	
13-22	1074-1078	mich	positive[13]	_	
13-23	1079-1086	niemals	positive[13]	Liebe/Partnerschaft[39]	
13-24	1087-1096	ausgebuht	positive[13]	Liebe/Partnerschaft[39]	
13-25	1096-1097	.	positive[13]	_	

#Text=Mille grazie, vor dir zieh' ich meinen Hut.
14-1	1098-1103	Mille	positive[14]	_	
14-2	1104-1110	grazie	positive[14]	_	
14-3	1110-1111	,	positive[14]	_	
14-4	1112-1115	vor	positive[14]	Persönliches/Emotionen[40]	
14-5	1116-1119	dir	positive[14]	Persönliches/Emotionen[40]	
14-6	1120-1124	zieh	positive[14]	Persönliches/Emotionen[40]	
14-7	1124-1125	'	positive[14]	Persönliches/Emotionen[40]	
14-8	1126-1129	ich	positive[14]	Persönliches/Emotionen[40]	
14-9	1130-1136	meinen	positive[14]	Persönliches/Emotionen[40]	
14-10	1137-1140	Hut	positive[14]	Persönliches/Emotionen[40]	
14-11	1140-1141	.	positive[14]	_	

#Text=Doch du warst immer bei mir, irgendwie wie 'ne superstarke Melodie, die mich packte und nach Hause trug.
15-1	1146-1150	Doch	positive[15]	_	
15-2	1151-1153	du	positive[15]	Liebe/Partnerschaft[41]	
15-3	1154-1159	warst	positive[15]	Liebe/Partnerschaft[41]	
15-4	1160-1165	immer	positive[15]	Liebe/Partnerschaft[41]	
15-5	1166-1169	bei	positive[15]	Liebe/Partnerschaft[41]	
15-6	1170-1173	mir	positive[15]	Liebe/Partnerschaft[41]	
15-7	1173-1174	,	positive[15]	_	
15-8	1175-1184	irgendwie	positive[15]	_	
15-9	1185-1188	wie	positive[15]	_	
15-10	1189-1190	'	positive[15]	_	
15-11	1190-1192	ne	positive[15]	Musik[42]	
15-12	1193-1204	superstarke	positive[15]	Musik[42]	
15-13	1205-1212	Melodie	positive[15]	Musik[42]	
15-14	1212-1213	,	positive[15]	_	
15-15	1214-1217	die	positive[15]	_	
15-16	1218-1222	mich	positive[15]	_	
15-17	1223-1229	packte	positive[15]	_	
15-18	1230-1233	und	positive[15]	_	
15-19	1234-1238	nach	positive[15]	_	
15-20	1239-1244	Hause	positive[15]	_	
15-21	1245-1249	trug	positive[15]	_	
15-22	1249-1250	.	positive[15]	_	

#Text=Und du warst da, wenn ich am Boden lag und ganz egal, was ich auch tat, du hast mich niemals ausgebuht.
16-1	1251-1254	Und	positive[16]	_	
16-2	1255-1257	du	positive[16]	_	
16-3	1258-1263	warst	positive[16]	_	
16-4	1264-1266	da	positive[16]	_	
16-5	1266-1267	,	positive[16]	_	
16-6	1268-1272	wenn	positive[16]	_	
16-7	1273-1276	ich	positive[16]	_	
16-8	1277-1279	am	positive[16]	Persönliches/Emotionen[43]	
16-9	1280-1285	Boden	positive[16]	Persönliches/Emotionen[43]	
16-10	1286-1289	lag	positive[16]	Persönliches/Emotionen[43]	
16-11	1290-1293	und	positive[16]	_	
16-12	1294-1298	ganz	positive[16]	_	
16-13	1299-1303	egal	positive[16]	_	
16-14	1303-1304	,	positive[16]	_	
16-15	1305-1308	was	positive[16]	_	
16-16	1309-1312	ich	positive[16]	_	
16-17	1313-1317	auch	positive[16]	_	
16-18	1318-1321	tat	positive[16]	_	
16-19	1321-1322	,	positive[16]	_	
16-20	1323-1325	du	positive[16]	_	
16-21	1326-1330	hast	positive[16]	_	
16-22	1331-1335	mich	positive[16]	_	
16-23	1336-1343	niemals	positive[16]	_	
16-24	1344-1353	ausgebuht	positive[16]	_	
16-25	1353-1354	.	positive[16]	_	

#Text=Mille grazie, vor dir zieh' ich meinen Hut.
17-1	1355-1360	Mille	positive[17]	_	
17-2	1361-1367	grazie	positive[17]	_	
17-3	1367-1368	,	positive[17]	_	
17-4	1369-1372	vor	positive[17]	Persönliches/Emotionen[44]	
17-5	1373-1376	dir	positive[17]	Persönliches/Emotionen[44]	
17-6	1377-1381	zieh	positive[17]	Persönliches/Emotionen[44]	
17-7	1381-1382	'	positive[17]	Persönliches/Emotionen[44]	
17-8	1383-1386	ich	positive[17]	Persönliches/Emotionen[44]	
17-9	1387-1393	meinen	positive[17]	Persönliches/Emotionen[44]	
17-10	1394-1397	Hut	positive[17]	Persönliches/Emotionen[44]	
17-11	1397-1398	.	positive[17]	_	
