#FORMAT=WebAnno TSV 3.2
#T_SP=webanno.custom.Sentiment|Polarity
#T_SP=webanno.custom.Topic|Topics


#Text=Jeden Abend um halb eins treff' ich sie in der kleinen Bar.
1-1	0-5	Jeden	neutral[1]	_	
1-2	6-11	Abend	neutral[1]	_	
1-3	12-14	um	neutral[1]	_	
1-4	15-19	halb	neutral[1]	_	
1-5	20-24	eins	neutral[1]	_	
1-6	25-30	treff	neutral[1]	_	
1-7	30-31	'	neutral[1]	_	
1-8	32-35	ich	neutral[1]	_	
1-9	36-39	sie	neutral[1]	_	
1-10	40-42	in	neutral[1]	_	
1-11	43-46	der	neutral[1]	_	
1-12	47-54	kleinen	neutral[1]	Gesundheit/Drogen[12]	
1-13	55-58	Bar	neutral[1]	Gesundheit/Drogen[12]	
1-14	58-59	.	neutral[1]	_	

#Text=Sie spendiert mir einen Drink und streichelt sanft mir durch das Haar.
2-1	60-63	Sie	positive[2]	_	
2-2	64-73	spendiert	positive[2]	_	
2-3	74-77	mir	positive[2]	_	
2-4	78-83	einen	positive[2]	_	
2-5	84-89	Drink	positive[2]	Gesundheit/Drogen	
2-6	90-93	und	positive[2]	_	
2-7	94-104	streichelt	positive[2]	_	
2-8	105-110	sanft	positive[2]	_	
2-9	111-114	mir	positive[2]	_	
2-10	115-120	durch	positive[2]	_	
2-11	121-124	das	positive[2]	_	
2-12	125-129	Haar	positive[2]	_	
2-13	129-130	.	positive[2]	_	

#Text=Ihre Augen blicken gierig und da wird mir wieder klar: Sie wollen doch immer alle nur das eine - meine Hüften, meine Lippen, meine langen, langen Beine.
3-1	135-139	Ihre	negative[3]	_	
3-2	140-145	Augen	negative[3]	Persönliches/Emotionen[13]	
3-3	146-153	blicken	negative[3]	Persönliches/Emotionen[13]	
3-4	154-160	gierig	negative[3]	Persönliches/Emotionen[13]	
3-5	161-164	und	negative[3]	_	
3-6	165-167	da	negative[3]	_	
3-7	168-172	wird	negative[3]	_	
3-8	173-176	mir	negative[3]	_	
3-9	177-183	wieder	negative[3]	_	
3-10	184-188	klar	negative[3]	_	
3-11	188-189	:	negative[3]	_	
3-12	190-193	Sie	negative[3]	Liebe/Partnerschaft[14]	
3-13	194-200	wollen	negative[3]	Liebe/Partnerschaft[14]	
3-14	201-205	doch	negative[3]	Liebe/Partnerschaft[14]	
3-15	206-211	immer	negative[3]	Liebe/Partnerschaft[14]	
3-16	212-216	alle	negative[3]	Liebe/Partnerschaft[14]	
3-17	217-220	nur	negative[3]	Liebe/Partnerschaft[14]	
3-18	221-224	das	negative[3]	Liebe/Partnerschaft[14]	
3-19	225-229	eine	negative[3]	Liebe/Partnerschaft[14]	
3-20	230-231	-	negative[3]	_	
3-21	232-237	meine	negative[3]	_	
3-22	238-244	Hüften	negative[3]	_	
3-23	244-245	,	negative[3]	_	
3-24	246-251	meine	negative[3]	_	
3-25	252-258	Lippen	negative[3]	_	
3-26	258-259	,	negative[3]	_	
3-27	260-265	meine	negative[3]	_	
3-28	266-272	langen	negative[3]	_	
3-29	272-273	,	negative[3]	_	
3-30	274-280	langen	negative[3]	_	
3-31	281-286	Beine	negative[3]	_	
3-32	286-287	.	negative[3]	_	

#Text=Sie zerrt mich in ein Taxi, nimmt mich mit zu sich nach Haus.
4-1	292-295	Sie	negative[4]	_	
4-2	296-301	zerrt	negative[4]	_	
4-3	302-306	mich	negative[4]	_	
4-4	307-309	in	negative[4]	_	
4-5	310-313	ein	negative[4]	_	
4-6	314-318	Taxi	negative[4]	_	
4-7	318-319	,	negative[4]	_	
4-8	320-325	nimmt	negative[4]	_	
4-9	326-330	mich	negative[4]	_	
4-10	331-334	mit	negative[4]	_	
4-11	335-337	zu	negative[4]	_	
4-12	338-342	sich	negative[4]	_	
4-13	343-347	nach	negative[4]	_	
4-14	348-352	Haus	negative[4]	_	
4-15	352-353	.	negative[4]	_	

#Text=Und dann auf dem Flokati zieht sie mich langsam aus.
5-1	354-357	Und	neutral[5]	_	
5-2	358-362	dann	neutral[5]	_	
5-3	363-366	auf	neutral[5]	_	
5-4	367-370	dem	neutral[5]	_	
5-5	371-378	Flokati	neutral[5]	_	
5-6	379-384	zieht	neutral[5]	Liebe/Partnerschaft[15]	
5-7	385-388	sie	neutral[5]	Liebe/Partnerschaft[15]	
5-8	389-393	mich	neutral[5]	Liebe/Partnerschaft[15]	
5-9	394-401	langsam	neutral[5]	Liebe/Partnerschaft[15]	
5-10	402-405	aus	neutral[5]	Liebe/Partnerschaft[15]	
5-11	405-406	.	neutral[5]	_	

#Text=Sie küsst mich mitten ins Gesicht und mir wird heiß und kalt und jetzt löscht sie das rote Licht und wieder spür' ich die Gewalt.
6-1	407-410	Sie	negative[6]	_	
6-2	411-416	küsst	negative[6]	Liebe/Partnerschaft[16]	
6-3	417-421	mich	negative[6]	Liebe/Partnerschaft[16]	
6-4	422-428	mitten	negative[6]	Liebe/Partnerschaft[16]	
6-5	429-432	ins	negative[6]	Liebe/Partnerschaft[16]	
6-6	433-440	Gesicht	negative[6]	Liebe/Partnerschaft[16]	
6-7	441-444	und	negative[6]	_	
6-8	445-448	mir	negative[6]	Liebe/Partnerschaft[17]	
6-9	449-453	wird	negative[6]	Liebe/Partnerschaft[17]	
6-10	454-458	heiß	negative[6]	Liebe/Partnerschaft[17]	
6-11	459-462	und	negative[6]	_	
6-12	463-467	kalt	negative[6]	_	
6-13	468-471	und	negative[6]	_	
6-14	472-477	jetzt	negative[6]	_	
6-15	478-484	löscht	negative[6]	_	
6-16	485-488	sie	negative[6]	_	
6-17	489-492	das	negative[6]	_	
6-18	493-497	rote	negative[6]	_	
6-19	498-503	Licht	negative[6]	_	
6-20	504-507	und	negative[6]	_	
6-21	508-514	wieder	negative[6]	_	
6-22	515-519	spür	negative[6]	_	
6-23	519-520	'	negative[6]	_	
6-24	521-524	ich	negative[6]	_	
6-25	525-528	die	negative[6]	_	
6-26	529-535	Gewalt	negative[6]	Politik/Soziales/Missstände	
6-27	535-536	.	negative[6]	_	

#Text=Sie wollen immer, immer, immer, alle, alle nur meinen Körper, meine Seele wollen sie nicht, immer, immer, immer, alle, alle nur meinen Körper.
7-1	541-544	Sie	negative[7]	_	
7-2	545-551	wollen	negative[7]	_	
7-3	552-557	immer	negative[7]	_	
7-4	557-558	,	negative[7]	_	
7-5	559-564	immer	negative[7]	_	
7-6	564-565	,	negative[7]	_	
7-7	566-571	immer	negative[7]	_	
7-8	571-572	,	negative[7]	_	
7-9	573-577	alle	negative[7]	_	
7-10	577-578	,	negative[7]	_	
7-11	579-583	alle	negative[7]	_	
7-12	584-587	nur	negative[7]	Liebe/Partnerschaft[18]	
7-13	588-594	meinen	negative[7]	Liebe/Partnerschaft[18]	
7-14	595-601	Körper	negative[7]	Liebe/Partnerschaft[18]	
7-15	601-602	,	negative[7]	_	
7-16	603-608	meine	negative[7]	_	
7-17	609-614	Seele	negative[7]	_	
7-18	615-621	wollen	negative[7]	_	
7-19	622-625	sie	negative[7]	_	
7-20	626-631	nicht	negative[7]	_	
7-21	631-632	,	negative[7]	_	
7-22	633-638	immer	negative[7]	_	
7-23	638-639	,	negative[7]	_	
7-24	640-645	immer	negative[7]	_	
7-25	645-646	,	negative[7]	_	
7-26	647-652	immer	negative[7]	_	
7-27	652-653	,	negative[7]	_	
7-28	654-658	alle	negative[7]	_	
7-29	658-659	,	negative[7]	_	
7-30	660-664	alle	negative[7]	_	
7-31	665-668	nur	negative[7]	Liebe/Partnerschaft[19]	
7-32	669-675	meinen	negative[7]	Liebe/Partnerschaft[19]	
7-33	676-682	Körper	negative[7]	Liebe/Partnerschaft[19]	
7-34	682-683	.	negative[7]	_	

#Text=Und das ist das, was mir so langsam das Herz bricht.
8-1	684-687	Und	negative[8]	_	
8-2	688-691	das	negative[8]	Liebe/Partnerschaft[20]	
8-3	692-695	ist	negative[8]	Liebe/Partnerschaft[20]	
8-4	696-699	das	negative[8]	Liebe/Partnerschaft[20]	
8-5	699-700	,	negative[8]	Liebe/Partnerschaft[20]	
8-6	701-704	was	negative[8]	Liebe/Partnerschaft[20]	
8-7	705-708	mir	negative[8]	Liebe/Partnerschaft[20]	
8-8	709-711	so	negative[8]	Liebe/Partnerschaft[20]	
8-9	712-719	langsam	negative[8]	Liebe/Partnerschaft[20]	
8-10	720-723	das	negative[8]	Liebe/Partnerschaft[20]	
8-11	724-728	Herz	negative[8]	Liebe/Partnerschaft[20]	
8-12	729-735	bricht	negative[8]	Liebe/Partnerschaft[20]	
8-13	735-736	.	negative[8]	_	

#Text=Ja, warum trag' ich vorzugsweise ein so trauriges Gesicht?
9-1	741-743	Ja	negative[9]	_	
9-2	743-744	,	negative[9]	_	
9-3	745-750	warum	negative[9]	_	
9-4	751-755	trag	negative[9]	_	
9-5	755-756	'	negative[9]	_	
9-6	757-760	ich	negative[9]	_	
9-7	761-773	vorzugsweise	negative[9]	_	
9-8	774-777	ein	negative[9]	_	
9-9	778-780	so	negative[9]	_	
9-10	781-790	trauriges	negative[9]	Persönliches/Emotionen[21]	
9-11	791-798	Gesicht	negative[9]	Persönliches/Emotionen[21]	
9-12	798-799	?	negative[9]	_	

#Text=Weil: Sie wollen alle immer nur meinen Körper, meine Seele wollen sie nicht.
10-1	800-804	Weil	negative[10]	_	
10-2	804-805	:	negative[10]	_	
10-3	806-809	Sie	negative[10]	Liebe/Partnerschaft[22]	
10-4	810-816	wollen	negative[10]	Liebe/Partnerschaft[22]	
10-5	817-821	alle	negative[10]	Liebe/Partnerschaft[22]	
10-6	822-827	immer	negative[10]	Liebe/Partnerschaft[22]	
10-7	828-831	nur	negative[10]	Liebe/Partnerschaft[22]	
10-8	832-838	meinen	negative[10]	Liebe/Partnerschaft[22]	
10-9	839-845	Körper	negative[10]	Liebe/Partnerschaft[22]	
10-10	845-846	,	negative[10]	_	
10-11	847-852	meine	negative[10]	_	
10-12	853-858	Seele	negative[10]	_	
10-13	859-865	wollen	negative[10]	_	
10-14	866-869	sie	negative[10]	_	
10-15	870-875	nicht	negative[10]	_	
10-16	875-876	.	negative[10]	_	

#Text=Körper, Body, Sex, Sex, immer wollen sie nur das eine, sie wollen immer nur das eine - meine Hüften, meine Lippen, meine langen, langen Beine.
11-1	881-887	Körper	negative[11]	_	
11-2	887-888	,	negative[11]	_	
11-3	889-893	Body	negative[11]	_	
11-4	893-894	,	negative[11]	_	
11-5	895-898	Sex	negative[11]	_	
11-6	898-899	,	negative[11]	_	
11-7	900-903	Sex	negative[11]	_	
11-8	903-904	,	negative[11]	_	
11-9	905-910	immer	negative[11]	Liebe/Partnerschaft[23]	
11-10	911-917	wollen	negative[11]	Liebe/Partnerschaft[23]	
11-11	918-921	sie	negative[11]	Liebe/Partnerschaft[23]	
11-12	922-925	nur	negative[11]	Liebe/Partnerschaft[23]	
11-13	926-929	das	negative[11]	Liebe/Partnerschaft[23]	
11-14	930-934	eine	negative[11]	Liebe/Partnerschaft[23]	
11-15	934-935	,	negative[11]	_	
11-16	936-939	sie	negative[11]	_	
11-17	940-946	wollen	negative[11]	_	
11-18	947-952	immer	negative[11]	_	
11-19	953-956	nur	negative[11]	_	
11-20	957-960	das	negative[11]	_	
11-21	961-965	eine	negative[11]	_	
11-22	966-967	-	negative[11]	_	
11-23	968-973	meine	negative[11]	_	
11-24	974-980	Hüften	negative[11]	_	
11-25	980-981	,	negative[11]	_	
11-26	982-987	meine	negative[11]	_	
11-27	988-994	Lippen	negative[11]	_	
11-28	994-995	,	negative[11]	_	
11-29	996-1001	meine	negative[11]	_	
11-30	1002-1008	langen	negative[11]	_	
11-31	1008-1009	,	negative[11]	_	
11-32	1010-1016	langen	negative[11]	_	
11-33	1017-1022	Beine	negative[11]	_	
11-34	1022-1023	.	negative[11]	_	

#Text=(lechz, lechz)
12-1	1024-1025	(	_	_	
12-2	1025-1030	lechz	_	_	
12-3	1030-1031	,	_	_	
12-4	1032-1037	lechz	_	_	
12-5	1037-1038	)	_	_	
