#FORMAT=WebAnno TSV 3.2
#T_SP=webanno.custom.Sentiment|Polarity
#T_SP=webanno.custom.Topic|Topics


#Text=Als ich noch ein kleiner Knilch war, stand ich immer an der Milchbar.
1-1	0-3	Als	neutral[1]	_	
1-2	4-7	ich	neutral[1]	_	
1-3	8-12	noch	neutral[1]	_	
1-4	13-16	ein	neutral[1]	_	
1-5	17-24	kleiner	neutral[1]	_	
1-6	25-31	Knilch	neutral[1]	_	
1-7	32-35	war	neutral[1]	_	
1-8	35-36	,	neutral[1]	_	
1-9	37-42	stand	neutral[1]	_	
1-10	43-46	ich	neutral[1]	_	
1-11	47-52	immer	neutral[1]	_	
1-12	53-55	an	neutral[1]	_	
1-13	56-59	der	neutral[1]	_	
1-14	60-68	Milchbar	neutral[1]	_	
1-15	68-69	.	_	_	

#Text=Dachte nach über Pubertät und hab' mich so gewundert, dass das Ding da plötzlich steht.
2-1	70-76	Dachte	neutral[2]	_	
2-2	77-81	nach	neutral[2]	_	
2-3	82-86	über	neutral[2]	_	
2-4	87-95	Pubertät	neutral[2]	Persönliches/Emotionen	
2-5	96-99	und	neutral[2]	_	
2-6	100-103	hab	neutral[2]	_	
2-7	103-104	'	neutral[2]	_	
2-8	105-109	mich	neutral[2]	_	
2-9	110-112	so	neutral[2]	_	
2-10	113-122	gewundert	neutral[2]	_	
2-11	122-123	,	neutral[2]	_	
2-12	124-128	dass	neutral[2]	_	
2-13	129-132	das	neutral[2]	_	
2-14	133-137	Ding	neutral[2]	_	
2-15	138-140	da	neutral[2]	_	
2-16	141-150	plötzlich	neutral[2]	_	
2-17	151-156	steht	neutral[2]	_	
2-18	156-157	.	_	_	

#Text=Dann ging ich schnell wie auf heißen Kohlen nach Haus, um mir einen runterzu ...
3-1	162-166	Dann	neutral[3]	_	
3-2	167-171	ging	neutral[3]	_	
3-3	172-175	ich	neutral[3]	_	
3-4	176-183	schnell	neutral[3]	_	
3-5	184-187	wie	neutral[3]	_	
3-6	188-191	auf	neutral[3]	_	
3-7	192-198	heißen	neutral[3]	_	
3-8	199-205	Kohlen	neutral[3]	_	
3-9	206-210	nach	neutral[3]	_	
3-10	211-215	Haus	neutral[3]	_	
3-11	215-216	,	neutral[3]	_	
3-12	217-219	um	neutral[3]	_	
3-13	220-223	mir	neutral[3]	_	
3-14	224-229	einen	neutral[3]	_	
3-15	230-238	runterzu	neutral[3]	_	
3-16	239-240	.	_	_	
3-17	240-241	.	_	_	
3-18	241-242	.	_	_	

#Text=(Zensur!).
4-1	243-244	(	_	_	
4-2	244-250	Zensur	_	_	
4-3	250-251	!	_	_	
4-4	251-252	)	_	_	
4-5	252-253	.	_	_	

#Text=Und träumte von 'nem flotten Dreier.
5-1	254-257	Und	positive[4]	_	
5-2	258-265	träumte	positive[4]	_	
5-3	266-269	von	positive[4]	_	
5-4	270-271	'	positive[4]	_	
5-5	271-274	nem	positive[4]	_	
5-6	275-282	flotten	positive[4]	Liebe/Partnerschaft[17]	
5-7	283-289	Dreier	positive[4]	Liebe/Partnerschaft[17]	
5-8	289-290	.	_	_	

#Text=Dabei wußte ich kaum wie'n Einer geht: als man noch jung war.
6-1	291-296	Dabei	negative[5]	_	
6-2	297-302	wußte	negative[5]	_	
6-3	303-306	ich	negative[5]	_	
6-4	307-311	kaum	negative[5]	_	
6-5	312-317	wie'n	negative[5]	_	
6-6	318-323	Einer	negative[5]	Liebe/Partnerschaft	
6-7	324-328	geht	negative[5]	_	
6-8	328-329	:	negative[5]	_	
6-9	330-333	als	negative[5]	_	
6-10	334-337	man	negative[5]	_	
6-11	338-342	noch	negative[5]	_	
6-12	343-347	jung	negative[5]	_	
6-13	348-351	war	negative[5]	_	
6-14	351-352	.	_	_	

#Text=Girls: ... when we was younger  
#Text= 
#Text=Und Samstagabend durfte man ausgeh'n.
7-1	357-362	Girls	_	_	
7-2	362-363	:	_	_	
7-3	364-365	.	_	_	
7-4	365-366	.	_	_	
7-5	366-367	.	_	_	
7-6	368-372	when	_	_	
7-7	373-375	we	_	_	
7-8	376-379	was	_	_	
7-9	380-387	younger	_	_	
7-10	392-395	Und	positive[6]	_	
7-11	396-408	Samstagabend	positive[6]	_	
7-12	409-415	durfte	positive[6]	_	
7-13	416-419	man	positive[6]	_	
7-14	420-428	ausgeh'n	positive[6]	_	
7-15	428-429	.	_	_	

#Text=Man wollte 'n bißchen lecker ausseh'n.
8-1	430-433	Man	neutral[7]	_	
8-2	434-440	wollte	neutral[7]	_	
8-3	441-442	'	neutral[7]	_	
8-4	442-443	n	neutral[7]	_	
8-5	444-451	bißchen	neutral[7]	_	
8-6	452-458	lecker	neutral[7]	Persönliches/Emotionen[18]	
8-7	459-467	ausseh'n	neutral[7]	Persönliches/Emotionen[18]	
8-8	467-468	.	_	_	

#Text=Man drückte sich die Pickel aus und sah so aus wie Peter Kraus.
9-1	469-472	Man	negative[8]	_	
9-2	473-480	drückte	negative[8]	_	
9-3	481-485	sich	negative[8]	_	
9-4	486-489	die	negative[8]	_	
9-5	490-496	Pickel	negative[8]	_	
9-6	497-500	aus	negative[8]	_	
9-7	501-504	und	negative[8]	_	
9-8	505-508	sah	negative[8]	_	
9-9	509-511	so	negative[8]	_	
9-10	512-515	aus	negative[8]	_	
9-11	516-519	wie	negative[8]	_	
9-12	520-525	Peter	negative[8]	_	
9-13	526-531	Kraus	negative[8]	_	
9-14	531-532	.	_	_	

#Text=Und stundenlang vorm Spiegel schwitzen, weil: Die Frisur, sie wollt' nicht richtig sitzen.
10-1	537-540	Und	negative[9]	_	
10-2	541-552	stundenlang	negative[9]	_	
10-3	553-557	vorm	negative[9]	_	
10-4	558-565	Spiegel	negative[9]	_	
10-5	566-575	schwitzen	negative[9]	_	
10-6	575-576	,	negative[9]	_	
10-7	577-581	weil	negative[9]	_	
10-8	581-582	:	negative[9]	_	
10-9	583-586	Die	negative[9]	_	
10-10	587-593	Frisur	negative[9]	_	
10-11	593-594	,	negative[9]	_	
10-12	595-598	sie	negative[9]	_	
10-13	599-604	wollt	negative[9]	_	
10-14	604-605	'	negative[9]	_	
10-15	606-611	nicht	negative[9]	_	
10-16	612-619	richtig	negative[9]	_	
10-17	620-626	sitzen	negative[9]	_	
10-18	626-627	.	negative[9]	_	

#Text=Und was für'n Streß: Was nimmt man heut' für 'n T-Shirt?
11-1	628-631	Und	neutral[10]	_	
11-2	632-635	was	neutral[10]	_	
11-3	636-641	für'n	neutral[10]	_	
11-4	642-647	Streß	neutral[10]	_	
11-5	647-648	:	neutral[10]	_	
11-6	649-652	Was	neutral[10]	_	
11-7	653-658	nimmt	neutral[10]	_	
11-8	659-662	man	neutral[10]	_	
11-9	663-667	heut	neutral[10]	_	
11-10	667-668	'	neutral[10]	_	
11-11	669-672	für	neutral[10]	_	
11-12	673-674	'	neutral[10]	_	
11-13	674-675	n	neutral[10]	_	
11-14	676-683	T-Shirt	neutral[10]	_	
11-15	683-684	?	neutral[10]	_	

#Text=Man war so verstört.
12-1	685-688	Man	negative[11]	_	
12-2	689-692	war	negative[11]	_	
12-3	693-695	so	negative[11]	_	
12-4	696-704	verstört	negative[11]	Persönliches/Emotionen	
12-5	704-705	.	_	_	

#Text=Oh Gott, war man verstört - als man noch jung war.
13-1	710-712	Oh	negative[12]	_	
13-2	713-717	Gott	negative[12]	_	
13-3	717-718	,	negative[12]	_	
13-4	719-722	war	negative[12]	_	
13-5	723-726	man	negative[12]	_	
13-6	727-735	verstört	negative[12]	Persönliches/Emotionen	
13-7	736-737	-	negative[12]	_	
13-8	738-741	als	negative[12]	_	
13-9	742-745	man	negative[12]	_	
13-10	746-750	noch	negative[12]	_	
13-11	751-755	jung	negative[12]	_	
13-12	756-759	war	negative[12]	_	
13-13	759-760	.	_	_	

#Text=Girls: ... when he was younger  
#Text= 
#Text=Now he's a dirty, dirty dirty Old Man - what a beauty, beauty beautiful dirty old man.
14-1	765-770	Girls	_	_	
14-2	770-771	:	_	_	
14-3	772-773	.	_	_	
14-4	773-774	.	_	_	
14-5	774-775	.	_	_	
14-6	776-780	when	_	_	
14-7	781-783	he	_	_	
14-8	784-787	was	_	_	
14-9	788-795	younger	_	_	
14-10	800-803	Now	_	_	
14-11	804-808	he's	_	_	
14-12	809-810	a	_	_	
14-13	811-816	dirty	_	_	
14-14	816-817	,	_	_	
14-15	818-823	dirty	_	_	
14-16	824-829	dirty	_	_	
14-17	830-833	Old	_	_	
14-18	834-837	Man	_	_	
14-19	838-839	-	_	_	
14-20	840-844	what	_	_	
14-21	845-846	a	_	_	
14-22	847-853	beauty	_	_	
14-23	853-854	,	_	_	
14-24	855-861	beauty	_	_	
14-25	862-871	beautiful	_	_	
14-26	872-877	dirty	_	_	
14-27	878-881	old	_	_	
14-28	882-885	man	_	_	
14-29	885-886	.	_	_	

#Text=He's a proud dirty old man, outrageous, extraordinary, dirty, dirty old man.
15-1	891-895	He's	_	_	
15-2	896-897	a	_	_	
15-3	898-903	proud	_	_	
15-4	904-909	dirty	_	_	
15-5	910-913	old	_	_	
15-6	914-917	man	_	_	
15-7	917-918	,	_	_	
15-8	919-929	outrageous	_	_	
15-9	929-930	,	_	_	
15-10	931-944	extraordinary	_	_	
15-11	944-945	,	_	_	
15-12	946-951	dirty	_	_	
15-13	951-952	,	_	_	
15-14	953-958	dirty	_	_	
15-15	959-962	old	_	_	
15-16	963-966	man	_	_	
15-17	966-967	.	_	_	

#Text=He's a real fruitcake ...
16-1	972-976	He's	_	_	
16-2	977-978	a	_	_	
16-3	979-983	real	_	_	
16-4	984-993	fruitcake	_	_	
16-5	994-995	.	_	_	
16-6	995-996	.	_	_	
16-7	996-997	.	_	_	

#Text=Nun kommt man langsam in die Jährchen, verliert das eine oder andere Härchen.
17-1	1002-1005	Nun	negative[13]	_	
17-2	1006-1011	kommt	negative[13]	_	
17-3	1012-1015	man	negative[13]	_	
17-4	1016-1023	langsam	negative[13]	_	
17-5	1024-1026	in	negative[13]	Persönliches/Emotionen[19]	
17-6	1027-1030	die	negative[13]	Persönliches/Emotionen[19]	
17-7	1031-1039	Jährchen	negative[13]	Persönliches/Emotionen[19]	
17-8	1039-1040	,	negative[13]	_	
17-9	1041-1049	verliert	negative[13]	_	
17-10	1050-1053	das	negative[13]	_	
17-11	1054-1058	eine	negative[13]	_	
17-12	1059-1063	oder	negative[13]	_	
17-13	1064-1070	andere	negative[13]	_	
17-14	1071-1078	Härchen	negative[13]	_	
17-15	1078-1079	.	_	_	

#Text=Trägt die Frisur jetzt in Scheibletten, braucht ab und zu schon mal Potenztabletten.
18-1	1080-1085	Trägt	neutral[14]	_	
18-2	1086-1089	die	neutral[14]	_	
18-3	1090-1096	Frisur	neutral[14]	_	
18-4	1097-1102	jetzt	neutral[14]	_	
18-5	1103-1105	in	neutral[14]	_	
18-6	1106-1118	Scheibletten	neutral[14]	_	
18-7	1118-1119	,	neutral[14]	_	
18-8	1120-1127	braucht	neutral[14]	_	
18-9	1128-1130	ab	neutral[14]	_	
18-10	1131-1134	und	neutral[14]	_	
18-11	1135-1137	zu	neutral[14]	_	
18-12	1138-1143	schon	neutral[14]	_	
18-13	1144-1147	mal	neutral[14]	_	
18-14	1148-1163	Potenztabletten	neutral[14]	Liebe/Partnerschaft	
18-15	1163-1164	.	_	_	

#Text=Doch trotzdem werden die Zeiten jetzt immer toller, Dolce Vita - je oller, je doller, schöne junge Frauen und Champagner jede Nacht, ja, so'n älterer Herr ist schon sehr gefragt, viel gefragter als damals.
19-1	1169-1173	Doch	positive[15]	_	
19-2	1174-1182	trotzdem	positive[15]	_	
19-3	1183-1189	werden	positive[15]	_	
19-4	1190-1193	die	positive[15]	_	
19-5	1194-1200	Zeiten	positive[15]	_	
19-6	1201-1206	jetzt	positive[15]	_	
19-7	1207-1212	immer	positive[15]	_	
19-8	1213-1219	toller	positive[15]	_	
19-9	1219-1220	,	positive[15]	_	
19-10	1221-1226	Dolce	positive[15]	_	
19-11	1227-1231	Vita	positive[15]	_	
19-12	1232-1233	-	positive[15]	_	
19-13	1234-1236	je	positive[15]	_	
19-14	1237-1242	oller	positive[15]	_	
19-15	1242-1243	,	positive[15]	_	
19-16	1244-1246	je	positive[15]	_	
19-17	1247-1253	doller	positive[15]	_	
19-18	1253-1254	,	_	_	
19-19	1255-1261	schöne	positive[16]	Liebe/Partnerschaft[20]	
19-20	1262-1267	junge	positive[16]	Liebe/Partnerschaft[20]	
19-21	1268-1274	Frauen	positive[16]	Liebe/Partnerschaft[20]	
19-22	1275-1278	und	positive[16]	_	
19-23	1279-1289	Champagner	positive[16]	Gesundheit/Drogen	
19-24	1290-1294	jede	positive[16]	_	
19-25	1295-1300	Nacht	positive[16]	_	
19-26	1300-1301	,	positive[16]	_	
19-27	1302-1304	ja	positive[16]	_	
19-28	1304-1305	,	positive[16]	_	
19-29	1306-1310	so'n	positive[16]	_	
19-30	1311-1318	älterer	positive[16]	_	
19-31	1319-1323	Herr	positive[16]	_	
19-32	1324-1327	ist	positive[16]	_	
19-33	1328-1333	schon	positive[16]	_	
19-34	1334-1338	sehr	positive[16]	_	
19-35	1339-1346	gefragt	positive[16]	_	
19-36	1346-1347	,	positive[16]	_	
19-37	1348-1352	viel	positive[16]	_	
19-38	1353-1362	gefragter	positive[16]	_	
19-39	1363-1366	als	positive[16]	_	
19-40	1367-1373	damals	positive[16]	_	
19-41	1373-1374	.	_	_	

#Text=Girls: ... when he was younger...
20-1	1379-1384	Girls	_	_	
20-2	1384-1385	:	_	_	
20-3	1386-1387	.	_	_	
20-4	1387-1388	.	_	_	
20-5	1388-1389	.	_	_	
20-6	1390-1394	when	_	_	
20-7	1395-1397	he	_	_	
20-8	1398-1401	was	_	_	
20-9	1402-1409	younger	_	_	
20-10	1409-1410	.	_	_	
20-11	1410-1411	.	_	_	
20-12	1411-1412	.	_	_	

#Text=Now he's a dirty ...
21-1	1417-1420	Now	_	_	
21-2	1421-1425	he's	_	_	
21-3	1426-1427	a	_	_	
21-4	1428-1433	dirty	_	_	
21-5	1434-1435	.	_	_	
21-6	1435-1436	.	_	_	
21-7	1436-1437	.	_	_	
