#FORMAT=WebAnno TSV 3.2
#T_SP=webanno.custom.Sentiment|Polarity
#T_SP=webanno.custom.Topic|Topics


#Text=Natürlich bin ich Dressman, ja, was soll ich denn wohl sonst sein?
1-1	0-9	Natürlich	negative[1]	_	
1-2	10-13	bin	negative[1]	_	
1-3	14-17	ich	negative[1]	_	
1-4	18-26	Dressman	negative[1]	_	
1-5	26-27	,	negative[1]	_	
1-6	28-30	ja	negative[1]	_	
1-7	30-31	,	negative[1]	_	
1-8	32-35	was	negative[1]	Persönliches/Emotionen[17]	
1-9	36-40	soll	negative[1]	Persönliches/Emotionen[17]	
1-10	41-44	ich	negative[1]	Persönliches/Emotionen[17]	
1-11	45-49	denn	negative[1]	Persönliches/Emotionen[17]	
1-12	50-54	wohl	negative[1]	Persönliches/Emotionen[17]	
1-13	55-60	sonst	negative[1]	Persönliches/Emotionen[17]	
1-14	61-65	sein	negative[1]	Persönliches/Emotionen[17]	
1-15	65-66	?	negative[1]	_	

#Text=Und 'ne Setcard hab ich auch, ja da schau'n Sie ruhig mal rein.
2-1	67-70	Und	neutral[2]	_	
2-2	71-72	'	neutral[2]	_	
2-3	72-74	ne	neutral[2]	_	
2-4	75-82	Setcard	neutral[2]	_	
2-5	83-86	hab	neutral[2]	_	
2-6	87-90	ich	neutral[2]	_	
2-7	91-95	auch	neutral[2]	_	
2-8	95-96	,	neutral[2]	_	
2-9	97-99	ja	neutral[2]	_	
2-10	100-102	da	neutral[2]	_	
2-11	103-110	schau'n	neutral[2]	_	
2-12	111-114	Sie	neutral[2]	_	
2-13	115-120	ruhig	neutral[2]	_	
2-14	121-124	mal	neutral[2]	_	
2-15	125-129	rein	neutral[2]	_	
2-16	129-130	.	neutral[2]	_	

#Text=In 'nem normalen Beruf könnt' ich doch gar nicht bestehen, nein, dazu bin ich doch ganz einfach viel zu schön.
3-1	131-133	In	positive[3]	_	
3-2	134-135	'	positive[3]	_	
3-3	135-138	nem	positive[3]	_	
3-4	139-147	normalen	positive[3]	Politik/Soziales/Missstände[18]	
3-5	148-153	Beruf	positive[3]	Politik/Soziales/Missstände[18]	
3-6	154-159	könnt	positive[3]	_	
3-7	159-160	'	positive[3]	_	
3-8	161-164	ich	positive[3]	_	
3-9	165-169	doch	positive[3]	_	
3-10	170-173	gar	positive[3]	Persönliches/Emotionen[19]	
3-11	174-179	nicht	positive[3]	Persönliches/Emotionen[19]	
3-12	180-188	bestehen	positive[3]	Persönliches/Emotionen[19]	
3-13	188-189	,	positive[3]	_	
3-14	190-194	nein	positive[3]	_	
3-15	194-195	,	positive[3]	_	
3-16	196-200	dazu	positive[3]	_	
3-17	201-204	bin	positive[3]	_	
3-18	205-208	ich	positive[3]	_	
3-19	209-213	doch	positive[3]	_	
3-20	214-218	ganz	positive[3]	_	
3-21	219-226	einfach	positive[3]	_	
3-22	227-231	viel	positive[3]	Persönliches/Emotionen[20]	
3-23	232-234	zu	positive[3]	Persönliches/Emotionen[20]	
3-24	235-240	schön	positive[3]	Persönliches/Emotionen[20]	
3-25	240-241	.	positive[3]	_	

#Text=Die Damen, Damen fliegen einem immerzu zu und die Herren lassen einen natürlich auch nicht in Ruh'.
4-1	242-245	Die	positive[4]	_	
4-2	246-251	Damen	positive[4]	_	
4-3	251-252	,	positive[4]	_	
4-4	253-258	Damen	positive[4]	Liebe/Partnerschaft[21]	
4-5	259-266	fliegen	positive[4]	Liebe/Partnerschaft[21]	
4-6	267-272	einem	positive[4]	Liebe/Partnerschaft[21]	
4-7	273-280	immerzu	positive[4]	Liebe/Partnerschaft[21]	
4-8	281-283	zu	positive[4]	Liebe/Partnerschaft[21]	
4-9	284-287	und	positive[4]	_	
4-10	288-291	die	positive[4]	_	
4-11	292-298	Herren	positive[4]	Liebe/Partnerschaft[22]	
4-12	299-305	lassen	positive[4]	Liebe/Partnerschaft[22]	
4-13	306-311	einen	positive[4]	Liebe/Partnerschaft[22]	
4-14	312-321	natürlich	positive[4]	Liebe/Partnerschaft[22]	
4-15	322-326	auch	positive[4]	Liebe/Partnerschaft[22]	
4-16	327-332	nicht	positive[4]	Liebe/Partnerschaft[22]	
4-17	333-335	in	positive[4]	Liebe/Partnerschaft[22]	
4-18	336-339	Ruh	positive[4]	Liebe/Partnerschaft[22]	
4-19	339-340	'	positive[4]	_	
4-20	340-341	.	positive[4]	_	

#Text=So schreite ich den Laufsteg lang, ich bin Jacques Gelee mit dem weichen Gang.
5-1	346-348	So	neutral[5]	_	
5-2	349-357	schreite	neutral[5]	_	
5-3	358-361	ich	neutral[5]	_	
5-4	362-365	den	neutral[5]	_	
5-5	366-374	Laufsteg	neutral[5]	_	
5-6	375-379	lang	neutral[5]	_	
5-7	379-380	,	neutral[5]	_	
5-8	381-384	ich	neutral[5]	_	
5-9	385-388	bin	neutral[5]	_	
5-10	389-396	Jacques	neutral[5]	_	
5-11	397-402	Gelee	neutral[5]	_	
5-12	403-406	mit	neutral[5]	Persönliches/Emotionen[23]	
5-13	407-410	dem	neutral[5]	Persönliches/Emotionen[23]	
5-14	411-418	weichen	neutral[5]	Persönliches/Emotionen[23]	
5-15	419-423	Gang	neutral[5]	Persönliches/Emotionen[23]	
5-16	423-424	.	neutral[5]	_	

#Text=Und ich führ' von Chou-Chou, von Chi-Chi und Dior die neue Taschenbillard-Hose vor.
6-1	425-428	Und	neutral[6]	_	
6-2	429-432	ich	neutral[6]	_	
6-3	433-437	führ	neutral[6]	_	
6-4	437-438	'	neutral[6]	_	
6-5	439-442	von	neutral[6]	_	
6-6	443-452	Chou-Chou	neutral[6]	_	
6-7	452-453	,	neutral[6]	_	
6-8	454-457	von	neutral[6]	_	
6-9	458-465	Chi-Chi	neutral[6]	_	
6-10	466-469	und	neutral[6]	_	
6-11	470-474	Dior	neutral[6]	_	
6-12	475-478	die	neutral[6]	_	
6-13	479-483	neue	neutral[6]	_	
6-14	484-503	Taschenbillard-Hose	neutral[6]	_	
6-15	504-507	vor	neutral[6]	_	
6-16	507-508	.	neutral[6]	_	

#Text=Ob in Rom, Paris und Mailand oder an der Côte d'Azur man nennt mich auch den Heiland der Haute Couture.
7-1	513-515	Ob	positive[7]	_	
7-2	516-518	in	positive[7]	_	
7-3	519-522	Rom	positive[7]	Reisen[24]	
7-4	522-523	,	positive[7]	Reisen[24]	
7-5	524-529	Paris	positive[7]	Reisen[24]	
7-6	530-533	und	positive[7]	Reisen[24]	
7-7	534-541	Mailand	positive[7]	Reisen[24]	
7-8	542-546	oder	positive[7]	_	
7-9	547-549	an	positive[7]	_	
7-10	550-553	der	positive[7]	_	
7-11	554-558	Côte	positive[7]	Reisen[25]	
7-12	559-565	d'Azur	positive[7]	Reisen[25]	
7-13	566-569	man	positive[7]	_	
7-14	570-575	nennt	positive[7]	_	
7-15	576-580	mich	positive[7]	_	
7-16	581-585	auch	positive[7]	_	
7-17	586-589	den	positive[7]	_	
7-18	590-597	Heiland	positive[7]	Politik/Soziales/Missstände[26]	
7-19	598-601	der	positive[7]	Politik/Soziales/Missstände[26]	
7-20	602-607	Haute	positive[7]	Politik/Soziales/Missstände[26]	
7-21	608-615	Couture	positive[7]	Politik/Soziales/Missstände[26]	
7-22	615-616	.	positive[7]	_	

#Text=Wenn Sie wissen wollen, wie das alles mit mir begann: Ein charmanter Mann sprach mich im Caféhaus an und er sagt: "So'n Typ wie Sie, ja, den suchen wir schon lange.
8-1	621-625	Wenn	positive[8]	_	
8-2	626-629	Sie	positive[8]	_	
8-3	630-636	wissen	positive[8]	_	
8-4	637-643	wollen	positive[8]	_	
8-5	643-644	,	positive[8]	_	
8-6	645-648	wie	positive[8]	_	
8-7	649-652	das	positive[8]	_	
8-8	653-658	alles	positive[8]	_	
8-9	659-662	mit	positive[8]	_	
8-10	663-666	mir	positive[8]	_	
8-11	667-673	begann	positive[8]	_	
8-12	673-674	:	positive[8]	_	
8-13	675-678	Ein	positive[8]	_	
8-14	679-689	charmanter	positive[8]	Persönliches/Emotionen[27]	
8-15	690-694	Mann	positive[8]	Persönliches/Emotionen[27]	
8-16	695-701	sprach	positive[8]	_	
8-17	702-706	mich	positive[8]	_	
8-18	707-709	im	positive[8]	_	
8-19	710-718	Caféhaus	positive[8]	_	
8-20	719-721	an	positive[8]	_	
8-21	722-725	und	positive[8]	_	
8-22	726-728	er	positive[8]	_	
8-23	729-733	sagt	positive[8]	_	
8-24	733-734	:	positive[8]	_	
8-25	735-736	"	positive[8]	_	
8-26	736-740	So'n	positive[8]	_	
8-27	741-744	Typ	positive[8]	_	
8-28	745-748	wie	positive[8]	_	
8-29	749-752	Sie	positive[8]	_	
8-30	752-753	,	positive[8]	_	
8-31	754-756	ja	positive[8]	_	
8-32	756-757	,	positive[8]	_	
8-33	758-761	den	positive[8]	_	
8-34	762-768	suchen	positive[8]	_	
8-35	769-772	wir	positive[8]	_	
8-36	773-778	schon	positive[8]	_	
8-37	779-784	lange	positive[8]	_	
8-38	784-785	.	positive[8]	_	

#Text=Sie sind 'n ganz spezieller Vogel, nicht so einer von der Stange.
9-1	786-789	Sie	positive[9]	_	
9-2	790-794	sind	positive[9]	_	
9-3	795-796	'	positive[9]	_	
9-4	796-797	n	positive[9]	_	
9-5	798-802	ganz	positive[9]	Persönliches/Emotionen[28]	
9-6	803-813	spezieller	positive[9]	Persönliches/Emotionen[28]	
9-7	814-819	Vogel	positive[9]	Persönliches/Emotionen[28]	
9-8	819-820	,	positive[9]	_	
9-9	821-826	nicht	positive[9]	_	
9-10	827-829	so	positive[9]	_	
9-11	830-835	einer	positive[9]	_	
9-12	836-839	von	positive[9]	Politik/Soziales/Missstände[29]	
9-13	840-843	der	positive[9]	Politik/Soziales/Missstände[29]	
9-14	844-850	Stange	positive[9]	Politik/Soziales/Missstände[29]	
9-15	850-851	.	positive[9]	_	

#Text=Sie tragen die Haare ganz im Trend der Zeit ein bisschen dünner und, wie vorteilhaft, nicht ganz so dünn wie einst Monsieur Yul
#Text=                            Brynner.
10-1	852-855	Sie	neutral[10]	_	
10-2	856-862	tragen	neutral[10]	_	
10-3	863-866	die	neutral[10]	_	
10-4	867-872	Haare	neutral[10]	_	
10-5	873-877	ganz	neutral[10]	_	
10-6	878-880	im	neutral[10]	Politik/Soziales/Missstände[30]	
10-7	881-886	Trend	neutral[10]	Politik/Soziales/Missstände[30]	
10-8	887-890	der	neutral[10]	Politik/Soziales/Missstände[30]	
10-9	891-895	Zeit	neutral[10]	Politik/Soziales/Missstände[30]	
10-10	896-899	ein	neutral[10]	_	
10-11	900-908	bisschen	neutral[10]	_	
10-12	909-915	dünner	neutral[10]	_	
10-13	916-919	und	neutral[10]	_	
10-14	919-920	,	neutral[10]	_	
10-15	921-924	wie	neutral[10]	_	
10-16	925-936	vorteilhaft	neutral[10]	_	
10-17	936-937	,	neutral[10]	_	
10-18	938-943	nicht	neutral[10]	_	
10-19	944-948	ganz	neutral[10]	_	
10-20	949-951	so	neutral[10]	_	
10-21	952-956	dünn	neutral[10]	_	
10-22	957-960	wie	neutral[10]	_	
10-23	961-966	einst	neutral[10]	_	
10-24	967-975	Monsieur	neutral[10]	_	
10-25	976-979	Yul	neutral[10]	_	
10-26	1008-1015	Brynner	neutral[10]	_	
10-27	1015-1016	.	neutral[10]	_	

#Text=Außerdem die Zähne dunkel mit 'n paar Löchern drin, 'n bisschen punky, gottseidanki, uh, das ist zur Zeit sehr in."
11-1	1017-1025	Außerdem	positive[11]	_	
11-2	1026-1029	die	positive[11]	_	
11-3	1030-1035	Zähne	positive[11]	Gesundheit/Drogen[31]	
11-4	1036-1042	dunkel	positive[11]	Gesundheit/Drogen[31]	
11-5	1043-1046	mit	positive[11]	Gesundheit/Drogen[31]	
11-6	1047-1048	'	positive[11]	Gesundheit/Drogen[31]	
11-7	1048-1049	n	positive[11]	Gesundheit/Drogen[31]	
11-8	1050-1054	paar	positive[11]	Gesundheit/Drogen[31]	
11-9	1055-1062	Löchern	positive[11]	Gesundheit/Drogen[31]	
11-10	1063-1067	drin	positive[11]	Gesundheit/Drogen[31]	
11-11	1067-1068	,	positive[11]	_	
11-12	1069-1070	'	positive[11]	_	
11-13	1070-1071	n	positive[11]	_	
11-14	1072-1080	bisschen	positive[11]	_	
11-15	1081-1086	punky	positive[11]	Persönliches/Emotionen	
11-16	1086-1087	,	positive[11]	_	
11-17	1088-1100	gottseidanki	positive[11]	_	
11-18	1100-1101	,	positive[11]	_	
11-19	1102-1104	uh	positive[11]	_	
11-20	1104-1105	,	positive[11]	_	
11-21	1106-1109	das	positive[11]	_	
11-22	1110-1113	ist	positive[11]	_	
11-23	1114-1117	zur	positive[11]	_	
11-24	1118-1122	Zeit	positive[11]	_	
11-25	1123-1127	sehr	positive[11]	_	
11-26	1128-1130	in	positive[11]	_	
11-27	1130-1131	.	positive[11]	_	
11-28	1131-1132	"	positive[11]	_	

#Text=Und so schreite ich den Laufsteg lang ich bin Jacques Gelee mit dem weichen Gang und ich führ' von Chou-Chou, von Chi-Chi und Dior die neue Taschenbillard-Hose vor.
12-1	1137-1140	Und	neutral[12]	_	
12-2	1141-1143	so	neutral[12]	_	
12-3	1144-1152	schreite	neutral[12]	_	
12-4	1153-1156	ich	neutral[12]	_	
12-5	1157-1160	den	neutral[12]	_	
12-6	1161-1169	Laufsteg	neutral[12]	_	
12-7	1170-1174	lang	neutral[12]	_	
12-8	1175-1178	ich	neutral[12]	_	
12-9	1179-1182	bin	neutral[12]	_	
12-10	1183-1190	Jacques	neutral[12]	Persönliches/Emotionen[32]	
12-11	1191-1196	Gelee	neutral[12]	Persönliches/Emotionen[32]	
12-12	1197-1200	mit	neutral[12]	Persönliches/Emotionen[32]	
12-13	1201-1204	dem	neutral[12]	Persönliches/Emotionen[32]	
12-14	1205-1212	weichen	neutral[12]	Persönliches/Emotionen[32]	
12-15	1213-1217	Gang	neutral[12]	Persönliches/Emotionen[32]	
12-16	1218-1221	und	neutral[12]	_	
12-17	1222-1225	ich	neutral[12]	_	
12-18	1226-1230	führ	neutral[12]	_	
12-19	1230-1231	'	neutral[12]	_	
12-20	1232-1235	von	neutral[12]	_	
12-21	1236-1245	Chou-Chou	neutral[12]	_	
12-22	1245-1246	,	neutral[12]	_	
12-23	1247-1250	von	neutral[12]	_	
12-24	1251-1258	Chi-Chi	neutral[12]	_	
12-25	1259-1262	und	neutral[12]	_	
12-26	1263-1267	Dior	neutral[12]	_	
12-27	1268-1271	die	neutral[12]	_	
12-28	1272-1276	neue	neutral[12]	_	
12-29	1277-1296	Taschenbillard-Hose	neutral[12]	_	
12-30	1297-1300	vor	neutral[12]	_	
12-31	1300-1301	.	neutral[12]	_	

#Text=Ob in Rom, Paris und Mailand oder an der Cote d'Azur man nennt mich auch den Heiland der Haute Couture.
13-1	1306-1308	Ob	neutral[13]	_	
13-2	1309-1311	in	neutral[13]	_	
13-3	1312-1315	Rom	neutral[13]	Reisen[33]	
13-4	1315-1316	,	neutral[13]	Reisen[33]	
13-5	1317-1322	Paris	neutral[13]	Reisen[33]	
13-6	1323-1326	und	neutral[13]	Reisen[33]	
13-7	1327-1334	Mailand	neutral[13]	Reisen[33]	
13-8	1335-1339	oder	neutral[13]	_	
13-9	1340-1342	an	neutral[13]	_	
13-10	1343-1346	der	neutral[13]	_	
13-11	1347-1351	Cote	neutral[13]	Reisen[34]	
13-12	1352-1358	d'Azur	neutral[13]	Reisen[34]	
13-13	1359-1362	man	neutral[13]	_	
13-14	1363-1368	nennt	neutral[13]	_	
13-15	1369-1373	mich	neutral[13]	_	
13-16	1374-1378	auch	neutral[13]	_	
13-17	1379-1382	den	neutral[13]	_	
13-18	1383-1390	Heiland	neutral[13]	Politik/Soziales/Missstände[35]	
13-19	1391-1394	der	neutral[13]	Politik/Soziales/Missstände[35]	
13-20	1395-1400	Haute	neutral[13]	Politik/Soziales/Missstände[35]	
13-21	1401-1408	Couture	neutral[13]	Politik/Soziales/Missstände[35]	
13-22	1408-1409	.	neutral[13]	_	

#Text=Ob in Rom, New York und Mailand oder an der Cote d'Azur sie nennen mich auch den Heiland, da kann ich doch nichts dafür.
14-1	1410-1412	Ob	neutral[14]	_	
14-2	1413-1415	in	neutral[14]	_	
14-3	1416-1419	Rom	neutral[14]	Reisen[36]	
14-4	1419-1420	,	neutral[14]	Reisen[36]	
14-5	1421-1424	New	neutral[14]	Reisen[36]	
14-6	1425-1429	York	neutral[14]	Reisen[36]	
14-7	1430-1433	und	neutral[14]	Reisen[36]	
14-8	1434-1441	Mailand	neutral[14]	Reisen[36]	
14-9	1442-1446	oder	neutral[14]	_	
14-10	1447-1449	an	neutral[14]	_	
14-11	1450-1453	der	neutral[14]	_	
14-12	1454-1458	Cote	neutral[14]	Reisen[37]	
14-13	1459-1465	d'Azur	neutral[14]	Reisen[37]	
14-14	1466-1469	sie	neutral[14]	_	
14-15	1470-1476	nennen	neutral[14]	_	
14-16	1477-1481	mich	neutral[14]	_	
14-17	1482-1486	auch	neutral[14]	_	
14-18	1487-1490	den	neutral[14]	_	
14-19	1491-1498	Heiland	neutral[14]	Politik/Soziales/Missstände	
14-20	1498-1499	,	neutral[14]	_	
14-21	1500-1502	da	neutral[14]	_	
14-22	1503-1507	kann	neutral[14]	_	
14-23	1508-1511	ich	neutral[14]	_	
14-24	1512-1516	doch	neutral[14]	_	
14-25	1517-1523	nichts	neutral[14]	_	
14-26	1524-1529	dafür	neutral[14]	_	
14-27	1529-1530	.	neutral[14]	_	

#Text="Meine Damen und Herren, wir präsentieren die Hits der Saison: den doppeltgewendeten Brei-Reiher aus dem Hause Cretin, von La Kotz: der extrabreite Biberschwanz, naturgeätzt und auf Leopard gegerbt, für den modebewussten Herrn außerdem Taft-, Tüll- und Samtblousons von der Firma Verrutschi und dazu die großzügig weiträumig gehaltenen Billardhosen für den
#Text=                            sportlichen Typ.
15-1	1535-1536	"	neutral[15]	_	
15-2	1536-1541	Meine	neutral[15]	_	
15-3	1542-1547	Damen	neutral[15]	_	
15-4	1548-1551	und	neutral[15]	_	
15-5	1552-1558	Herren	neutral[15]	_	
15-6	1558-1559	,	neutral[15]	_	
15-7	1560-1563	wir	neutral[15]	_	
15-8	1564-1576	präsentieren	neutral[15]	_	
15-9	1577-1580	die	neutral[15]	_	
15-10	1581-1585	Hits	neutral[15]	_	
15-11	1586-1589	der	neutral[15]	_	
15-12	1590-1596	Saison	neutral[15]	_	
15-13	1596-1597	:	neutral[15]	_	
15-14	1598-1601	den	neutral[15]	_	
15-15	1602-1619	doppeltgewendeten	neutral[15]	_	
15-16	1620-1631	Brei-Reiher	neutral[15]	_	
15-17	1632-1635	aus	neutral[15]	_	
15-18	1636-1639	dem	neutral[15]	_	
15-19	1640-1645	Hause	neutral[15]	_	
15-20	1646-1652	Cretin	neutral[15]	_	
15-21	1652-1653	,	neutral[15]	_	
15-22	1654-1657	von	neutral[15]	_	
15-23	1658-1660	La	neutral[15]	_	
15-24	1661-1665	Kotz	neutral[15]	_	
15-25	1665-1666	:	neutral[15]	_	
15-26	1667-1670	der	neutral[15]	_	
15-27	1671-1682	extrabreite	neutral[15]	_	
15-28	1683-1695	Biberschwanz	neutral[15]	_	
15-29	1695-1696	,	neutral[15]	_	
15-30	1697-1708	naturgeätzt	neutral[15]	_	
15-31	1709-1712	und	neutral[15]	_	
15-32	1713-1716	auf	neutral[15]	_	
15-33	1717-1724	Leopard	neutral[15]	_	
15-34	1725-1732	gegerbt	neutral[15]	_	
15-35	1732-1733	,	neutral[15]	_	
15-36	1734-1737	für	neutral[15]	_	
15-37	1738-1741	den	neutral[15]	_	
15-38	1742-1755	modebewussten	neutral[15]	Persönliches/Emotionen[38]	
15-39	1756-1761	Herrn	neutral[15]	Persönliches/Emotionen[38]	
15-40	1762-1770	außerdem	neutral[15]	_	
15-41	1771-1775	Taft	neutral[15]	_	
15-42	1775-1776	-	neutral[15]	_	
15-43	1776-1777	,	neutral[15]	_	
15-44	1778-1782	Tüll	neutral[15]	_	
15-45	1782-1783	-	neutral[15]	_	
15-46	1784-1787	und	neutral[15]	_	
15-47	1788-1800	Samtblousons	neutral[15]	_	
15-48	1801-1804	von	neutral[15]	_	
15-49	1805-1808	der	neutral[15]	_	
15-50	1809-1814	Firma	neutral[15]	_	
15-51	1815-1825	Verrutschi	neutral[15]	_	
15-52	1826-1829	und	neutral[15]	_	
15-53	1830-1834	dazu	neutral[15]	_	
15-54	1835-1838	die	neutral[15]	_	
15-55	1839-1848	großzügig	neutral[15]	_	
15-56	1849-1859	weiträumig	neutral[15]	_	
15-57	1860-1870	gehaltenen	neutral[15]	_	
15-58	1871-1883	Billardhosen	neutral[15]	_	
15-59	1884-1887	für	neutral[15]	_	
15-60	1888-1891	den	neutral[15]	_	
15-61	1920-1931	sportlichen	neutral[15]	Persönliches/Emotionen[39]	
15-62	1932-1935	Typ	neutral[15]	Persönliches/Emotionen[39]	
15-63	1935-1936	.	neutral[15]	_	

#Text=Bitte sehr!"
16-1	1937-1942	Bitte	neutral[16]	_	
16-2	1943-1947	sehr	neutral[16]	_	
16-3	1947-1948	!	neutral[16]	_	
16-4	1948-1949	"	neutral[16]	_	
